	.text
	.syntax unified
	.eabi_attribute	67, "2.09"	@ Tag_conformance
	.cpu	cortex-m55
	.eabi_attribute	6, 21	@ Tag_CPU_arch
	.eabi_attribute	7, 77	@ Tag_CPU_arch_profile
	.eabi_attribute	8, 0	@ Tag_ARM_ISA_use
	.eabi_attribute	9, 3	@ Tag_THUMB_ISA_use
	.fpu	fpv5-d16
	.eabi_attribute	36, 1	@ Tag_FP_HP_extension
	.eabi_attribute	48, 2	@ Tag_MVE_arch
	.eabi_attribute	46, 1	@ Tag_DSP_extension
	.eabi_attribute	34, 1	@ Tag_CPU_unaligned_access
	.eabi_attribute	17, 1	@ Tag_ABI_PCS_GOT_use
	.eabi_attribute	20, 2	@ Tag_ABI_FP_denormal
	.eabi_attribute	21, 0	@ Tag_ABI_FP_exceptions
	.eabi_attribute	23, 1	@ Tag_ABI_FP_number_model
	.eabi_attribute	24, 1	@ Tag_ABI_align_needed
	.eabi_attribute	25, 1	@ Tag_ABI_align_preserved
	.eabi_attribute	28, 1	@ Tag_ABI_VFP_args
	.eabi_attribute	38, 1	@ Tag_ABI_FP_16bit_format
	.eabi_attribute	18, 2	@ Tag_ABI_PCS_wchar_t
	.eabi_attribute	26, 1	@ Tag_ABI_enum_size
	.eabi_attribute	14, 0	@ Tag_ABI_PCS_R9_use
	.file	"BasicMathFunctionsF16.c"
	.file	1 "C:\\Keil_v5\\ARM\\ARMCLANG\\Bin\\..\\include" "arm_mve.h"
	.file	2 "C:\\Keil_v5\\ARM\\ARMCLANG\\Bin\\..\\include" "stdint.h"
	.section	.text.arm_abs_f16,"ax",%progbits
	.hidden	arm_abs_f16                     @ -- Begin function arm_abs_f16
	.globl	arm_abs_f16
	.p2align	2
	.type	arm_abs_f16,%function
	.code	16                              @ @arm_abs_f16
	.thumb_func
arm_abs_f16:
.Lfunc_begin0:
	.file	3 "C:/Keil_v5/Packs/ARM/CMSIS-DSP/1.15.0/Source/BasicMathFunctions" "arm_abs_f16.c"
	.loc	3 59 0                          @ C:/Keil_v5/Packs/ARM/CMSIS-DSP/1.15.0/Source/BasicMathFunctions/arm_abs_f16.c:59:0
	.fnstart
	.cfi_sections .debug_frame
	.cfi_startproc
@ %bb.0:
	@DEBUG_VALUE: arm_abs_f16:blockSize <- $r2
	@DEBUG_VALUE: arm_abs_f16:pSrc <- $r0
	@DEBUG_VALUE: arm_abs_f16:pDst <- $r1
	.save	{r7, lr}
	push	{r7, lr}
	.cfi_def_cfa_offset 8
	.cfi_offset lr, -4
	.cfi_offset r7, -8
.Ltmp0:
	@DEBUG_VALUE: arm_abs_f16:blkCnt <- [DW_OP_constu 3, DW_OP_shr, DW_OP_stack_value] $r2
	.loc	3 66 24 prologue_end            @ C:/Keil_v5/Packs/ARM/CMSIS-DSP/1.15.0/Source/BasicMathFunctions/arm_abs_f16.c:66:24
	lsrs	r3, r2, #3
	.loc	3 68 5                          @ C:/Keil_v5/Packs/ARM/CMSIS-DSP/1.15.0/Source/BasicMathFunctions/arm_abs_f16.c:68:5
	wls	lr, r3, .LBB0_2
.Ltmp1:
	.p2align	2
.LBB0_1:                                @ =>This Inner Loop Header: Depth=1
	@DEBUG_VALUE: arm_abs_f16:pDst <- $r1
	@DEBUG_VALUE: arm_abs_f16:pSrc <- $r0
	@DEBUG_VALUE: arm_abs_f16:blockSize <- $r2
	@DEBUG_VALUE: arm_abs_f16:blkCnt <- undef
	@DEBUG_VALUE: arm_abs_f16:pSrc <- $r0
	@DEBUG_VALUE: arm_abs_f16:pDst <- $r1
	.loc	3 73 16                         @ C:/Keil_v5/Packs/ARM/CMSIS-DSP/1.15.0/Source/BasicMathFunctions/arm_abs_f16.c:73:16
	vldrh.u16	q0, [r0], #16
.Ltmp2:
	@DEBUG_VALUE: arm_abs_f16:vec1 <- $q0
	.loc	3 74 15                         @ C:/Keil_v5/Packs/ARM/CMSIS-DSP/1.15.0/Source/BasicMathFunctions/arm_abs_f16.c:74:15
	vabs.f16	q0, q0
.Ltmp3:
	@DEBUG_VALUE: arm_abs_f16:res <- $q0
	.loc	3 75 9                          @ C:/Keil_v5/Packs/ARM/CMSIS-DSP/1.15.0/Source/BasicMathFunctions/arm_abs_f16.c:75:9
	vstrb.8	q0, [r1], #16
.Ltmp4:
	@DEBUG_VALUE: arm_abs_f16:pDst <- $r1
	@DEBUG_VALUE: arm_abs_f16:pSrc <- $r0
	.loc	3 68 5                          @ C:/Keil_v5/Packs/ARM/CMSIS-DSP/1.15.0/Source/BasicMathFunctions/arm_abs_f16.c:68:5
	le	lr, .LBB0_1
.Ltmp5:
.LBB0_2:
	@DEBUG_VALUE: arm_abs_f16:pDst <- $r1
	@DEBUG_VALUE: arm_abs_f16:pSrc <- $r0
	@DEBUG_VALUE: arm_abs_f16:blockSize <- $r2
	.loc	3 86 24                         @ C:/Keil_v5/Packs/ARM/CMSIS-DSP/1.15.0/Source/BasicMathFunctions/arm_abs_f16.c:86:24
	ands	r2, r2, #7
.Ltmp6:
	@DEBUG_VALUE: arm_abs_f16:blockSize <- [DW_OP_LLVM_entry_value 1] $r2
	@DEBUG_VALUE: arm_abs_f16:blkCnt <- $r2
	.loc	3 97 1                          @ C:/Keil_v5/Packs/ARM/CMSIS-DSP/1.15.0/Source/BasicMathFunctions/arm_abs_f16.c:97:1
	it	eq
	.loc	3 97 1 epilogue_begin is_stmt 0 @ C:/Keil_v5/Packs/ARM/CMSIS-DSP/1.15.0/Source/BasicMathFunctions/arm_abs_f16.c:97:1
	popeq	{r7, pc}
.Ltmp7:
.LBB0_3:
	@DEBUG_VALUE: arm_abs_f16:blkCnt <- $r2
	@DEBUG_VALUE: arm_abs_f16:blockSize <- [DW_OP_LLVM_entry_value 1] $r2
	@DEBUG_VALUE: arm_abs_f16:pDst <- $r1
	@DEBUG_VALUE: arm_abs_f16:pSrc <- $r0
	.loc	3 93 14 is_stmt 1               @ C:/Keil_v5/Packs/ARM/CMSIS-DSP/1.15.0/Source/BasicMathFunctions/arm_abs_f16.c:93:14
	vldrh.u16	q0, [r0]
.Ltmp8:
	@DEBUG_VALUE: arm_abs_f16:vec1 <- $q0
	.loc	3 92 25                         @ C:/Keil_v5/Packs/ARM/CMSIS-DSP/1.15.0/Source/BasicMathFunctions/arm_abs_f16.c:92:25
	vctp.16	r2
.Ltmp9:
	@DEBUG_VALUE: p0 <- undef
	.loc	3 94 22                         @ C:/Keil_v5/Packs/ARM/CMSIS-DSP/1.15.0/Source/BasicMathFunctions/arm_abs_f16.c:94:22
	vabs.f16	q0, q0
.Ltmp10:
	.loc	3 94 7 is_stmt 0                @ C:/Keil_v5/Packs/ARM/CMSIS-DSP/1.15.0/Source/BasicMathFunctions/arm_abs_f16.c:94:7
	vpst	
	vstrht.16	q0, [r1]
.Ltmp11:
	.loc	3 97 1 epilogue_begin is_stmt 1 @ C:/Keil_v5/Packs/ARM/CMSIS-DSP/1.15.0/Source/BasicMathFunctions/arm_abs_f16.c:97:1
	pop	{r7, pc}
.Ltmp12:
.Lfunc_end0:
	.size	arm_abs_f16, .Lfunc_end0-arm_abs_f16
	.cfi_endproc
	.cantunwind
	.fnend
                                        @ -- End function
	.section	.text.arm_add_f16,"ax",%progbits
	.hidden	arm_add_f16                     @ -- Begin function arm_add_f16
	.globl	arm_add_f16
	.p2align	2
	.type	arm_add_f16,%function
	.code	16                              @ @arm_add_f16
	.thumb_func
arm_add_f16:
.Lfunc_begin1:
	.file	4 "C:/Keil_v5/Packs/ARM/CMSIS-DSP/1.15.0/Source/BasicMathFunctions" "arm_add_f16.c"
	.loc	4 59 0                          @ C:/Keil_v5/Packs/ARM/CMSIS-DSP/1.15.0/Source/BasicMathFunctions/arm_add_f16.c:59:0
	.fnstart
	.cfi_startproc
@ %bb.0:
	@DEBUG_VALUE: arm_add_f16:blockSize <- $r3
	@DEBUG_VALUE: arm_add_f16:pSrcA <- $r0
	@DEBUG_VALUE: arm_add_f16:pSrcB <- $r1
	@DEBUG_VALUE: arm_add_f16:pDst <- $r2
	.save	{r7, lr}
	push	{r7, lr}
	.cfi_def_cfa_offset 8
	.cfi_offset lr, -4
	.cfi_offset r7, -8
.Ltmp13:
	@DEBUG_VALUE: arm_add_f16:blkCnt <- [DW_OP_constu 3, DW_OP_shr, DW_OP_stack_value] $r3
	.loc	4 67 24 prologue_end            @ C:/Keil_v5/Packs/ARM/CMSIS-DSP/1.15.0/Source/BasicMathFunctions/arm_add_f16.c:67:24
	lsr.w	r12, r3, #3
	.loc	4 69 5                          @ C:/Keil_v5/Packs/ARM/CMSIS-DSP/1.15.0/Source/BasicMathFunctions/arm_add_f16.c:69:5
	wls	lr, r12, .LBB1_2
.Ltmp14:
	.p2align	2
.LBB1_1:                                @ =>This Inner Loop Header: Depth=1
	@DEBUG_VALUE: arm_add_f16:pDst <- $r2
	@DEBUG_VALUE: arm_add_f16:pSrcB <- $r1
	@DEBUG_VALUE: arm_add_f16:pSrcA <- $r0
	@DEBUG_VALUE: arm_add_f16:blockSize <- $r3
	@DEBUG_VALUE: arm_add_f16:blkCnt <- undef
	@DEBUG_VALUE: arm_add_f16:pSrcA <- $r0
	@DEBUG_VALUE: arm_add_f16:pSrcB <- $r1
	@DEBUG_VALUE: arm_add_f16:pDst <- $r2
	.loc	4 74 16                         @ C:/Keil_v5/Packs/ARM/CMSIS-DSP/1.15.0/Source/BasicMathFunctions/arm_add_f16.c:74:16
	vldrh.u16	q0, [r0], #16
.Ltmp15:
	@DEBUG_VALUE: arm_add_f16:vec1 <- $q0
	.loc	4 75 16                         @ C:/Keil_v5/Packs/ARM/CMSIS-DSP/1.15.0/Source/BasicMathFunctions/arm_add_f16.c:75:16
	vldrh.u16	q1, [r1], #16
.Ltmp16:
	@DEBUG_VALUE: arm_add_f16:vec2 <- $q1
	.loc	4 76 15                         @ C:/Keil_v5/Packs/ARM/CMSIS-DSP/1.15.0/Source/BasicMathFunctions/arm_add_f16.c:76:15
	vadd.f16	q0, q0, q1
.Ltmp17:
	@DEBUG_VALUE: arm_add_f16:res <- $q0
	.loc	4 77 9                          @ C:/Keil_v5/Packs/ARM/CMSIS-DSP/1.15.0/Source/BasicMathFunctions/arm_add_f16.c:77:9
	vstrb.8	q0, [r2], #16
.Ltmp18:
	@DEBUG_VALUE: arm_add_f16:pDst <- $r2
	@DEBUG_VALUE: arm_add_f16:pSrcB <- $r1
	@DEBUG_VALUE: arm_add_f16:pSrcA <- $r0
	.loc	4 69 5                          @ C:/Keil_v5/Packs/ARM/CMSIS-DSP/1.15.0/Source/BasicMathFunctions/arm_add_f16.c:69:5
	le	lr, .LBB1_1
.Ltmp19:
.LBB1_2:
	@DEBUG_VALUE: arm_add_f16:pDst <- $r2
	@DEBUG_VALUE: arm_add_f16:pSrcB <- $r1
	@DEBUG_VALUE: arm_add_f16:pSrcA <- $r0
	@DEBUG_VALUE: arm_add_f16:blockSize <- $r3
	.loc	4 89 24                         @ C:/Keil_v5/Packs/ARM/CMSIS-DSP/1.15.0/Source/BasicMathFunctions/arm_add_f16.c:89:24
	ands	r3, r3, #7
.Ltmp20:
	@DEBUG_VALUE: arm_add_f16:blockSize <- [DW_OP_LLVM_entry_value 1] $r3
	@DEBUG_VALUE: arm_add_f16:blkCnt <- $r3
	.loc	4 100 1                         @ C:/Keil_v5/Packs/ARM/CMSIS-DSP/1.15.0/Source/BasicMathFunctions/arm_add_f16.c:100:1
	it	eq
	.loc	4 100 1 epilogue_begin is_stmt 0 @ C:/Keil_v5/Packs/ARM/CMSIS-DSP/1.15.0/Source/BasicMathFunctions/arm_add_f16.c:100:1
	popeq	{r7, pc}
.Ltmp21:
.LBB1_3:
	@DEBUG_VALUE: arm_add_f16:blkCnt <- $r3
	@DEBUG_VALUE: arm_add_f16:blockSize <- [DW_OP_LLVM_entry_value 1] $r3
	@DEBUG_VALUE: arm_add_f16:pDst <- $r2
	@DEBUG_VALUE: arm_add_f16:pSrcB <- $r1
	@DEBUG_VALUE: arm_add_f16:pSrcA <- $r0
	.loc	4 95 14 is_stmt 1               @ C:/Keil_v5/Packs/ARM/CMSIS-DSP/1.15.0/Source/BasicMathFunctions/arm_add_f16.c:95:14
	vldrh.u16	q0, [r0]
.Ltmp22:
	@DEBUG_VALUE: arm_add_f16:vec1 <- $q0
	.loc	4 94 25                         @ C:/Keil_v5/Packs/ARM/CMSIS-DSP/1.15.0/Source/BasicMathFunctions/arm_add_f16.c:94:25
	vctp.16	r3
.Ltmp23:
	@DEBUG_VALUE: p0 <- undef
	.loc	4 96 14                         @ C:/Keil_v5/Packs/ARM/CMSIS-DSP/1.15.0/Source/BasicMathFunctions/arm_add_f16.c:96:14
	vldrh.u16	q1, [r1]
.Ltmp24:
	@DEBUG_VALUE: arm_add_f16:vec2 <- $q1
	.loc	4 97 22                         @ C:/Keil_v5/Packs/ARM/CMSIS-DSP/1.15.0/Source/BasicMathFunctions/arm_add_f16.c:97:22
	vadd.f16	q0, q0, q1
.Ltmp25:
	.loc	4 97 7 is_stmt 0                @ C:/Keil_v5/Packs/ARM/CMSIS-DSP/1.15.0/Source/BasicMathFunctions/arm_add_f16.c:97:7
	vpst	
	vstrht.16	q0, [r2]
.Ltmp26:
	.loc	4 100 1 epilogue_begin is_stmt 1 @ C:/Keil_v5/Packs/ARM/CMSIS-DSP/1.15.0/Source/BasicMathFunctions/arm_add_f16.c:100:1
	pop	{r7, pc}
.Ltmp27:
.Lfunc_end1:
	.size	arm_add_f16, .Lfunc_end1-arm_add_f16
	.cfi_endproc
	.cantunwind
	.fnend
                                        @ -- End function
	.section	.text.arm_dot_prod_f16,"ax",%progbits
	.hidden	arm_dot_prod_f16                @ -- Begin function arm_dot_prod_f16
	.globl	arm_dot_prod_f16
	.p2align	2
	.type	arm_dot_prod_f16,%function
	.code	16                              @ @arm_dot_prod_f16
	.thumb_func
arm_dot_prod_f16:
.Lfunc_begin2:
	.file	5 "C:/Keil_v5/Packs/ARM/CMSIS-DSP/1.15.0/Source/BasicMathFunctions" "arm_dot_prod_f16.c"
	.loc	5 60 0                          @ C:/Keil_v5/Packs/ARM/CMSIS-DSP/1.15.0/Source/BasicMathFunctions/arm_dot_prod_f16.c:60:0
	.fnstart
	.cfi_startproc
@ %bb.0:
	@DEBUG_VALUE: arm_dot_prod_f16:blockSize <- $r2
	@DEBUG_VALUE: arm_dot_prod_f16:result <- $r3
	@DEBUG_VALUE: arm_dot_prod_f16:pSrcA <- $r0
	@DEBUG_VALUE: arm_dot_prod_f16:pSrcB <- $r1
	.save	{r4, r5, r7, lr}
	push	{r4, r5, r7, lr}
	.cfi_def_cfa_offset 16
	.cfi_offset lr, -4
	.cfi_offset r7, -8
	.cfi_offset r5, -12
	.cfi_offset r4, -16
.Ltmp28:
	@DEBUG_VALUE: arm_dot_prod_f16:blkCnt <- [DW_OP_constu 3, DW_OP_shr, DW_OP_stack_value] $r2
	vmov.i32	q0, #0x0
.Ltmp29:
	@DEBUG_VALUE: arm_dot_prod_f16:vecSum <- $q0
	.loc	5 68 24 prologue_end            @ C:/Keil_v5/Packs/ARM/CMSIS-DSP/1.15.0/Source/BasicMathFunctions/arm_dot_prod_f16.c:68:24
	lsrs	r5, r2, #3
.Ltmp30:
	@DEBUG_VALUE: arm_dot_prod_f16:sum <- 0.000000e+00
	.loc	5 69 5                          @ C:/Keil_v5/Packs/ARM/CMSIS-DSP/1.15.0/Source/BasicMathFunctions/arm_dot_prod_f16.c:69:5
	wls	lr, r5, .LBB2_4
.Ltmp31:
@ %bb.1:
	@DEBUG_VALUE: arm_dot_prod_f16:sum <- 0.000000e+00
	@DEBUG_VALUE: arm_dot_prod_f16:vecSum <- $q0
	@DEBUG_VALUE: arm_dot_prod_f16:blkCnt <- [DW_OP_constu 3, DW_OP_shr, DW_OP_stack_value] $r2
	@DEBUG_VALUE: arm_dot_prod_f16:pSrcB <- $r1
	@DEBUG_VALUE: arm_dot_prod_f16:pSrcA <- $r0
	@DEBUG_VALUE: arm_dot_prod_f16:result <- $r3
	@DEBUG_VALUE: arm_dot_prod_f16:blockSize <- $r2
	@DEBUG_VALUE: arm_dot_prod_f16:blkCnt <- $r5
	.loc	5 0 5 is_stmt 0                 @ C:/Keil_v5/Packs/ARM/CMSIS-DSP/1.15.0/Source/BasicMathFunctions/arm_dot_prod_f16.c:0:5
	vmov.i32	q0, #0x0
.Ltmp32:
	.loc	5 69 5                          @ C:/Keil_v5/Packs/ARM/CMSIS-DSP/1.15.0/Source/BasicMathFunctions/arm_dot_prod_f16.c:69:5
	add.w	r12, r0, r5, lsl #4
	lsls	r4, r5, #4
	mov	r5, r1
.Ltmp33:
	.p2align	2
.LBB2_2:                                @ =>This Inner Loop Header: Depth=1
	@DEBUG_VALUE: arm_dot_prod_f16:sum <- 0.000000e+00
	@DEBUG_VALUE: arm_dot_prod_f16:pSrcA <- $r0
	@DEBUG_VALUE: arm_dot_prod_f16:result <- $r3
	@DEBUG_VALUE: arm_dot_prod_f16:blockSize <- $r2
	@DEBUG_VALUE: arm_dot_prod_f16:blkCnt <- undef
	@DEBUG_VALUE: arm_dot_prod_f16:pSrcA <- $r0
	@DEBUG_VALUE: arm_dot_prod_f16:pSrcB <- $r5
	@DEBUG_VALUE: arm_dot_prod_f16:vecSum <- $q0
	.loc	5 76 16 is_stmt 1               @ C:/Keil_v5/Packs/ARM/CMSIS-DSP/1.15.0/Source/BasicMathFunctions/arm_dot_prod_f16.c:76:16
	vldrh.u16	q1, [r0], #16
.Ltmp34:
	@DEBUG_VALUE: arm_dot_prod_f16:vecA <- $q1
	@DEBUG_VALUE: arm_dot_prod_f16:pSrcA <- $r0
	.loc	5 79 16                         @ C:/Keil_v5/Packs/ARM/CMSIS-DSP/1.15.0/Source/BasicMathFunctions/arm_dot_prod_f16.c:79:16
	vldrh.u16	q2, [r5], #16
.Ltmp35:
	@DEBUG_VALUE: arm_dot_prod_f16:vecB <- $q2
	@DEBUG_VALUE: arm_dot_prod_f16:pSrcB <- $r5
	.loc	5 82 18                         @ C:/Keil_v5/Packs/ARM/CMSIS-DSP/1.15.0/Source/BasicMathFunctions/arm_dot_prod_f16.c:82:18
	vfma.f16	q0, q1, q2
.Ltmp36:
	@DEBUG_VALUE: arm_dot_prod_f16:vecSum <- $q0
	.loc	5 69 5                          @ C:/Keil_v5/Packs/ARM/CMSIS-DSP/1.15.0/Source/BasicMathFunctions/arm_dot_prod_f16.c:69:5
	le	lr, .LBB2_2
.Ltmp37:
@ %bb.3:
	@DEBUG_VALUE: arm_dot_prod_f16:vecB <- $q2
	@DEBUG_VALUE: arm_dot_prod_f16:vecA <- $q1
	@DEBUG_VALUE: arm_dot_prod_f16:pSrcB <- $r5
	@DEBUG_VALUE: arm_dot_prod_f16:sum <- 0.000000e+00
	@DEBUG_VALUE: arm_dot_prod_f16:vecSum <- $q0
	@DEBUG_VALUE: arm_dot_prod_f16:pSrcA <- $r0
	@DEBUG_VALUE: arm_dot_prod_f16:result <- $r3
	@DEBUG_VALUE: arm_dot_prod_f16:blockSize <- $r2
	add	r1, r4
	mov	r0, r12
.Ltmp38:
.LBB2_4:
	@DEBUG_VALUE: arm_dot_prod_f16:sum <- 0.000000e+00
	@DEBUG_VALUE: arm_dot_prod_f16:vecSum <- $q0
	@DEBUG_VALUE: arm_dot_prod_f16:result <- $r3
	@DEBUG_VALUE: arm_dot_prod_f16:blockSize <- $r2
	.loc	5 90 24                         @ C:/Keil_v5/Packs/ARM/CMSIS-DSP/1.15.0/Source/BasicMathFunctions/arm_dot_prod_f16.c:90:24
	ands	r2, r2, #7
.Ltmp39:
	@DEBUG_VALUE: arm_dot_prod_f16:blockSize <- [DW_OP_LLVM_entry_value 1] $r2
	@DEBUG_VALUE: arm_dot_prod_f16:blkCnt <- $r2
	.loc	5 91 9                          @ C:/Keil_v5/Packs/ARM/CMSIS-DSP/1.15.0/Source/BasicMathFunctions/arm_dot_prod_f16.c:91:9
	beq	.LBB2_6
.Ltmp40:
@ %bb.5:
	@DEBUG_VALUE: arm_dot_prod_f16:blkCnt <- $r2
	@DEBUG_VALUE: arm_dot_prod_f16:blockSize <- [DW_OP_LLVM_entry_value 1] $r2
	@DEBUG_VALUE: arm_dot_prod_f16:sum <- 0.000000e+00
	@DEBUG_VALUE: arm_dot_prod_f16:vecSum <- $q0
	@DEBUG_VALUE: arm_dot_prod_f16:result <- $r3
	.loc	5 96 16                         @ C:/Keil_v5/Packs/ARM/CMSIS-DSP/1.15.0/Source/BasicMathFunctions/arm_dot_prod_f16.c:96:16
	vldrh.u16	q1, [r0]
.Ltmp41:
	@DEBUG_VALUE: arm_dot_prod_f16:vecA <- $q1
	.loc	5 95 27                         @ C:/Keil_v5/Packs/ARM/CMSIS-DSP/1.15.0/Source/BasicMathFunctions/arm_dot_prod_f16.c:95:27
	vctp.16	r2
.Ltmp42:
	@DEBUG_VALUE: p0 <- undef
	.loc	5 97 16                         @ C:/Keil_v5/Packs/ARM/CMSIS-DSP/1.15.0/Source/BasicMathFunctions/arm_dot_prod_f16.c:97:16
	vldrh.u16	q2, [r1]
.Ltmp43:
	@DEBUG_VALUE: arm_dot_prod_f16:vecB <- $q2
	.loc	5 98 18                         @ C:/Keil_v5/Packs/ARM/CMSIS-DSP/1.15.0/Source/BasicMathFunctions/arm_dot_prod_f16.c:98:18
	vpst	
	vfmat.f16	q0, q1, q2
.Ltmp44:
	@DEBUG_VALUE: arm_dot_prod_f16:vecSum <- $q0
.LBB2_6:
	@DEBUG_VALUE: arm_dot_prod_f16:blkCnt <- $r2
	@DEBUG_VALUE: arm_dot_prod_f16:blockSize <- [DW_OP_LLVM_entry_value 1] $r2
	@DEBUG_VALUE: arm_dot_prod_f16:sum <- 0.000000e+00
	@DEBUG_VALUE: arm_dot_prod_f16:vecSum <- $q0
	@DEBUG_VALUE: arm_dot_prod_f16:result <- $r3
	@DEBUG_VALUE: arm_dot_prod_f16:vecSum <- $q0
	@DEBUG_VALUE: vecAddAcrossF16Mve:in <- $q0
	.file	6 "C:\\Users\\rohankoshy\\Downloads\\en-us--M55M1_Series_BSP_CMSIS_V3.01.003\\SampleCode\\NuEdgeWise\\PoseLandmark_YOLOv8n\\KEIL" "../../../../Library/CMSIS/DSP/Include\\arm_helium_utils.h"
	.loc	6 102 14                        @ ../../../../Library/CMSIS/DSP/Include\arm_helium_utils.h:102:14
	vrev32.16	q1, q0
.Ltmp45:
	@DEBUG_VALUE: vecAddAcrossF16Mve:tmpVec <- $q1
	.loc	6 103 10                        @ ../../../../Library/CMSIS/DSP/Include\arm_helium_utils.h:103:10
	vadd.f16	q0, q0, q1
.Ltmp46:
	@DEBUG_VALUE: vecAddAcrossF16Mve:in <- $q0
	.loc	6 104 28                        @ ../../../../Library/CMSIS/DSP/Include\arm_helium_utils.h:104:28
	vrev64.32	q1, q0
.Ltmp47:
	@DEBUG_VALUE: vecAddAcrossF16Mve:tmpVec <- $q1
	.loc	6 105 10                        @ ../../../../Library/CMSIS/DSP/Include\arm_helium_utils.h:105:10
	vadd.f16	q0, q0, q1
.Ltmp48:
	@DEBUG_VALUE: vecAddAcrossF16Mve:in <- $q0
	.loc	6 106 43                        @ ../../../../Library/CMSIS/DSP/Include\arm_helium_utils.h:106:43
	vadd.f16	s0, s0, s2
.Ltmp49:
	@DEBUG_VALUE: vecAddAcrossF16Mve:acc <- $s0
	@DEBUG_VALUE: arm_dot_prod_f16:sum <- $s0
	.loc	5 104 13                        @ C:/Keil_v5/Packs/ARM/CMSIS-DSP/1.15.0/Source/BasicMathFunctions/arm_dot_prod_f16.c:104:13
	vstr.16	s0, [r3]
	.loc	5 106 1 epilogue_begin          @ C:/Keil_v5/Packs/ARM/CMSIS-DSP/1.15.0/Source/BasicMathFunctions/arm_dot_prod_f16.c:106:1
	pop	{r4, r5, r7, pc}
.Ltmp50:
.Lfunc_end2:
	.size	arm_dot_prod_f16, .Lfunc_end2-arm_dot_prod_f16
	.cfi_endproc
	.cantunwind
	.fnend
                                        @ -- End function
	.section	.text.arm_mult_f16,"ax",%progbits
	.hidden	arm_mult_f16                    @ -- Begin function arm_mult_f16
	.globl	arm_mult_f16
	.p2align	2
	.type	arm_mult_f16,%function
	.code	16                              @ @arm_mult_f16
	.thumb_func
arm_mult_f16:
.Lfunc_begin3:
	.file	7 "C:/Keil_v5/Packs/ARM/CMSIS-DSP/1.15.0/Source/BasicMathFunctions" "arm_mult_f16.c"
	.loc	7 60 0                          @ C:/Keil_v5/Packs/ARM/CMSIS-DSP/1.15.0/Source/BasicMathFunctions/arm_mult_f16.c:60:0
	.fnstart
	.cfi_startproc
@ %bb.0:
	@DEBUG_VALUE: arm_mult_f16:blockSize <- $r3
	@DEBUG_VALUE: arm_mult_f16:pSrcA <- $r0
	@DEBUG_VALUE: arm_mult_f16:pSrcB <- $r1
	@DEBUG_VALUE: arm_mult_f16:pDst <- $r2
	.save	{r7, lr}
	push	{r7, lr}
	.cfi_def_cfa_offset 8
	.cfi_offset lr, -4
	.cfi_offset r7, -8
.Ltmp51:
	@DEBUG_VALUE: arm_mult_f16:blkCnt <- [DW_OP_constu 3, DW_OP_shr, DW_OP_stack_value] $r3
	.loc	7 68 24 prologue_end            @ C:/Keil_v5/Packs/ARM/CMSIS-DSP/1.15.0/Source/BasicMathFunctions/arm_mult_f16.c:68:24
	lsr.w	r12, r3, #3
	.loc	7 69 5                          @ C:/Keil_v5/Packs/ARM/CMSIS-DSP/1.15.0/Source/BasicMathFunctions/arm_mult_f16.c:69:5
	wls	lr, r12, .LBB3_2
.Ltmp52:
	.p2align	2
.LBB3_1:                                @ =>This Inner Loop Header: Depth=1
	@DEBUG_VALUE: arm_mult_f16:pDst <- $r2
	@DEBUG_VALUE: arm_mult_f16:pSrcB <- $r1
	@DEBUG_VALUE: arm_mult_f16:pSrcA <- $r0
	@DEBUG_VALUE: arm_mult_f16:blockSize <- $r3
	@DEBUG_VALUE: arm_mult_f16:blkCnt <- undef
	@DEBUG_VALUE: arm_mult_f16:pSrcA <- $r0
	@DEBUG_VALUE: arm_mult_f16:pSrcB <- $r1
	@DEBUG_VALUE: arm_mult_f16:pDst <- $r2
	.loc	7 74 16                         @ C:/Keil_v5/Packs/ARM/CMSIS-DSP/1.15.0/Source/BasicMathFunctions/arm_mult_f16.c:74:16
	vldrh.u16	q0, [r0], #16
.Ltmp53:
	@DEBUG_VALUE: arm_mult_f16:vec1 <- $q0
	.loc	7 75 16                         @ C:/Keil_v5/Packs/ARM/CMSIS-DSP/1.15.0/Source/BasicMathFunctions/arm_mult_f16.c:75:16
	vldrh.u16	q1, [r1], #16
.Ltmp54:
	@DEBUG_VALUE: arm_mult_f16:vec2 <- $q1
	.loc	7 76 15                         @ C:/Keil_v5/Packs/ARM/CMSIS-DSP/1.15.0/Source/BasicMathFunctions/arm_mult_f16.c:76:15
	vmul.f16	q0, q0, q1
.Ltmp55:
	@DEBUG_VALUE: arm_mult_f16:res <- $q0
	.loc	7 77 9                          @ C:/Keil_v5/Packs/ARM/CMSIS-DSP/1.15.0/Source/BasicMathFunctions/arm_mult_f16.c:77:9
	vstrb.8	q0, [r2], #16
.Ltmp56:
	@DEBUG_VALUE: arm_mult_f16:pDst <- $r2
	@DEBUG_VALUE: arm_mult_f16:pSrcB <- $r1
	@DEBUG_VALUE: arm_mult_f16:pSrcA <- $r0
	.loc	7 69 5                          @ C:/Keil_v5/Packs/ARM/CMSIS-DSP/1.15.0/Source/BasicMathFunctions/arm_mult_f16.c:69:5
	le	lr, .LBB3_1
.Ltmp57:
.LBB3_2:
	@DEBUG_VALUE: arm_mult_f16:pDst <- $r2
	@DEBUG_VALUE: arm_mult_f16:pSrcB <- $r1
	@DEBUG_VALUE: arm_mult_f16:pSrcA <- $r0
	@DEBUG_VALUE: arm_mult_f16:blockSize <- $r3
	.loc	7 89 24                         @ C:/Keil_v5/Packs/ARM/CMSIS-DSP/1.15.0/Source/BasicMathFunctions/arm_mult_f16.c:89:24
	ands	r3, r3, #7
.Ltmp58:
	@DEBUG_VALUE: arm_mult_f16:blockSize <- [DW_OP_LLVM_entry_value 1] $r3
	@DEBUG_VALUE: arm_mult_f16:blkCnt <- $r3
	.loc	7 99 1                          @ C:/Keil_v5/Packs/ARM/CMSIS-DSP/1.15.0/Source/BasicMathFunctions/arm_mult_f16.c:99:1
	it	eq
	.loc	7 99 1 epilogue_begin is_stmt 0 @ C:/Keil_v5/Packs/ARM/CMSIS-DSP/1.15.0/Source/BasicMathFunctions/arm_mult_f16.c:99:1
	popeq	{r7, pc}
.Ltmp59:
.LBB3_3:
	@DEBUG_VALUE: arm_mult_f16:blkCnt <- $r3
	@DEBUG_VALUE: arm_mult_f16:blockSize <- [DW_OP_LLVM_entry_value 1] $r3
	@DEBUG_VALUE: arm_mult_f16:pDst <- $r2
	@DEBUG_VALUE: arm_mult_f16:pSrcB <- $r1
	@DEBUG_VALUE: arm_mult_f16:pSrcA <- $r0
	.loc	7 94 14 is_stmt 1               @ C:/Keil_v5/Packs/ARM/CMSIS-DSP/1.15.0/Source/BasicMathFunctions/arm_mult_f16.c:94:14
	vldrh.u16	q0, [r0]
.Ltmp60:
	@DEBUG_VALUE: arm_mult_f16:vec1 <- $q0
	.loc	7 93 25                         @ C:/Keil_v5/Packs/ARM/CMSIS-DSP/1.15.0/Source/BasicMathFunctions/arm_mult_f16.c:93:25
	vctp.16	r3
.Ltmp61:
	@DEBUG_VALUE: p0 <- undef
	.loc	7 95 14                         @ C:/Keil_v5/Packs/ARM/CMSIS-DSP/1.15.0/Source/BasicMathFunctions/arm_mult_f16.c:95:14
	vldrh.u16	q1, [r1]
.Ltmp62:
	@DEBUG_VALUE: arm_mult_f16:vec2 <- $q1
	.loc	7 96 22                         @ C:/Keil_v5/Packs/ARM/CMSIS-DSP/1.15.0/Source/BasicMathFunctions/arm_mult_f16.c:96:22
	vmul.f16	q0, q0, q1
.Ltmp63:
	.loc	7 96 7 is_stmt 0                @ C:/Keil_v5/Packs/ARM/CMSIS-DSP/1.15.0/Source/BasicMathFunctions/arm_mult_f16.c:96:7
	vpst	
	vstrht.16	q0, [r2]
.Ltmp64:
	.loc	7 99 1 epilogue_begin is_stmt 1 @ C:/Keil_v5/Packs/ARM/CMSIS-DSP/1.15.0/Source/BasicMathFunctions/arm_mult_f16.c:99:1
	pop	{r7, pc}
.Ltmp65:
.Lfunc_end3:
	.size	arm_mult_f16, .Lfunc_end3-arm_mult_f16
	.cfi_endproc
	.cantunwind
	.fnend
                                        @ -- End function
	.section	.text.arm_negate_f16,"ax",%progbits
	.hidden	arm_negate_f16                  @ -- Begin function arm_negate_f16
	.globl	arm_negate_f16
	.p2align	2
	.type	arm_negate_f16,%function
	.code	16                              @ @arm_negate_f16
	.thumb_func
arm_negate_f16:
.Lfunc_begin4:
	.file	8 "C:/Keil_v5/Packs/ARM/CMSIS-DSP/1.15.0/Source/BasicMathFunctions" "arm_negate_f16.c"
	.loc	8 57 0                          @ C:/Keil_v5/Packs/ARM/CMSIS-DSP/1.15.0/Source/BasicMathFunctions/arm_negate_f16.c:57:0
	.fnstart
	.cfi_startproc
@ %bb.0:
	@DEBUG_VALUE: arm_negate_f16:blockSize <- $r2
	@DEBUG_VALUE: arm_negate_f16:pSrc <- $r0
	@DEBUG_VALUE: arm_negate_f16:pDst <- $r1
	.save	{r7, lr}
	push	{r7, lr}
	.cfi_def_cfa_offset 8
	.cfi_offset lr, -4
	.cfi_offset r7, -8
.Ltmp66:
	@DEBUG_VALUE: arm_negate_f16:blkCnt <- [DW_OP_constu 3, DW_OP_shr, DW_OP_stack_value] $r2
	.loc	8 64 24 prologue_end            @ C:/Keil_v5/Packs/ARM/CMSIS-DSP/1.15.0/Source/BasicMathFunctions/arm_negate_f16.c:64:24
	lsrs	r3, r2, #3
	.loc	8 65 5                          @ C:/Keil_v5/Packs/ARM/CMSIS-DSP/1.15.0/Source/BasicMathFunctions/arm_negate_f16.c:65:5
	wls	lr, r3, .LBB4_2
.Ltmp67:
	.p2align	2
.LBB4_1:                                @ =>This Inner Loop Header: Depth=1
	@DEBUG_VALUE: arm_negate_f16:pDst <- $r1
	@DEBUG_VALUE: arm_negate_f16:pSrc <- $r0
	@DEBUG_VALUE: arm_negate_f16:blockSize <- $r2
	@DEBUG_VALUE: arm_negate_f16:blkCnt <- undef
	@DEBUG_VALUE: arm_negate_f16:pSrc <- $r0
	@DEBUG_VALUE: arm_negate_f16:pDst <- $r1
	.loc	8 70 16                         @ C:/Keil_v5/Packs/ARM/CMSIS-DSP/1.15.0/Source/BasicMathFunctions/arm_negate_f16.c:70:16
	vldrh.u16	q0, [r0], #16
.Ltmp68:
	@DEBUG_VALUE: arm_negate_f16:vec1 <- $q0
	.loc	8 71 15                         @ C:/Keil_v5/Packs/ARM/CMSIS-DSP/1.15.0/Source/BasicMathFunctions/arm_negate_f16.c:71:15
	vneg.f16	q0, q0
.Ltmp69:
	@DEBUG_VALUE: arm_negate_f16:res <- $q0
	.loc	8 72 9                          @ C:/Keil_v5/Packs/ARM/CMSIS-DSP/1.15.0/Source/BasicMathFunctions/arm_negate_f16.c:72:9
	vstrb.8	q0, [r1], #16
.Ltmp70:
	@DEBUG_VALUE: arm_negate_f16:pDst <- $r1
	@DEBUG_VALUE: arm_negate_f16:pSrc <- $r0
	.loc	8 65 5                          @ C:/Keil_v5/Packs/ARM/CMSIS-DSP/1.15.0/Source/BasicMathFunctions/arm_negate_f16.c:65:5
	le	lr, .LBB4_1
.Ltmp71:
.LBB4_2:
	@DEBUG_VALUE: arm_negate_f16:pDst <- $r1
	@DEBUG_VALUE: arm_negate_f16:pSrc <- $r0
	@DEBUG_VALUE: arm_negate_f16:blockSize <- $r2
	.loc	8 83 24                         @ C:/Keil_v5/Packs/ARM/CMSIS-DSP/1.15.0/Source/BasicMathFunctions/arm_negate_f16.c:83:24
	ands	r2, r2, #7
.Ltmp72:
	@DEBUG_VALUE: arm_negate_f16:blockSize <- [DW_OP_LLVM_entry_value 1] $r2
	@DEBUG_VALUE: arm_negate_f16:blkCnt <- $r2
	.loc	8 92 1                          @ C:/Keil_v5/Packs/ARM/CMSIS-DSP/1.15.0/Source/BasicMathFunctions/arm_negate_f16.c:92:1
	it	eq
	.loc	8 92 1 epilogue_begin is_stmt 0 @ C:/Keil_v5/Packs/ARM/CMSIS-DSP/1.15.0/Source/BasicMathFunctions/arm_negate_f16.c:92:1
	popeq	{r7, pc}
.Ltmp73:
.LBB4_3:
	@DEBUG_VALUE: arm_negate_f16:blkCnt <- $r2
	@DEBUG_VALUE: arm_negate_f16:blockSize <- [DW_OP_LLVM_entry_value 1] $r2
	@DEBUG_VALUE: arm_negate_f16:pDst <- $r1
	@DEBUG_VALUE: arm_negate_f16:pSrc <- $r0
	.loc	8 88 14 is_stmt 1               @ C:/Keil_v5/Packs/ARM/CMSIS-DSP/1.15.0/Source/BasicMathFunctions/arm_negate_f16.c:88:14
	vldrh.u16	q0, [r0]
.Ltmp74:
	@DEBUG_VALUE: arm_negate_f16:vec1 <- $q0
	.loc	8 87 25                         @ C:/Keil_v5/Packs/ARM/CMSIS-DSP/1.15.0/Source/BasicMathFunctions/arm_negate_f16.c:87:25
	vctp.16	r2
.Ltmp75:
	@DEBUG_VALUE: p0 <- undef
	.loc	8 89 22                         @ C:/Keil_v5/Packs/ARM/CMSIS-DSP/1.15.0/Source/BasicMathFunctions/arm_negate_f16.c:89:22
	vneg.f16	q0, q0
.Ltmp76:
	.loc	8 89 7 is_stmt 0                @ C:/Keil_v5/Packs/ARM/CMSIS-DSP/1.15.0/Source/BasicMathFunctions/arm_negate_f16.c:89:7
	vpst	
	vstrht.16	q0, [r1]
.Ltmp77:
	.loc	8 92 1 epilogue_begin is_stmt 1 @ C:/Keil_v5/Packs/ARM/CMSIS-DSP/1.15.0/Source/BasicMathFunctions/arm_negate_f16.c:92:1
	pop	{r7, pc}
.Ltmp78:
.Lfunc_end4:
	.size	arm_negate_f16, .Lfunc_end4-arm_negate_f16
	.cfi_endproc
	.cantunwind
	.fnend
                                        @ -- End function
	.section	.text.arm_offset_f16,"ax",%progbits
	.hidden	arm_offset_f16                  @ -- Begin function arm_offset_f16
	.globl	arm_offset_f16
	.p2align	2
	.type	arm_offset_f16,%function
	.code	16                              @ @arm_offset_f16
	.thumb_func
arm_offset_f16:
.Lfunc_begin5:
	.file	9 "C:/Keil_v5/Packs/ARM/CMSIS-DSP/1.15.0/Source/BasicMathFunctions" "arm_offset_f16.c"
	.loc	9 58 0                          @ C:/Keil_v5/Packs/ARM/CMSIS-DSP/1.15.0/Source/BasicMathFunctions/arm_offset_f16.c:58:0
	.fnstart
	.cfi_startproc
@ %bb.0:
	@DEBUG_VALUE: arm_offset_f16:blockSize <- $r2
	@DEBUG_VALUE: arm_offset_f16:pSrc <- $r0
	@DEBUG_VALUE: arm_offset_f16:pDst <- $r1
	@DEBUG_VALUE: arm_offset_f16:offset <- $s0
	.save	{r7, lr}
	push	{r7, lr}
	.cfi_def_cfa_offset 8
	.cfi_offset lr, -4
	.cfi_offset r7, -8
.Ltmp79:
	@DEBUG_VALUE: arm_offset_f16:blkCnt <- [DW_OP_constu 3, DW_OP_shr, DW_OP_stack_value] $r2
	.loc	9 65 24 prologue_end            @ C:/Keil_v5/Packs/ARM/CMSIS-DSP/1.15.0/Source/BasicMathFunctions/arm_offset_f16.c:65:24
	lsr.w	r12, r2, #3
	vmov.f16	r3, s0
	.loc	9 66 5                          @ C:/Keil_v5/Packs/ARM/CMSIS-DSP/1.15.0/Source/BasicMathFunctions/arm_offset_f16.c:66:5
	wls	lr, r12, .LBB5_2
.Ltmp80:
	.p2align	2
.LBB5_1:                                @ =>This Inner Loop Header: Depth=1
	@DEBUG_VALUE: arm_offset_f16:pDst <- $r1
	@DEBUG_VALUE: arm_offset_f16:pSrc <- $r0
	@DEBUG_VALUE: arm_offset_f16:blockSize <- $r2
	@DEBUG_VALUE: arm_offset_f16:blkCnt <- undef
	@DEBUG_VALUE: arm_offset_f16:pSrc <- $r0
	@DEBUG_VALUE: arm_offset_f16:pDst <- $r1
	.loc	9 71 16                         @ C:/Keil_v5/Packs/ARM/CMSIS-DSP/1.15.0/Source/BasicMathFunctions/arm_offset_f16.c:71:16
	vldrh.u16	q0, [r0], #16
.Ltmp81:
	@DEBUG_VALUE: arm_offset_f16:offset <- [DW_OP_LLVM_entry_value 1] $s0
	@DEBUG_VALUE: arm_offset_f16:vec1 <- $q0
	.loc	9 72 15                         @ C:/Keil_v5/Packs/ARM/CMSIS-DSP/1.15.0/Source/BasicMathFunctions/arm_offset_f16.c:72:15
	vadd.f16	q0, q0, r3
.Ltmp82:
	@DEBUG_VALUE: arm_offset_f16:res <- $q0
	.loc	9 73 9                          @ C:/Keil_v5/Packs/ARM/CMSIS-DSP/1.15.0/Source/BasicMathFunctions/arm_offset_f16.c:73:9
	vstrb.8	q0, [r1], #16
.Ltmp83:
	@DEBUG_VALUE: arm_offset_f16:pDst <- $r1
	@DEBUG_VALUE: arm_offset_f16:pSrc <- $r0
	.loc	9 66 5                          @ C:/Keil_v5/Packs/ARM/CMSIS-DSP/1.15.0/Source/BasicMathFunctions/arm_offset_f16.c:66:5
	le	lr, .LBB5_1
.Ltmp84:
.LBB5_2:
	@DEBUG_VALUE: arm_offset_f16:pDst <- $r1
	@DEBUG_VALUE: arm_offset_f16:pSrc <- $r0
	@DEBUG_VALUE: arm_offset_f16:blockSize <- $r2
	.loc	9 84 24                         @ C:/Keil_v5/Packs/ARM/CMSIS-DSP/1.15.0/Source/BasicMathFunctions/arm_offset_f16.c:84:24
	ands	r2, r2, #7
.Ltmp85:
	@DEBUG_VALUE: arm_offset_f16:blockSize <- [DW_OP_LLVM_entry_value 1] $r2
	@DEBUG_VALUE: arm_offset_f16:blkCnt <- $r2
	.loc	9 94 1                          @ C:/Keil_v5/Packs/ARM/CMSIS-DSP/1.15.0/Source/BasicMathFunctions/arm_offset_f16.c:94:1
	it	eq
	.loc	9 94 1 epilogue_begin is_stmt 0 @ C:/Keil_v5/Packs/ARM/CMSIS-DSP/1.15.0/Source/BasicMathFunctions/arm_offset_f16.c:94:1
	popeq	{r7, pc}
.Ltmp86:
.LBB5_3:
	@DEBUG_VALUE: arm_offset_f16:blkCnt <- $r2
	@DEBUG_VALUE: arm_offset_f16:blockSize <- [DW_OP_LLVM_entry_value 1] $r2
	@DEBUG_VALUE: arm_offset_f16:pDst <- $r1
	@DEBUG_VALUE: arm_offset_f16:pSrc <- $r0
	.loc	9 89 16 is_stmt 1               @ C:/Keil_v5/Packs/ARM/CMSIS-DSP/1.15.0/Source/BasicMathFunctions/arm_offset_f16.c:89:16
	vldrh.u16	q0, [r0]
.Ltmp87:
	@DEBUG_VALUE: arm_offset_f16:vec1 <- $q0
	.loc	9 88 27                         @ C:/Keil_v5/Packs/ARM/CMSIS-DSP/1.15.0/Source/BasicMathFunctions/arm_offset_f16.c:88:27
	vctp.16	r2
.Ltmp88:
	@DEBUG_VALUE: p0 <- undef
	.loc	9 90 24                         @ C:/Keil_v5/Packs/ARM/CMSIS-DSP/1.15.0/Source/BasicMathFunctions/arm_offset_f16.c:90:24
	vadd.f16	q0, q0, r3
.Ltmp89:
	.loc	9 90 9 is_stmt 0                @ C:/Keil_v5/Packs/ARM/CMSIS-DSP/1.15.0/Source/BasicMathFunctions/arm_offset_f16.c:90:9
	vpst	
	vstrht.16	q0, [r1]
.Ltmp90:
	.loc	9 94 1 epilogue_begin is_stmt 1 @ C:/Keil_v5/Packs/ARM/CMSIS-DSP/1.15.0/Source/BasicMathFunctions/arm_offset_f16.c:94:1
	pop	{r7, pc}
.Ltmp91:
.Lfunc_end5:
	.size	arm_offset_f16, .Lfunc_end5-arm_offset_f16
	.cfi_endproc
	.cantunwind
	.fnend
                                        @ -- End function
	.section	.text.arm_scale_f16,"ax",%progbits
	.hidden	arm_scale_f16                   @ -- Begin function arm_scale_f16
	.globl	arm_scale_f16
	.p2align	2
	.type	arm_scale_f16,%function
	.code	16                              @ @arm_scale_f16
	.thumb_func
arm_scale_f16:
.Lfunc_begin6:
	.file	10 "C:/Keil_v5/Packs/ARM/CMSIS-DSP/1.15.0/Source/BasicMathFunctions" "arm_scale_f16.c"
	.loc	10 60 0                         @ C:/Keil_v5/Packs/ARM/CMSIS-DSP/1.15.0/Source/BasicMathFunctions/arm_scale_f16.c:60:0
	.fnstart
	.cfi_startproc
@ %bb.0:
	@DEBUG_VALUE: arm_scale_f16:blockSize <- $r2
	@DEBUG_VALUE: arm_scale_f16:pSrc <- $r0
	@DEBUG_VALUE: arm_scale_f16:pDst <- $r1
	@DEBUG_VALUE: arm_scale_f16:scale <- $s0
	.save	{r7, lr}
	push	{r7, lr}
	.cfi_def_cfa_offset 8
	.cfi_offset lr, -4
	.cfi_offset r7, -8
.Ltmp92:
	@DEBUG_VALUE: arm_scale_f16:blkCnt <- [DW_OP_constu 3, DW_OP_shr, DW_OP_stack_value] $r2
	.loc	10 67 24 prologue_end           @ C:/Keil_v5/Packs/ARM/CMSIS-DSP/1.15.0/Source/BasicMathFunctions/arm_scale_f16.c:67:24
	lsr.w	r12, r2, #3
	vmov.f16	r3, s0
	.loc	10 69 5                         @ C:/Keil_v5/Packs/ARM/CMSIS-DSP/1.15.0/Source/BasicMathFunctions/arm_scale_f16.c:69:5
	wls	lr, r12, .LBB6_2
.Ltmp93:
	.p2align	2
.LBB6_1:                                @ =>This Inner Loop Header: Depth=1
	@DEBUG_VALUE: arm_scale_f16:pDst <- $r1
	@DEBUG_VALUE: arm_scale_f16:pSrc <- $r0
	@DEBUG_VALUE: arm_scale_f16:blockSize <- $r2
	@DEBUG_VALUE: arm_scale_f16:blkCnt <- undef
	@DEBUG_VALUE: arm_scale_f16:pSrc <- $r0
	@DEBUG_VALUE: arm_scale_f16:pDst <- $r1
	.loc	10 74 16                        @ C:/Keil_v5/Packs/ARM/CMSIS-DSP/1.15.0/Source/BasicMathFunctions/arm_scale_f16.c:74:16
	vldrh.u16	q0, [r0], #16
.Ltmp94:
	@DEBUG_VALUE: arm_scale_f16:scale <- [DW_OP_LLVM_entry_value 1] $s0
	@DEBUG_VALUE: arm_scale_f16:vec1 <- $q0
	.loc	10 75 15                        @ C:/Keil_v5/Packs/ARM/CMSIS-DSP/1.15.0/Source/BasicMathFunctions/arm_scale_f16.c:75:15
	vmul.f16	q0, q0, r3
.Ltmp95:
	@DEBUG_VALUE: arm_scale_f16:res <- $q0
	.loc	10 76 9                         @ C:/Keil_v5/Packs/ARM/CMSIS-DSP/1.15.0/Source/BasicMathFunctions/arm_scale_f16.c:76:9
	vstrb.8	q0, [r1], #16
.Ltmp96:
	@DEBUG_VALUE: arm_scale_f16:pDst <- $r1
	@DEBUG_VALUE: arm_scale_f16:pSrc <- $r0
	.loc	10 69 5                         @ C:/Keil_v5/Packs/ARM/CMSIS-DSP/1.15.0/Source/BasicMathFunctions/arm_scale_f16.c:69:5
	le	lr, .LBB6_1
.Ltmp97:
.LBB6_2:
	@DEBUG_VALUE: arm_scale_f16:pDst <- $r1
	@DEBUG_VALUE: arm_scale_f16:pSrc <- $r0
	@DEBUG_VALUE: arm_scale_f16:blockSize <- $r2
	.loc	10 87 24                        @ C:/Keil_v5/Packs/ARM/CMSIS-DSP/1.15.0/Source/BasicMathFunctions/arm_scale_f16.c:87:24
	ands	r2, r2, #7
.Ltmp98:
	@DEBUG_VALUE: arm_scale_f16:blockSize <- [DW_OP_LLVM_entry_value 1] $r2
	@DEBUG_VALUE: arm_scale_f16:blkCnt <- $r2
	.loc	10 97 1                         @ C:/Keil_v5/Packs/ARM/CMSIS-DSP/1.15.0/Source/BasicMathFunctions/arm_scale_f16.c:97:1
	it	eq
	.loc	10 97 1 epilogue_begin is_stmt 0 @ C:/Keil_v5/Packs/ARM/CMSIS-DSP/1.15.0/Source/BasicMathFunctions/arm_scale_f16.c:97:1
	popeq	{r7, pc}
.Ltmp99:
.LBB6_3:
	@DEBUG_VALUE: arm_scale_f16:blkCnt <- $r2
	@DEBUG_VALUE: arm_scale_f16:blockSize <- [DW_OP_LLVM_entry_value 1] $r2
	@DEBUG_VALUE: arm_scale_f16:pDst <- $r1
	@DEBUG_VALUE: arm_scale_f16:pSrc <- $r0
	.loc	10 92 16 is_stmt 1              @ C:/Keil_v5/Packs/ARM/CMSIS-DSP/1.15.0/Source/BasicMathFunctions/arm_scale_f16.c:92:16
	vldrh.u16	q0, [r0]
.Ltmp100:
	@DEBUG_VALUE: arm_scale_f16:vec1 <- $q0
	.loc	10 91 27                        @ C:/Keil_v5/Packs/ARM/CMSIS-DSP/1.15.0/Source/BasicMathFunctions/arm_scale_f16.c:91:27
	vctp.16	r2
.Ltmp101:
	@DEBUG_VALUE: p0 <- undef
	.loc	10 93 24                        @ C:/Keil_v5/Packs/ARM/CMSIS-DSP/1.15.0/Source/BasicMathFunctions/arm_scale_f16.c:93:24
	vmul.f16	q0, q0, r3
.Ltmp102:
	.loc	10 93 9 is_stmt 0               @ C:/Keil_v5/Packs/ARM/CMSIS-DSP/1.15.0/Source/BasicMathFunctions/arm_scale_f16.c:93:9
	vpst	
	vstrht.16	q0, [r1]
.Ltmp103:
	.loc	10 97 1 epilogue_begin is_stmt 1 @ C:/Keil_v5/Packs/ARM/CMSIS-DSP/1.15.0/Source/BasicMathFunctions/arm_scale_f16.c:97:1
	pop	{r7, pc}
.Ltmp104:
.Lfunc_end6:
	.size	arm_scale_f16, .Lfunc_end6-arm_scale_f16
	.cfi_endproc
	.cantunwind
	.fnend
                                        @ -- End function
	.section	.text.arm_sub_f16,"ax",%progbits
	.hidden	arm_sub_f16                     @ -- Begin function arm_sub_f16
	.globl	arm_sub_f16
	.p2align	2
	.type	arm_sub_f16,%function
	.code	16                              @ @arm_sub_f16
	.thumb_func
arm_sub_f16:
.Lfunc_begin7:
	.file	11 "C:/Keil_v5/Packs/ARM/CMSIS-DSP/1.15.0/Source/BasicMathFunctions" "arm_sub_f16.c"
	.loc	11 58 0                         @ C:/Keil_v5/Packs/ARM/CMSIS-DSP/1.15.0/Source/BasicMathFunctions/arm_sub_f16.c:58:0
	.fnstart
	.cfi_startproc
@ %bb.0:
	@DEBUG_VALUE: arm_sub_f16:blockSize <- $r3
	@DEBUG_VALUE: arm_sub_f16:pSrcA <- $r0
	@DEBUG_VALUE: arm_sub_f16:pSrcB <- $r1
	@DEBUG_VALUE: arm_sub_f16:pDst <- $r2
	.save	{r7, lr}
	push	{r7, lr}
	.cfi_def_cfa_offset 8
	.cfi_offset lr, -4
	.cfi_offset r7, -8
.Ltmp105:
	@DEBUG_VALUE: arm_sub_f16:blkCnt <- [DW_OP_constu 3, DW_OP_shr, DW_OP_stack_value] $r3
	.loc	11 66 24 prologue_end           @ C:/Keil_v5/Packs/ARM/CMSIS-DSP/1.15.0/Source/BasicMathFunctions/arm_sub_f16.c:66:24
	lsr.w	r12, r3, #3
	.loc	11 68 5                         @ C:/Keil_v5/Packs/ARM/CMSIS-DSP/1.15.0/Source/BasicMathFunctions/arm_sub_f16.c:68:5
	wls	lr, r12, .LBB7_2
.Ltmp106:
	.p2align	2
.LBB7_1:                                @ =>This Inner Loop Header: Depth=1
	@DEBUG_VALUE: arm_sub_f16:pDst <- $r2
	@DEBUG_VALUE: arm_sub_f16:pSrcB <- $r1
	@DEBUG_VALUE: arm_sub_f16:pSrcA <- $r0
	@DEBUG_VALUE: arm_sub_f16:blockSize <- $r3
	@DEBUG_VALUE: arm_sub_f16:blkCnt <- undef
	@DEBUG_VALUE: arm_sub_f16:pSrcA <- $r0
	@DEBUG_VALUE: arm_sub_f16:pSrcB <- $r1
	@DEBUG_VALUE: arm_sub_f16:pDst <- $r2
	.loc	11 73 16                        @ C:/Keil_v5/Packs/ARM/CMSIS-DSP/1.15.0/Source/BasicMathFunctions/arm_sub_f16.c:73:16
	vldrh.u16	q0, [r0], #16
.Ltmp107:
	@DEBUG_VALUE: arm_sub_f16:vec1 <- $q0
	.loc	11 74 16                        @ C:/Keil_v5/Packs/ARM/CMSIS-DSP/1.15.0/Source/BasicMathFunctions/arm_sub_f16.c:74:16
	vldrh.u16	q1, [r1], #16
.Ltmp108:
	@DEBUG_VALUE: arm_sub_f16:vec2 <- $q1
	.loc	11 75 15                        @ C:/Keil_v5/Packs/ARM/CMSIS-DSP/1.15.0/Source/BasicMathFunctions/arm_sub_f16.c:75:15
	vsub.f16	q0, q0, q1
.Ltmp109:
	@DEBUG_VALUE: arm_sub_f16:res <- $q0
	.loc	11 76 9                         @ C:/Keil_v5/Packs/ARM/CMSIS-DSP/1.15.0/Source/BasicMathFunctions/arm_sub_f16.c:76:9
	vstrb.8	q0, [r2], #16
.Ltmp110:
	@DEBUG_VALUE: arm_sub_f16:pDst <- $r2
	@DEBUG_VALUE: arm_sub_f16:pSrcB <- $r1
	@DEBUG_VALUE: arm_sub_f16:pSrcA <- $r0
	.loc	11 68 5                         @ C:/Keil_v5/Packs/ARM/CMSIS-DSP/1.15.0/Source/BasicMathFunctions/arm_sub_f16.c:68:5
	le	lr, .LBB7_1
.Ltmp111:
.LBB7_2:
	@DEBUG_VALUE: arm_sub_f16:pDst <- $r2
	@DEBUG_VALUE: arm_sub_f16:pSrcB <- $r1
	@DEBUG_VALUE: arm_sub_f16:pSrcA <- $r0
	@DEBUG_VALUE: arm_sub_f16:blockSize <- $r3
	.loc	11 88 24                        @ C:/Keil_v5/Packs/ARM/CMSIS-DSP/1.15.0/Source/BasicMathFunctions/arm_sub_f16.c:88:24
	ands	r3, r3, #7
.Ltmp112:
	@DEBUG_VALUE: arm_sub_f16:blockSize <- [DW_OP_LLVM_entry_value 1] $r3
	@DEBUG_VALUE: arm_sub_f16:blkCnt <- $r3
	.loc	11 99 1                         @ C:/Keil_v5/Packs/ARM/CMSIS-DSP/1.15.0/Source/BasicMathFunctions/arm_sub_f16.c:99:1
	it	eq
	.loc	11 99 1 epilogue_begin is_stmt 0 @ C:/Keil_v5/Packs/ARM/CMSIS-DSP/1.15.0/Source/BasicMathFunctions/arm_sub_f16.c:99:1
	popeq	{r7, pc}
.Ltmp113:
.LBB7_3:
	@DEBUG_VALUE: arm_sub_f16:blkCnt <- $r3
	@DEBUG_VALUE: arm_sub_f16:blockSize <- [DW_OP_LLVM_entry_value 1] $r3
	@DEBUG_VALUE: arm_sub_f16:pDst <- $r2
	@DEBUG_VALUE: arm_sub_f16:pSrcB <- $r1
	@DEBUG_VALUE: arm_sub_f16:pSrcA <- $r0
	.loc	11 94 14 is_stmt 1              @ C:/Keil_v5/Packs/ARM/CMSIS-DSP/1.15.0/Source/BasicMathFunctions/arm_sub_f16.c:94:14
	vldrh.u16	q0, [r0]
.Ltmp114:
	@DEBUG_VALUE: arm_sub_f16:vec1 <- $q0
	.loc	11 93 25                        @ C:/Keil_v5/Packs/ARM/CMSIS-DSP/1.15.0/Source/BasicMathFunctions/arm_sub_f16.c:93:25
	vctp.16	r3
.Ltmp115:
	@DEBUG_VALUE: p0 <- undef
	.loc	11 95 14                        @ C:/Keil_v5/Packs/ARM/CMSIS-DSP/1.15.0/Source/BasicMathFunctions/arm_sub_f16.c:95:14
	vldrh.u16	q1, [r1]
.Ltmp116:
	@DEBUG_VALUE: arm_sub_f16:vec2 <- $q1
	.loc	11 96 22                        @ C:/Keil_v5/Packs/ARM/CMSIS-DSP/1.15.0/Source/BasicMathFunctions/arm_sub_f16.c:96:22
	vsub.f16	q0, q0, q1
.Ltmp117:
	.loc	11 96 7 is_stmt 0               @ C:/Keil_v5/Packs/ARM/CMSIS-DSP/1.15.0/Source/BasicMathFunctions/arm_sub_f16.c:96:7
	vpst	
	vstrht.16	q0, [r2]
.Ltmp118:
	.loc	11 99 1 epilogue_begin is_stmt 1 @ C:/Keil_v5/Packs/ARM/CMSIS-DSP/1.15.0/Source/BasicMathFunctions/arm_sub_f16.c:99:1
	pop	{r7, pc}
.Ltmp119:
.Lfunc_end7:
	.size	arm_sub_f16, .Lfunc_end7-arm_sub_f16
	.cfi_endproc
	.cantunwind
	.fnend
                                        @ -- End function
	.section	.text.arm_clip_f16,"ax",%progbits
	.hidden	arm_clip_f16                    @ -- Begin function arm_clip_f16
	.globl	arm_clip_f16
	.p2align	2
	.type	arm_clip_f16,%function
	.code	16                              @ @arm_clip_f16
	.thumb_func
arm_clip_f16:
.Lfunc_begin8:
	.file	12 "C:/Keil_v5/Packs/ARM/CMSIS-DSP/1.15.0/Source/BasicMathFunctions" "arm_clip_f16.c"
	.loc	12 60 0                         @ C:/Keil_v5/Packs/ARM/CMSIS-DSP/1.15.0/Source/BasicMathFunctions/arm_clip_f16.c:60:0
	.fnstart
	.cfi_startproc
@ %bb.0:
	@DEBUG_VALUE: arm_clip_f16:pSrc <- $r0
	@DEBUG_VALUE: arm_clip_f16:pDst <- $r1
	@DEBUG_VALUE: arm_clip_f16:numSamples <- $r2
	.save	{r7, lr}
	push	{r7, lr}
	.cfi_def_cfa_offset 8
	.cfi_offset lr, -4
	.cfi_offset r7, -8
.Ltmp120:
	.loc	12 65 14 prologue_end           @ C:/Keil_v5/Packs/ARM/CMSIS-DSP/1.15.0/Source/BasicMathFunctions/arm_clip_f16.c:65:14
	vmov.f16	r3, s0
	vdup.16	q1, r3
.Ltmp121:
	@DEBUG_VALUE: arm_clip_f16:vecLow <- $q1
	.loc	12 68 15                        @ C:/Keil_v5/Packs/ARM/CMSIS-DSP/1.15.0/Source/BasicMathFunctions/arm_clip_f16.c:68:15
	vldrh.u16	q2, [r0], #16
.Ltmp122:
	@DEBUG_VALUE: arm_clip_f16:pSrc <- [DW_OP_LLVM_entry_value 1] $r0
	@DEBUG_VALUE: arm_clip_f16:blkCnt <- [DW_OP_constu 4, DW_OP_shr, DW_OP_constu 1, DW_OP_minus, DW_OP_stack_value] $r2
	@DEBUG_VALUE: arm_clip_f16:curVec0 <- $q2
	@DEBUG_VALUE: arm_clip_f16:pSrc <- undef
	.loc	12 66 15                        @ C:/Keil_v5/Packs/ARM/CMSIS-DSP/1.15.0/Source/BasicMathFunctions/arm_clip_f16.c:66:15
	vmov.f16	r3, s1
	vdup.16	q0, r3
	@DEBUG_VALUE: arm_clip_f16:low <- undef
	@DEBUG_VALUE: arm_clip_f16:high <- undef
.Ltmp123:
	@DEBUG_VALUE: arm_clip_f16:vecHigh <- $q0
	.loc	12 75 25                        @ C:/Keil_v5/Packs/ARM/CMSIS-DSP/1.15.0/Source/BasicMathFunctions/arm_clip_f16.c:75:25
	lsrs	r3, r2, #4
	.loc	12 76 5                         @ C:/Keil_v5/Packs/ARM/CMSIS-DSP/1.15.0/Source/BasicMathFunctions/arm_clip_f16.c:76:5
	wls	lr, r3, .LBB8_2
.Ltmp124:
	.p2align	2
.LBB8_1:                                @ =>This Inner Loop Header: Depth=1
	@DEBUG_VALUE: arm_clip_f16:vecHigh <- $q0
	@DEBUG_VALUE: arm_clip_f16:curVec0 <- $q2
	@DEBUG_VALUE: arm_clip_f16:vecLow <- $q1
	@DEBUG_VALUE: arm_clip_f16:numSamples <- $r2
	@DEBUG_VALUE: arm_clip_f16:pDst <- $r1
	@DEBUG_VALUE: arm_clip_f16:pDst <- $r1
	@DEBUG_VALUE: arm_clip_f16:curVec0 <- $q2
	@DEBUG_VALUE: arm_clip_f16:blkCnt <- undef
	.loc	12 78 19                        @ C:/Keil_v5/Packs/ARM/CMSIS-DSP/1.15.0/Source/BasicMathFunctions/arm_clip_f16.c:78:19
	vmaxnm.f16	q2, q2, q1
.Ltmp125:
	@DEBUG_VALUE: arm_clip_f16:curVec0 <- $q2
	.loc	12 79 19                        @ C:/Keil_v5/Packs/ARM/CMSIS-DSP/1.15.0/Source/BasicMathFunctions/arm_clip_f16.c:79:19
	vldrh.u16	q3, [r0], #32
.Ltmp126:
	@DEBUG_VALUE: arm_clip_f16:curVec1 <- $q3
	@DEBUG_VALUE: arm_clip_f16:pSrc <- [DW_OP_plus_uconst 16, DW_OP_stack_value] $r0
	.loc	12 81 19                        @ C:/Keil_v5/Packs/ARM/CMSIS-DSP/1.15.0/Source/BasicMathFunctions/arm_clip_f16.c:81:19
	vminnm.f16	q2, q2, q0
.Ltmp127:
	@DEBUG_VALUE: arm_clip_f16:curVec0 <- $q2
	.loc	12 82 9                         @ C:/Keil_v5/Packs/ARM/CMSIS-DSP/1.15.0/Source/BasicMathFunctions/arm_clip_f16.c:82:9
	vstrh.16	q2, [r1], #32
.Ltmp128:
	@DEBUG_VALUE: arm_clip_f16:pDst <- [DW_OP_plus_uconst 16, DW_OP_stack_value] $r1
	.loc	12 84 19                        @ C:/Keil_v5/Packs/ARM/CMSIS-DSP/1.15.0/Source/BasicMathFunctions/arm_clip_f16.c:84:19
	vmaxnm.f16	q3, q3, q1
.Ltmp129:
	@DEBUG_VALUE: arm_clip_f16:curVec1 <- $q3
	.loc	12 85 19                        @ C:/Keil_v5/Packs/ARM/CMSIS-DSP/1.15.0/Source/BasicMathFunctions/arm_clip_f16.c:85:19
	vldrh.u16	q2, [r0, #-16]
.Ltmp130:
	@DEBUG_VALUE: arm_clip_f16:curVec0 <- $q2
	.loc	12 87 19                        @ C:/Keil_v5/Packs/ARM/CMSIS-DSP/1.15.0/Source/BasicMathFunctions/arm_clip_f16.c:87:19
	vminnm.f16	q3, q3, q0
.Ltmp131:
	@DEBUG_VALUE: arm_clip_f16:curVec1 <- $q3
	.loc	12 88 9                         @ C:/Keil_v5/Packs/ARM/CMSIS-DSP/1.15.0/Source/BasicMathFunctions/arm_clip_f16.c:88:9
	vstrh.16	q3, [r1, #-16]
.Ltmp132:
	@DEBUG_VALUE: arm_clip_f16:pDst <- $r1
	@DEBUG_VALUE: arm_clip_f16:pSrc <- [DW_OP_plus_uconst 32, DW_OP_stack_value] $r0
	.loc	12 76 5                         @ C:/Keil_v5/Packs/ARM/CMSIS-DSP/1.15.0/Source/BasicMathFunctions/arm_clip_f16.c:76:5
	le	lr, .LBB8_1
.Ltmp133:
.LBB8_2:
	@DEBUG_VALUE: arm_clip_f16:vecHigh <- $q0
	@DEBUG_VALUE: arm_clip_f16:curVec0 <- $q2
	@DEBUG_VALUE: arm_clip_f16:vecLow <- $q1
	@DEBUG_VALUE: arm_clip_f16:numSamples <- $r2
	@DEBUG_VALUE: arm_clip_f16:pDst <- $r1
	.loc	12 94 25                        @ C:/Keil_v5/Packs/ARM/CMSIS-DSP/1.15.0/Source/BasicMathFunctions/arm_clip_f16.c:94:25
	and	r3, r2, #15
.Ltmp134:
	@DEBUG_VALUE: arm_clip_f16:blkCnt <- $r3
	.loc	12 95 9                         @ C:/Keil_v5/Packs/ARM/CMSIS-DSP/1.15.0/Source/BasicMathFunctions/arm_clip_f16.c:95:9
	cmp	r3, #8
	blo	.LBB8_4
.Ltmp135:
@ %bb.3:
	@DEBUG_VALUE: arm_clip_f16:blkCnt <- $r3
	@DEBUG_VALUE: arm_clip_f16:vecHigh <- $q0
	@DEBUG_VALUE: arm_clip_f16:curVec0 <- $q2
	@DEBUG_VALUE: arm_clip_f16:vecLow <- $q1
	@DEBUG_VALUE: arm_clip_f16:numSamples <- $r2
	@DEBUG_VALUE: arm_clip_f16:pDst <- $r1
	.loc	12 97 19                        @ C:/Keil_v5/Packs/ARM/CMSIS-DSP/1.15.0/Source/BasicMathFunctions/arm_clip_f16.c:97:19
	vmaxnm.f16	q2, q2, q1
.Ltmp136:
	@DEBUG_VALUE: arm_clip_f16:curVec0 <- $q2
	.loc	12 98 19                        @ C:/Keil_v5/Packs/ARM/CMSIS-DSP/1.15.0/Source/BasicMathFunctions/arm_clip_f16.c:98:19
	vminnm.f16	q2, q2, q0
.Ltmp137:
	@DEBUG_VALUE: arm_clip_f16:curVec0 <- $q2
	.loc	12 99 9                         @ C:/Keil_v5/Packs/ARM/CMSIS-DSP/1.15.0/Source/BasicMathFunctions/arm_clip_f16.c:99:9
	vstrb.8	q2, [r1], #16
.Ltmp138:
	@DEBUG_VALUE: arm_clip_f16:pDst <- $r1
	.loc	12 101 19                       @ C:/Keil_v5/Packs/ARM/CMSIS-DSP/1.15.0/Source/BasicMathFunctions/arm_clip_f16.c:101:19
	vldrh.u16	q2, [r0]
.Ltmp139:
	@DEBUG_VALUE: arm_clip_f16:curVec0 <- $q2
	@DEBUG_VALUE: arm_clip_f16:pSrc <- [DW_OP_plus_uconst 16, DW_OP_stack_value] undef
	.loc	12 0 19 is_stmt 0               @ C:/Keil_v5/Packs/ARM/CMSIS-DSP/1.15.0/Source/BasicMathFunctions/arm_clip_f16.c:0:19
	b	.LBB8_5
.Ltmp140:
.LBB8_4:
	@DEBUG_VALUE: arm_clip_f16:blkCnt <- $r3
	@DEBUG_VALUE: arm_clip_f16:vecHigh <- $q0
	@DEBUG_VALUE: arm_clip_f16:curVec0 <- $q2
	@DEBUG_VALUE: arm_clip_f16:vecLow <- $q1
	@DEBUG_VALUE: arm_clip_f16:numSamples <- $r2
	@DEBUG_VALUE: arm_clip_f16:pDst <- $r1
	@DEBUG_VALUE: arm_clip_f16:pDst <- $r1
	@DEBUG_VALUE: arm_clip_f16:curVec0 <- $q2
	.loc	12 105 9 is_stmt 1              @ C:/Keil_v5/Packs/ARM/CMSIS-DSP/1.15.0/Source/BasicMathFunctions/arm_clip_f16.c:105:9
	cmp	r3, #0
	.loc	12 112 1                        @ C:/Keil_v5/Packs/ARM/CMSIS-DSP/1.15.0/Source/BasicMathFunctions/arm_clip_f16.c:112:1
	it	eq
	.loc	12 112 1 epilogue_begin is_stmt 0 @ C:/Keil_v5/Packs/ARM/CMSIS-DSP/1.15.0/Source/BasicMathFunctions/arm_clip_f16.c:112:1
	popeq	{r7, pc}
.Ltmp141:
.LBB8_5:
	@DEBUG_VALUE: arm_clip_f16:blkCnt <- $r3
	@DEBUG_VALUE: arm_clip_f16:vecHigh <- $q0
	@DEBUG_VALUE: arm_clip_f16:curVec0 <- $q2
	@DEBUG_VALUE: arm_clip_f16:vecLow <- $q1
	@DEBUG_VALUE: arm_clip_f16:numSamples <- $r2
	@DEBUG_VALUE: arm_clip_f16:pDst <- $r1
	.loc	12 107 42 is_stmt 1             @ C:/Keil_v5/Packs/ARM/CMSIS-DSP/1.15.0/Source/BasicMathFunctions/arm_clip_f16.c:107:42
	and	r0, r2, #7
	.loc	12 108 19                       @ C:/Keil_v5/Packs/ARM/CMSIS-DSP/1.15.0/Source/BasicMathFunctions/arm_clip_f16.c:108:19
	vmaxnm.f16	q1, q2, q1
.Ltmp142:
	@DEBUG_VALUE: arm_clip_f16:curVec0 <- $q1
	.loc	12 107 27                       @ C:/Keil_v5/Packs/ARM/CMSIS-DSP/1.15.0/Source/BasicMathFunctions/arm_clip_f16.c:107:27
	vctp.16	r0
.Ltmp143:
	@DEBUG_VALUE: p0 <- undef
	.loc	12 109 19                       @ C:/Keil_v5/Packs/ARM/CMSIS-DSP/1.15.0/Source/BasicMathFunctions/arm_clip_f16.c:109:19
	vminnm.f16	q0, q1, q0
.Ltmp144:
	@DEBUG_VALUE: arm_clip_f16:curVec0 <- $q0
	.loc	12 110 9                        @ C:/Keil_v5/Packs/ARM/CMSIS-DSP/1.15.0/Source/BasicMathFunctions/arm_clip_f16.c:110:9
	vpst	
	vstrht.16	q0, [r1]
.Ltmp145:
	.loc	12 112 1 epilogue_begin         @ C:/Keil_v5/Packs/ARM/CMSIS-DSP/1.15.0/Source/BasicMathFunctions/arm_clip_f16.c:112:1
	pop	{r7, pc}
.Ltmp146:
.Lfunc_end8:
	.size	arm_clip_f16, .Lfunc_end8-arm_clip_f16
	.cfi_endproc
	.cantunwind
	.fnend
                                        @ -- End function
	.file	13 "C:\\Users\\rohankoshy\\Downloads\\en-us--M55M1_Series_BSP_CMSIS_V3.01.003\\SampleCode\\NuEdgeWise\\PoseLandmark_YOLOv8n\\KEIL" "../../../../Library/CMSIS/DSP/Include\\arm_math_types_f16.h"
	.section	.debug_loc,"",%progbits
.Ldebug_loc0:
	.long	-1
	.long	.Lfunc_begin0                   @   base address
	.long	.Lfunc_begin0-.Lfunc_begin0
	.long	.Ltmp6-.Lfunc_begin0
	.short	1                               @ Loc expr size
	.byte	82                              @ DW_OP_reg2
	.long	.Ltmp6-.Lfunc_begin0
	.long	.Lfunc_end0-.Lfunc_begin0
	.short	4                               @ Loc expr size
	.byte	243                             @ DW_OP_GNU_entry_value
	.byte	1                               @ 1
	.byte	82                              @ DW_OP_reg2
	.byte	159                             @ DW_OP_stack_value
	.long	0
	.long	0
.Ldebug_loc1:
	.long	-1
	.long	.Lfunc_begin0                   @   base address
	.long	.Lfunc_begin0-.Lfunc_begin0
	.long	.Ltmp2-.Lfunc_begin0
	.short	1                               @ Loc expr size
	.byte	80                              @ DW_OP_reg0
	.long	.Ltmp4-.Lfunc_begin0
	.long	.Lfunc_end0-.Lfunc_begin0
	.short	1                               @ Loc expr size
	.byte	80                              @ DW_OP_reg0
	.long	0
	.long	0
.Ldebug_loc2:
	.long	-1
	.long	.Lfunc_begin0                   @   base address
	.long	.Ltmp0-.Lfunc_begin0
	.long	.Ltmp1-.Lfunc_begin0
	.short	5                               @ Loc expr size
	.byte	114                             @ DW_OP_breg2
	.byte	0                               @ 0
	.byte	51                              @ DW_OP_lit3
	.byte	37                              @ DW_OP_shr
	.byte	159                             @ DW_OP_stack_value
	.long	.Ltmp6-.Lfunc_begin0
	.long	.Lfunc_end0-.Lfunc_begin0
	.short	1                               @ Loc expr size
	.byte	82                              @ DW_OP_reg2
	.long	0
	.long	0
.Ldebug_loc3:
	.long	-1
	.long	.Lfunc_begin0                   @   base address
	.long	.Ltmp2-.Lfunc_begin0
	.long	.Ltmp3-.Lfunc_begin0
	.short	10                              @ Loc expr size
	.byte	144                             @ sub-register DW_OP_regx
	.byte	128                             @ 256
	.byte	2                               @ 
	.byte	147                             @ DW_OP_piece
	.byte	8                               @ 8
	.byte	144                             @ sub-register DW_OP_regx
	.byte	129                             @ 257
	.byte	2                               @ 
	.byte	147                             @ DW_OP_piece
	.byte	8                               @ 8
	.long	.Ltmp8-.Lfunc_begin0
	.long	.Ltmp10-.Lfunc_begin0
	.short	10                              @ Loc expr size
	.byte	144                             @ sub-register DW_OP_regx
	.byte	128                             @ 256
	.byte	2                               @ 
	.byte	147                             @ DW_OP_piece
	.byte	8                               @ 8
	.byte	144                             @ sub-register DW_OP_regx
	.byte	129                             @ 257
	.byte	2                               @ 
	.byte	147                             @ DW_OP_piece
	.byte	8                               @ 8
	.long	0
	.long	0
.Ldebug_loc4:
	.long	-1
	.long	.Lfunc_begin0                   @   base address
	.long	.Ltmp3-.Lfunc_begin0
	.long	.Ltmp5-.Lfunc_begin0
	.short	10                              @ Loc expr size
	.byte	144                             @ sub-register DW_OP_regx
	.byte	128                             @ 256
	.byte	2                               @ 
	.byte	147                             @ DW_OP_piece
	.byte	8                               @ 8
	.byte	144                             @ sub-register DW_OP_regx
	.byte	129                             @ 257
	.byte	2                               @ 
	.byte	147                             @ DW_OP_piece
	.byte	8                               @ 8
	.long	0
	.long	0
.Ldebug_loc5:
	.long	-1
	.long	.Lfunc_begin1                   @   base address
	.long	.Lfunc_begin1-.Lfunc_begin1
	.long	.Ltmp20-.Lfunc_begin1
	.short	1                               @ Loc expr size
	.byte	83                              @ DW_OP_reg3
	.long	.Ltmp20-.Lfunc_begin1
	.long	.Lfunc_end1-.Lfunc_begin1
	.short	4                               @ Loc expr size
	.byte	243                             @ DW_OP_GNU_entry_value
	.byte	1                               @ 1
	.byte	83                              @ DW_OP_reg3
	.byte	159                             @ DW_OP_stack_value
	.long	0
	.long	0
.Ldebug_loc6:
	.long	-1
	.long	.Lfunc_begin1                   @   base address
	.long	.Lfunc_begin1-.Lfunc_begin1
	.long	.Ltmp15-.Lfunc_begin1
	.short	1                               @ Loc expr size
	.byte	80                              @ DW_OP_reg0
	.long	.Ltmp18-.Lfunc_begin1
	.long	.Lfunc_end1-.Lfunc_begin1
	.short	1                               @ Loc expr size
	.byte	80                              @ DW_OP_reg0
	.long	0
	.long	0
.Ldebug_loc7:
	.long	-1
	.long	.Lfunc_begin1                   @   base address
	.long	.Lfunc_begin1-.Lfunc_begin1
	.long	.Ltmp16-.Lfunc_begin1
	.short	1                               @ Loc expr size
	.byte	81                              @ DW_OP_reg1
	.long	.Ltmp18-.Lfunc_begin1
	.long	.Lfunc_end1-.Lfunc_begin1
	.short	1                               @ Loc expr size
	.byte	81                              @ DW_OP_reg1
	.long	0
	.long	0
.Ldebug_loc8:
	.long	-1
	.long	.Lfunc_begin1                   @   base address
	.long	.Ltmp13-.Lfunc_begin1
	.long	.Ltmp14-.Lfunc_begin1
	.short	5                               @ Loc expr size
	.byte	115                             @ DW_OP_breg3
	.byte	0                               @ 0
	.byte	51                              @ DW_OP_lit3
	.byte	37                              @ DW_OP_shr
	.byte	159                             @ DW_OP_stack_value
	.long	.Ltmp20-.Lfunc_begin1
	.long	.Lfunc_end1-.Lfunc_begin1
	.short	1                               @ Loc expr size
	.byte	83                              @ DW_OP_reg3
	.long	0
	.long	0
.Ldebug_loc9:
	.long	-1
	.long	.Lfunc_begin1                   @   base address
	.long	.Ltmp15-.Lfunc_begin1
	.long	.Ltmp17-.Lfunc_begin1
	.short	10                              @ Loc expr size
	.byte	144                             @ sub-register DW_OP_regx
	.byte	128                             @ 256
	.byte	2                               @ 
	.byte	147                             @ DW_OP_piece
	.byte	8                               @ 8
	.byte	144                             @ sub-register DW_OP_regx
	.byte	129                             @ 257
	.byte	2                               @ 
	.byte	147                             @ DW_OP_piece
	.byte	8                               @ 8
	.long	.Ltmp22-.Lfunc_begin1
	.long	.Ltmp25-.Lfunc_begin1
	.short	10                              @ Loc expr size
	.byte	144                             @ sub-register DW_OP_regx
	.byte	128                             @ 256
	.byte	2                               @ 
	.byte	147                             @ DW_OP_piece
	.byte	8                               @ 8
	.byte	144                             @ sub-register DW_OP_regx
	.byte	129                             @ 257
	.byte	2                               @ 
	.byte	147                             @ DW_OP_piece
	.byte	8                               @ 8
	.long	0
	.long	0
.Ldebug_loc10:
	.long	-1
	.long	.Lfunc_begin1                   @   base address
	.long	.Ltmp16-.Lfunc_begin1
	.long	.Ltmp19-.Lfunc_begin1
	.short	10                              @ Loc expr size
	.byte	144                             @ sub-register DW_OP_regx
	.byte	130                             @ 258
	.byte	2                               @ 
	.byte	147                             @ DW_OP_piece
	.byte	8                               @ 8
	.byte	144                             @ sub-register DW_OP_regx
	.byte	131                             @ 259
	.byte	2                               @ 
	.byte	147                             @ DW_OP_piece
	.byte	8                               @ 8
	.long	.Ltmp24-.Lfunc_begin1
	.long	.Lfunc_end1-.Lfunc_begin1
	.short	10                              @ Loc expr size
	.byte	144                             @ sub-register DW_OP_regx
	.byte	130                             @ 258
	.byte	2                               @ 
	.byte	147                             @ DW_OP_piece
	.byte	8                               @ 8
	.byte	144                             @ sub-register DW_OP_regx
	.byte	131                             @ 259
	.byte	2                               @ 
	.byte	147                             @ DW_OP_piece
	.byte	8                               @ 8
	.long	0
	.long	0
.Ldebug_loc11:
	.long	-1
	.long	.Lfunc_begin1                   @   base address
	.long	.Ltmp17-.Lfunc_begin1
	.long	.Ltmp19-.Lfunc_begin1
	.short	10                              @ Loc expr size
	.byte	144                             @ sub-register DW_OP_regx
	.byte	128                             @ 256
	.byte	2                               @ 
	.byte	147                             @ DW_OP_piece
	.byte	8                               @ 8
	.byte	144                             @ sub-register DW_OP_regx
	.byte	129                             @ 257
	.byte	2                               @ 
	.byte	147                             @ DW_OP_piece
	.byte	8                               @ 8
	.long	0
	.long	0
.Ldebug_loc12:
	.long	-1
	.long	.Lfunc_begin2                   @   base address
	.long	.Lfunc_begin2-.Lfunc_begin2
	.long	.Ltmp39-.Lfunc_begin2
	.short	1                               @ Loc expr size
	.byte	82                              @ DW_OP_reg2
	.long	.Ltmp39-.Lfunc_begin2
	.long	.Lfunc_end2-.Lfunc_begin2
	.short	4                               @ Loc expr size
	.byte	243                             @ DW_OP_GNU_entry_value
	.byte	1                               @ 1
	.byte	82                              @ DW_OP_reg2
	.byte	159                             @ DW_OP_stack_value
	.long	0
	.long	0
.Ldebug_loc13:
	.long	-1
	.long	.Lfunc_begin2                   @   base address
	.long	.Lfunc_begin2-.Lfunc_begin2
	.long	.Ltmp38-.Lfunc_begin2
	.short	1                               @ Loc expr size
	.byte	80                              @ DW_OP_reg0
	.long	0
	.long	0
.Ldebug_loc14:
	.long	-1
	.long	.Lfunc_begin2                   @   base address
	.long	.Lfunc_begin2-.Lfunc_begin2
	.long	.Ltmp33-.Lfunc_begin2
	.short	1                               @ Loc expr size
	.byte	81                              @ DW_OP_reg1
	.long	.Ltmp33-.Lfunc_begin2
	.long	.Ltmp38-.Lfunc_begin2
	.short	1                               @ Loc expr size
	.byte	85                              @ DW_OP_reg5
	.long	0
	.long	0
.Ldebug_loc15:
	.long	-1
	.long	.Lfunc_begin2                   @   base address
	.long	.Ltmp28-.Lfunc_begin2
	.long	.Ltmp31-.Lfunc_begin2
	.short	5                               @ Loc expr size
	.byte	114                             @ DW_OP_breg2
	.byte	0                               @ 0
	.byte	51                              @ DW_OP_lit3
	.byte	37                              @ DW_OP_shr
	.byte	159                             @ DW_OP_stack_value
	.long	.Ltmp31-.Lfunc_begin2
	.long	.Ltmp33-.Lfunc_begin2
	.short	1                               @ Loc expr size
	.byte	85                              @ DW_OP_reg5
	.long	.Ltmp39-.Lfunc_begin2
	.long	.Lfunc_end2-.Lfunc_begin2
	.short	1                               @ Loc expr size
	.byte	82                              @ DW_OP_reg2
	.long	0
	.long	0
.Ldebug_loc16:
	.long	-1
	.long	.Lfunc_begin2                   @   base address
	.long	.Ltmp29-.Lfunc_begin2
	.long	.Ltmp32-.Lfunc_begin2
	.short	10                              @ Loc expr size
	.byte	144                             @ sub-register DW_OP_regx
	.byte	128                             @ 256
	.byte	2                               @ 
	.byte	147                             @ DW_OP_piece
	.byte	8                               @ 8
	.byte	144                             @ sub-register DW_OP_regx
	.byte	129                             @ 257
	.byte	2                               @ 
	.byte	147                             @ DW_OP_piece
	.byte	8                               @ 8
	.long	.Ltmp33-.Lfunc_begin2
	.long	.Ltmp46-.Lfunc_begin2
	.short	10                              @ Loc expr size
	.byte	144                             @ sub-register DW_OP_regx
	.byte	128                             @ 256
	.byte	2                               @ 
	.byte	147                             @ DW_OP_piece
	.byte	8                               @ 8
	.byte	144                             @ sub-register DW_OP_regx
	.byte	129                             @ 257
	.byte	2                               @ 
	.byte	147                             @ DW_OP_piece
	.byte	8                               @ 8
	.long	0
	.long	0
.Ldebug_loc17:
	.long	-1
	.long	.Lfunc_begin2                   @   base address
	.long	.Ltmp49-.Lfunc_begin2
	.long	.Lfunc_end2-.Lfunc_begin2
	.short	3                               @ Loc expr size
	.byte	144                             @ super-register DW_OP_regx
	.byte	128                             @ 256
	.byte	2                               @ 
	.long	0
	.long	0
.Ldebug_loc18:
	.long	-1
	.long	.Lfunc_begin2                   @   base address
	.long	.Ltmp34-.Lfunc_begin2
	.long	.Ltmp38-.Lfunc_begin2
	.short	10                              @ Loc expr size
	.byte	144                             @ sub-register DW_OP_regx
	.byte	130                             @ 258
	.byte	2                               @ 
	.byte	147                             @ DW_OP_piece
	.byte	8                               @ 8
	.byte	144                             @ sub-register DW_OP_regx
	.byte	131                             @ 259
	.byte	2                               @ 
	.byte	147                             @ DW_OP_piece
	.byte	8                               @ 8
	.long	.Ltmp41-.Lfunc_begin2
	.long	.Ltmp44-.Lfunc_begin2
	.short	10                              @ Loc expr size
	.byte	144                             @ sub-register DW_OP_regx
	.byte	130                             @ 258
	.byte	2                               @ 
	.byte	147                             @ DW_OP_piece
	.byte	8                               @ 8
	.byte	144                             @ sub-register DW_OP_regx
	.byte	131                             @ 259
	.byte	2                               @ 
	.byte	147                             @ DW_OP_piece
	.byte	8                               @ 8
	.long	0
	.long	0
.Ldebug_loc19:
	.long	-1
	.long	.Lfunc_begin2                   @   base address
	.long	.Ltmp35-.Lfunc_begin2
	.long	.Ltmp38-.Lfunc_begin2
	.short	10                              @ Loc expr size
	.byte	144                             @ sub-register DW_OP_regx
	.byte	132                             @ 260
	.byte	2                               @ 
	.byte	147                             @ DW_OP_piece
	.byte	8                               @ 8
	.byte	144                             @ sub-register DW_OP_regx
	.byte	133                             @ 261
	.byte	2                               @ 
	.byte	147                             @ DW_OP_piece
	.byte	8                               @ 8
	.long	.Ltmp43-.Lfunc_begin2
	.long	.Ltmp44-.Lfunc_begin2
	.short	10                              @ Loc expr size
	.byte	144                             @ sub-register DW_OP_regx
	.byte	132                             @ 260
	.byte	2                               @ 
	.byte	147                             @ DW_OP_piece
	.byte	8                               @ 8
	.byte	144                             @ sub-register DW_OP_regx
	.byte	133                             @ 261
	.byte	2                               @ 
	.byte	147                             @ DW_OP_piece
	.byte	8                               @ 8
	.long	0
	.long	0
.Ldebug_loc20:
	.long	-1
	.long	.Lfunc_begin2                   @   base address
	.long	.Ltmp45-.Lfunc_begin2
	.long	.Lfunc_end2-.Lfunc_begin2
	.short	10                              @ Loc expr size
	.byte	144                             @ sub-register DW_OP_regx
	.byte	130                             @ 258
	.byte	2                               @ 
	.byte	147                             @ DW_OP_piece
	.byte	8                               @ 8
	.byte	144                             @ sub-register DW_OP_regx
	.byte	131                             @ 259
	.byte	2                               @ 
	.byte	147                             @ DW_OP_piece
	.byte	8                               @ 8
	.long	0
	.long	0
.Ldebug_loc21:
	.long	-1
	.long	.Lfunc_begin3                   @   base address
	.long	.Lfunc_begin3-.Lfunc_begin3
	.long	.Ltmp58-.Lfunc_begin3
	.short	1                               @ Loc expr size
	.byte	83                              @ DW_OP_reg3
	.long	.Ltmp58-.Lfunc_begin3
	.long	.Lfunc_end3-.Lfunc_begin3
	.short	4                               @ Loc expr size
	.byte	243                             @ DW_OP_GNU_entry_value
	.byte	1                               @ 1
	.byte	83                              @ DW_OP_reg3
	.byte	159                             @ DW_OP_stack_value
	.long	0
	.long	0
.Ldebug_loc22:
	.long	-1
	.long	.Lfunc_begin3                   @   base address
	.long	.Lfunc_begin3-.Lfunc_begin3
	.long	.Ltmp53-.Lfunc_begin3
	.short	1                               @ Loc expr size
	.byte	80                              @ DW_OP_reg0
	.long	.Ltmp56-.Lfunc_begin3
	.long	.Lfunc_end3-.Lfunc_begin3
	.short	1                               @ Loc expr size
	.byte	80                              @ DW_OP_reg0
	.long	0
	.long	0
.Ldebug_loc23:
	.long	-1
	.long	.Lfunc_begin3                   @   base address
	.long	.Lfunc_begin3-.Lfunc_begin3
	.long	.Ltmp54-.Lfunc_begin3
	.short	1                               @ Loc expr size
	.byte	81                              @ DW_OP_reg1
	.long	.Ltmp56-.Lfunc_begin3
	.long	.Lfunc_end3-.Lfunc_begin3
	.short	1                               @ Loc expr size
	.byte	81                              @ DW_OP_reg1
	.long	0
	.long	0
.Ldebug_loc24:
	.long	-1
	.long	.Lfunc_begin3                   @   base address
	.long	.Ltmp51-.Lfunc_begin3
	.long	.Ltmp52-.Lfunc_begin3
	.short	5                               @ Loc expr size
	.byte	115                             @ DW_OP_breg3
	.byte	0                               @ 0
	.byte	51                              @ DW_OP_lit3
	.byte	37                              @ DW_OP_shr
	.byte	159                             @ DW_OP_stack_value
	.long	.Ltmp58-.Lfunc_begin3
	.long	.Lfunc_end3-.Lfunc_begin3
	.short	1                               @ Loc expr size
	.byte	83                              @ DW_OP_reg3
	.long	0
	.long	0
.Ldebug_loc25:
	.long	-1
	.long	.Lfunc_begin3                   @   base address
	.long	.Ltmp53-.Lfunc_begin3
	.long	.Ltmp55-.Lfunc_begin3
	.short	10                              @ Loc expr size
	.byte	144                             @ sub-register DW_OP_regx
	.byte	128                             @ 256
	.byte	2                               @ 
	.byte	147                             @ DW_OP_piece
	.byte	8                               @ 8
	.byte	144                             @ sub-register DW_OP_regx
	.byte	129                             @ 257
	.byte	2                               @ 
	.byte	147                             @ DW_OP_piece
	.byte	8                               @ 8
	.long	.Ltmp60-.Lfunc_begin3
	.long	.Ltmp63-.Lfunc_begin3
	.short	10                              @ Loc expr size
	.byte	144                             @ sub-register DW_OP_regx
	.byte	128                             @ 256
	.byte	2                               @ 
	.byte	147                             @ DW_OP_piece
	.byte	8                               @ 8
	.byte	144                             @ sub-register DW_OP_regx
	.byte	129                             @ 257
	.byte	2                               @ 
	.byte	147                             @ DW_OP_piece
	.byte	8                               @ 8
	.long	0
	.long	0
.Ldebug_loc26:
	.long	-1
	.long	.Lfunc_begin3                   @   base address
	.long	.Ltmp54-.Lfunc_begin3
	.long	.Ltmp57-.Lfunc_begin3
	.short	10                              @ Loc expr size
	.byte	144                             @ sub-register DW_OP_regx
	.byte	130                             @ 258
	.byte	2                               @ 
	.byte	147                             @ DW_OP_piece
	.byte	8                               @ 8
	.byte	144                             @ sub-register DW_OP_regx
	.byte	131                             @ 259
	.byte	2                               @ 
	.byte	147                             @ DW_OP_piece
	.byte	8                               @ 8
	.long	.Ltmp62-.Lfunc_begin3
	.long	.Lfunc_end3-.Lfunc_begin3
	.short	10                              @ Loc expr size
	.byte	144                             @ sub-register DW_OP_regx
	.byte	130                             @ 258
	.byte	2                               @ 
	.byte	147                             @ DW_OP_piece
	.byte	8                               @ 8
	.byte	144                             @ sub-register DW_OP_regx
	.byte	131                             @ 259
	.byte	2                               @ 
	.byte	147                             @ DW_OP_piece
	.byte	8                               @ 8
	.long	0
	.long	0
.Ldebug_loc27:
	.long	-1
	.long	.Lfunc_begin3                   @   base address
	.long	.Ltmp55-.Lfunc_begin3
	.long	.Ltmp57-.Lfunc_begin3
	.short	10                              @ Loc expr size
	.byte	144                             @ sub-register DW_OP_regx
	.byte	128                             @ 256
	.byte	2                               @ 
	.byte	147                             @ DW_OP_piece
	.byte	8                               @ 8
	.byte	144                             @ sub-register DW_OP_regx
	.byte	129                             @ 257
	.byte	2                               @ 
	.byte	147                             @ DW_OP_piece
	.byte	8                               @ 8
	.long	0
	.long	0
.Ldebug_loc28:
	.long	-1
	.long	.Lfunc_begin4                   @   base address
	.long	.Lfunc_begin4-.Lfunc_begin4
	.long	.Ltmp72-.Lfunc_begin4
	.short	1                               @ Loc expr size
	.byte	82                              @ DW_OP_reg2
	.long	.Ltmp72-.Lfunc_begin4
	.long	.Lfunc_end4-.Lfunc_begin4
	.short	4                               @ Loc expr size
	.byte	243                             @ DW_OP_GNU_entry_value
	.byte	1                               @ 1
	.byte	82                              @ DW_OP_reg2
	.byte	159                             @ DW_OP_stack_value
	.long	0
	.long	0
.Ldebug_loc29:
	.long	-1
	.long	.Lfunc_begin4                   @   base address
	.long	.Lfunc_begin4-.Lfunc_begin4
	.long	.Ltmp68-.Lfunc_begin4
	.short	1                               @ Loc expr size
	.byte	80                              @ DW_OP_reg0
	.long	.Ltmp70-.Lfunc_begin4
	.long	.Lfunc_end4-.Lfunc_begin4
	.short	1                               @ Loc expr size
	.byte	80                              @ DW_OP_reg0
	.long	0
	.long	0
.Ldebug_loc30:
	.long	-1
	.long	.Lfunc_begin4                   @   base address
	.long	.Ltmp66-.Lfunc_begin4
	.long	.Ltmp67-.Lfunc_begin4
	.short	5                               @ Loc expr size
	.byte	114                             @ DW_OP_breg2
	.byte	0                               @ 0
	.byte	51                              @ DW_OP_lit3
	.byte	37                              @ DW_OP_shr
	.byte	159                             @ DW_OP_stack_value
	.long	.Ltmp72-.Lfunc_begin4
	.long	.Lfunc_end4-.Lfunc_begin4
	.short	1                               @ Loc expr size
	.byte	82                              @ DW_OP_reg2
	.long	0
	.long	0
.Ldebug_loc31:
	.long	-1
	.long	.Lfunc_begin4                   @   base address
	.long	.Ltmp68-.Lfunc_begin4
	.long	.Ltmp69-.Lfunc_begin4
	.short	10                              @ Loc expr size
	.byte	144                             @ sub-register DW_OP_regx
	.byte	128                             @ 256
	.byte	2                               @ 
	.byte	147                             @ DW_OP_piece
	.byte	8                               @ 8
	.byte	144                             @ sub-register DW_OP_regx
	.byte	129                             @ 257
	.byte	2                               @ 
	.byte	147                             @ DW_OP_piece
	.byte	8                               @ 8
	.long	.Ltmp74-.Lfunc_begin4
	.long	.Ltmp76-.Lfunc_begin4
	.short	10                              @ Loc expr size
	.byte	144                             @ sub-register DW_OP_regx
	.byte	128                             @ 256
	.byte	2                               @ 
	.byte	147                             @ DW_OP_piece
	.byte	8                               @ 8
	.byte	144                             @ sub-register DW_OP_regx
	.byte	129                             @ 257
	.byte	2                               @ 
	.byte	147                             @ DW_OP_piece
	.byte	8                               @ 8
	.long	0
	.long	0
.Ldebug_loc32:
	.long	-1
	.long	.Lfunc_begin4                   @   base address
	.long	.Ltmp69-.Lfunc_begin4
	.long	.Ltmp71-.Lfunc_begin4
	.short	10                              @ Loc expr size
	.byte	144                             @ sub-register DW_OP_regx
	.byte	128                             @ 256
	.byte	2                               @ 
	.byte	147                             @ DW_OP_piece
	.byte	8                               @ 8
	.byte	144                             @ sub-register DW_OP_regx
	.byte	129                             @ 257
	.byte	2                               @ 
	.byte	147                             @ DW_OP_piece
	.byte	8                               @ 8
	.long	0
	.long	0
.Ldebug_loc33:
	.long	-1
	.long	.Lfunc_begin5                   @   base address
	.long	.Lfunc_begin5-.Lfunc_begin5
	.long	.Ltmp85-.Lfunc_begin5
	.short	1                               @ Loc expr size
	.byte	82                              @ DW_OP_reg2
	.long	.Ltmp85-.Lfunc_begin5
	.long	.Lfunc_end5-.Lfunc_begin5
	.short	4                               @ Loc expr size
	.byte	243                             @ DW_OP_GNU_entry_value
	.byte	1                               @ 1
	.byte	82                              @ DW_OP_reg2
	.byte	159                             @ DW_OP_stack_value
	.long	0
	.long	0
.Ldebug_loc34:
	.long	-1
	.long	.Lfunc_begin5                   @   base address
	.long	.Lfunc_begin5-.Lfunc_begin5
	.long	.Ltmp81-.Lfunc_begin5
	.short	1                               @ Loc expr size
	.byte	80                              @ DW_OP_reg0
	.long	.Ltmp83-.Lfunc_begin5
	.long	.Lfunc_end5-.Lfunc_begin5
	.short	1                               @ Loc expr size
	.byte	80                              @ DW_OP_reg0
	.long	0
	.long	0
.Ldebug_loc35:
	.long	-1
	.long	.Lfunc_begin5                   @   base address
	.long	.Lfunc_begin5-.Lfunc_begin5
	.long	.Ltmp80-.Lfunc_begin5
	.short	3                               @ Loc expr size
	.byte	144                             @ super-register DW_OP_regx
	.byte	128                             @ 256
	.byte	2                               @ 
	.long	.Ltmp81-.Lfunc_begin5
	.long	.Ltmp84-.Lfunc_begin5
	.short	6                               @ Loc expr size
	.byte	243                             @ DW_OP_GNU_entry_value
	.byte	3                               @ 3
	.byte	144                             @ super-register DW_OP_regx
	.byte	128                             @ 256
	.byte	2                               @ 
	.byte	159                             @ DW_OP_stack_value
	.long	0
	.long	0
.Ldebug_loc36:
	.long	-1
	.long	.Lfunc_begin5                   @   base address
	.long	.Ltmp79-.Lfunc_begin5
	.long	.Ltmp80-.Lfunc_begin5
	.short	5                               @ Loc expr size
	.byte	114                             @ DW_OP_breg2
	.byte	0                               @ 0
	.byte	51                              @ DW_OP_lit3
	.byte	37                              @ DW_OP_shr
	.byte	159                             @ DW_OP_stack_value
	.long	.Ltmp85-.Lfunc_begin5
	.long	.Lfunc_end5-.Lfunc_begin5
	.short	1                               @ Loc expr size
	.byte	82                              @ DW_OP_reg2
	.long	0
	.long	0
.Ldebug_loc37:
	.long	-1
	.long	.Lfunc_begin5                   @   base address
	.long	.Ltmp81-.Lfunc_begin5
	.long	.Ltmp82-.Lfunc_begin5
	.short	10                              @ Loc expr size
	.byte	144                             @ sub-register DW_OP_regx
	.byte	128                             @ 256
	.byte	2                               @ 
	.byte	147                             @ DW_OP_piece
	.byte	8                               @ 8
	.byte	144                             @ sub-register DW_OP_regx
	.byte	129                             @ 257
	.byte	2                               @ 
	.byte	147                             @ DW_OP_piece
	.byte	8                               @ 8
	.long	.Ltmp87-.Lfunc_begin5
	.long	.Ltmp89-.Lfunc_begin5
	.short	10                              @ Loc expr size
	.byte	144                             @ sub-register DW_OP_regx
	.byte	128                             @ 256
	.byte	2                               @ 
	.byte	147                             @ DW_OP_piece
	.byte	8                               @ 8
	.byte	144                             @ sub-register DW_OP_regx
	.byte	129                             @ 257
	.byte	2                               @ 
	.byte	147                             @ DW_OP_piece
	.byte	8                               @ 8
	.long	0
	.long	0
.Ldebug_loc38:
	.long	-1
	.long	.Lfunc_begin5                   @   base address
	.long	.Ltmp82-.Lfunc_begin5
	.long	.Ltmp84-.Lfunc_begin5
	.short	10                              @ Loc expr size
	.byte	144                             @ sub-register DW_OP_regx
	.byte	128                             @ 256
	.byte	2                               @ 
	.byte	147                             @ DW_OP_piece
	.byte	8                               @ 8
	.byte	144                             @ sub-register DW_OP_regx
	.byte	129                             @ 257
	.byte	2                               @ 
	.byte	147                             @ DW_OP_piece
	.byte	8                               @ 8
	.long	0
	.long	0
.Ldebug_loc39:
	.long	-1
	.long	.Lfunc_begin6                   @   base address
	.long	.Lfunc_begin6-.Lfunc_begin6
	.long	.Ltmp98-.Lfunc_begin6
	.short	1                               @ Loc expr size
	.byte	82                              @ DW_OP_reg2
	.long	.Ltmp98-.Lfunc_begin6
	.long	.Lfunc_end6-.Lfunc_begin6
	.short	4                               @ Loc expr size
	.byte	243                             @ DW_OP_GNU_entry_value
	.byte	1                               @ 1
	.byte	82                              @ DW_OP_reg2
	.byte	159                             @ DW_OP_stack_value
	.long	0
	.long	0
.Ldebug_loc40:
	.long	-1
	.long	.Lfunc_begin6                   @   base address
	.long	.Lfunc_begin6-.Lfunc_begin6
	.long	.Ltmp94-.Lfunc_begin6
	.short	1                               @ Loc expr size
	.byte	80                              @ DW_OP_reg0
	.long	.Ltmp96-.Lfunc_begin6
	.long	.Lfunc_end6-.Lfunc_begin6
	.short	1                               @ Loc expr size
	.byte	80                              @ DW_OP_reg0
	.long	0
	.long	0
.Ldebug_loc41:
	.long	-1
	.long	.Lfunc_begin6                   @   base address
	.long	.Lfunc_begin6-.Lfunc_begin6
	.long	.Ltmp93-.Lfunc_begin6
	.short	3                               @ Loc expr size
	.byte	144                             @ super-register DW_OP_regx
	.byte	128                             @ 256
	.byte	2                               @ 
	.long	.Ltmp94-.Lfunc_begin6
	.long	.Ltmp97-.Lfunc_begin6
	.short	6                               @ Loc expr size
	.byte	243                             @ DW_OP_GNU_entry_value
	.byte	3                               @ 3
	.byte	144                             @ super-register DW_OP_regx
	.byte	128                             @ 256
	.byte	2                               @ 
	.byte	159                             @ DW_OP_stack_value
	.long	0
	.long	0
.Ldebug_loc42:
	.long	-1
	.long	.Lfunc_begin6                   @   base address
	.long	.Ltmp92-.Lfunc_begin6
	.long	.Ltmp93-.Lfunc_begin6
	.short	5                               @ Loc expr size
	.byte	114                             @ DW_OP_breg2
	.byte	0                               @ 0
	.byte	51                              @ DW_OP_lit3
	.byte	37                              @ DW_OP_shr
	.byte	159                             @ DW_OP_stack_value
	.long	.Ltmp98-.Lfunc_begin6
	.long	.Lfunc_end6-.Lfunc_begin6
	.short	1                               @ Loc expr size
	.byte	82                              @ DW_OP_reg2
	.long	0
	.long	0
.Ldebug_loc43:
	.long	-1
	.long	.Lfunc_begin6                   @   base address
	.long	.Ltmp94-.Lfunc_begin6
	.long	.Ltmp95-.Lfunc_begin6
	.short	10                              @ Loc expr size
	.byte	144                             @ sub-register DW_OP_regx
	.byte	128                             @ 256
	.byte	2                               @ 
	.byte	147                             @ DW_OP_piece
	.byte	8                               @ 8
	.byte	144                             @ sub-register DW_OP_regx
	.byte	129                             @ 257
	.byte	2                               @ 
	.byte	147                             @ DW_OP_piece
	.byte	8                               @ 8
	.long	.Ltmp100-.Lfunc_begin6
	.long	.Ltmp102-.Lfunc_begin6
	.short	10                              @ Loc expr size
	.byte	144                             @ sub-register DW_OP_regx
	.byte	128                             @ 256
	.byte	2                               @ 
	.byte	147                             @ DW_OP_piece
	.byte	8                               @ 8
	.byte	144                             @ sub-register DW_OP_regx
	.byte	129                             @ 257
	.byte	2                               @ 
	.byte	147                             @ DW_OP_piece
	.byte	8                               @ 8
	.long	0
	.long	0
.Ldebug_loc44:
	.long	-1
	.long	.Lfunc_begin6                   @   base address
	.long	.Ltmp95-.Lfunc_begin6
	.long	.Ltmp97-.Lfunc_begin6
	.short	10                              @ Loc expr size
	.byte	144                             @ sub-register DW_OP_regx
	.byte	128                             @ 256
	.byte	2                               @ 
	.byte	147                             @ DW_OP_piece
	.byte	8                               @ 8
	.byte	144                             @ sub-register DW_OP_regx
	.byte	129                             @ 257
	.byte	2                               @ 
	.byte	147                             @ DW_OP_piece
	.byte	8                               @ 8
	.long	0
	.long	0
.Ldebug_loc45:
	.long	-1
	.long	.Lfunc_begin7                   @   base address
	.long	.Lfunc_begin7-.Lfunc_begin7
	.long	.Ltmp112-.Lfunc_begin7
	.short	1                               @ Loc expr size
	.byte	83                              @ DW_OP_reg3
	.long	.Ltmp112-.Lfunc_begin7
	.long	.Lfunc_end7-.Lfunc_begin7
	.short	4                               @ Loc expr size
	.byte	243                             @ DW_OP_GNU_entry_value
	.byte	1                               @ 1
	.byte	83                              @ DW_OP_reg3
	.byte	159                             @ DW_OP_stack_value
	.long	0
	.long	0
.Ldebug_loc46:
	.long	-1
	.long	.Lfunc_begin7                   @   base address
	.long	.Lfunc_begin7-.Lfunc_begin7
	.long	.Ltmp107-.Lfunc_begin7
	.short	1                               @ Loc expr size
	.byte	80                              @ DW_OP_reg0
	.long	.Ltmp110-.Lfunc_begin7
	.long	.Lfunc_end7-.Lfunc_begin7
	.short	1                               @ Loc expr size
	.byte	80                              @ DW_OP_reg0
	.long	0
	.long	0
.Ldebug_loc47:
	.long	-1
	.long	.Lfunc_begin7                   @   base address
	.long	.Lfunc_begin7-.Lfunc_begin7
	.long	.Ltmp108-.Lfunc_begin7
	.short	1                               @ Loc expr size
	.byte	81                              @ DW_OP_reg1
	.long	.Ltmp110-.Lfunc_begin7
	.long	.Lfunc_end7-.Lfunc_begin7
	.short	1                               @ Loc expr size
	.byte	81                              @ DW_OP_reg1
	.long	0
	.long	0
.Ldebug_loc48:
	.long	-1
	.long	.Lfunc_begin7                   @   base address
	.long	.Ltmp105-.Lfunc_begin7
	.long	.Ltmp106-.Lfunc_begin7
	.short	5                               @ Loc expr size
	.byte	115                             @ DW_OP_breg3
	.byte	0                               @ 0
	.byte	51                              @ DW_OP_lit3
	.byte	37                              @ DW_OP_shr
	.byte	159                             @ DW_OP_stack_value
	.long	.Ltmp112-.Lfunc_begin7
	.long	.Lfunc_end7-.Lfunc_begin7
	.short	1                               @ Loc expr size
	.byte	83                              @ DW_OP_reg3
	.long	0
	.long	0
.Ldebug_loc49:
	.long	-1
	.long	.Lfunc_begin7                   @   base address
	.long	.Ltmp107-.Lfunc_begin7
	.long	.Ltmp109-.Lfunc_begin7
	.short	10                              @ Loc expr size
	.byte	144                             @ sub-register DW_OP_regx
	.byte	128                             @ 256
	.byte	2                               @ 
	.byte	147                             @ DW_OP_piece
	.byte	8                               @ 8
	.byte	144                             @ sub-register DW_OP_regx
	.byte	129                             @ 257
	.byte	2                               @ 
	.byte	147                             @ DW_OP_piece
	.byte	8                               @ 8
	.long	.Ltmp114-.Lfunc_begin7
	.long	.Ltmp117-.Lfunc_begin7
	.short	10                              @ Loc expr size
	.byte	144                             @ sub-register DW_OP_regx
	.byte	128                             @ 256
	.byte	2                               @ 
	.byte	147                             @ DW_OP_piece
	.byte	8                               @ 8
	.byte	144                             @ sub-register DW_OP_regx
	.byte	129                             @ 257
	.byte	2                               @ 
	.byte	147                             @ DW_OP_piece
	.byte	8                               @ 8
	.long	0
	.long	0
.Ldebug_loc50:
	.long	-1
	.long	.Lfunc_begin7                   @   base address
	.long	.Ltmp108-.Lfunc_begin7
	.long	.Ltmp111-.Lfunc_begin7
	.short	10                              @ Loc expr size
	.byte	144                             @ sub-register DW_OP_regx
	.byte	130                             @ 258
	.byte	2                               @ 
	.byte	147                             @ DW_OP_piece
	.byte	8                               @ 8
	.byte	144                             @ sub-register DW_OP_regx
	.byte	131                             @ 259
	.byte	2                               @ 
	.byte	147                             @ DW_OP_piece
	.byte	8                               @ 8
	.long	.Ltmp116-.Lfunc_begin7
	.long	.Lfunc_end7-.Lfunc_begin7
	.short	10                              @ Loc expr size
	.byte	144                             @ sub-register DW_OP_regx
	.byte	130                             @ 258
	.byte	2                               @ 
	.byte	147                             @ DW_OP_piece
	.byte	8                               @ 8
	.byte	144                             @ sub-register DW_OP_regx
	.byte	131                             @ 259
	.byte	2                               @ 
	.byte	147                             @ DW_OP_piece
	.byte	8                               @ 8
	.long	0
	.long	0
.Ldebug_loc51:
	.long	-1
	.long	.Lfunc_begin7                   @   base address
	.long	.Ltmp109-.Lfunc_begin7
	.long	.Ltmp111-.Lfunc_begin7
	.short	10                              @ Loc expr size
	.byte	144                             @ sub-register DW_OP_regx
	.byte	128                             @ 256
	.byte	2                               @ 
	.byte	147                             @ DW_OP_piece
	.byte	8                               @ 8
	.byte	144                             @ sub-register DW_OP_regx
	.byte	129                             @ 257
	.byte	2                               @ 
	.byte	147                             @ DW_OP_piece
	.byte	8                               @ 8
	.long	0
	.long	0
.Ldebug_loc52:
	.long	-1
	.long	.Lfunc_begin8                   @   base address
	.long	.Lfunc_begin8-.Lfunc_begin8
	.long	.Ltmp122-.Lfunc_begin8
	.short	1                               @ Loc expr size
	.byte	80                              @ DW_OP_reg0
	.long	.Ltmp126-.Lfunc_begin8
	.long	.Ltmp132-.Lfunc_begin8
	.short	3                               @ Loc expr size
	.byte	112                             @ DW_OP_breg0
	.byte	16                              @ 16
	.byte	159                             @ DW_OP_stack_value
	.long	.Ltmp132-.Lfunc_begin8
	.long	.Ltmp133-.Lfunc_begin8
	.short	3                               @ Loc expr size
	.byte	112                             @ DW_OP_breg0
	.byte	32                              @ 32
	.byte	159                             @ DW_OP_stack_value
	.long	0
	.long	0
.Ldebug_loc53:
	.long	-1
	.long	.Lfunc_begin8                   @   base address
	.long	.Lfunc_begin8-.Lfunc_begin8
	.long	.Ltmp128-.Lfunc_begin8
	.short	1                               @ Loc expr size
	.byte	81                              @ DW_OP_reg1
	.long	.Ltmp128-.Lfunc_begin8
	.long	.Ltmp132-.Lfunc_begin8
	.short	3                               @ Loc expr size
	.byte	113                             @ DW_OP_breg1
	.byte	16                              @ 16
	.byte	159                             @ DW_OP_stack_value
	.long	.Ltmp132-.Lfunc_begin8
	.long	.Lfunc_end8-.Lfunc_begin8
	.short	1                               @ Loc expr size
	.byte	81                              @ DW_OP_reg1
	.long	0
	.long	0
.Ldebug_loc54:
	.long	-1
	.long	.Lfunc_begin8                   @   base address
	.long	.Ltmp121-.Lfunc_begin8
	.long	.Ltmp142-.Lfunc_begin8
	.short	10                              @ Loc expr size
	.byte	144                             @ sub-register DW_OP_regx
	.byte	130                             @ 258
	.byte	2                               @ 
	.byte	147                             @ DW_OP_piece
	.byte	8                               @ 8
	.byte	144                             @ sub-register DW_OP_regx
	.byte	131                             @ 259
	.byte	2                               @ 
	.byte	147                             @ DW_OP_piece
	.byte	8                               @ 8
	.long	0
	.long	0
.Ldebug_loc55:
	.long	-1
	.long	.Lfunc_begin8                   @   base address
	.long	.Ltmp122-.Lfunc_begin8
	.long	.Ltmp124-.Lfunc_begin8
	.short	7                               @ Loc expr size
	.byte	114                             @ DW_OP_breg2
	.byte	0                               @ 0
	.byte	52                              @ DW_OP_lit4
	.byte	37                              @ DW_OP_shr
	.byte	49                              @ DW_OP_lit1
	.byte	28                              @ DW_OP_minus
	.byte	159                             @ DW_OP_stack_value
	.long	.Ltmp134-.Lfunc_begin8
	.long	.Lfunc_end8-.Lfunc_begin8
	.short	1                               @ Loc expr size
	.byte	83                              @ DW_OP_reg3
	.long	0
	.long	0
.Ldebug_loc56:
	.long	-1
	.long	.Lfunc_begin8                   @   base address
	.long	.Ltmp122-.Lfunc_begin8
	.long	.Ltmp142-.Lfunc_begin8
	.short	10                              @ Loc expr size
	.byte	144                             @ sub-register DW_OP_regx
	.byte	132                             @ 260
	.byte	2                               @ 
	.byte	147                             @ DW_OP_piece
	.byte	8                               @ 8
	.byte	144                             @ sub-register DW_OP_regx
	.byte	133                             @ 261
	.byte	2                               @ 
	.byte	147                             @ DW_OP_piece
	.byte	8                               @ 8
	.long	.Ltmp142-.Lfunc_begin8
	.long	.Ltmp144-.Lfunc_begin8
	.short	10                              @ Loc expr size
	.byte	144                             @ sub-register DW_OP_regx
	.byte	130                             @ 258
	.byte	2                               @ 
	.byte	147                             @ DW_OP_piece
	.byte	8                               @ 8
	.byte	144                             @ sub-register DW_OP_regx
	.byte	131                             @ 259
	.byte	2                               @ 
	.byte	147                             @ DW_OP_piece
	.byte	8                               @ 8
	.long	.Ltmp144-.Lfunc_begin8
	.long	.Lfunc_end8-.Lfunc_begin8
	.short	10                              @ Loc expr size
	.byte	144                             @ sub-register DW_OP_regx
	.byte	128                             @ 256
	.byte	2                               @ 
	.byte	147                             @ DW_OP_piece
	.byte	8                               @ 8
	.byte	144                             @ sub-register DW_OP_regx
	.byte	129                             @ 257
	.byte	2                               @ 
	.byte	147                             @ DW_OP_piece
	.byte	8                               @ 8
	.long	0
	.long	0
.Ldebug_loc57:
	.long	-1
	.long	.Lfunc_begin8                   @   base address
	.long	.Ltmp123-.Lfunc_begin8
	.long	.Ltmp144-.Lfunc_begin8
	.short	10                              @ Loc expr size
	.byte	144                             @ sub-register DW_OP_regx
	.byte	128                             @ 256
	.byte	2                               @ 
	.byte	147                             @ DW_OP_piece
	.byte	8                               @ 8
	.byte	144                             @ sub-register DW_OP_regx
	.byte	129                             @ 257
	.byte	2                               @ 
	.byte	147                             @ DW_OP_piece
	.byte	8                               @ 8
	.long	0
	.long	0
.Ldebug_loc58:
	.long	-1
	.long	.Lfunc_begin8                   @   base address
	.long	.Ltmp126-.Lfunc_begin8
	.long	.Ltmp133-.Lfunc_begin8
	.short	10                              @ Loc expr size
	.byte	144                             @ sub-register DW_OP_regx
	.byte	134                             @ 262
	.byte	2                               @ 
	.byte	147                             @ DW_OP_piece
	.byte	8                               @ 8
	.byte	144                             @ sub-register DW_OP_regx
	.byte	135                             @ 263
	.byte	2                               @ 
	.byte	147                             @ DW_OP_piece
	.byte	8                               @ 8
	.long	0
	.long	0
	.section	.debug_abbrev,"",%progbits
	.byte	1                               @ Abbreviation Code
	.byte	17                              @ DW_TAG_compile_unit
	.byte	1                               @ DW_CHILDREN_yes
	.byte	37                              @ DW_AT_producer
	.byte	14                              @ DW_FORM_strp
	.byte	19                              @ DW_AT_language
	.byte	5                               @ DW_FORM_data2
	.byte	3                               @ DW_AT_name
	.byte	14                              @ DW_FORM_strp
	.byte	16                              @ DW_AT_stmt_list
	.byte	23                              @ DW_FORM_sec_offset
	.byte	27                              @ DW_AT_comp_dir
	.byte	14                              @ DW_FORM_strp
	.byte	17                              @ DW_AT_low_pc
	.byte	1                               @ DW_FORM_addr
	.byte	85                              @ DW_AT_ranges
	.byte	23                              @ DW_FORM_sec_offset
	.byte	0                               @ EOM(1)
	.byte	0                               @ EOM(2)
	.byte	2                               @ Abbreviation Code
	.byte	15                              @ DW_TAG_pointer_type
	.byte	0                               @ DW_CHILDREN_no
	.byte	73                              @ DW_AT_type
	.byte	19                              @ DW_FORM_ref4
	.byte	0                               @ EOM(1)
	.byte	0                               @ EOM(2)
	.byte	3                               @ Abbreviation Code
	.byte	38                              @ DW_TAG_const_type
	.byte	0                               @ DW_CHILDREN_no
	.byte	73                              @ DW_AT_type
	.byte	19                              @ DW_FORM_ref4
	.byte	0                               @ EOM(1)
	.byte	0                               @ EOM(2)
	.byte	4                               @ Abbreviation Code
	.byte	22                              @ DW_TAG_typedef
	.byte	0                               @ DW_CHILDREN_no
	.byte	73                              @ DW_AT_type
	.byte	19                              @ DW_FORM_ref4
	.byte	3                               @ DW_AT_name
	.byte	14                              @ DW_FORM_strp
	.byte	58                              @ DW_AT_decl_file
	.byte	11                              @ DW_FORM_data1
	.byte	59                              @ DW_AT_decl_line
	.byte	5                               @ DW_FORM_data2
	.byte	0                               @ EOM(1)
	.byte	0                               @ EOM(2)
	.byte	5                               @ Abbreviation Code
	.byte	36                              @ DW_TAG_base_type
	.byte	0                               @ DW_CHILDREN_no
	.byte	3                               @ DW_AT_name
	.byte	14                              @ DW_FORM_strp
	.byte	62                              @ DW_AT_encoding
	.byte	11                              @ DW_FORM_data1
	.byte	11                              @ DW_AT_byte_size
	.byte	11                              @ DW_FORM_data1
	.byte	0                               @ EOM(1)
	.byte	0                               @ EOM(2)
	.byte	6                               @ Abbreviation Code
	.byte	1                               @ DW_TAG_array_type
	.byte	1                               @ DW_CHILDREN_yes
	.ascii	"\207B"                         @ DW_AT_GNU_vector
	.byte	25                              @ DW_FORM_flag_present
	.byte	11                              @ DW_AT_byte_size
	.byte	11                              @ DW_FORM_data1
	.byte	73                              @ DW_AT_type
	.byte	19                              @ DW_FORM_ref4
	.byte	0                               @ EOM(1)
	.byte	0                               @ EOM(2)
	.byte	7                               @ Abbreviation Code
	.byte	33                              @ DW_TAG_subrange_type
	.byte	0                               @ DW_CHILDREN_no
	.byte	73                              @ DW_AT_type
	.byte	19                              @ DW_FORM_ref4
	.byte	55                              @ DW_AT_count
	.byte	11                              @ DW_FORM_data1
	.byte	0                               @ EOM(1)
	.byte	0                               @ EOM(2)
	.byte	8                               @ Abbreviation Code
	.byte	36                              @ DW_TAG_base_type
	.byte	0                               @ DW_CHILDREN_no
	.byte	3                               @ DW_AT_name
	.byte	14                              @ DW_FORM_strp
	.byte	11                              @ DW_AT_byte_size
	.byte	11                              @ DW_FORM_data1
	.byte	62                              @ DW_AT_encoding
	.byte	11                              @ DW_FORM_data1
	.byte	0                               @ EOM(1)
	.byte	0                               @ EOM(2)
	.byte	9                               @ Abbreviation Code
	.byte	22                              @ DW_TAG_typedef
	.byte	0                               @ DW_CHILDREN_no
	.byte	73                              @ DW_AT_type
	.byte	19                              @ DW_FORM_ref4
	.byte	3                               @ DW_AT_name
	.byte	14                              @ DW_FORM_strp
	.byte	58                              @ DW_AT_decl_file
	.byte	11                              @ DW_FORM_data1
	.byte	59                              @ DW_AT_decl_line
	.byte	11                              @ DW_FORM_data1
	.byte	0                               @ EOM(1)
	.byte	0                               @ EOM(2)
	.byte	10                              @ Abbreviation Code
	.byte	46                              @ DW_TAG_subprogram
	.byte	1                               @ DW_CHILDREN_yes
	.byte	17                              @ DW_AT_low_pc
	.byte	1                               @ DW_FORM_addr
	.byte	18                              @ DW_AT_high_pc
	.byte	6                               @ DW_FORM_data4
	.byte	64                              @ DW_AT_frame_base
	.byte	24                              @ DW_FORM_exprloc
	.ascii	"\227B"                         @ DW_AT_GNU_all_call_sites
	.byte	25                              @ DW_FORM_flag_present
	.byte	3                               @ DW_AT_name
	.byte	14                              @ DW_FORM_strp
	.byte	58                              @ DW_AT_decl_file
	.byte	11                              @ DW_FORM_data1
	.byte	59                              @ DW_AT_decl_line
	.byte	11                              @ DW_FORM_data1
	.byte	39                              @ DW_AT_prototyped
	.byte	25                              @ DW_FORM_flag_present
	.byte	63                              @ DW_AT_external
	.byte	25                              @ DW_FORM_flag_present
	.byte	0                               @ EOM(1)
	.byte	0                               @ EOM(2)
	.byte	11                              @ Abbreviation Code
	.byte	5                               @ DW_TAG_formal_parameter
	.byte	0                               @ DW_CHILDREN_no
	.byte	2                               @ DW_AT_location
	.byte	23                              @ DW_FORM_sec_offset
	.byte	3                               @ DW_AT_name
	.byte	14                              @ DW_FORM_strp
	.byte	58                              @ DW_AT_decl_file
	.byte	11                              @ DW_FORM_data1
	.byte	59                              @ DW_AT_decl_line
	.byte	11                              @ DW_FORM_data1
	.byte	73                              @ DW_AT_type
	.byte	19                              @ DW_FORM_ref4
	.byte	0                               @ EOM(1)
	.byte	0                               @ EOM(2)
	.byte	12                              @ Abbreviation Code
	.byte	5                               @ DW_TAG_formal_parameter
	.byte	0                               @ DW_CHILDREN_no
	.byte	2                               @ DW_AT_location
	.byte	24                              @ DW_FORM_exprloc
	.byte	3                               @ DW_AT_name
	.byte	14                              @ DW_FORM_strp
	.byte	58                              @ DW_AT_decl_file
	.byte	11                              @ DW_FORM_data1
	.byte	59                              @ DW_AT_decl_line
	.byte	11                              @ DW_FORM_data1
	.byte	73                              @ DW_AT_type
	.byte	19                              @ DW_FORM_ref4
	.byte	0                               @ EOM(1)
	.byte	0                               @ EOM(2)
	.byte	13                              @ Abbreviation Code
	.byte	52                              @ DW_TAG_variable
	.byte	0                               @ DW_CHILDREN_no
	.byte	2                               @ DW_AT_location
	.byte	23                              @ DW_FORM_sec_offset
	.byte	3                               @ DW_AT_name
	.byte	14                              @ DW_FORM_strp
	.byte	58                              @ DW_AT_decl_file
	.byte	11                              @ DW_FORM_data1
	.byte	59                              @ DW_AT_decl_line
	.byte	11                              @ DW_FORM_data1
	.byte	73                              @ DW_AT_type
	.byte	19                              @ DW_FORM_ref4
	.byte	0                               @ EOM(1)
	.byte	0                               @ EOM(2)
	.byte	14                              @ Abbreviation Code
	.byte	11                              @ DW_TAG_lexical_block
	.byte	1                               @ DW_CHILDREN_yes
	.byte	17                              @ DW_AT_low_pc
	.byte	1                               @ DW_FORM_addr
	.byte	18                              @ DW_AT_high_pc
	.byte	6                               @ DW_FORM_data4
	.byte	0                               @ EOM(1)
	.byte	0                               @ EOM(2)
	.byte	15                              @ Abbreviation Code
	.byte	52                              @ DW_TAG_variable
	.byte	0                               @ DW_CHILDREN_no
	.byte	3                               @ DW_AT_name
	.byte	14                              @ DW_FORM_strp
	.byte	58                              @ DW_AT_decl_file
	.byte	11                              @ DW_FORM_data1
	.byte	59                              @ DW_AT_decl_line
	.byte	11                              @ DW_FORM_data1
	.byte	73                              @ DW_AT_type
	.byte	19                              @ DW_FORM_ref4
	.byte	0                               @ EOM(1)
	.byte	0                               @ EOM(2)
	.byte	16                              @ Abbreviation Code
	.byte	46                              @ DW_TAG_subprogram
	.byte	1                               @ DW_CHILDREN_yes
	.byte	3                               @ DW_AT_name
	.byte	14                              @ DW_FORM_strp
	.byte	58                              @ DW_AT_decl_file
	.byte	11                              @ DW_FORM_data1
	.byte	59                              @ DW_AT_decl_line
	.byte	11                              @ DW_FORM_data1
	.byte	39                              @ DW_AT_prototyped
	.byte	25                              @ DW_FORM_flag_present
	.byte	73                              @ DW_AT_type
	.byte	19                              @ DW_FORM_ref4
	.byte	32                              @ DW_AT_inline
	.byte	11                              @ DW_FORM_data1
	.byte	0                               @ EOM(1)
	.byte	0                               @ EOM(2)
	.byte	17                              @ Abbreviation Code
	.byte	5                               @ DW_TAG_formal_parameter
	.byte	0                               @ DW_CHILDREN_no
	.byte	3                               @ DW_AT_name
	.byte	14                              @ DW_FORM_strp
	.byte	58                              @ DW_AT_decl_file
	.byte	11                              @ DW_FORM_data1
	.byte	59                              @ DW_AT_decl_line
	.byte	11                              @ DW_FORM_data1
	.byte	73                              @ DW_AT_type
	.byte	19                              @ DW_FORM_ref4
	.byte	0                               @ EOM(1)
	.byte	0                               @ EOM(2)
	.byte	18                              @ Abbreviation Code
	.byte	29                              @ DW_TAG_inlined_subroutine
	.byte	1                               @ DW_CHILDREN_yes
	.byte	49                              @ DW_AT_abstract_origin
	.byte	19                              @ DW_FORM_ref4
	.byte	17                              @ DW_AT_low_pc
	.byte	1                               @ DW_FORM_addr
	.byte	18                              @ DW_AT_high_pc
	.byte	6                               @ DW_FORM_data4
	.byte	88                              @ DW_AT_call_file
	.byte	11                              @ DW_FORM_data1
	.byte	89                              @ DW_AT_call_line
	.byte	11                              @ DW_FORM_data1
	.byte	87                              @ DW_AT_call_column
	.byte	11                              @ DW_FORM_data1
	.byte	0                               @ EOM(1)
	.byte	0                               @ EOM(2)
	.byte	19                              @ Abbreviation Code
	.byte	5                               @ DW_TAG_formal_parameter
	.byte	0                               @ DW_CHILDREN_no
	.byte	2                               @ DW_AT_location
	.byte	24                              @ DW_FORM_exprloc
	.byte	49                              @ DW_AT_abstract_origin
	.byte	19                              @ DW_FORM_ref4
	.byte	0                               @ EOM(1)
	.byte	0                               @ EOM(2)
	.byte	20                              @ Abbreviation Code
	.byte	52                              @ DW_TAG_variable
	.byte	0                               @ DW_CHILDREN_no
	.byte	2                               @ DW_AT_location
	.byte	23                              @ DW_FORM_sec_offset
	.byte	49                              @ DW_AT_abstract_origin
	.byte	19                              @ DW_FORM_ref4
	.byte	0                               @ EOM(1)
	.byte	0                               @ EOM(2)
	.byte	0                               @ EOM(3)
	.section	.debug_info,"",%progbits
.Lcu_begin0:
	.long	.Ldebug_info_end0-.Ldebug_info_start0 @ Length of Unit
.Ldebug_info_start0:
	.short	4                               @ DWARF version number
	.long	.debug_abbrev                   @ Offset Into Abbrev. Section
	.byte	4                               @ Address Size (in bytes)
	.byte	1                               @ Abbrev [1] 0xb:0x69b DW_TAG_compile_unit
	.long	.Linfo_string0                  @ DW_AT_producer
	.short	29                              @ DW_AT_language
	.long	.Linfo_string1                  @ DW_AT_name
	.long	.Lline_table_start0             @ DW_AT_stmt_list
	.long	.Linfo_string2                  @ DW_AT_comp_dir
	.long	0                               @ DW_AT_low_pc
	.long	.Ldebug_ranges0                 @ DW_AT_ranges
	.byte	2                               @ Abbrev [2] 0x26:0x5 DW_TAG_pointer_type
	.long	43                              @ DW_AT_type
	.byte	3                               @ Abbrev [3] 0x2b:0x5 DW_TAG_const_type
	.long	48                              @ DW_AT_type
	.byte	4                               @ Abbrev [4] 0x30:0xc DW_TAG_typedef
	.long	60                              @ DW_AT_type
	.long	.Linfo_string4                  @ DW_AT_name
	.byte	1                               @ DW_AT_decl_file
	.short	7787                            @ DW_AT_decl_line
	.byte	5                               @ Abbrev [5] 0x3c:0x7 DW_TAG_base_type
	.long	.Linfo_string3                  @ DW_AT_name
	.byte	4                               @ DW_AT_encoding
	.byte	2                               @ DW_AT_byte_size
	.byte	4                               @ Abbrev [4] 0x43:0xc DW_TAG_typedef
	.long	79                              @ DW_AT_type
	.long	.Linfo_string6                  @ DW_AT_name
	.byte	1                               @ DW_AT_decl_file
	.short	7789                            @ DW_AT_decl_line
	.byte	6                               @ Abbrev [6] 0x4f:0xd DW_TAG_array_type
                                        @ DW_AT_GNU_vector
	.byte	16                              @ DW_AT_byte_size
	.long	48                              @ DW_AT_type
	.byte	7                               @ Abbrev [7] 0x55:0x6 DW_TAG_subrange_type
	.long	92                              @ DW_AT_type
	.byte	8                               @ DW_AT_count
	.byte	0                               @ End Of Children Mark
	.byte	8                               @ Abbrev [8] 0x5c:0x7 DW_TAG_base_type
	.long	.Linfo_string5                  @ DW_AT_name
	.byte	8                               @ DW_AT_byte_size
	.byte	7                               @ DW_AT_encoding
	.byte	9                               @ Abbrev [9] 0x63:0xb DW_TAG_typedef
	.long	110                             @ DW_AT_type
	.long	.Linfo_string9                  @ DW_AT_name
	.byte	1                               @ DW_AT_decl_file
	.byte	25                              @ DW_AT_decl_line
	.byte	6                               @ Abbrev [6] 0x6e:0xd DW_TAG_array_type
                                        @ DW_AT_GNU_vector
	.byte	16                              @ DW_AT_byte_size
	.long	123                             @ DW_AT_type
	.byte	7                               @ Abbrev [7] 0x74:0x6 DW_TAG_subrange_type
	.long	92                              @ DW_AT_type
	.byte	8                               @ DW_AT_count
	.byte	0                               @ End Of Children Mark
	.byte	9                               @ Abbrev [9] 0x7b:0xb DW_TAG_typedef
	.long	134                             @ DW_AT_type
	.long	.Linfo_string8                  @ DW_AT_name
	.byte	2                               @ DW_AT_decl_file
	.byte	57                              @ DW_AT_decl_line
	.byte	5                               @ Abbrev [5] 0x86:0x7 DW_TAG_base_type
	.long	.Linfo_string7                  @ DW_AT_name
	.byte	5                               @ DW_AT_encoding
	.byte	2                               @ DW_AT_byte_size
	.byte	9                               @ Abbrev [9] 0x8d:0xb DW_TAG_typedef
	.long	152                             @ DW_AT_type
	.long	.Linfo_string12                 @ DW_AT_name
	.byte	1                               @ DW_AT_decl_file
	.byte	28                              @ DW_AT_decl_line
	.byte	6                               @ Abbrev [6] 0x98:0xd DW_TAG_array_type
                                        @ DW_AT_GNU_vector
	.byte	16                              @ DW_AT_byte_size
	.long	165                             @ DW_AT_type
	.byte	7                               @ Abbrev [7] 0x9e:0x6 DW_TAG_subrange_type
	.long	92                              @ DW_AT_type
	.byte	4                               @ DW_AT_count
	.byte	0                               @ End Of Children Mark
	.byte	9                               @ Abbrev [9] 0xa5:0xb DW_TAG_typedef
	.long	176                             @ DW_AT_type
	.long	.Linfo_string11                 @ DW_AT_name
	.byte	2                               @ DW_AT_decl_file
	.byte	58                              @ DW_AT_decl_line
	.byte	5                               @ Abbrev [5] 0xb0:0x7 DW_TAG_base_type
	.long	.Linfo_string10                 @ DW_AT_name
	.byte	5                               @ DW_AT_encoding
	.byte	4                               @ DW_AT_byte_size
	.byte	5                               @ Abbrev [5] 0xb7:0x7 DW_TAG_base_type
	.long	.Linfo_string13                 @ DW_AT_name
	.byte	4                               @ DW_AT_encoding
	.byte	2                               @ DW_AT_byte_size
	.byte	10                              @ Abbrev [10] 0xbe:0x7f DW_TAG_subprogram
	.long	.Lfunc_begin0                   @ DW_AT_low_pc
	.long	.Lfunc_end0-.Lfunc_begin0       @ DW_AT_high_pc
	.byte	1                               @ DW_AT_frame_base
	.byte	93
                                        @ DW_AT_GNU_all_call_sites
	.long	.Linfo_string18                 @ DW_AT_name
	.byte	3                               @ DW_AT_decl_file
	.byte	55                              @ DW_AT_decl_line
                                        @ DW_AT_prototyped
                                        @ DW_AT_external
	.byte	11                              @ Abbrev [11] 0xcf:0xf DW_TAG_formal_parameter
	.long	.Ldebug_loc1                    @ DW_AT_location
	.long	.Linfo_string30                 @ DW_AT_name
	.byte	3                               @ DW_AT_decl_file
	.byte	56                              @ DW_AT_decl_line
	.long	38                              @ DW_AT_type
	.byte	12                              @ Abbrev [12] 0xde:0xd DW_TAG_formal_parameter
	.byte	1                               @ DW_AT_location
	.byte	81
	.long	.Linfo_string31                 @ DW_AT_name
	.byte	3                               @ DW_AT_decl_file
	.byte	57                              @ DW_AT_decl_line
	.long	1656                            @ DW_AT_type
	.byte	11                              @ Abbrev [11] 0xeb:0xf DW_TAG_formal_parameter
	.long	.Ldebug_loc0                    @ DW_AT_location
	.long	.Linfo_string27                 @ DW_AT_name
	.byte	3                               @ DW_AT_decl_file
	.byte	58                              @ DW_AT_decl_line
	.long	1638                            @ DW_AT_type
	.byte	13                              @ Abbrev [13] 0xfa:0xf DW_TAG_variable
	.long	.Ldebug_loc2                    @ DW_AT_location
	.long	.Linfo_string32                 @ DW_AT_name
	.byte	3                               @ DW_AT_decl_file
	.byte	60                              @ DW_AT_decl_line
	.long	1638                            @ DW_AT_type
	.byte	13                              @ Abbrev [13] 0x109:0xf DW_TAG_variable
	.long	.Ldebug_loc3                    @ DW_AT_location
	.long	.Linfo_string33                 @ DW_AT_name
	.byte	3                               @ DW_AT_decl_file
	.byte	61                              @ DW_AT_decl_line
	.long	1661                            @ DW_AT_type
	.byte	13                              @ Abbrev [13] 0x118:0xf DW_TAG_variable
	.long	.Ldebug_loc4                    @ DW_AT_location
	.long	.Linfo_string35                 @ DW_AT_name
	.byte	3                               @ DW_AT_decl_file
	.byte	62                              @ DW_AT_decl_line
	.long	1661                            @ DW_AT_type
	.byte	14                              @ Abbrev [14] 0x127:0x15 DW_TAG_lexical_block
	.long	.Ltmp7                          @ DW_AT_low_pc
	.long	.Ltmp11-.Ltmp7                  @ DW_AT_high_pc
	.byte	15                              @ Abbrev [15] 0x130:0xb DW_TAG_variable
	.long	.Linfo_string36                 @ DW_AT_name
	.byte	3                               @ DW_AT_decl_file
	.byte	92                              @ DW_AT_decl_line
	.long	1672                            @ DW_AT_type
	.byte	0                               @ End Of Children Mark
	.byte	0                               @ End Of Children Mark
	.byte	10                              @ Abbrev [10] 0x13d:0x9d DW_TAG_subprogram
	.long	.Lfunc_begin1                   @ DW_AT_low_pc
	.long	.Lfunc_end1-.Lfunc_begin1       @ DW_AT_high_pc
	.byte	1                               @ DW_AT_frame_base
	.byte	93
                                        @ DW_AT_GNU_all_call_sites
	.long	.Linfo_string19                 @ DW_AT_name
	.byte	4                               @ DW_AT_decl_file
	.byte	54                              @ DW_AT_decl_line
                                        @ DW_AT_prototyped
                                        @ DW_AT_external
	.byte	11                              @ Abbrev [11] 0x14e:0xf DW_TAG_formal_parameter
	.long	.Ldebug_loc6                    @ DW_AT_location
	.long	.Linfo_string40                 @ DW_AT_name
	.byte	4                               @ DW_AT_decl_file
	.byte	55                              @ DW_AT_decl_line
	.long	38                              @ DW_AT_type
	.byte	11                              @ Abbrev [11] 0x15d:0xf DW_TAG_formal_parameter
	.long	.Ldebug_loc7                    @ DW_AT_location
	.long	.Linfo_string41                 @ DW_AT_name
	.byte	4                               @ DW_AT_decl_file
	.byte	56                              @ DW_AT_decl_line
	.long	38                              @ DW_AT_type
	.byte	12                              @ Abbrev [12] 0x16c:0xd DW_TAG_formal_parameter
	.byte	1                               @ DW_AT_location
	.byte	82
	.long	.Linfo_string31                 @ DW_AT_name
	.byte	4                               @ DW_AT_decl_file
	.byte	57                              @ DW_AT_decl_line
	.long	1656                            @ DW_AT_type
	.byte	11                              @ Abbrev [11] 0x179:0xf DW_TAG_formal_parameter
	.long	.Ldebug_loc5                    @ DW_AT_location
	.long	.Linfo_string27                 @ DW_AT_name
	.byte	4                               @ DW_AT_decl_file
	.byte	58                              @ DW_AT_decl_line
	.long	1638                            @ DW_AT_type
	.byte	13                              @ Abbrev [13] 0x188:0xf DW_TAG_variable
	.long	.Ldebug_loc8                    @ DW_AT_location
	.long	.Linfo_string32                 @ DW_AT_name
	.byte	4                               @ DW_AT_decl_file
	.byte	60                              @ DW_AT_decl_line
	.long	1638                            @ DW_AT_type
	.byte	13                              @ Abbrev [13] 0x197:0xf DW_TAG_variable
	.long	.Ldebug_loc9                    @ DW_AT_location
	.long	.Linfo_string33                 @ DW_AT_name
	.byte	4                               @ DW_AT_decl_file
	.byte	62                              @ DW_AT_decl_line
	.long	1661                            @ DW_AT_type
	.byte	13                              @ Abbrev [13] 0x1a6:0xf DW_TAG_variable
	.long	.Ldebug_loc10                   @ DW_AT_location
	.long	.Linfo_string42                 @ DW_AT_name
	.byte	4                               @ DW_AT_decl_file
	.byte	63                              @ DW_AT_decl_line
	.long	1661                            @ DW_AT_type
	.byte	13                              @ Abbrev [13] 0x1b5:0xf DW_TAG_variable
	.long	.Ldebug_loc11                   @ DW_AT_location
	.long	.Linfo_string35                 @ DW_AT_name
	.byte	4                               @ DW_AT_decl_file
	.byte	64                              @ DW_AT_decl_line
	.long	1661                            @ DW_AT_type
	.byte	14                              @ Abbrev [14] 0x1c4:0x15 DW_TAG_lexical_block
	.long	.Ltmp21                         @ DW_AT_low_pc
	.long	.Ltmp26-.Ltmp21                 @ DW_AT_high_pc
	.byte	15                              @ Abbrev [15] 0x1cd:0xb DW_TAG_variable
	.long	.Linfo_string36                 @ DW_AT_name
	.byte	4                               @ DW_AT_decl_file
	.byte	94                              @ DW_AT_decl_line
	.long	1672                            @ DW_AT_type
	.byte	0                               @ End Of Children Mark
	.byte	0                               @ End Of Children Mark
	.byte	16                              @ Abbrev [16] 0x1da:0x2e DW_TAG_subprogram
	.long	.Linfo_string14                 @ DW_AT_name
	.byte	6                               @ DW_AT_decl_file
	.byte	97                              @ DW_AT_decl_line
                                        @ DW_AT_prototyped
	.long	48                              @ DW_AT_type
	.byte	1                               @ DW_AT_inline
	.byte	17                              @ Abbrev [17] 0x1e6:0xb DW_TAG_formal_parameter
	.long	.Linfo_string15                 @ DW_AT_name
	.byte	6                               @ DW_AT_decl_file
	.byte	97                              @ DW_AT_decl_line
	.long	67                              @ DW_AT_type
	.byte	15                              @ Abbrev [15] 0x1f1:0xb DW_TAG_variable
	.long	.Linfo_string16                 @ DW_AT_name
	.byte	6                               @ DW_AT_decl_file
	.byte	99                              @ DW_AT_decl_line
	.long	67                              @ DW_AT_type
	.byte	15                              @ Abbrev [15] 0x1fc:0xb DW_TAG_variable
	.long	.Linfo_string17                 @ DW_AT_name
	.byte	6                               @ DW_AT_decl_file
	.byte	100                             @ DW_AT_decl_line
	.long	183                             @ DW_AT_type
	.byte	0                               @ End Of Children Mark
	.byte	10                              @ Abbrev [10] 0x208:0xd6 DW_TAG_subprogram
	.long	.Lfunc_begin2                   @ DW_AT_low_pc
	.long	.Lfunc_end2-.Lfunc_begin2       @ DW_AT_high_pc
	.byte	1                               @ DW_AT_frame_base
	.byte	93
                                        @ DW_AT_GNU_all_call_sites
	.long	.Linfo_string20                 @ DW_AT_name
	.byte	5                               @ DW_AT_decl_file
	.byte	55                              @ DW_AT_decl_line
                                        @ DW_AT_prototyped
                                        @ DW_AT_external
	.byte	11                              @ Abbrev [11] 0x219:0xf DW_TAG_formal_parameter
	.long	.Ldebug_loc13                   @ DW_AT_location
	.long	.Linfo_string40                 @ DW_AT_name
	.byte	5                               @ DW_AT_decl_file
	.byte	56                              @ DW_AT_decl_line
	.long	38                              @ DW_AT_type
	.byte	11                              @ Abbrev [11] 0x228:0xf DW_TAG_formal_parameter
	.long	.Ldebug_loc14                   @ DW_AT_location
	.long	.Linfo_string41                 @ DW_AT_name
	.byte	5                               @ DW_AT_decl_file
	.byte	57                              @ DW_AT_decl_line
	.long	38                              @ DW_AT_type
	.byte	11                              @ Abbrev [11] 0x237:0xf DW_TAG_formal_parameter
	.long	.Ldebug_loc12                   @ DW_AT_location
	.long	.Linfo_string27                 @ DW_AT_name
	.byte	5                               @ DW_AT_decl_file
	.byte	58                              @ DW_AT_decl_line
	.long	1638                            @ DW_AT_type
	.byte	12                              @ Abbrev [12] 0x246:0xd DW_TAG_formal_parameter
	.byte	1                               @ DW_AT_location
	.byte	83
	.long	.Linfo_string43                 @ DW_AT_name
	.byte	5                               @ DW_AT_decl_file
	.byte	59                              @ DW_AT_decl_line
	.long	1656                            @ DW_AT_type
	.byte	13                              @ Abbrev [13] 0x253:0xf DW_TAG_variable
	.long	.Ldebug_loc15                   @ DW_AT_location
	.long	.Linfo_string32                 @ DW_AT_name
	.byte	5                               @ DW_AT_decl_file
	.byte	63                              @ DW_AT_decl_line
	.long	1638                            @ DW_AT_type
	.byte	13                              @ Abbrev [13] 0x262:0xf DW_TAG_variable
	.long	.Ldebug_loc16                   @ DW_AT_location
	.long	.Linfo_string44                 @ DW_AT_name
	.byte	5                               @ DW_AT_decl_file
	.byte	62                              @ DW_AT_decl_line
	.long	1661                            @ DW_AT_type
	.byte	13                              @ Abbrev [13] 0x271:0xf DW_TAG_variable
	.long	.Ldebug_loc17                   @ DW_AT_location
	.long	.Linfo_string45                 @ DW_AT_name
	.byte	5                               @ DW_AT_decl_file
	.byte	64                              @ DW_AT_decl_line
	.long	48                              @ DW_AT_type
	.byte	13                              @ Abbrev [13] 0x280:0xf DW_TAG_variable
	.long	.Ldebug_loc18                   @ DW_AT_location
	.long	.Linfo_string46                 @ DW_AT_name
	.byte	5                               @ DW_AT_decl_file
	.byte	61                              @ DW_AT_decl_line
	.long	1661                            @ DW_AT_type
	.byte	13                              @ Abbrev [13] 0x28f:0xf DW_TAG_variable
	.long	.Ldebug_loc19                   @ DW_AT_location
	.long	.Linfo_string47                 @ DW_AT_name
	.byte	5                               @ DW_AT_decl_file
	.byte	61                              @ DW_AT_decl_line
	.long	1661                            @ DW_AT_type
	.byte	14                              @ Abbrev [14] 0x29e:0x15 DW_TAG_lexical_block
	.long	.Ltmp40                         @ DW_AT_low_pc
	.long	.Ltmp44-.Ltmp40                 @ DW_AT_high_pc
	.byte	15                              @ Abbrev [15] 0x2a7:0xb DW_TAG_variable
	.long	.Linfo_string36                 @ DW_AT_name
	.byte	5                               @ DW_AT_decl_file
	.byte	95                              @ DW_AT_decl_line
	.long	1672                            @ DW_AT_type
	.byte	0                               @ End Of Children Mark
	.byte	18                              @ Abbrev [18] 0x2b3:0x2a DW_TAG_inlined_subroutine
	.long	474                             @ DW_AT_abstract_origin
	.long	.Ltmp44                         @ DW_AT_low_pc
	.long	.Ltmp49-.Ltmp44                 @ DW_AT_high_pc
	.byte	5                               @ DW_AT_call_file
	.byte	101                             @ DW_AT_call_line
	.byte	11                              @ DW_AT_call_column
	.byte	19                              @ Abbrev [19] 0x2c3:0x10 DW_TAG_formal_parameter
	.byte	10                              @ DW_AT_location
	.byte	144
	.ascii	"\200\002"
	.byte	147
	.byte	8
	.byte	144
	.ascii	"\201\002"
	.byte	147
	.byte	8
	.long	486                             @ DW_AT_abstract_origin
	.byte	20                              @ Abbrev [20] 0x2d3:0x9 DW_TAG_variable
	.long	.Ldebug_loc20                   @ DW_AT_location
	.long	497                             @ DW_AT_abstract_origin
	.byte	0                               @ End Of Children Mark
	.byte	0                               @ End Of Children Mark
	.byte	10                              @ Abbrev [10] 0x2de:0x9d DW_TAG_subprogram
	.long	.Lfunc_begin3                   @ DW_AT_low_pc
	.long	.Lfunc_end3-.Lfunc_begin3       @ DW_AT_high_pc
	.byte	1                               @ DW_AT_frame_base
	.byte	93
                                        @ DW_AT_GNU_all_call_sites
	.long	.Linfo_string21                 @ DW_AT_name
	.byte	7                               @ DW_AT_decl_file
	.byte	55                              @ DW_AT_decl_line
                                        @ DW_AT_prototyped
                                        @ DW_AT_external
	.byte	11                              @ Abbrev [11] 0x2ef:0xf DW_TAG_formal_parameter
	.long	.Ldebug_loc22                   @ DW_AT_location
	.long	.Linfo_string40                 @ DW_AT_name
	.byte	7                               @ DW_AT_decl_file
	.byte	56                              @ DW_AT_decl_line
	.long	38                              @ DW_AT_type
	.byte	11                              @ Abbrev [11] 0x2fe:0xf DW_TAG_formal_parameter
	.long	.Ldebug_loc23                   @ DW_AT_location
	.long	.Linfo_string41                 @ DW_AT_name
	.byte	7                               @ DW_AT_decl_file
	.byte	57                              @ DW_AT_decl_line
	.long	38                              @ DW_AT_type
	.byte	12                              @ Abbrev [12] 0x30d:0xd DW_TAG_formal_parameter
	.byte	1                               @ DW_AT_location
	.byte	82
	.long	.Linfo_string31                 @ DW_AT_name
	.byte	7                               @ DW_AT_decl_file
	.byte	58                              @ DW_AT_decl_line
	.long	1656                            @ DW_AT_type
	.byte	11                              @ Abbrev [11] 0x31a:0xf DW_TAG_formal_parameter
	.long	.Ldebug_loc21                   @ DW_AT_location
	.long	.Linfo_string27                 @ DW_AT_name
	.byte	7                               @ DW_AT_decl_file
	.byte	59                              @ DW_AT_decl_line
	.long	1638                            @ DW_AT_type
	.byte	13                              @ Abbrev [13] 0x329:0xf DW_TAG_variable
	.long	.Ldebug_loc24                   @ DW_AT_location
	.long	.Linfo_string32                 @ DW_AT_name
	.byte	7                               @ DW_AT_decl_file
	.byte	61                              @ DW_AT_decl_line
	.long	1638                            @ DW_AT_type
	.byte	13                              @ Abbrev [13] 0x338:0xf DW_TAG_variable
	.long	.Ldebug_loc25                   @ DW_AT_location
	.long	.Linfo_string33                 @ DW_AT_name
	.byte	7                               @ DW_AT_decl_file
	.byte	63                              @ DW_AT_decl_line
	.long	1661                            @ DW_AT_type
	.byte	13                              @ Abbrev [13] 0x347:0xf DW_TAG_variable
	.long	.Ldebug_loc26                   @ DW_AT_location
	.long	.Linfo_string42                 @ DW_AT_name
	.byte	7                               @ DW_AT_decl_file
	.byte	64                              @ DW_AT_decl_line
	.long	1661                            @ DW_AT_type
	.byte	13                              @ Abbrev [13] 0x356:0xf DW_TAG_variable
	.long	.Ldebug_loc27                   @ DW_AT_location
	.long	.Linfo_string35                 @ DW_AT_name
	.byte	7                               @ DW_AT_decl_file
	.byte	65                              @ DW_AT_decl_line
	.long	1661                            @ DW_AT_type
	.byte	14                              @ Abbrev [14] 0x365:0x15 DW_TAG_lexical_block
	.long	.Ltmp59                         @ DW_AT_low_pc
	.long	.Ltmp64-.Ltmp59                 @ DW_AT_high_pc
	.byte	15                              @ Abbrev [15] 0x36e:0xb DW_TAG_variable
	.long	.Linfo_string36                 @ DW_AT_name
	.byte	7                               @ DW_AT_decl_file
	.byte	93                              @ DW_AT_decl_line
	.long	1672                            @ DW_AT_type
	.byte	0                               @ End Of Children Mark
	.byte	0                               @ End Of Children Mark
	.byte	10                              @ Abbrev [10] 0x37b:0x7f DW_TAG_subprogram
	.long	.Lfunc_begin4                   @ DW_AT_low_pc
	.long	.Lfunc_end4-.Lfunc_begin4       @ DW_AT_high_pc
	.byte	1                               @ DW_AT_frame_base
	.byte	93
                                        @ DW_AT_GNU_all_call_sites
	.long	.Linfo_string22                 @ DW_AT_name
	.byte	8                               @ DW_AT_decl_file
	.byte	53                              @ DW_AT_decl_line
                                        @ DW_AT_prototyped
                                        @ DW_AT_external
	.byte	11                              @ Abbrev [11] 0x38c:0xf DW_TAG_formal_parameter
	.long	.Ldebug_loc29                   @ DW_AT_location
	.long	.Linfo_string30                 @ DW_AT_name
	.byte	8                               @ DW_AT_decl_file
	.byte	54                              @ DW_AT_decl_line
	.long	38                              @ DW_AT_type
	.byte	12                              @ Abbrev [12] 0x39b:0xd DW_TAG_formal_parameter
	.byte	1                               @ DW_AT_location
	.byte	81
	.long	.Linfo_string31                 @ DW_AT_name
	.byte	8                               @ DW_AT_decl_file
	.byte	55                              @ DW_AT_decl_line
	.long	1656                            @ DW_AT_type
	.byte	11                              @ Abbrev [11] 0x3a8:0xf DW_TAG_formal_parameter
	.long	.Ldebug_loc28                   @ DW_AT_location
	.long	.Linfo_string27                 @ DW_AT_name
	.byte	8                               @ DW_AT_decl_file
	.byte	56                              @ DW_AT_decl_line
	.long	1638                            @ DW_AT_type
	.byte	13                              @ Abbrev [13] 0x3b7:0xf DW_TAG_variable
	.long	.Ldebug_loc30                   @ DW_AT_location
	.long	.Linfo_string32                 @ DW_AT_name
	.byte	8                               @ DW_AT_decl_file
	.byte	58                              @ DW_AT_decl_line
	.long	1638                            @ DW_AT_type
	.byte	13                              @ Abbrev [13] 0x3c6:0xf DW_TAG_variable
	.long	.Ldebug_loc31                   @ DW_AT_location
	.long	.Linfo_string33                 @ DW_AT_name
	.byte	8                               @ DW_AT_decl_file
	.byte	59                              @ DW_AT_decl_line
	.long	1661                            @ DW_AT_type
	.byte	13                              @ Abbrev [13] 0x3d5:0xf DW_TAG_variable
	.long	.Ldebug_loc32                   @ DW_AT_location
	.long	.Linfo_string35                 @ DW_AT_name
	.byte	8                               @ DW_AT_decl_file
	.byte	60                              @ DW_AT_decl_line
	.long	1661                            @ DW_AT_type
	.byte	14                              @ Abbrev [14] 0x3e4:0x15 DW_TAG_lexical_block
	.long	.Ltmp73                         @ DW_AT_low_pc
	.long	.Ltmp77-.Ltmp73                 @ DW_AT_high_pc
	.byte	15                              @ Abbrev [15] 0x3ed:0xb DW_TAG_variable
	.long	.Linfo_string36                 @ DW_AT_name
	.byte	8                               @ DW_AT_decl_file
	.byte	87                              @ DW_AT_decl_line
	.long	1672                            @ DW_AT_type
	.byte	0                               @ End Of Children Mark
	.byte	0                               @ End Of Children Mark
	.byte	10                              @ Abbrev [10] 0x3fa:0x8e DW_TAG_subprogram
	.long	.Lfunc_begin5                   @ DW_AT_low_pc
	.long	.Lfunc_end5-.Lfunc_begin5       @ DW_AT_high_pc
	.byte	1                               @ DW_AT_frame_base
	.byte	93
                                        @ DW_AT_GNU_all_call_sites
	.long	.Linfo_string23                 @ DW_AT_name
	.byte	9                               @ DW_AT_decl_file
	.byte	53                              @ DW_AT_decl_line
                                        @ DW_AT_prototyped
                                        @ DW_AT_external
	.byte	11                              @ Abbrev [11] 0x40b:0xf DW_TAG_formal_parameter
	.long	.Ldebug_loc34                   @ DW_AT_location
	.long	.Linfo_string30                 @ DW_AT_name
	.byte	9                               @ DW_AT_decl_file
	.byte	54                              @ DW_AT_decl_line
	.long	38                              @ DW_AT_type
	.byte	11                              @ Abbrev [11] 0x41a:0xf DW_TAG_formal_parameter
	.long	.Ldebug_loc35                   @ DW_AT_location
	.long	.Linfo_string48                 @ DW_AT_name
	.byte	9                               @ DW_AT_decl_file
	.byte	55                              @ DW_AT_decl_line
	.long	48                              @ DW_AT_type
	.byte	12                              @ Abbrev [12] 0x429:0xd DW_TAG_formal_parameter
	.byte	1                               @ DW_AT_location
	.byte	81
	.long	.Linfo_string31                 @ DW_AT_name
	.byte	9                               @ DW_AT_decl_file
	.byte	56                              @ DW_AT_decl_line
	.long	1656                            @ DW_AT_type
	.byte	11                              @ Abbrev [11] 0x436:0xf DW_TAG_formal_parameter
	.long	.Ldebug_loc33                   @ DW_AT_location
	.long	.Linfo_string27                 @ DW_AT_name
	.byte	9                               @ DW_AT_decl_file
	.byte	57                              @ DW_AT_decl_line
	.long	1638                            @ DW_AT_type
	.byte	13                              @ Abbrev [13] 0x445:0xf DW_TAG_variable
	.long	.Ldebug_loc36                   @ DW_AT_location
	.long	.Linfo_string32                 @ DW_AT_name
	.byte	9                               @ DW_AT_decl_file
	.byte	59                              @ DW_AT_decl_line
	.long	1638                            @ DW_AT_type
	.byte	13                              @ Abbrev [13] 0x454:0xf DW_TAG_variable
	.long	.Ldebug_loc37                   @ DW_AT_location
	.long	.Linfo_string33                 @ DW_AT_name
	.byte	9                               @ DW_AT_decl_file
	.byte	61                              @ DW_AT_decl_line
	.long	1661                            @ DW_AT_type
	.byte	13                              @ Abbrev [13] 0x463:0xf DW_TAG_variable
	.long	.Ldebug_loc38                   @ DW_AT_location
	.long	.Linfo_string35                 @ DW_AT_name
	.byte	9                               @ DW_AT_decl_file
	.byte	62                              @ DW_AT_decl_line
	.long	1661                            @ DW_AT_type
	.byte	14                              @ Abbrev [14] 0x472:0x15 DW_TAG_lexical_block
	.long	.Ltmp86                         @ DW_AT_low_pc
	.long	.Ltmp90-.Ltmp86                 @ DW_AT_high_pc
	.byte	15                              @ Abbrev [15] 0x47b:0xb DW_TAG_variable
	.long	.Linfo_string36                 @ DW_AT_name
	.byte	9                               @ DW_AT_decl_file
	.byte	88                              @ DW_AT_decl_line
	.long	1672                            @ DW_AT_type
	.byte	0                               @ End Of Children Mark
	.byte	0                               @ End Of Children Mark
	.byte	10                              @ Abbrev [10] 0x488:0x8e DW_TAG_subprogram
	.long	.Lfunc_begin6                   @ DW_AT_low_pc
	.long	.Lfunc_end6-.Lfunc_begin6       @ DW_AT_high_pc
	.byte	1                               @ DW_AT_frame_base
	.byte	93
                                        @ DW_AT_GNU_all_call_sites
	.long	.Linfo_string24                 @ DW_AT_name
	.byte	10                              @ DW_AT_decl_file
	.byte	55                              @ DW_AT_decl_line
                                        @ DW_AT_prototyped
                                        @ DW_AT_external
	.byte	11                              @ Abbrev [11] 0x499:0xf DW_TAG_formal_parameter
	.long	.Ldebug_loc40                   @ DW_AT_location
	.long	.Linfo_string30                 @ DW_AT_name
	.byte	10                              @ DW_AT_decl_file
	.byte	56                              @ DW_AT_decl_line
	.long	38                              @ DW_AT_type
	.byte	11                              @ Abbrev [11] 0x4a8:0xf DW_TAG_formal_parameter
	.long	.Ldebug_loc41                   @ DW_AT_location
	.long	.Linfo_string49                 @ DW_AT_name
	.byte	10                              @ DW_AT_decl_file
	.byte	57                              @ DW_AT_decl_line
	.long	48                              @ DW_AT_type
	.byte	12                              @ Abbrev [12] 0x4b7:0xd DW_TAG_formal_parameter
	.byte	1                               @ DW_AT_location
	.byte	81
	.long	.Linfo_string31                 @ DW_AT_name
	.byte	10                              @ DW_AT_decl_file
	.byte	58                              @ DW_AT_decl_line
	.long	1656                            @ DW_AT_type
	.byte	11                              @ Abbrev [11] 0x4c4:0xf DW_TAG_formal_parameter
	.long	.Ldebug_loc39                   @ DW_AT_location
	.long	.Linfo_string27                 @ DW_AT_name
	.byte	10                              @ DW_AT_decl_file
	.byte	59                              @ DW_AT_decl_line
	.long	1638                            @ DW_AT_type
	.byte	13                              @ Abbrev [13] 0x4d3:0xf DW_TAG_variable
	.long	.Ldebug_loc42                   @ DW_AT_location
	.long	.Linfo_string32                 @ DW_AT_name
	.byte	10                              @ DW_AT_decl_file
	.byte	61                              @ DW_AT_decl_line
	.long	1638                            @ DW_AT_type
	.byte	13                              @ Abbrev [13] 0x4e2:0xf DW_TAG_variable
	.long	.Ldebug_loc43                   @ DW_AT_location
	.long	.Linfo_string33                 @ DW_AT_name
	.byte	10                              @ DW_AT_decl_file
	.byte	63                              @ DW_AT_decl_line
	.long	1661                            @ DW_AT_type
	.byte	13                              @ Abbrev [13] 0x4f1:0xf DW_TAG_variable
	.long	.Ldebug_loc44                   @ DW_AT_location
	.long	.Linfo_string35                 @ DW_AT_name
	.byte	10                              @ DW_AT_decl_file
	.byte	64                              @ DW_AT_decl_line
	.long	1661                            @ DW_AT_type
	.byte	14                              @ Abbrev [14] 0x500:0x15 DW_TAG_lexical_block
	.long	.Ltmp99                         @ DW_AT_low_pc
	.long	.Ltmp103-.Ltmp99                @ DW_AT_high_pc
	.byte	15                              @ Abbrev [15] 0x509:0xb DW_TAG_variable
	.long	.Linfo_string36                 @ DW_AT_name
	.byte	10                              @ DW_AT_decl_file
	.byte	91                              @ DW_AT_decl_line
	.long	1672                            @ DW_AT_type
	.byte	0                               @ End Of Children Mark
	.byte	0                               @ End Of Children Mark
	.byte	10                              @ Abbrev [10] 0x516:0x9d DW_TAG_subprogram
	.long	.Lfunc_begin7                   @ DW_AT_low_pc
	.long	.Lfunc_end7-.Lfunc_begin7       @ DW_AT_high_pc
	.byte	1                               @ DW_AT_frame_base
	.byte	93
                                        @ DW_AT_GNU_all_call_sites
	.long	.Linfo_string25                 @ DW_AT_name
	.byte	11                              @ DW_AT_decl_file
	.byte	53                              @ DW_AT_decl_line
                                        @ DW_AT_prototyped
                                        @ DW_AT_external
	.byte	11                              @ Abbrev [11] 0x527:0xf DW_TAG_formal_parameter
	.long	.Ldebug_loc46                   @ DW_AT_location
	.long	.Linfo_string40                 @ DW_AT_name
	.byte	11                              @ DW_AT_decl_file
	.byte	54                              @ DW_AT_decl_line
	.long	38                              @ DW_AT_type
	.byte	11                              @ Abbrev [11] 0x536:0xf DW_TAG_formal_parameter
	.long	.Ldebug_loc47                   @ DW_AT_location
	.long	.Linfo_string41                 @ DW_AT_name
	.byte	11                              @ DW_AT_decl_file
	.byte	55                              @ DW_AT_decl_line
	.long	38                              @ DW_AT_type
	.byte	12                              @ Abbrev [12] 0x545:0xd DW_TAG_formal_parameter
	.byte	1                               @ DW_AT_location
	.byte	82
	.long	.Linfo_string31                 @ DW_AT_name
	.byte	11                              @ DW_AT_decl_file
	.byte	56                              @ DW_AT_decl_line
	.long	1656                            @ DW_AT_type
	.byte	11                              @ Abbrev [11] 0x552:0xf DW_TAG_formal_parameter
	.long	.Ldebug_loc45                   @ DW_AT_location
	.long	.Linfo_string27                 @ DW_AT_name
	.byte	11                              @ DW_AT_decl_file
	.byte	57                              @ DW_AT_decl_line
	.long	1638                            @ DW_AT_type
	.byte	13                              @ Abbrev [13] 0x561:0xf DW_TAG_variable
	.long	.Ldebug_loc48                   @ DW_AT_location
	.long	.Linfo_string32                 @ DW_AT_name
	.byte	11                              @ DW_AT_decl_file
	.byte	59                              @ DW_AT_decl_line
	.long	1638                            @ DW_AT_type
	.byte	13                              @ Abbrev [13] 0x570:0xf DW_TAG_variable
	.long	.Ldebug_loc49                   @ DW_AT_location
	.long	.Linfo_string33                 @ DW_AT_name
	.byte	11                              @ DW_AT_decl_file
	.byte	61                              @ DW_AT_decl_line
	.long	1661                            @ DW_AT_type
	.byte	13                              @ Abbrev [13] 0x57f:0xf DW_TAG_variable
	.long	.Ldebug_loc50                   @ DW_AT_location
	.long	.Linfo_string42                 @ DW_AT_name
	.byte	11                              @ DW_AT_decl_file
	.byte	62                              @ DW_AT_decl_line
	.long	1661                            @ DW_AT_type
	.byte	13                              @ Abbrev [13] 0x58e:0xf DW_TAG_variable
	.long	.Ldebug_loc51                   @ DW_AT_location
	.long	.Linfo_string35                 @ DW_AT_name
	.byte	11                              @ DW_AT_decl_file
	.byte	63                              @ DW_AT_decl_line
	.long	1661                            @ DW_AT_type
	.byte	14                              @ Abbrev [14] 0x59d:0x15 DW_TAG_lexical_block
	.long	.Ltmp113                        @ DW_AT_low_pc
	.long	.Ltmp118-.Ltmp113               @ DW_AT_high_pc
	.byte	15                              @ Abbrev [15] 0x5a6:0xb DW_TAG_variable
	.long	.Linfo_string36                 @ DW_AT_name
	.byte	11                              @ DW_AT_decl_file
	.byte	93                              @ DW_AT_decl_line
	.long	1672                            @ DW_AT_type
	.byte	0                               @ End Of Children Mark
	.byte	0                               @ End Of Children Mark
	.byte	10                              @ Abbrev [10] 0x5b3:0xb3 DW_TAG_subprogram
	.long	.Lfunc_begin8                   @ DW_AT_low_pc
	.long	.Lfunc_end8-.Lfunc_begin8       @ DW_AT_high_pc
	.byte	1                               @ DW_AT_frame_base
	.byte	93
                                        @ DW_AT_GNU_all_call_sites
	.long	.Linfo_string26                 @ DW_AT_name
	.byte	12                              @ DW_AT_decl_file
	.byte	55                              @ DW_AT_decl_line
                                        @ DW_AT_prototyped
                                        @ DW_AT_external
	.byte	11                              @ Abbrev [11] 0x5c4:0xf DW_TAG_formal_parameter
	.long	.Ldebug_loc52                   @ DW_AT_location
	.long	.Linfo_string30                 @ DW_AT_name
	.byte	12                              @ DW_AT_decl_file
	.byte	55                              @ DW_AT_decl_line
	.long	38                              @ DW_AT_type
	.byte	11                              @ Abbrev [11] 0x5d3:0xf DW_TAG_formal_parameter
	.long	.Ldebug_loc53                   @ DW_AT_location
	.long	.Linfo_string31                 @ DW_AT_name
	.byte	12                              @ DW_AT_decl_file
	.byte	56                              @ DW_AT_decl_line
	.long	1656                            @ DW_AT_type
	.byte	17                              @ Abbrev [17] 0x5e2:0xb DW_TAG_formal_parameter
	.long	.Linfo_string55                 @ DW_AT_name
	.byte	12                              @ DW_AT_decl_file
	.byte	57                              @ DW_AT_decl_line
	.long	48                              @ DW_AT_type
	.byte	17                              @ Abbrev [17] 0x5ed:0xb DW_TAG_formal_parameter
	.long	.Linfo_string56                 @ DW_AT_name
	.byte	12                              @ DW_AT_decl_file
	.byte	58                              @ DW_AT_decl_line
	.long	48                              @ DW_AT_type
	.byte	12                              @ Abbrev [12] 0x5f8:0xd DW_TAG_formal_parameter
	.byte	1                               @ DW_AT_location
	.byte	82
	.long	.Linfo_string50                 @ DW_AT_name
	.byte	12                              @ DW_AT_decl_file
	.byte	59                              @ DW_AT_decl_line
	.long	1638                            @ DW_AT_type
	.byte	13                              @ Abbrev [13] 0x605:0xf DW_TAG_variable
	.long	.Ldebug_loc54                   @ DW_AT_location
	.long	.Linfo_string51                 @ DW_AT_name
	.byte	12                              @ DW_AT_decl_file
	.byte	63                              @ DW_AT_decl_line
	.long	1661                            @ DW_AT_type
	.byte	13                              @ Abbrev [13] 0x614:0xf DW_TAG_variable
	.long	.Ldebug_loc55                   @ DW_AT_location
	.long	.Linfo_string32                 @ DW_AT_name
	.byte	12                              @ DW_AT_decl_file
	.byte	61                              @ DW_AT_decl_line
	.long	1638                            @ DW_AT_type
	.byte	13                              @ Abbrev [13] 0x623:0xf DW_TAG_variable
	.long	.Ldebug_loc56                   @ DW_AT_location
	.long	.Linfo_string52                 @ DW_AT_name
	.byte	12                              @ DW_AT_decl_file
	.byte	62                              @ DW_AT_decl_line
	.long	1661                            @ DW_AT_type
	.byte	13                              @ Abbrev [13] 0x632:0xf DW_TAG_variable
	.long	.Ldebug_loc57                   @ DW_AT_location
	.long	.Linfo_string53                 @ DW_AT_name
	.byte	12                              @ DW_AT_decl_file
	.byte	63                              @ DW_AT_decl_line
	.long	1661                            @ DW_AT_type
	.byte	13                              @ Abbrev [13] 0x641:0xf DW_TAG_variable
	.long	.Ldebug_loc58                   @ DW_AT_location
	.long	.Linfo_string54                 @ DW_AT_name
	.byte	12                              @ DW_AT_decl_file
	.byte	62                              @ DW_AT_decl_line
	.long	1661                            @ DW_AT_type
	.byte	14                              @ Abbrev [14] 0x650:0x15 DW_TAG_lexical_block
	.long	.Ltmp141                        @ DW_AT_low_pc
	.long	.Ltmp145-.Ltmp141               @ DW_AT_high_pc
	.byte	15                              @ Abbrev [15] 0x659:0xb DW_TAG_variable
	.long	.Linfo_string36                 @ DW_AT_name
	.byte	12                              @ DW_AT_decl_file
	.byte	107                             @ DW_AT_decl_line
	.long	1672                            @ DW_AT_type
	.byte	0                               @ End Of Children Mark
	.byte	0                               @ End Of Children Mark
	.byte	9                               @ Abbrev [9] 0x666:0xb DW_TAG_typedef
	.long	1649                            @ DW_AT_type
	.long	.Linfo_string29                 @ DW_AT_name
	.byte	2                               @ DW_AT_decl_file
	.byte	64                              @ DW_AT_decl_line
	.byte	5                               @ Abbrev [5] 0x671:0x7 DW_TAG_base_type
	.long	.Linfo_string28                 @ DW_AT_name
	.byte	7                               @ DW_AT_encoding
	.byte	4                               @ DW_AT_byte_size
	.byte	2                               @ Abbrev [2] 0x678:0x5 DW_TAG_pointer_type
	.long	48                              @ DW_AT_type
	.byte	9                               @ Abbrev [9] 0x67d:0xb DW_TAG_typedef
	.long	67                              @ DW_AT_type
	.long	.Linfo_string34                 @ DW_AT_name
	.byte	13                              @ DW_AT_decl_file
	.byte	71                              @ DW_AT_decl_line
	.byte	9                               @ Abbrev [9] 0x688:0xb DW_TAG_typedef
	.long	1683                            @ DW_AT_type
	.long	.Linfo_string39                 @ DW_AT_name
	.byte	1                               @ DW_AT_decl_file
	.byte	24                              @ DW_AT_decl_line
	.byte	9                               @ Abbrev [9] 0x693:0xb DW_TAG_typedef
	.long	1694                            @ DW_AT_type
	.long	.Linfo_string38                 @ DW_AT_name
	.byte	2                               @ DW_AT_decl_file
	.byte	63                              @ DW_AT_decl_line
	.byte	5                               @ Abbrev [5] 0x69e:0x7 DW_TAG_base_type
	.long	.Linfo_string37                 @ DW_AT_name
	.byte	7                               @ DW_AT_encoding
	.byte	2                               @ DW_AT_byte_size
	.byte	0                               @ End Of Children Mark
.Ldebug_info_end0:
	.section	.debug_ranges,"",%progbits
.Ldebug_ranges0:
	.long	.Lfunc_begin0
	.long	.Lfunc_end0
	.long	.Lfunc_begin1
	.long	.Lfunc_end1
	.long	.Lfunc_begin2
	.long	.Lfunc_end2
	.long	.Lfunc_begin3
	.long	.Lfunc_end3
	.long	.Lfunc_begin4
	.long	.Lfunc_end4
	.long	.Lfunc_begin5
	.long	.Lfunc_end5
	.long	.Lfunc_begin6
	.long	.Lfunc_end6
	.long	.Lfunc_begin7
	.long	.Lfunc_end7
	.long	.Lfunc_begin8
	.long	.Lfunc_end8
	.long	0
	.long	0
	.section	.debug_str,"MS",%progbits,1
.Linfo_string0:
	.asciz	"Component: Arm Compiler for Embedded 6.21 Tool: armclang [5ec1fd00]" @ string offset=0
.Linfo_string1:
	.asciz	"C:/Keil_v5/Packs/ARM/CMSIS-DSP/1.15.0/Source/BasicMathFunctions\\BasicMathFunctionsF16.c" @ string offset=68
.Linfo_string2:
	.asciz	"C:\\Users\\rohankoshy\\Downloads\\en-us--M55M1_Series_BSP_CMSIS_V3.01.003\\SampleCode\\NuEdgeWise\\PoseLandmark_YOLOv8n\\KEIL" @ string offset=156
.Linfo_string3:
	.asciz	"__fp16"                        @ string offset=274
.Linfo_string4:
	.asciz	"float16_t"                     @ string offset=281
.Linfo_string5:
	.asciz	"__ARRAY_SIZE_TYPE__"           @ string offset=291
.Linfo_string6:
	.asciz	"float16x8_t"                   @ string offset=311
.Linfo_string7:
	.asciz	"short"                         @ string offset=323
.Linfo_string8:
	.asciz	"int16_t"                       @ string offset=329
.Linfo_string9:
	.asciz	"int16x8_t"                     @ string offset=337
.Linfo_string10:
	.asciz	"int"                           @ string offset=347
.Linfo_string11:
	.asciz	"int32_t"                       @ string offset=351
.Linfo_string12:
	.asciz	"int32x4_t"                     @ string offset=359
.Linfo_string13:
	.asciz	"_Float16"                      @ string offset=369
.Linfo_string14:
	.asciz	"vecAddAcrossF16Mve"            @ string offset=378
.Linfo_string15:
	.asciz	"in"                            @ string offset=397
.Linfo_string16:
	.asciz	"tmpVec"                        @ string offset=400
.Linfo_string17:
	.asciz	"acc"                           @ string offset=407
.Linfo_string18:
	.asciz	"arm_abs_f16"                   @ string offset=411
.Linfo_string19:
	.asciz	"arm_add_f16"                   @ string offset=423
.Linfo_string20:
	.asciz	"arm_dot_prod_f16"              @ string offset=435
.Linfo_string21:
	.asciz	"arm_mult_f16"                  @ string offset=452
.Linfo_string22:
	.asciz	"arm_negate_f16"                @ string offset=465
.Linfo_string23:
	.asciz	"arm_offset_f16"                @ string offset=480
.Linfo_string24:
	.asciz	"arm_scale_f16"                 @ string offset=495
.Linfo_string25:
	.asciz	"arm_sub_f16"                   @ string offset=509
.Linfo_string26:
	.asciz	"arm_clip_f16"                  @ string offset=521
.Linfo_string27:
	.asciz	"blockSize"                     @ string offset=534
.Linfo_string28:
	.asciz	"unsigned int"                  @ string offset=544
.Linfo_string29:
	.asciz	"uint32_t"                      @ string offset=557
.Linfo_string30:
	.asciz	"pSrc"                          @ string offset=566
.Linfo_string31:
	.asciz	"pDst"                          @ string offset=571
.Linfo_string32:
	.asciz	"blkCnt"                        @ string offset=576
.Linfo_string33:
	.asciz	"vec1"                          @ string offset=583
.Linfo_string34:
	.asciz	"f16x8_t"                       @ string offset=588
.Linfo_string35:
	.asciz	"res"                           @ string offset=596
.Linfo_string36:
	.asciz	"p0"                            @ string offset=600
.Linfo_string37:
	.asciz	"unsigned short"                @ string offset=603
.Linfo_string38:
	.asciz	"uint16_t"                      @ string offset=618
.Linfo_string39:
	.asciz	"mve_pred16_t"                  @ string offset=627
.Linfo_string40:
	.asciz	"pSrcA"                         @ string offset=640
.Linfo_string41:
	.asciz	"pSrcB"                         @ string offset=646
.Linfo_string42:
	.asciz	"vec2"                          @ string offset=652
.Linfo_string43:
	.asciz	"result"                        @ string offset=657
.Linfo_string44:
	.asciz	"vecSum"                        @ string offset=664
.Linfo_string45:
	.asciz	"sum"                           @ string offset=671
.Linfo_string46:
	.asciz	"vecA"                          @ string offset=675
.Linfo_string47:
	.asciz	"vecB"                          @ string offset=680
.Linfo_string48:
	.asciz	"offset"                        @ string offset=685
.Linfo_string49:
	.asciz	"scale"                         @ string offset=692
.Linfo_string50:
	.asciz	"numSamples"                    @ string offset=698
.Linfo_string51:
	.asciz	"vecLow"                        @ string offset=709
.Linfo_string52:
	.asciz	"curVec0"                       @ string offset=716
.Linfo_string53:
	.asciz	"vecHigh"                       @ string offset=724
.Linfo_string54:
	.asciz	"curVec1"                       @ string offset=732
.Linfo_string55:
	.asciz	"low"                           @ string offset=740
.Linfo_string56:
	.asciz	"high"                          @ string offset=744
	.ident	"Component: Arm Compiler for Embedded 6.21 Tool: armclang [5ec1fd00]"
	.section	".note.GNU-stack","",%progbits
	.eabi_attribute	30, 1	@ Tag_ABI_optimization_goals
	.ARM_attribute	16, 1	@ Tag_AV_eba
	.section	.debug_line,"",%progbits
.Lline_table_start0:
