	.text
	.syntax unified
	.eabi_attribute	67, "2.09"	@ Tag_conformance
	.cpu	cortex-m55
	.eabi_attribute	6, 21	@ Tag_CPU_arch
	.eabi_attribute	7, 77	@ Tag_CPU_arch_profile
	.eabi_attribute	8, 0	@ Tag_ARM_ISA_use
	.eabi_attribute	9, 3	@ Tag_THUMB_ISA_use
	.fpu	fpv5-d16
	.eabi_attribute	36, 1	@ Tag_FP_HP_extension
	.eabi_attribute	48, 2	@ Tag_MVE_arch
	.eabi_attribute	46, 1	@ Tag_DSP_extension
	.eabi_attribute	34, 1	@ Tag_CPU_unaligned_access
	.eabi_attribute	17, 1	@ Tag_ABI_PCS_GOT_use
	.eabi_attribute	20, 2	@ Tag_ABI_FP_denormal
	.eabi_attribute	21, 0	@ Tag_ABI_FP_exceptions
	.eabi_attribute	23, 1	@ Tag_ABI_FP_number_model
	.eabi_attribute	24, 1	@ Tag_ABI_align_needed
	.eabi_attribute	25, 1	@ Tag_ABI_align_preserved
	.eabi_attribute	28, 1	@ Tag_ABI_VFP_args
	.eabi_attribute	38, 1	@ Tag_ABI_FP_16bit_format
	.eabi_attribute	18, 2	@ Tag_ABI_PCS_wchar_t
	.eabi_attribute	26, 1	@ Tag_ABI_enum_size
	.eabi_attribute	14, 0	@ Tag_ABI_PCS_R9_use
	.file	"BayesFunctionsF16.c"
	.file	1 "C:\\Keil_v5\\ARM\\ARMCLANG\\Bin\\..\\include" "arm_mve.h"
	.file	2 "C:\\Users\\rohankoshy\\Downloads\\en-us--M55M1_Series_BSP_CMSIS_V3.01.003\\SampleCode\\NuEdgeWise\\PoseLandmark_YOLOv8n\\KEIL" "../../../../Library/CMSIS/DSP/Include\\arm_vec_math_f16.h"
	.file	3 "C:\\Keil_v5\\ARM\\ARMCLANG\\Bin\\..\\include" "stdint.h"
	.section	.text.arm_gaussian_naive_bayes_predict_f16,"ax",%progbits
	.hidden	arm_gaussian_naive_bayes_predict_f16 @ -- Begin function arm_gaussian_naive_bayes_predict_f16
	.globl	arm_gaussian_naive_bayes_predict_f16
	.p2align	2
	.type	arm_gaussian_naive_bayes_predict_f16,%function
	.code	16                              @ @arm_gaussian_naive_bayes_predict_f16
	.thumb_func
arm_gaussian_naive_bayes_predict_f16:
.Lfunc_begin0:
	.file	4 "C:/Keil_v5/Packs/ARM/CMSIS-DSP/1.15.0/Source/BayesFunctions" "arm_gaussian_naive_bayes_predict_f16.c"
	.loc	4 64 0                          @ C:/Keil_v5/Packs/ARM/CMSIS-DSP/1.15.0/Source/BayesFunctions/arm_gaussian_naive_bayes_predict_f16.c:64:0
	.fnstart
	.cfi_sections .debug_frame
	.cfi_startproc
@ %bb.0:
	@DEBUG_VALUE: arm_gaussian_naive_bayes_predict_f16:S <- $r0
	@DEBUG_VALUE: arm_gaussian_naive_bayes_predict_f16:in <- $r1
	@DEBUG_VALUE: arm_gaussian_naive_bayes_predict_f16:pOutputProbabilities <- $r2
	@DEBUG_VALUE: arm_gaussian_naive_bayes_predict_f16:pBufferB <- $r3
	.save	{r4, r5, r6, r7, r8, r9, r10, r11, lr}
	push.w	{r4, r5, r6, r7, r8, r9, r10, r11, lr}
	.cfi_def_cfa_offset 36
	.cfi_offset lr, -4
	.cfi_offset r11, -8
	.cfi_offset r10, -12
	.cfi_offset r9, -16
	.cfi_offset r8, -20
	.cfi_offset r7, -24
	.cfi_offset r6, -28
	.cfi_offset r5, -32
	.cfi_offset r4, -36
	.pad	#4
	sub	sp, #4
	.cfi_def_cfa_offset 40
	.vsave	{d8, d9, d10, d11, d12, d13, d14, d15}
	vpush	{d8, d9, d10, d11, d12, d13, d14, d15}
	.cfi_def_cfa_offset 104
	.cfi_offset d15, -48
	.cfi_offset d14, -56
	.cfi_offset d13, -64
	.cfi_offset d12, -72
	.cfi_offset d11, -80
	.cfi_offset d10, -88
	.cfi_offset d9, -96
	.cfi_offset d8, -104
	.pad	#432
	sub	sp, #432
	.cfi_def_cfa_offset 536
	str	r2, [sp, #4]                    @ 4-byte Spill
.Ltmp0:
	@DEBUG_VALUE: arm_gaussian_naive_bayes_predict_f16:pOutputProbabilities <- [DW_OP_plus_uconst 4] [$sp+0]
	@DEBUG_VALUE: arm_gaussian_naive_bayes_predict_f16:pOutputProbabilities <- [DW_OP_plus_uconst 4] [$sp+0]
	mov	r4, r0
.Ltmp1:
	@DEBUG_VALUE: arm_gaussian_naive_bayes_predict_f16:pIn <- undef
	@DEBUG_VALUE: arm_gaussian_naive_bayes_predict_f16:buffer <- undef
	@DEBUG_VALUE: arm_gaussian_naive_bayes_predict_f16:S <- $r4
	.loc	4 78 67 prologue_end            @ C:/Keil_v5/Packs/ARM/CMSIS-DSP/1.15.0/Source/BayesFunctions/arm_gaussian_naive_bayes_predict_f16.c:78:67
	ldr	r2, [r0, #4]
.Ltmp2:
	@DEBUG_VALUE: arm_gaussian_naive_bayes_predict_f16:pLogPrior <- $r7
	@DEBUG_VALUE: arm_gaussian_naive_bayes_predict_f16:logclassPriors <- $r7
	.loc	4 0 67 is_stmt 0                @ C:/Keil_v5/Packs/ARM/CMSIS-DSP/1.15.0/Source/BayesFunctions/arm_gaussian_naive_bayes_predict_f16.c:0:67
	mov	r7, r3
.Ltmp3:
	@DEBUG_VALUE: arm_gaussian_naive_bayes_predict_f16:pBufferB <- $r7
	.loc	4 78 35                         @ C:/Keil_v5/Packs/ARM/CMSIS-DSP/1.15.0/Source/BayesFunctions/arm_gaussian_naive_bayes_predict_f16.c:78:35
	ldr	r0, [r0, #16]
	str	r1, [sp, #100]                  @ 4-byte Spill
.Ltmp4:
	@DEBUG_VALUE: arm_gaussian_naive_bayes_predict_f16:in <- [DW_OP_plus_uconst 100] [$sp+0]
	@DEBUG_VALUE: arm_gaussian_naive_bayes_predict_f16:in <- [DW_OP_plus_uconst 100] [$sp+0]
	.loc	4 78 5                          @ C:/Keil_v5/Packs/ARM/CMSIS-DSP/1.15.0/Source/BayesFunctions/arm_gaussian_naive_bayes_predict_f16.c:78:5
	mov	r1, r3
	bl	arm_vlog_f16
.Ltmp5:
	@DEBUG_VALUE: arm_gaussian_naive_bayes_predict_f16:S <- $r4
	@DEBUG_VALUE: arm_gaussian_naive_bayes_predict_f16:nbClass <- 0
	.loc	4 0 5                           @ C:/Keil_v5/Packs/ARM/CMSIS-DSP/1.15.0/Source/BayesFunctions/arm_gaussian_naive_bayes_predict_f16.c:0:5
	ldr	r1, [r4, #4]
.Ltmp6:
	.loc	4 83 5 is_stmt 1                @ C:/Keil_v5/Packs/ARM/CMSIS-DSP/1.15.0/Source/BayesFunctions/arm_gaussian_naive_bayes_predict_f16.c:83:5
	cmp	r1, #0
	beq.w	.LBB0_11
.Ltmp7:
@ %bb.1:
	@DEBUG_VALUE: arm_gaussian_naive_bayes_predict_f16:nbClass <- 0
	@DEBUG_VALUE: arm_gaussian_naive_bayes_predict_f16:in <- [DW_OP_plus_uconst 100] [$sp+0]
	@DEBUG_VALUE: arm_gaussian_naive_bayes_predict_f16:pBufferB <- $r7
	@DEBUG_VALUE: arm_gaussian_naive_bayes_predict_f16:S <- $r4
	@DEBUG_VALUE: arm_gaussian_naive_bayes_predict_f16:pOutputProbabilities <- [DW_OP_plus_uconst 4] [$sp+0]
	.loc	4 0 5 is_stmt 0                 @ C:/Keil_v5/Packs/ARM/CMSIS-DSP/1.15.0/Source/BayesFunctions/arm_gaussian_naive_bayes_predict_f16.c:0:5
	movw	r0, :lower16:__logf_lut_f16
	mov	lr, r4
.Ltmp8:
	@DEBUG_VALUE: arm_gaussian_naive_bayes_predict_f16:S <- $lr
	@DEBUG_VALUE: arm_gaussian_naive_bayes_predict_f16:S <- $lr
	movt	r0, :upper16:__logf_lut_f16
	movw	r8, #14732
	vldrh.u16	q0, [r0]
	vmov.u16	r0, q0[0]
	vdup.16	q7, r0
	vmov.u16	r3, q0[4]
	vdup.16	q6, r3
	vmov.u16	r2, q0[2]
	vdup.16	q3, r2
	vmov.u16	r4, q0[6]
	vstrw.32	q7, [sp, #256]                  @ 16-byte Spill
	vmov.u16	r6, q0[1]
	vdup.16	q2, r6
	vmov.u16	r5, q0[5]
	vstrw.32	q3, [sp, #288]                  @ 16-byte Spill
	vmov.u16	r0, q0[3]
	vstrw.32	q2, [sp, #392]                  @ 16-byte Spill
	vmov.u16	r3, q0[7]
	vdup.16	q5, r3
	vmov.i16	q0, #0xfc00
	vstrw.32	q0, [sp, #72]                   @ 16-byte Spill
	vdup.16	q0, r4
	vstrw.32	q0, [sp, #240]                  @ 16-byte Spill
	vmov.i16	q0, #0x7c00
	vstrw.32	q0, [sp, #104]                  @ 16-byte Spill
	vmov.i16	q0, #0x3c00
	vstrw.32	q0, [sp, #56]                   @ 16-byte Spill
	vdup.16	q0, r5
	vstrw.32	q0, [sp, #192]                  @ 16-byte Spill
	vmov.i16	q0, #0x4000
	vstrw.32	q0, [sp, #40]                   @ 16-byte Spill
	vdup.16	q0, r0
	vstrw.32	q5, [sp, #208]                  @ 16-byte Spill
	vmov.i16	q5, #0x3c00
	vstrw.32	q5, [sp, #128]                  @ 16-byte Spill
	vmov.i16	q1, #0xfc00
	vstrw.32	q1, [sp, #176]                  @ 16-byte Spill
	vmov.i16	q1, #0x7c00
	vstrw.32	q0, [sp, #224]                  @ 16-byte Spill
	ldr.w	r0, [lr]
.Ltmp9:
	@DEBUG_VALUE: arm_gaussian_naive_bayes_predict_f16:pSigma <- undef
	@DEBUG_VALUE: arm_gaussian_naive_bayes_predict_f16:pTheta <- undef
	movs	r6, #0
	.loc	4 80 17 is_stmt 1               @ C:/Keil_v5/Packs/ARM/CMSIS-DSP/1.15.0/Source/BayesFunctions/arm_gaussian_naive_bayes_predict_f16.c:80:17
	ldrd	r9, r5, [lr, #8]
	movw	r4, #17992
	lsrs	r2, r0, #3
	movw	r12, #46984
	str	r0, [sp, #96]                   @ 4-byte Spill
	and	r0, r0, #7
.Ltmp10:
	.loc	4 83 5                          @ C:/Keil_v5/Packs/ARM/CMSIS-DSP/1.15.0/Source/BayesFunctions/arm_gaussian_naive_bayes_predict_f16.c:83:5
	str	r0, [sp, #92]                   @ 4-byte Spill
	lsls	r0, r2, #4
	str	r0, [sp, #88]                   @ 4-byte Spill
	ldr	r0, [sp, #100]                  @ 4-byte Reload
	str	r2, [sp, #12]                   @ 4-byte Spill
	add.w	r0, r0, r2, lsl #4
	movw	r2, #15782
	ldr.w	r11, [sp, #4]                   @ 4-byte Reload
	vdup.16	q5, r2
	vstrw.32	q5, [sp, #24]                   @ 16-byte Spill
	vmov.i16	q5, #0x4000
	vstrw.32	q5, [sp, #160]                  @ 16-byte Spill
	vdup.16	q5, r2
	vstrw.32	q5, [sp, #144]                  @ 16-byte Spill
	str	r0, [sp, #8]                    @ 4-byte Spill
	movw	r0, #65521
	vstrw.32	q1, [sp, #376]                  @ 16-byte Spill
	strd	r1, lr, [sp, #16]               @ 8-byte Folded Spill
	vstrw.32	q6, [sp, #272]                  @ 16-byte Spill
	b	.LBB0_4
.Ltmp11:
	.p2align	2
.LBB0_2:                                @   in Loop: Header=BB0_4 Depth=1
	@DEBUG_VALUE: blkCnt <- [DW_OP_plus_uconst 92] [$sp+0]
	@DEBUG_VALUE: arm_gaussian_naive_bayes_predict_f16:pLogPrior <- [DW_OP_plus_uconst 124] [$sp+0]
	@DEBUG_VALUE: arm_gaussian_naive_bayes_predict_f16:buffer <- $r11
	@DEBUG_VALUE: arm_gaussian_naive_bayes_predict_f16:nbClass <- $r6
	@DEBUG_VALUE: arm_gaussian_naive_bayes_predict_f16:vacc2 <- $q5
	@DEBUG_VALUE: arm_gaussian_naive_bayes_predict_f16:in <- [DW_OP_plus_uconst 100] [$sp+0]
	@DEBUG_VALUE: arm_gaussian_naive_bayes_predict_f16:pOutputProbabilities <- [DW_OP_plus_uconst 4] [$sp+0]
	.loc	4 115 22                        @ C:/Keil_v5/Packs/ARM/CMSIS-DSP/1.15.0/Source/BayesFunctions/arm_gaussian_naive_bayes_predict_f16.c:115:22
	ldrh.w	r2, [lr, #20]
	.loc	4 115 34 is_stmt 0              @ C:/Keil_v5/Packs/ARM/CMSIS-DSP/1.15.0/Source/BayesFunctions/arm_gaussian_naive_bayes_predict_f16.c:115:34
	vldrh.u16	q0, [r7]
	.loc	4 115 22                        @ C:/Keil_v5/Packs/ARM/CMSIS-DSP/1.15.0/Source/BayesFunctions/arm_gaussian_naive_bayes_predict_f16.c:115:22
	vadd.f16	q4, q0, r2
.Ltmp12:
	@DEBUG_VALUE: arm_gaussian_naive_bayes_predict_f16:vsigma <- $q4
	.loc	4 0 22                          @ C:/Keil_v5/Packs/ARM/CMSIS-DSP/1.15.0/Source/BayesFunctions/arm_gaussian_naive_bayes_predict_f16.c:0:22
	vstrw.32	q4, [sp, #328]                  @ 16-byte Spill
	@DEBUG_VALUE: vlogq_f16:r <- $q0
	@DEBUG_VALUE: vlogq_f16:vecIn <- $q0
	.loc	4 117 53 is_stmt 1              @ C:/Keil_v5/Packs/ARM/CMSIS-DSP/1.15.0/Source/BayesFunctions/arm_gaussian_naive_bayes_predict_f16.c:117:53
	vmul.f16	q0, q4, r4
	vstrw.32	q0, [sp, #360]                  @ 16-byte Spill
.Ltmp13:
	.loc	2 168 5                         @ ../../../../Library/CMSIS/DSP/Include\arm_vec_math_f16.h:168:5
	vshr.s16	q1, q0, #10
.Ltmp14:
	@DEBUG_VALUE: vlogq_f16:n <- undef
	vadd.i16	q1, q1, r0
.Ltmp15:
	@DEBUG_VALUE: vlogq_f16:n <- $q1
	.loc	2 0 5 is_stmt 0                 @ ../../../../Library/CMSIS/DSP/Include\arm_vec_math_f16.h:0:5
	vstrw.32	q1, [sp, #344]                  @ 16-byte Spill
.Ltmp16:
	@DEBUG_VALUE: vlogq_f16:n <- [DW_OP_plus_uconst 344] [$sp+0]
	@DEBUG_VALUE: vlogq_f16:n <- [DW_OP_plus_uconst 344] [$sp+0]
	.loc	2 168 5                         @ ../../../../Library/CMSIS/DSP/Include\arm_vec_math_f16.h:168:5
	vshl.i16	q1, q1, #10
	@DEBUG_VALUE: vlogq_f16:n <- [DW_OP_plus_uconst 344] [$sp+0]
.Ltmp17:
	@DEBUG_VALUE: vlogq_f16:n <- $q1
	vsub.i16	q3, q0, q1
.Ltmp18:
	@DEBUG_VALUE: vlogq_f16:vecTmpFlt1 <- $q3
	@DEBUG_VALUE: vlogq_f16:vecExpUnBiased <- [DW_OP_plus_uconst 344] [$sp+0]
	@DEBUG_VALUE: vlogq_f16:r <- $q3
	@DEBUG_VALUE: vlogq_f16:vecIn <- [DW_OP_plus_uconst 360] [$sp+0]
	.loc	2 180 15 is_stmt 1              @ ../../../../Library/CMSIS/DSP/Include\arm_vec_math_f16.h:180:15
	vldrw.u32	q1, [sp, #240]          @ 16-byte Reload
.Ltmp19:
	.loc	2 0 15 is_stmt 0                @ ../../../../Library/CMSIS/DSP/Include\arm_vec_math_f16.h:0:15
	vmov	q0, q2
	.loc	2 175 15 is_stmt 1              @ ../../../../Library/CMSIS/DSP/Include\arm_vec_math_f16.h:175:15
	vmov	q2, q7
	vfma.f16	q2, q3, q6
.Ltmp20:
	@DEBUG_VALUE: vlogq_f16:vecAcc1 <- [DW_OP_plus_uconst 288] [$sp+0]
	@DEBUG_VALUE: vlogq_f16:vecAcc0 <- $q2
	.loc	2 180 15                        @ ../../../../Library/CMSIS/DSP/Include\arm_vec_math_f16.h:180:15
	vldrw.u32	q6, [sp, #288]          @ 16-byte Reload
	vfma.f16	q6, q3, q1
.Ltmp21:
	@DEBUG_VALUE: vlogq_f16:vecAcc2 <- [DW_OP_plus_uconst 392] [$sp+0]
	@DEBUG_VALUE: vlogq_f16:vecAcc1 <- $q6
	.loc	2 185 15                        @ ../../../../Library/CMSIS/DSP/Include\arm_vec_math_f16.h:185:15
	vmov	q1, q0
	vldrw.u32	q0, [sp, #192]          @ 16-byte Reload
	vfma.f16	q1, q3, q0
.Ltmp22:
	@DEBUG_VALUE: vlogq_f16:vecAcc3 <- [DW_OP_plus_uconst 224] [$sp+0]
	@DEBUG_VALUE: vlogq_f16:vecAcc2 <- $q1
	.loc	2 190 15                        @ ../../../../Library/CMSIS/DSP/Include\arm_vec_math_f16.h:190:15
	vldrw.u32	q7, [sp, #224]          @ 16-byte Reload
	vldrw.u32	q0, [sp, #208]          @ 16-byte Reload
	vfma.f16	q7, q3, q0
.Ltmp23:
	@DEBUG_VALUE: vlogq_f16:vecAcc3 <- $q7
	.loc	2 57 27                         @ ../../../../Library/CMSIS/DSP/Include\arm_vec_math_f16.h:57:27
	vldrw.u32	q0, [sp, #104]          @ 16-byte Reload
.Ltmp24:
	.loc	2 170 29                        @ ../../../../Library/CMSIS/DSP/Include\arm_vec_math_f16.h:170:29
	vmul.f16	q3, q3, q3
.Ltmp25:
	@DEBUG_VALUE: vlogq_f16:vecTmpFlt0 <- $q3
	@DEBUG_VALUE: vlogq_f16:vecAcc0 <- [DW_OP_plus_uconst 256] [$sp+0]
	.loc	2 194 15                        @ ../../../../Library/CMSIS/DSP/Include\arm_vec_math_f16.h:194:15
	vfma.f16	q2, q6, q3
.Ltmp26:
	@DEBUG_VALUE: vlogq_f16:vecAcc0 <- $q2
	.loc	2 53 26                         @ ../../../../Library/CMSIS/DSP/Include\arm_vec_math_f16.h:53:26
	vabs.f16	q6, q4
.Ltmp27:
	@DEBUG_VALUE: vrecip_medprec_f16:xinv <- $q6
	@DEBUG_VALUE: vrecip_medprec_f16:ax <- $q6
	@DEBUG_VALUE: arm_gaussian_naive_bayes_predict_f16:vsigma <- [DW_OP_plus_uconst 328] [$sp+0]
	.loc	2 198 15                        @ ../../../../Library/CMSIS/DSP/Include\arm_vec_math_f16.h:198:15
	vfma.f16	q1, q7, q3
.Ltmp28:
	@DEBUG_VALUE: vlogq_f16:vecAcc2 <- $q1
	.loc	2 57 27                         @ ../../../../Library/CMSIS/DSP/Include\arm_vec_math_f16.h:57:27
	vand	q7, q6, q0
.Ltmp29:
	.loc	2 202 29                        @ ../../../../Library/CMSIS/DSP/Include\arm_vec_math_f16.h:202:29
	vmul.f16	q4, q3, q3
	@DEBUG_VALUE: vlogq_f16:vecExpUnBiased <- [DW_OP_plus_uconst 344] [$sp+0]
.Ltmp30:
	@DEBUG_VALUE: vlogq_f16:n <- [DW_OP_plus_uconst 344] [$sp+0]
	@DEBUG_VALUE: vlogq_f16:vecIn <- [DW_OP_plus_uconst 360] [$sp+0]
	.loc	2 0 29 is_stmt 0                @ ../../../../Library/CMSIS/DSP/Include\arm_vec_math_f16.h:0:29
	vmov	q3, q5
.Ltmp31:
	.loc	2 57 17 is_stmt 1               @ ../../../../Library/CMSIS/DSP/Include\arm_vec_math_f16.h:57:17
	vldrw.u32	q5, [sp, #56]           @ 16-byte Reload
.Ltmp32:
	vsub.i16	q7, q5, q7
.Ltmp33:
	@DEBUG_VALUE: vrecip_medprec_f16:m <- $q7
	.loc	2 207 15                        @ ../../../../Library/CMSIS/DSP/Include\arm_vec_math_f16.h:207:15
	vfma.f16	q2, q1, q4
.Ltmp34:
	@DEBUG_VALUE: vlogq_f16:vecTmpFlt0 <- $q4
	@DEBUG_VALUE: vlogq_f16:vecAcc0 <- $q2
	@DEBUG_VALUE: vlogq_f16:vecExpUnBiased <- [DW_OP_plus_uconst 344] [$sp+0]
	@DEBUG_VALUE: vlogq_f16:n <- [DW_OP_plus_uconst 344] [$sp+0]
	@DEBUG_VALUE: vlogq_f16:vecIn <- [DW_OP_plus_uconst 360] [$sp+0]
	.loc	2 0 15 is_stmt 0                @ ../../../../Library/CMSIS/DSP/Include\arm_vec_math_f16.h:0:15
	vmov	q5, q3
.Ltmp35:
	.loc	2 59 28 is_stmt 1               @ ../../../../Library/CMSIS/DSP/Include\arm_vec_math_f16.h:59:28
	vldrw.u32	q3, [sp, #24]           @ 16-byte Reload
	.loc	2 58 21                         @ ../../../../Library/CMSIS/DSP/Include\arm_vec_math_f16.h:58:21
	vadd.i16	q1, q7, q6
.Ltmp36:
	.loc	2 203 25                        @ ../../../../Library/CMSIS/DSP/Include\arm_vec_math_f16.h:203:25
	vldrw.u32	q0, [sp, #344]          @ 16-byte Reload
.Ltmp37:
	.loc	2 59 28                         @ ../../../../Library/CMSIS/DSP/Include\arm_vec_math_f16.h:59:28
	vfma.f16	q3, q1, r12
.Ltmp38:
	@DEBUG_VALUE: vrecip_medprec_f16:xinv <- $q3
	.loc	2 203 25                        @ ../../../../Library/CMSIS/DSP/Include\arm_vec_math_f16.h:203:25
	vcvt.f16.s16	q1, q0
.Ltmp39:
	@DEBUG_VALUE: vlogq_f16:vecExpUnBiasedFlt <- $q1
	@DEBUG_VALUE: vlogq_f16:vecExpUnBiased <- $q0
	@DEBUG_VALUE: vlogq_f16:n <- $q0
	@DEBUG_VALUE: vlogq_f16:vecIn <- [DW_OP_plus_uconst 360] [$sp+0]
	.loc	2 0 25 is_stmt 0                @ ../../../../Library/CMSIS/DSP/Include\arm_vec_math_f16.h:0:25
	vldrw.u32	q0, [sp, #40]           @ 16-byte Reload
.Ltmp40:
	.loc	2 212 15 is_stmt 1              @ ../../../../Library/CMSIS/DSP/Include\arm_vec_math_f16.h:212:15
	vfma.f16	q2, q1, r8
.Ltmp41:
	@DEBUG_VALUE: vlogq_f16:vecAcc0 <- $q2
	.loc	2 60 21                         @ ../../../../Library/CMSIS/DSP/Include\arm_vec_math_f16.h:60:21
	vadd.i16	q1, q7, q3
.Ltmp42:
	.loc	2 0 21 is_stmt 0                @ ../../../../Library/CMSIS/DSP/Include\arm_vec_math_f16.h:0:21
	vldrw.u32	q7, [sp, #256]          @ 16-byte Reload
.Ltmp43:
	.loc	2 62 16 is_stmt 1               @ ../../../../Library/CMSIS/DSP/Include\arm_vec_math_f16.h:62:16
	vmov	q3, q0
.Ltmp44:
	vfms.f16	q3, q1, q6
.Ltmp45:
	@DEBUG_VALUE: vrecip_medprec_f16:b <- $q3
	.loc	2 63 21                         @ ../../../../Library/CMSIS/DSP/Include\arm_vec_math_f16.h:63:21
	vmul.f16	q1, q3, q1
.Ltmp46:
	@DEBUG_VALUE: vrecip_medprec_f16:xinv <- $q1
	.loc	2 65 16                         @ ../../../../Library/CMSIS/DSP/Include\arm_vec_math_f16.h:65:16
	vmov	q3, q0
.Ltmp47:
	vfms.f16	q3, q1, q6
.Ltmp48:
	@DEBUG_VALUE: vrecip_medprec_f16:b <- $q3
	.loc	2 66 21                         @ ../../../../Library/CMSIS/DSP/Include\arm_vec_math_f16.h:66:21
	vmul.f16	q1, q1, q3
.Ltmp49:
	@DEBUG_VALUE: vrecip_medprec_f16:xinv <- $q1
	.loc	2 68 16                         @ ../../../../Library/CMSIS/DSP/Include\arm_vec_math_f16.h:68:16
	vmov	q3, q0
.Ltmp50:
	.loc	2 0 16 is_stmt 0                @ ../../../../Library/CMSIS/DSP/Include\arm_vec_math_f16.h:0:16
	vldrw.u32	q0, [sp, #328]          @ 16-byte Reload
.Ltmp51:
	@DEBUG_VALUE: arm_gaussian_naive_bayes_predict_f16:vsigma <- $q0
	.loc	2 71 49 is_stmt 1               @ ../../../../Library/CMSIS/DSP/Include\arm_vec_math_f16.h:71:49
	vcmp.f16	eq, q0, zr
	.loc	2 68 16                         @ ../../../../Library/CMSIS/DSP/Include\arm_vec_math_f16.h:68:16
	vfms.f16	q3, q1, q6
.Ltmp52:
	@DEBUG_VALUE: vrecip_medprec_f16:b <- $q3
	.loc	2 0 16 is_stmt 0                @ ../../../../Library/CMSIS/DSP/Include\arm_vec_math_f16.h:0:16
	vldrw.u32	q6, [sp, #272]          @ 16-byte Reload
.Ltmp53:
	.loc	2 69 21 is_stmt 1               @ ../../../../Library/CMSIS/DSP/Include\arm_vec_math_f16.h:69:21
	vmul.f16	q1, q1, q3
.Ltmp54:
	@DEBUG_VALUE: vrecip_medprec_f16:xinv <- $q1
	.loc	2 0 21 is_stmt 0                @ ../../../../Library/CMSIS/DSP/Include\arm_vec_math_f16.h:0:21
	vstr	p0, [sp, #344]                  @ 4-byte Spill
	.loc	2 75 38 is_stmt 1               @ ../../../../Library/CMSIS/DSP/Include\arm_vec_math_f16.h:75:38
	vcmp.f16	lt, q0, zr
	vstr	p0, [sp, #328]                  @ 4-byte Spill
	.loc	2 71 14                         @ ../../../../Library/CMSIS/DSP/Include\arm_vec_math_f16.h:71:14
	vldrw.u32	q0, [sp, #104]          @ 16-byte Reload
.Ltmp55:
	vldr	p0, [sp, #344]                  @ 4-byte Reload
	vpst	
	vmovt	q1, q0
.Ltmp56:
	@DEBUG_VALUE: vrecip_medprec_f16:xinv <- $q1
	.loc	2 75 14                         @ ../../../../Library/CMSIS/DSP/Include\arm_vec_math_f16.h:75:14
	vldr	p0, [sp, #328]                  @ 4-byte Reload
.Ltmp57:
	.loc	2 214 62                        @ ../../../../Library/CMSIS/DSP/Include\arm_vec_math_f16.h:214:62
	vldrw.u32	q3, [sp, #360]          @ 16-byte Reload
.Ltmp58:
	.loc	2 75 14                         @ ../../../../Library/CMSIS/DSP/Include\arm_vec_math_f16.h:75:14
	vpst	
	vnegt.f16	q1, q1
.Ltmp59:
	@DEBUG_VALUE: vinvSigma <- $q1
	@DEBUG_VALUE: vrecip_medprec_f16:xinv <- $q1
	.loc	4 121 26                        @ C:/Keil_v5/Packs/ARM/CMSIS-DSP/1.15.0/Source/BayesFunctions/arm_gaussian_naive_bayes_predict_f16.c:121:26
	vldrh.u16	q0, [r3]
.Ltmp60:
	.loc	2 214 62                        @ ../../../../Library/CMSIS/DSP/Include\arm_vec_math_f16.h:214:62
	vcmp.f16	eq, q3, zr
.Ltmp61:
	@DEBUG_VALUE: vlogq_f16:vecIn <- $q3
	.loc	4 121 38                        @ C:/Keil_v5/Packs/ARM/CMSIS-DSP/1.15.0/Source/BayesFunctions/arm_gaussian_naive_bayes_predict_f16.c:121:38
	vldrh.u16	q3, [r10]
.Ltmp62:
	.loc	4 121 20 is_stmt 0              @ C:/Keil_v5/Packs/ARM/CMSIS-DSP/1.15.0/Source/BayesFunctions/arm_gaussian_naive_bayes_predict_f16.c:121:20
	vsub.f16	q0, q0, q3
.Ltmp63:
	@DEBUG_VALUE: vtmp <- $q0
	.loc	2 214 15 is_stmt 1              @ ../../../../Library/CMSIS/DSP/Include\arm_vec_math_f16.h:214:15
	vldrw.u32	q4, [sp, #72]           @ 16-byte Reload
.Ltmp64:
	.loc	4 123 20                        @ C:/Keil_v5/Packs/ARM/CMSIS-DSP/1.15.0/Source/BayesFunctions/arm_gaussian_naive_bayes_predict_f16.c:123:20
	vmul.f16	q0, q0, q0
.Ltmp65:
	@DEBUG_VALUE: vtmp <- $q0
	.loc	2 214 15                        @ ../../../../Library/CMSIS/DSP/Include\arm_vec_math_f16.h:214:15
	vpst	
	vmovt	q2, q4
.Ltmp66:
	@DEBUG_VALUE: vlogq_f16:vecAcc0 <- $q2
	.loc	4 112 34                        @ C:/Keil_v5/Packs/ARM/CMSIS-DSP/1.15.0/Source/BayesFunctions/arm_gaussian_naive_bayes_predict_f16.c:112:34
	vctp.16	r5
.Ltmp67:
	@DEBUG_VALUE: p0 <- undef
	.loc	4 125 21                        @ C:/Keil_v5/Packs/ARM/CMSIS-DSP/1.15.0/Source/BayesFunctions/arm_gaussian_naive_bayes_predict_f16.c:125:21
	vpst	
	vfmat.f16	q5, q0, q1
.Ltmp68:
	@DEBUG_VALUE: arm_gaussian_naive_bayes_predict_f16:vacc2 <- $q5
	.loc	4 0 21 is_stmt 0                @ C:/Keil_v5/Packs/ARM/CMSIS-DSP/1.15.0/Source/BayesFunctions/arm_gaussian_naive_bayes_predict_f16.c:0:21
	vldrw.u32	q1, [sp, #408]          @ 16-byte Reload
.Ltmp69:
	.loc	4 117 17 is_stmt 1              @ C:/Keil_v5/Packs/ARM/CMSIS-DSP/1.15.0/Source/BayesFunctions/arm_gaussian_naive_bayes_predict_f16.c:117:17
	vpst	
	vaddt.f16	q1, q1, q2
	@DEBUG_VALUE: vrecip_medprec_f16:x <- undef
.Ltmp70:
	@DEBUG_VALUE: arm_gaussian_naive_bayes_predict_f16:vacc1 <- $q1
	.loc	4 0 17 is_stmt 0                @ C:/Keil_v5/Packs/ARM/CMSIS-DSP/1.15.0/Source/BayesFunctions/arm_gaussian_naive_bayes_predict_f16.c:0:17
	vldrw.u32	q3, [sp, #288]          @ 16-byte Reload
	.loc	4 127 20 is_stmt 1              @ C:/Keil_v5/Packs/ARM/CMSIS-DSP/1.15.0/Source/BayesFunctions/arm_gaussian_naive_bayes_predict_f16.c:127:20
	add.w	r10, r10, r5, lsl #1
.Ltmp71:
	@DEBUG_VALUE: arm_gaussian_naive_bayes_predict_f16:pTheta <- $r10
	.loc	4 128 20                        @ C:/Keil_v5/Packs/ARM/CMSIS-DSP/1.15.0/Source/BayesFunctions/arm_gaussian_naive_bayes_predict_f16.c:128:20
	add.w	r5, r7, r5, lsl #1
.Ltmp72:
	@DEBUG_VALUE: arm_gaussian_naive_bayes_predict_f16:pSigma <- $r5
	.loc	4 0 20 is_stmt 0                @ C:/Keil_v5/Packs/ARM/CMSIS-DSP/1.15.0/Source/BayesFunctions/arm_gaussian_naive_bayes_predict_f16.c:0:20
	ldr	r2, [sp, #124]                  @ 4-byte Reload
.Ltmp73:
	@DEBUG_VALUE: arm_gaussian_naive_bayes_predict_f16:pLogPrior <- $r2
	@DEBUG_VALUE: arm_gaussian_naive_bayes_predict_f16:pLogPrior <- $r2
.LBB0_3:                                @   in Loop: Header=BB0_4 Depth=1
	@DEBUG_VALUE: arm_gaussian_naive_bayes_predict_f16:pLogPrior <- $r2
	@DEBUG_VALUE: blkCnt <- [DW_OP_plus_uconst 92] [$sp+0]
	@DEBUG_VALUE: arm_gaussian_naive_bayes_predict_f16:buffer <- $r11
	@DEBUG_VALUE: arm_gaussian_naive_bayes_predict_f16:nbClass <- $r6
	@DEBUG_VALUE: arm_gaussian_naive_bayes_predict_f16:vacc2 <- $q5
	@DEBUG_VALUE: arm_gaussian_naive_bayes_predict_f16:in <- [DW_OP_plus_uconst 100] [$sp+0]
	@DEBUG_VALUE: arm_gaussian_naive_bayes_predict_f16:pOutputProbabilities <- [DW_OP_plus_uconst 4] [$sp+0]
	@DEBUG_VALUE: arm_gaussian_naive_bayes_predict_f16:pTheta <- $r10
	@DEBUG_VALUE: arm_gaussian_naive_bayes_predict_f16:pSigma <- $r5
	@DEBUG_VALUE: arm_gaussian_naive_bayes_predict_f16:vacc2 <- $q5
	@DEBUG_VALUE: arm_gaussian_naive_bayes_predict_f16:vacc1 <- $q1
	@DEBUG_VALUE: vecAddAcrossF16Mve:in <- $q1
	.file	5 "C:\\Users\\rohankoshy\\Downloads\\en-us--M55M1_Series_BSP_CMSIS_V3.01.003\\SampleCode\\NuEdgeWise\\PoseLandmark_YOLOv8n\\KEIL" "../../../../Library/CMSIS/DSP/Include\\arm_helium_utils.h"
	.loc	5 102 14 is_stmt 1              @ ../../../../Library/CMSIS/DSP/Include\arm_helium_utils.h:102:14
	vrev32.16	q0, q1
.Ltmp74:
	@DEBUG_VALUE: vecAddAcrossF16Mve:tmpVec <- $q0
	.loc	5 103 10                        @ ../../../../Library/CMSIS/DSP/Include\arm_helium_utils.h:103:10
	vadd.f16	q0, q1, q0
.Ltmp75:
	@DEBUG_VALUE: vecAddAcrossF16Mve:in <- $q0
	.loc	5 104 28                        @ ../../../../Library/CMSIS/DSP/Include\arm_helium_utils.h:104:28
	vrev64.32	q1, q0
.Ltmp76:
	@DEBUG_VALUE: vecAddAcrossF16Mve:tmpVec <- $q1
	.loc	5 105 10                        @ ../../../../Library/CMSIS/DSP/Include\arm_helium_utils.h:105:10
	vadd.f16	q0, q0, q1
.Ltmp77:
	@DEBUG_VALUE: vecAddAcrossF16Mve:in <- $q0
	.loc	5 102 14                        @ ../../../../Library/CMSIS/DSP/Include\arm_helium_utils.h:102:14
	vrev32.16	q1, q5
.Ltmp78:
	@DEBUG_VALUE: vecAddAcrossF16Mve:tmpVec <- $q1
	.loc	5 103 10                        @ ../../../../Library/CMSIS/DSP/Include\arm_helium_utils.h:103:10
	vadd.f16	q1, q5, q1
.Ltmp79:
	@DEBUG_VALUE: vecAddAcrossF16Mve:in <- $q1
	.loc	5 104 28                        @ ../../../../Library/CMSIS/DSP/Include\arm_helium_utils.h:104:28
	vrev64.32	q2, q1
.Ltmp80:
	@DEBUG_VALUE: vecAddAcrossF16Mve:tmpVec <- $q2
	.loc	5 105 10                        @ ../../../../Library/CMSIS/DSP/Include\arm_helium_utils.h:105:10
	vadd.f16	q1, q1, q2
.Ltmp81:
	@DEBUG_VALUE: vecAddAcrossF16Mve:in <- $q1
	.loc	5 106 43                        @ ../../../../Library/CMSIS/DSP/Include\arm_helium_utils.h:106:43
	vadd.f16	s0, s0, s2
.Ltmp82:
	@DEBUG_VALUE: vecAddAcrossF16Mve:acc <- $s0
	.loc	5 0 43 is_stmt 0                @ ../../../../Library/CMSIS/DSP/Include\arm_helium_utils.h:0:43
	vmov.f16	s8, #-5.000000e-01
.Ltmp83:
	.loc	4 131 23 is_stmt 1              @ C:/Keil_v5/Packs/ARM/CMSIS-DSP/1.15.0/Source/BayesFunctions/arm_gaussian_naive_bayes_predict_f16.c:131:23
	vmul.f16	s0, s0, s8
.Ltmp84:
	@DEBUG_VALUE: arm_gaussian_naive_bayes_predict_f16:tmp <- $s0
	@DEBUG_VALUE: vecAddAcrossF16Mve:in <- undef
	.loc	5 106 43                        @ ../../../../Library/CMSIS/DSP/Include\arm_helium_utils.h:106:43
	vadd.f16	s2, s4, s6
.Ltmp85:
	@DEBUG_VALUE: vecAddAcrossF16Mve:acc <- $s2
	.loc	4 83 60                         @ C:/Keil_v5/Packs/ARM/CMSIS-DSP/1.15.0/Source/BayesFunctions/arm_gaussian_naive_bayes_predict_f16.c:83:60
	adds	r6, #1
.Ltmp86:
	@DEBUG_VALUE: arm_gaussian_naive_bayes_predict_f16:nbClass <- $r6
	.loc	4 134 55                        @ C:/Keil_v5/Packs/ARM/CMSIS-DSP/1.15.0/Source/BayesFunctions/arm_gaussian_naive_bayes_predict_f16.c:134:55
	adds	r7, r2, #2
.Ltmp87:
	@DEBUG_VALUE: arm_gaussian_naive_bayes_predict_f16:pLogPrior <- $r7
	.loc	4 132 13                        @ C:/Keil_v5/Packs/ARM/CMSIS-DSP/1.15.0/Source/BayesFunctions/arm_gaussian_naive_bayes_predict_f16.c:132:13
	vfma.f16	s0, s2, s8
.Ltmp88:
	@DEBUG_VALUE: arm_gaussian_naive_bayes_predict_f16:tmp <- $s0
	.loc	4 134 45                        @ C:/Keil_v5/Packs/ARM/CMSIS-DSP/1.15.0/Source/BayesFunctions/arm_gaussian_naive_bayes_predict_f16.c:134:45
	vldr.16	s2, [r2]
.Ltmp89:
	.loc	4 83 5                          @ C:/Keil_v5/Packs/ARM/CMSIS-DSP/1.15.0/Source/BayesFunctions/arm_gaussian_naive_bayes_predict_f16.c:83:5
	cmp	r6, r1
	mov	r9, r10
.Ltmp90:
	@DEBUG_VALUE: arm_gaussian_naive_bayes_predict_f16:pTheta <- $r9
	@DEBUG_VALUE: arm_gaussian_naive_bayes_predict_f16:pTheta <- $r9
	@DEBUG_VALUE: arm_gaussian_naive_bayes_predict_f16:pTheta <- $r9
	.loc	4 134 33                        @ C:/Keil_v5/Packs/ARM/CMSIS-DSP/1.15.0/Source/BayesFunctions/arm_gaussian_naive_bayes_predict_f16.c:134:33
	vadd.f16	s0, s2, s0
.Ltmp91:
	.loc	4 0 33 is_stmt 0                @ C:/Keil_v5/Packs/ARM/CMSIS-DSP/1.15.0/Source/BayesFunctions/arm_gaussian_naive_bayes_predict_f16.c:0:33
	vldrw.u32	q2, [sp, #392]          @ 16-byte Reload
	.loc	4 134 17                        @ C:/Keil_v5/Packs/ARM/CMSIS-DSP/1.15.0/Source/BayesFunctions/arm_gaussian_naive_bayes_predict_f16.c:134:17
	vstr.16	s0, [r11]
	.loc	4 135 15 is_stmt 1              @ C:/Keil_v5/Packs/ARM/CMSIS-DSP/1.15.0/Source/BayesFunctions/arm_gaussian_naive_bayes_predict_f16.c:135:15
	add.w	r11, r11, #2
.Ltmp92:
	@DEBUG_VALUE: arm_gaussian_naive_bayes_predict_f16:buffer <- $r11
	.loc	4 83 5                          @ C:/Keil_v5/Packs/ARM/CMSIS-DSP/1.15.0/Source/BayesFunctions/arm_gaussian_naive_bayes_predict_f16.c:83:5
	beq.w	.LBB0_11
.Ltmp93:
.LBB0_4:                                @ =>This Loop Header: Depth=1
                                        @     Child Loop BB0_7 Depth 2
	@DEBUG_VALUE: arm_gaussian_naive_bayes_predict_f16:in <- [DW_OP_plus_uconst 100] [$sp+0]
	@DEBUG_VALUE: arm_gaussian_naive_bayes_predict_f16:pOutputProbabilities <- [DW_OP_plus_uconst 4] [$sp+0]
	.loc	4 90 9                          @ C:/Keil_v5/Packs/ARM/CMSIS-DSP/1.15.0/Source/BayesFunctions/arm_gaussian_naive_bayes_predict_f16.c:90:9
	ldr	r2, [sp, #96]                   @ 4-byte Reload
	vmov.i32	q5, #0x0
.Ltmp94:
	@DEBUG_VALUE: blkCnt <- [DW_OP_plus_uconst 12] [$sp+0]
	@DEBUG_VALUE: arm_gaussian_naive_bayes_predict_f16:vacc1 <- $q5
	@DEBUG_VALUE: arm_gaussian_naive_bayes_predict_f16:vacc2 <- $q5
	@DEBUG_VALUE: arm_gaussian_naive_bayes_predict_f16:pSigma <- $r5
	@DEBUG_VALUE: arm_gaussian_naive_bayes_predict_f16:pTheta <- $r9
	@DEBUG_VALUE: arm_gaussian_naive_bayes_predict_f16:nbClass <- $r6
	@DEBUG_VALUE: arm_gaussian_naive_bayes_predict_f16:pLogPrior <- $r7
	@DEBUG_VALUE: arm_gaussian_naive_bayes_predict_f16:pIn <- [DW_OP_plus_uconst 100] [$sp+0]
	@DEBUG_VALUE: arm_gaussian_naive_bayes_predict_f16:buffer <- $r11
	cmp	r2, #8
	str	r7, [sp, #124]                  @ 4-byte Spill
.Ltmp95:
	@DEBUG_VALUE: arm_gaussian_naive_bayes_predict_f16:pLogPrior <- [DW_OP_plus_uconst 124] [$sp+0]
	@DEBUG_VALUE: arm_gaussian_naive_bayes_predict_f16:pLogPrior <- [DW_OP_plus_uconst 124] [$sp+0]
	bhs	.LBB0_6
.Ltmp96:
@ %bb.5:                                @   in Loop: Header=BB0_4 Depth=1
	@DEBUG_VALUE: arm_gaussian_naive_bayes_predict_f16:pLogPrior <- [DW_OP_plus_uconst 124] [$sp+0]
	@DEBUG_VALUE: arm_gaussian_naive_bayes_predict_f16:buffer <- $r11
	@DEBUG_VALUE: arm_gaussian_naive_bayes_predict_f16:pIn <- [DW_OP_plus_uconst 100] [$sp+0]
	@DEBUG_VALUE: arm_gaussian_naive_bayes_predict_f16:nbClass <- $r6
	@DEBUG_VALUE: arm_gaussian_naive_bayes_predict_f16:pTheta <- $r9
	@DEBUG_VALUE: arm_gaussian_naive_bayes_predict_f16:pSigma <- $r5
	@DEBUG_VALUE: arm_gaussian_naive_bayes_predict_f16:vacc2 <- $q5
	@DEBUG_VALUE: arm_gaussian_naive_bayes_predict_f16:vacc1 <- $q5
	@DEBUG_VALUE: blkCnt <- [DW_OP_plus_uconst 12] [$sp+0]
	@DEBUG_VALUE: arm_gaussian_naive_bayes_predict_f16:in <- [DW_OP_plus_uconst 100] [$sp+0]
	@DEBUG_VALUE: arm_gaussian_naive_bayes_predict_f16:pOutputProbabilities <- [DW_OP_plus_uconst 4] [$sp+0]
	.loc	4 0 9 is_stmt 0                 @ C:/Keil_v5/Packs/ARM/CMSIS-DSP/1.15.0/Source/BayesFunctions/arm_gaussian_naive_bayes_predict_f16.c:0:9
	ldr	r3, [sp, #100]                  @ 4-byte Reload
	mov	r7, r5
.Ltmp97:
	@DEBUG_VALUE: arm_gaussian_naive_bayes_predict_f16:pBufferB <- [DW_OP_LLVM_entry_value 1] $r3
	@DEBUG_VALUE: arm_gaussian_naive_bayes_predict_f16:pSigma <- $r7
	@DEBUG_VALUE: arm_gaussian_naive_bayes_predict_f16:pSigma <- $r7
	vstrw.32	q5, [sp, #408]                  @ 16-byte Spill
	mov	r10, r9
.Ltmp98:
	@DEBUG_VALUE: arm_gaussian_naive_bayes_predict_f16:pTheta <- $r10
	@DEBUG_VALUE: arm_gaussian_naive_bayes_predict_f16:pTheta <- $r10
	b	.LBB0_9
.Ltmp99:
	.p2align	2
.LBB0_6:                                @   in Loop: Header=BB0_4 Depth=1
	@DEBUG_VALUE: arm_gaussian_naive_bayes_predict_f16:pLogPrior <- [DW_OP_plus_uconst 124] [$sp+0]
	@DEBUG_VALUE: arm_gaussian_naive_bayes_predict_f16:buffer <- $r11
	@DEBUG_VALUE: arm_gaussian_naive_bayes_predict_f16:pIn <- [DW_OP_plus_uconst 100] [$sp+0]
	@DEBUG_VALUE: arm_gaussian_naive_bayes_predict_f16:nbClass <- $r6
	@DEBUG_VALUE: arm_gaussian_naive_bayes_predict_f16:pTheta <- $r9
	@DEBUG_VALUE: arm_gaussian_naive_bayes_predict_f16:pSigma <- $r5
	@DEBUG_VALUE: arm_gaussian_naive_bayes_predict_f16:vacc2 <- $q5
	@DEBUG_VALUE: arm_gaussian_naive_bayes_predict_f16:vacc1 <- $q5
	@DEBUG_VALUE: blkCnt <- [DW_OP_plus_uconst 12] [$sp+0]
	@DEBUG_VALUE: arm_gaussian_naive_bayes_predict_f16:in <- [DW_OP_plus_uconst 100] [$sp+0]
	@DEBUG_VALUE: arm_gaussian_naive_bayes_predict_f16:pOutputProbabilities <- [DW_OP_plus_uconst 4] [$sp+0]
	.loc	4 90 9                          @ C:/Keil_v5/Packs/ARM/CMSIS-DSP/1.15.0/Source/BayesFunctions/arm_gaussian_naive_bayes_predict_f16.c:90:9
	ldr	r2, [sp, #88]                   @ 4-byte Reload
	ldrh.w	r1, [lr, #20]
	add.w	r10, r9, r2
	ldr	r2, [sp, #12]                   @ 4-byte Reload
	vmov.i32	q5, #0x0
.Ltmp100:
	dls	lr, r2
	mov	r2, r5
	ldr	r3, [sp, #100]                  @ 4-byte Reload
	vstrw.32	q5, [sp, #408]                  @ 16-byte Spill
.Ltmp101:
	.p2align	2
.LBB0_7:                                @   Parent Loop BB0_4 Depth=1
                                        @ =>  This Inner Loop Header: Depth=2
	@DEBUG_VALUE: arm_gaussian_naive_bayes_predict_f16:pLogPrior <- [DW_OP_plus_uconst 124] [$sp+0]
	@DEBUG_VALUE: arm_gaussian_naive_bayes_predict_f16:buffer <- $r11
	@DEBUG_VALUE: arm_gaussian_naive_bayes_predict_f16:nbClass <- $r6
	@DEBUG_VALUE: arm_gaussian_naive_bayes_predict_f16:pTheta <- $r9
	@DEBUG_VALUE: arm_gaussian_naive_bayes_predict_f16:in <- [DW_OP_plus_uconst 100] [$sp+0]
	@DEBUG_VALUE: arm_gaussian_naive_bayes_predict_f16:pOutputProbabilities <- [DW_OP_plus_uconst 4] [$sp+0]
	@DEBUG_VALUE: arm_gaussian_naive_bayes_predict_f16:pIn <- $r3
	@DEBUG_VALUE: arm_gaussian_naive_bayes_predict_f16:pTheta <- $r9
	@DEBUG_VALUE: arm_gaussian_naive_bayes_predict_f16:pSigma <- $r2
	@DEBUG_VALUE: arm_gaussian_naive_bayes_predict_f16:vacc2 <- $q5
	@DEBUG_VALUE: arm_gaussian_naive_bayes_predict_f16:vacc1 <- [DW_OP_plus_uconst 408] [$sp+0]
	@DEBUG_VALUE: blkCnt <- undef
	.loc	4 93 34 is_stmt 1               @ C:/Keil_v5/Packs/ARM/CMSIS-DSP/1.15.0/Source/BayesFunctions/arm_gaussian_naive_bayes_predict_f16.c:93:34
	vldrh.u16	q0, [r2], #16
.Ltmp102:
	@DEBUG_VALUE: arm_gaussian_naive_bayes_predict_f16:vacc2 <- [DW_OP_plus_uconst 360] [$sp+0]
	.loc	4 93 22 is_stmt 0               @ C:/Keil_v5/Packs/ARM/CMSIS-DSP/1.15.0/Source/BayesFunctions/arm_gaussian_naive_bayes_predict_f16.c:93:22
	vadd.f16	q4, q0, r1
.Ltmp103:
	@DEBUG_VALUE: arm_gaussian_naive_bayes_predict_f16:vsigma <- $q4
	.loc	2 185 15 is_stmt 1              @ ../../../../Library/CMSIS/DSP/Include\arm_vec_math_f16.h:185:15
	vldrw.u32	q2, [sp, #392]          @ 16-byte Reload
.Ltmp104:
	.loc	4 94 44                         @ C:/Keil_v5/Packs/ARM/CMSIS-DSP/1.15.0/Source/BayesFunctions/arm_gaussian_naive_bayes_predict_f16.c:94:44
	vmul.f16	q1, q4, r4
	vstrw.32	q1, [sp, #344]                  @ 16-byte Spill
.Ltmp105:
	@DEBUG_VALUE: vlogq_f16:r <- $q1
	@DEBUG_VALUE: vlogq_f16:vecIn <- $q1
	.loc	2 168 5                         @ ../../../../Library/CMSIS/DSP/Include\arm_vec_math_f16.h:168:5
	vshr.s16	q0, q1, #10
.Ltmp106:
	@DEBUG_VALUE: vlogq_f16:n <- undef
	.loc	2 0 5 is_stmt 0                 @ ../../../../Library/CMSIS/DSP/Include\arm_vec_math_f16.h:0:5
	vstrw.32	q5, [sp, #360]                  @ 16-byte Spill
	.loc	2 168 5                         @ ../../../../Library/CMSIS/DSP/Include\arm_vec_math_f16.h:168:5
	vadd.i16	q0, q0, r0
.Ltmp107:
	@DEBUG_VALUE: vlogq_f16:n <- $q0
	.loc	2 0 5                           @ ../../../../Library/CMSIS/DSP/Include\arm_vec_math_f16.h:0:5
	vstrw.32	q0, [sp, #328]                  @ 16-byte Spill
.Ltmp108:
	@DEBUG_VALUE: vlogq_f16:n <- [DW_OP_plus_uconst 328] [$sp+0]
	@DEBUG_VALUE: vlogq_f16:n <- [DW_OP_plus_uconst 328] [$sp+0]
	.loc	2 168 5                         @ ../../../../Library/CMSIS/DSP/Include\arm_vec_math_f16.h:168:5
	vshl.i16	q0, q0, #10
	@DEBUG_VALUE: vlogq_f16:n <- [DW_OP_plus_uconst 328] [$sp+0]
.Ltmp109:
	@DEBUG_VALUE: vlogq_f16:n <- $q0
	.loc	2 190 15 is_stmt 1              @ ../../../../Library/CMSIS/DSP/Include\arm_vec_math_f16.h:190:15
	vldrw.u32	q5, [sp, #224]          @ 16-byte Reload
	.loc	2 168 5                         @ ../../../../Library/CMSIS/DSP/Include\arm_vec_math_f16.h:168:5
	vsub.i16	q6, q1, q0
.Ltmp110:
	@DEBUG_VALUE: vlogq_f16:vecTmpFlt1 <- $q6
	@DEBUG_VALUE: vlogq_f16:vecExpUnBiased <- [DW_OP_plus_uconst 328] [$sp+0]
	@DEBUG_VALUE: vlogq_f16:r <- $q6
	@DEBUG_VALUE: vlogq_f16:vecIn <- [DW_OP_plus_uconst 344] [$sp+0]
	.loc	2 175 15                        @ ../../../../Library/CMSIS/DSP/Include\arm_vec_math_f16.h:175:15
	vldrw.u32	q0, [sp, #272]          @ 16-byte Reload
.Ltmp111:
	vmov	q1, q7
	vfma.f16	q1, q6, q0
.Ltmp112:
	@DEBUG_VALUE: vlogq_f16:vecAcc1 <- [DW_OP_plus_uconst 288] [$sp+0]
	@DEBUG_VALUE: vlogq_f16:vecAcc0 <- $q1
	.loc	2 180 15                        @ ../../../../Library/CMSIS/DSP/Include\arm_vec_math_f16.h:180:15
	vmov	q7, q3
	vldrw.u32	q0, [sp, #240]          @ 16-byte Reload
	vfma.f16	q7, q6, q0
.Ltmp113:
	@DEBUG_VALUE: vlogq_f16:vecAcc2 <- [DW_OP_plus_uconst 392] [$sp+0]
	@DEBUG_VALUE: vlogq_f16:vecAcc1 <- $q7
	.loc	2 185 15                        @ ../../../../Library/CMSIS/DSP/Include\arm_vec_math_f16.h:185:15
	vldrw.u32	q0, [sp, #192]          @ 16-byte Reload
	vfma.f16	q2, q6, q0
.Ltmp114:
	@DEBUG_VALUE: vlogq_f16:vecAcc3 <- [DW_OP_plus_uconst 224] [$sp+0]
	@DEBUG_VALUE: vlogq_f16:vecAcc2 <- $q2
	.loc	2 190 15                        @ ../../../../Library/CMSIS/DSP/Include\arm_vec_math_f16.h:190:15
	vldrw.u32	q0, [sp, #208]          @ 16-byte Reload
	vfma.f16	q5, q6, q0
.Ltmp115:
	@DEBUG_VALUE: vlogq_f16:vecAcc3 <- $q5
	.loc	2 57 27                         @ ../../../../Library/CMSIS/DSP/Include\arm_vec_math_f16.h:57:27
	vldrw.u32	q3, [sp, #376]          @ 16-byte Reload
.Ltmp116:
	.loc	2 170 29                        @ ../../../../Library/CMSIS/DSP/Include\arm_vec_math_f16.h:170:29
	vmul.f16	q6, q6, q6
.Ltmp117:
	@DEBUG_VALUE: vlogq_f16:vecTmpFlt0 <- $q6
	@DEBUG_VALUE: vlogq_f16:vecAcc0 <- [DW_OP_plus_uconst 256] [$sp+0]
	.loc	2 0 29 is_stmt 0                @ ../../../../Library/CMSIS/DSP/Include\arm_vec_math_f16.h:0:29
	vstrw.32	q4, [sp, #312]                  @ 16-byte Spill
.Ltmp118:
	@DEBUG_VALUE: arm_gaussian_naive_bayes_predict_f16:vsigma <- [DW_OP_plus_uconst 312] [$sp+0]
	@DEBUG_VALUE: arm_gaussian_naive_bayes_predict_f16:vsigma <- [DW_OP_plus_uconst 312] [$sp+0]
	.loc	2 53 26 is_stmt 1               @ ../../../../Library/CMSIS/DSP/Include\arm_vec_math_f16.h:53:26
	vabs.f16	q0, q4
.Ltmp119:
	@DEBUG_VALUE: vrecip_medprec_f16:xinv <- $q0
	@DEBUG_VALUE: vrecip_medprec_f16:ax <- $q0
	@DEBUG_VALUE: arm_gaussian_naive_bayes_predict_f16:vsigma <- [DW_OP_plus_uconst 312] [$sp+0]
	.loc	2 57 27                         @ ../../../../Library/CMSIS/DSP/Include\arm_vec_math_f16.h:57:27
	vand	q4, q0, q3
.Ltmp120:
	.loc	2 194 15                        @ ../../../../Library/CMSIS/DSP/Include\arm_vec_math_f16.h:194:15
	vfma.f16	q1, q7, q6
.Ltmp121:
	@DEBUG_VALUE: vlogq_f16:vecAcc0 <- [DW_OP_plus_uconst 256] [$sp+0]
	@DEBUG_VALUE: vlogq_f16:vecExpUnBiased <- [DW_OP_plus_uconst 328] [$sp+0]
	@DEBUG_VALUE: vlogq_f16:n <- [DW_OP_plus_uconst 328] [$sp+0]
	@DEBUG_VALUE: vlogq_f16:vecIn <- [DW_OP_plus_uconst 344] [$sp+0]
	.loc	2 57 17                         @ ../../../../Library/CMSIS/DSP/Include\arm_vec_math_f16.h:57:17
	vldrw.u32	q7, [sp, #128]          @ 16-byte Reload
.Ltmp122:
	vsub.i16	q4, q7, q4
.Ltmp123:
	@DEBUG_VALUE: vrecip_medprec_f16:m <- $q4
	.loc	2 59 28                         @ ../../../../Library/CMSIS/DSP/Include\arm_vec_math_f16.h:59:28
	vldrw.u32	q7, [sp, #144]          @ 16-byte Reload
	.loc	2 58 21                         @ ../../../../Library/CMSIS/DSP/Include\arm_vec_math_f16.h:58:21
	vadd.i16	q3, q4, q0
.Ltmp124:
	.loc	2 198 15                        @ ../../../../Library/CMSIS/DSP/Include\arm_vec_math_f16.h:198:15
	vfma.f16	q2, q5, q6
.Ltmp125:
	@DEBUG_VALUE: vlogq_f16:vecAcc2 <- $q2
	@DEBUG_VALUE: vlogq_f16:vecAcc0 <- $q1
	@DEBUG_VALUE: vlogq_f16:vecExpUnBiased <- [DW_OP_plus_uconst 328] [$sp+0]
	@DEBUG_VALUE: vlogq_f16:n <- [DW_OP_plus_uconst 328] [$sp+0]
	@DEBUG_VALUE: vlogq_f16:vecIn <- [DW_OP_plus_uconst 344] [$sp+0]
	.loc	2 0 15 is_stmt 0                @ ../../../../Library/CMSIS/DSP/Include\arm_vec_math_f16.h:0:15
	vldrw.u32	q5, [sp, #312]          @ 16-byte Reload
.Ltmp126:
	@DEBUG_VALUE: arm_gaussian_naive_bayes_predict_f16:vsigma <- $q5
	.loc	2 59 28 is_stmt 1               @ ../../../../Library/CMSIS/DSP/Include\arm_vec_math_f16.h:59:28
	vfma.f16	q7, q3, r12
.Ltmp127:
	@DEBUG_VALUE: vrecip_medprec_f16:xinv <- $q7
	.loc	2 202 29                        @ ../../../../Library/CMSIS/DSP/Include\arm_vec_math_f16.h:202:29
	vmul.f16	q3, q6, q6
	@DEBUG_VALUE: vlogq_f16:vecExpUnBiased <- [DW_OP_plus_uconst 328] [$sp+0]
	@DEBUG_VALUE: vlogq_f16:n <- [DW_OP_plus_uconst 328] [$sp+0]
	@DEBUG_VALUE: vlogq_f16:vecIn <- [DW_OP_plus_uconst 344] [$sp+0]
	vldrw.u32	q6, [sp, #160]          @ 16-byte Reload
.Ltmp128:
	.loc	2 207 15                        @ ../../../../Library/CMSIS/DSP/Include\arm_vec_math_f16.h:207:15
	vfma.f16	q1, q2, q3
.Ltmp129:
	@DEBUG_VALUE: vlogq_f16:vecAcc0 <- $q1
	.loc	2 60 21                         @ ../../../../Library/CMSIS/DSP/Include\arm_vec_math_f16.h:60:21
	vadd.i16	q2, q4, q7
.Ltmp130:
	.loc	2 71 49                         @ ../../../../Library/CMSIS/DSP/Include\arm_vec_math_f16.h:71:49
	vcmp.f16	eq, q5, zr
	.loc	2 62 16                         @ ../../../../Library/CMSIS/DSP/Include\arm_vec_math_f16.h:62:16
	vmov	q3, q6
	vfms.f16	q3, q2, q0
.Ltmp131:
	@DEBUG_VALUE: vrecip_medprec_f16:b <- $q3
	.loc	2 0 16 is_stmt 0                @ ../../../../Library/CMSIS/DSP/Include\arm_vec_math_f16.h:0:16
	vldrw.u32	q7, [sp, #256]          @ 16-byte Reload
.Ltmp132:
	.loc	2 63 21 is_stmt 1               @ ../../../../Library/CMSIS/DSP/Include\arm_vec_math_f16.h:63:21
	vmul.f16	q2, q3, q2
.Ltmp133:
	@DEBUG_VALUE: vrecip_medprec_f16:xinv <- $q2
	.loc	2 65 16                         @ ../../../../Library/CMSIS/DSP/Include\arm_vec_math_f16.h:65:16
	vmov	q3, q6
.Ltmp134:
	vfms.f16	q3, q2, q0
.Ltmp135:
	@DEBUG_VALUE: vrecip_medprec_f16:b <- $q3
	.loc	2 66 21                         @ ../../../../Library/CMSIS/DSP/Include\arm_vec_math_f16.h:66:21
	vmul.f16	q2, q2, q3
.Ltmp136:
	@DEBUG_VALUE: vrecip_medprec_f16:xinv <- $q2
	.loc	2 68 16                         @ ../../../../Library/CMSIS/DSP/Include\arm_vec_math_f16.h:68:16
	vmov	q3, q6
.Ltmp137:
	vfms.f16	q3, q2, q0
.Ltmp138:
	@DEBUG_VALUE: vrecip_medprec_f16:b <- $q3
	.loc	4 98 26                         @ C:/Keil_v5/Packs/ARM/CMSIS-DSP/1.15.0/Source/BayesFunctions/arm_gaussian_naive_bayes_predict_f16.c:98:26
	vldrh.u16	q0, [r3], #16
.Ltmp139:
	.loc	2 69 21                         @ ../../../../Library/CMSIS/DSP/Include\arm_vec_math_f16.h:69:21
	vmul.f16	q2, q2, q3
.Ltmp140:
	@DEBUG_VALUE: vrecip_medprec_f16:xinv <- $q2
	.loc	4 98 38                         @ C:/Keil_v5/Packs/ARM/CMSIS-DSP/1.15.0/Source/BayesFunctions/arm_gaussian_naive_bayes_predict_f16.c:98:38
	vldrh.u16	q3, [r9], #16
.Ltmp141:
	.loc	4 98 20 is_stmt 0               @ C:/Keil_v5/Packs/ARM/CMSIS-DSP/1.15.0/Source/BayesFunctions/arm_gaussian_naive_bayes_predict_f16.c:98:20
	vsub.f16	q0, q0, q3
.Ltmp142:
	@DEBUG_VALUE: vtmp <- $q0
	.loc	4 0 20                          @ C:/Keil_v5/Packs/ARM/CMSIS-DSP/1.15.0/Source/BayesFunctions/arm_gaussian_naive_bayes_predict_f16.c:0:20
	vldrw.u32	q3, [sp, #288]          @ 16-byte Reload
	.loc	4 100 20 is_stmt 1              @ C:/Keil_v5/Packs/ARM/CMSIS-DSP/1.15.0/Source/BayesFunctions/arm_gaussian_naive_bayes_predict_f16.c:100:20
	vmul.f16	q0, q0, q0
.Ltmp143:
	@DEBUG_VALUE: vtmp <- $q0
	.loc	4 0 20 is_stmt 0                @ C:/Keil_v5/Packs/ARM/CMSIS-DSP/1.15.0/Source/BayesFunctions/arm_gaussian_naive_bayes_predict_f16.c:0:20
	vstr	p0, [sp, #308]                  @ 4-byte Spill
.Ltmp144:
	.loc	2 75 38 is_stmt 1               @ ../../../../Library/CMSIS/DSP/Include\arm_vec_math_f16.h:75:38
	vcmp.f16	lt, q5, zr
	vstr	p0, [sp, #312]                  @ 4-byte Spill
	vldrw.u32	q5, [sp, #360]          @ 16-byte Reload
.Ltmp145:
	@DEBUG_VALUE: arm_gaussian_naive_bayes_predict_f16:vacc2 <- $q5
	.loc	2 71 14                         @ ../../../../Library/CMSIS/DSP/Include\arm_vec_math_f16.h:71:14
	vldrw.u32	q4, [sp, #376]          @ 16-byte Reload
.Ltmp146:
	vldr	p0, [sp, #308]                  @ 4-byte Reload
	vpsel	q2, q4, q2
.Ltmp147:
	@DEBUG_VALUE: vrecip_medprec_f16:xinv <- $q2
	.loc	2 75 14                         @ ../../../../Library/CMSIS/DSP/Include\arm_vec_math_f16.h:75:14
	vldr	p0, [sp, #312]                  @ 4-byte Reload
	vpst	
	vnegt.f16	q2, q2
.Ltmp148:
	@DEBUG_VALUE: vinvSigma <- $q2
	@DEBUG_VALUE: vrecip_medprec_f16:xinv <- $q2
	.loc	4 102 21                        @ C:/Keil_v5/Packs/ARM/CMSIS-DSP/1.15.0/Source/BayesFunctions/arm_gaussian_naive_bayes_predict_f16.c:102:21
	vfma.f16	q5, q0, q2
.Ltmp149:
	@DEBUG_VALUE: arm_gaussian_naive_bayes_predict_f16:vacc2 <- $q5
	@DEBUG_VALUE: arm_gaussian_naive_bayes_predict_f16:pSigma <- $r2
	@DEBUG_VALUE: arm_gaussian_naive_bayes_predict_f16:pTheta <- $r9
	@DEBUG_VALUE: arm_gaussian_naive_bayes_predict_f16:pIn <- $r3
	.loc	2 203 25                        @ ../../../../Library/CMSIS/DSP/Include\arm_vec_math_f16.h:203:25
	vldrw.u32	q0, [sp, #328]          @ 16-byte Reload
.Ltmp150:
	vcvt.f16.s16	q0, q0
.Ltmp151:
	@DEBUG_VALUE: vlogq_f16:vecExpUnBiasedFlt <- $q0
	@DEBUG_VALUE: vlogq_f16:vecExpUnBiased <- $q0
	@DEBUG_VALUE: vlogq_f16:n <- $q0
	@DEBUG_VALUE: vlogq_f16:vecIn <- [DW_OP_plus_uconst 344] [$sp+0]
	.loc	2 0 25 is_stmt 0                @ ../../../../Library/CMSIS/DSP/Include\arm_vec_math_f16.h:0:25
	vldrw.u32	q2, [sp, #392]          @ 16-byte Reload
.Ltmp152:
	.loc	2 212 15 is_stmt 1              @ ../../../../Library/CMSIS/DSP/Include\arm_vec_math_f16.h:212:15
	vfma.f16	q1, q0, r8
.Ltmp153:
	@DEBUG_VALUE: vlogq_f16:vecAcc0 <- $q1
	.loc	2 214 62                        @ ../../../../Library/CMSIS/DSP/Include\arm_vec_math_f16.h:214:62
	vldrw.u32	q0, [sp, #344]          @ 16-byte Reload
.Ltmp154:
	@DEBUG_VALUE: vlogq_f16:vecIn <- $q0
	vcmp.f16	eq, q0, zr
	.loc	2 214 15 is_stmt 0              @ ../../../../Library/CMSIS/DSP/Include\arm_vec_math_f16.h:214:15
	vldrw.u32	q0, [sp, #176]          @ 16-byte Reload
.Ltmp155:
	vpsel	q0, q0, q1
.Ltmp156:
	@DEBUG_VALUE: vlogq_f16:vecAcc0 <- $q0
	.loc	4 94 21 is_stmt 1               @ C:/Keil_v5/Packs/ARM/CMSIS-DSP/1.15.0/Source/BayesFunctions/arm_gaussian_naive_bayes_predict_f16.c:94:21
	vldrw.u32	q1, [sp, #408]          @ 16-byte Reload
.Ltmp157:
	@DEBUG_VALUE: arm_gaussian_naive_bayes_predict_f16:vacc1 <- $q1
	vadd.f16	q1, q1, q0
.Ltmp158:
	@DEBUG_VALUE: vrecip_medprec_f16:x <- undef
	@DEBUG_VALUE: arm_gaussian_naive_bayes_predict_f16:vacc1 <- $q1
	.loc	4 0 21 is_stmt 0                @ C:/Keil_v5/Packs/ARM/CMSIS-DSP/1.15.0/Source/BayesFunctions/arm_gaussian_naive_bayes_predict_f16.c:0:21
	vstrw.32	q1, [sp, #408]                  @ 16-byte Spill
.Ltmp159:
	@DEBUG_VALUE: arm_gaussian_naive_bayes_predict_f16:vacc1 <- [DW_OP_plus_uconst 408] [$sp+0]
	@DEBUG_VALUE: arm_gaussian_naive_bayes_predict_f16:vacc1 <- [DW_OP_plus_uconst 408] [$sp+0]
	@DEBUG_VALUE: arm_gaussian_naive_bayes_predict_f16:vacc1 <- [DW_OP_plus_uconst 408] [$sp+0]
	.loc	4 90 9 is_stmt 1                @ C:/Keil_v5/Packs/ARM/CMSIS-DSP/1.15.0/Source/BayesFunctions/arm_gaussian_naive_bayes_predict_f16.c:90:9
	le	lr, .LBB0_7
.Ltmp160:
@ %bb.8:                                @   in Loop: Header=BB0_4 Depth=1
	@DEBUG_VALUE: arm_gaussian_naive_bayes_predict_f16:vacc1 <- [DW_OP_plus_uconst 408] [$sp+0]
	@DEBUG_VALUE: arm_gaussian_naive_bayes_predict_f16:pSigma <- $r2
	@DEBUG_VALUE: arm_gaussian_naive_bayes_predict_f16:pIn <- $r3
	@DEBUG_VALUE: arm_gaussian_naive_bayes_predict_f16:pLogPrior <- [DW_OP_plus_uconst 124] [$sp+0]
	@DEBUG_VALUE: arm_gaussian_naive_bayes_predict_f16:buffer <- $r11
	@DEBUG_VALUE: arm_gaussian_naive_bayes_predict_f16:nbClass <- $r6
	@DEBUG_VALUE: arm_gaussian_naive_bayes_predict_f16:pTheta <- $r9
	@DEBUG_VALUE: arm_gaussian_naive_bayes_predict_f16:vacc2 <- $q5
	@DEBUG_VALUE: arm_gaussian_naive_bayes_predict_f16:in <- [DW_OP_plus_uconst 100] [$sp+0]
	@DEBUG_VALUE: arm_gaussian_naive_bayes_predict_f16:pOutputProbabilities <- [DW_OP_plus_uconst 4] [$sp+0]
	ldr	r1, [sp, #88]                   @ 4-byte Reload
	ldr	r3, [sp, #8]                    @ 4-byte Reload
.Ltmp161:
	adds	r7, r5, r1
.Ltmp162:
	@DEBUG_VALUE: arm_gaussian_naive_bayes_predict_f16:pBufferB <- [DW_OP_LLVM_entry_value 1] $r3
	.loc	4 0 9 is_stmt 0                 @ C:/Keil_v5/Packs/ARM/CMSIS-DSP/1.15.0/Source/BayesFunctions/arm_gaussian_naive_bayes_predict_f16.c:0:9
	ldrd	r1, lr, [sp, #16]               @ 8-byte Folded Reload
	vldrw.u32	q6, [sp, #272]          @ 16-byte Reload
.Ltmp163:
.LBB0_9:                                @   in Loop: Header=BB0_4 Depth=1
	@DEBUG_VALUE: arm_gaussian_naive_bayes_predict_f16:pLogPrior <- [DW_OP_plus_uconst 124] [$sp+0]
	@DEBUG_VALUE: arm_gaussian_naive_bayes_predict_f16:buffer <- $r11
	@DEBUG_VALUE: arm_gaussian_naive_bayes_predict_f16:nbClass <- $r6
	@DEBUG_VALUE: arm_gaussian_naive_bayes_predict_f16:vacc2 <- $q5
	@DEBUG_VALUE: arm_gaussian_naive_bayes_predict_f16:in <- [DW_OP_plus_uconst 100] [$sp+0]
	@DEBUG_VALUE: arm_gaussian_naive_bayes_predict_f16:pOutputProbabilities <- [DW_OP_plus_uconst 4] [$sp+0]
	ldr	r5, [sp, #92]                   @ 4-byte Reload
.Ltmp164:
	@DEBUG_VALUE: blkCnt <- [DW_OP_plus_uconst 92] [$sp+0]
	.loc	4 111 13 is_stmt 1              @ C:/Keil_v5/Packs/ARM/CMSIS-DSP/1.15.0/Source/BayesFunctions/arm_gaussian_naive_bayes_predict_f16.c:111:13
	cmp	r5, #0
	bne.w	.LBB0_2
.Ltmp165:
@ %bb.10:                               @   in Loop: Header=BB0_4 Depth=1
	@DEBUG_VALUE: blkCnt <- [DW_OP_plus_uconst 92] [$sp+0]
	@DEBUG_VALUE: arm_gaussian_naive_bayes_predict_f16:pLogPrior <- [DW_OP_plus_uconst 124] [$sp+0]
	@DEBUG_VALUE: arm_gaussian_naive_bayes_predict_f16:buffer <- $r11
	@DEBUG_VALUE: arm_gaussian_naive_bayes_predict_f16:nbClass <- $r6
	@DEBUG_VALUE: arm_gaussian_naive_bayes_predict_f16:vacc2 <- $q5
	@DEBUG_VALUE: arm_gaussian_naive_bayes_predict_f16:in <- [DW_OP_plus_uconst 100] [$sp+0]
	@DEBUG_VALUE: arm_gaussian_naive_bayes_predict_f16:pOutputProbabilities <- [DW_OP_plus_uconst 4] [$sp+0]
	.loc	4 0 13 is_stmt 0                @ C:/Keil_v5/Packs/ARM/CMSIS-DSP/1.15.0/Source/BayesFunctions/arm_gaussian_naive_bayes_predict_f16.c:0:13
	ldr	r2, [sp, #124]                  @ 4-byte Reload
.Ltmp166:
	@DEBUG_VALUE: arm_gaussian_naive_bayes_predict_f16:pLogPrior <- $r2
	@DEBUG_VALUE: arm_gaussian_naive_bayes_predict_f16:pLogPrior <- $r2
	mov	r5, r7
	vldrw.u32	q1, [sp, #408]          @ 16-byte Reload
	b	.LBB0_3
.Ltmp167:
.LBB0_11:
	@DEBUG_VALUE: arm_gaussian_naive_bayes_predict_f16:in <- [DW_OP_plus_uconst 100] [$sp+0]
	@DEBUG_VALUE: arm_gaussian_naive_bayes_predict_f16:pOutputProbabilities <- [DW_OP_plus_uconst 4] [$sp+0]
	.loc	4 138 5 is_stmt 1               @ C:/Keil_v5/Packs/ARM/CMSIS-DSP/1.15.0/Source/BayesFunctions/arm_gaussian_naive_bayes_predict_f16.c:138:5
	ldr	r0, [sp, #4]                    @ 4-byte Reload
	add.w	r2, sp, #430
	add	r3, sp, #424
	bl	arm_max_f16
.Ltmp168:
	.loc	4 140 13                        @ C:/Keil_v5/Packs/ARM/CMSIS-DSP/1.15.0/Source/BayesFunctions/arm_gaussian_naive_bayes_predict_f16.c:140:13
	ldr	r0, [sp, #424]
	.loc	4 140 5 epilogue_begin is_stmt 0 @ C:/Keil_v5/Packs/ARM/CMSIS-DSP/1.15.0/Source/BayesFunctions/arm_gaussian_naive_bayes_predict_f16.c:140:5
	add	sp, #432
	vpop	{d8, d9, d10, d11, d12, d13, d14, d15}
	add	sp, #4
	pop.w	{r4, r5, r6, r7, r8, r9, r10, r11, pc}
.Ltmp169:
.Lfunc_end0:
	.size	arm_gaussian_naive_bayes_predict_f16, .Lfunc_end0-arm_gaussian_naive_bayes_predict_f16
	.cfi_endproc
	.file	6 "C:\\Users\\rohankoshy\\Downloads\\en-us--M55M1_Series_BSP_CMSIS_V3.01.003\\SampleCode\\NuEdgeWise\\PoseLandmark_YOLOv8n\\KEIL" "../../../../Library/CMSIS/DSP/Include\\arm_math_types_f16.h"
	.file	7 "C:\\Users\\rohankoshy\\Downloads\\en-us--M55M1_Series_BSP_CMSIS_V3.01.003\\SampleCode\\NuEdgeWise\\PoseLandmark_YOLOv8n\\KEIL" "../../../../Library/CMSIS/DSP/Include/arm_math_types.h"
	.cantunwind
	.fnend
                                        @ -- End function
	.file	8 "C:\\Users\\rohankoshy\\Downloads\\en-us--M55M1_Series_BSP_CMSIS_V3.01.003\\SampleCode\\NuEdgeWise\\PoseLandmark_YOLOv8n\\KEIL" "../../../../Library/CMSIS/DSP/Include\\dsp/bayes_functions_f16.h"
	.section	.debug_loc,"",%progbits
.Ldebug_loc0:
	.long	.Lfunc_begin0-.Lfunc_begin0
	.long	.Ltmp1-.Lfunc_begin0
	.short	1                               @ Loc expr size
	.byte	80                              @ DW_OP_reg0
	.long	.Ltmp1-.Lfunc_begin0
	.long	.Ltmp8-.Lfunc_begin0
	.short	1                               @ Loc expr size
	.byte	84                              @ DW_OP_reg4
	.long	.Ltmp8-.Lfunc_begin0
	.long	.Ltmp11-.Lfunc_begin0
	.short	1                               @ Loc expr size
	.byte	94                              @ DW_OP_reg14
	.long	0
	.long	0
.Ldebug_loc1:
	.long	.Lfunc_begin0-.Lfunc_begin0
	.long	.Ltmp4-.Lfunc_begin0
	.short	1                               @ Loc expr size
	.byte	81                              @ DW_OP_reg1
	.long	.Ltmp4-.Lfunc_begin0
	.long	.Lfunc_end0-.Lfunc_begin0
	.short	3                               @ Loc expr size
	.byte	125                             @ DW_OP_breg13
	.byte	228                             @ 100
	.byte	0                               @ 
	.long	0
	.long	0
.Ldebug_loc2:
	.long	.Lfunc_begin0-.Lfunc_begin0
	.long	.Ltmp0-.Lfunc_begin0
	.short	1                               @ Loc expr size
	.byte	82                              @ DW_OP_reg2
	.long	.Ltmp0-.Lfunc_begin0
	.long	.Lfunc_end0-.Lfunc_begin0
	.short	2                               @ Loc expr size
	.byte	125                             @ DW_OP_breg13
	.byte	4                               @ 4
	.long	0
	.long	0
.Ldebug_loc3:
	.long	.Lfunc_begin0-.Lfunc_begin0
	.long	.Ltmp3-.Lfunc_begin0
	.short	1                               @ Loc expr size
	.byte	83                              @ DW_OP_reg3
	.long	.Ltmp3-.Lfunc_begin0
	.long	.Ltmp11-.Lfunc_begin0
	.short	1                               @ Loc expr size
	.byte	87                              @ DW_OP_reg7
	.long	.Ltmp97-.Lfunc_begin0
	.long	.Ltmp99-.Lfunc_begin0
	.short	4                               @ Loc expr size
	.byte	243                             @ DW_OP_GNU_entry_value
	.byte	1                               @ 1
	.byte	83                              @ DW_OP_reg3
	.byte	159                             @ DW_OP_stack_value
	.long	.Ltmp162-.Lfunc_begin0
	.long	.Ltmp163-.Lfunc_begin0
	.short	4                               @ Loc expr size
	.byte	243                             @ DW_OP_GNU_entry_value
	.byte	1                               @ 1
	.byte	83                              @ DW_OP_reg3
	.byte	159                             @ DW_OP_stack_value
	.long	0
	.long	0
.Ldebug_loc4:
	.long	.Ltmp94-.Lfunc_begin0
	.long	.Ltmp101-.Lfunc_begin0
	.short	3                               @ Loc expr size
	.byte	125                             @ DW_OP_breg13
	.byte	228                             @ 100
	.byte	0                               @ 
	.long	.Ltmp101-.Lfunc_begin0
	.long	.Ltmp139-.Lfunc_begin0
	.short	1                               @ Loc expr size
	.byte	83                              @ DW_OP_reg3
	.long	.Ltmp149-.Lfunc_begin0
	.long	.Ltmp161-.Lfunc_begin0
	.short	1                               @ Loc expr size
	.byte	83                              @ DW_OP_reg3
	.long	0
	.long	0
.Ldebug_loc5:
	.long	.Ltmp11-.Lfunc_begin0
	.long	.Ltmp93-.Lfunc_begin0
	.short	1                               @ Loc expr size
	.byte	91                              @ DW_OP_reg11
	.long	.Ltmp94-.Lfunc_begin0
	.long	.Ltmp167-.Lfunc_begin0
	.short	1                               @ Loc expr size
	.byte	91                              @ DW_OP_reg11
	.long	0
	.long	0
.Ldebug_loc6:
	.long	.Ltmp2-.Lfunc_begin0
	.long	.Ltmp3-.Lfunc_begin0
	.short	1                               @ Loc expr size
	.byte	87                              @ DW_OP_reg7
	.long	.Ltmp11-.Lfunc_begin0
	.long	.Ltmp73-.Lfunc_begin0
	.short	3                               @ Loc expr size
	.byte	125                             @ DW_OP_breg13
	.byte	252                             @ 124
	.byte	0                               @ 
	.long	.Ltmp73-.Lfunc_begin0
	.long	.Ltmp87-.Lfunc_begin0
	.short	1                               @ Loc expr size
	.byte	82                              @ DW_OP_reg2
	.long	.Ltmp87-.Lfunc_begin0
	.long	.Ltmp93-.Lfunc_begin0
	.short	1                               @ Loc expr size
	.byte	87                              @ DW_OP_reg7
	.long	.Ltmp94-.Lfunc_begin0
	.long	.Ltmp95-.Lfunc_begin0
	.short	1                               @ Loc expr size
	.byte	87                              @ DW_OP_reg7
	.long	.Ltmp95-.Lfunc_begin0
	.long	.Ltmp166-.Lfunc_begin0
	.short	3                               @ Loc expr size
	.byte	125                             @ DW_OP_breg13
	.byte	252                             @ 124
	.byte	0                               @ 
	.long	.Ltmp166-.Lfunc_begin0
	.long	.Ltmp167-.Lfunc_begin0
	.short	1                               @ Loc expr size
	.byte	82                              @ DW_OP_reg2
	.long	0
	.long	0
.Ldebug_loc7:
	.long	.Ltmp2-.Lfunc_begin0
	.long	.Ltmp3-.Lfunc_begin0
	.short	1                               @ Loc expr size
	.byte	87                              @ DW_OP_reg7
	.long	0
	.long	0
.Ldebug_loc8:
	.long	.Ltmp5-.Lfunc_begin0
	.long	.Ltmp11-.Lfunc_begin0
	.short	2                               @ Loc expr size
	.byte	48                              @ DW_OP_lit0
	.byte	159                             @ DW_OP_stack_value
	.long	.Ltmp11-.Lfunc_begin0
	.long	.Ltmp93-.Lfunc_begin0
	.short	1                               @ Loc expr size
	.byte	86                              @ DW_OP_reg6
	.long	.Ltmp94-.Lfunc_begin0
	.long	.Ltmp167-.Lfunc_begin0
	.short	1                               @ Loc expr size
	.byte	86                              @ DW_OP_reg6
	.long	0
	.long	0
.Ldebug_loc9:
	.long	.Ltmp72-.Lfunc_begin0
	.long	.Ltmp93-.Lfunc_begin0
	.short	1                               @ Loc expr size
	.byte	85                              @ DW_OP_reg5
	.long	.Ltmp94-.Lfunc_begin0
	.long	.Ltmp97-.Lfunc_begin0
	.short	1                               @ Loc expr size
	.byte	85                              @ DW_OP_reg5
	.long	.Ltmp97-.Lfunc_begin0
	.long	.Ltmp99-.Lfunc_begin0
	.short	1                               @ Loc expr size
	.byte	87                              @ DW_OP_reg7
	.long	.Ltmp99-.Lfunc_begin0
	.long	.Ltmp101-.Lfunc_begin0
	.short	1                               @ Loc expr size
	.byte	85                              @ DW_OP_reg5
	.long	.Ltmp101-.Lfunc_begin0
	.long	.Ltmp102-.Lfunc_begin0
	.short	1                               @ Loc expr size
	.byte	82                              @ DW_OP_reg2
	.long	.Ltmp149-.Lfunc_begin0
	.long	.Ltmp163-.Lfunc_begin0
	.short	1                               @ Loc expr size
	.byte	82                              @ DW_OP_reg2
	.long	0
	.long	0
.Ldebug_loc10:
	.long	.Ltmp71-.Lfunc_begin0
	.long	.Ltmp90-.Lfunc_begin0
	.short	1                               @ Loc expr size
	.byte	90                              @ DW_OP_reg10
	.long	.Ltmp90-.Lfunc_begin0
	.long	.Ltmp93-.Lfunc_begin0
	.short	1                               @ Loc expr size
	.byte	89                              @ DW_OP_reg9
	.long	.Ltmp94-.Lfunc_begin0
	.long	.Ltmp98-.Lfunc_begin0
	.short	1                               @ Loc expr size
	.byte	89                              @ DW_OP_reg9
	.long	.Ltmp98-.Lfunc_begin0
	.long	.Ltmp99-.Lfunc_begin0
	.short	1                               @ Loc expr size
	.byte	90                              @ DW_OP_reg10
	.long	.Ltmp99-.Lfunc_begin0
	.long	.Ltmp141-.Lfunc_begin0
	.short	1                               @ Loc expr size
	.byte	89                              @ DW_OP_reg9
	.long	.Ltmp149-.Lfunc_begin0
	.long	.Ltmp163-.Lfunc_begin0
	.short	1                               @ Loc expr size
	.byte	89                              @ DW_OP_reg9
	.long	0
	.long	0
.Ldebug_loc11:
	.long	.Ltmp11-.Lfunc_begin0
	.long	.Ltmp93-.Lfunc_begin0
	.short	3                               @ Loc expr size
	.byte	125                             @ DW_OP_breg13
	.byte	220                             @ 92
	.byte	0                               @ 
	.long	.Ltmp94-.Lfunc_begin0
	.long	.Ltmp101-.Lfunc_begin0
	.short	2                               @ Loc expr size
	.byte	125                             @ DW_OP_breg13
	.byte	12                              @ 12
	.long	.Ltmp164-.Lfunc_begin0
	.long	.Ltmp165-.Lfunc_begin0
	.short	3                               @ Loc expr size
	.byte	125                             @ DW_OP_breg13
	.byte	220                             @ 92
	.byte	0                               @ 
	.long	0
	.long	0
.Ldebug_loc12:
	.long	.Ltmp11-.Lfunc_begin0
	.long	.Ltmp32-.Lfunc_begin0
	.short	10                              @ Loc expr size
	.byte	144                             @ sub-register DW_OP_regx
	.byte	138                             @ 266
	.byte	2                               @ 
	.byte	147                             @ DW_OP_piece
	.byte	8                               @ 8
	.byte	144                             @ sub-register DW_OP_regx
	.byte	139                             @ 267
	.byte	2                               @ 
	.byte	147                             @ DW_OP_piece
	.byte	8                               @ 8
	.long	.Ltmp68-.Lfunc_begin0
	.long	.Ltmp93-.Lfunc_begin0
	.short	10                              @ Loc expr size
	.byte	144                             @ sub-register DW_OP_regx
	.byte	138                             @ 266
	.byte	2                               @ 
	.byte	147                             @ DW_OP_piece
	.byte	8                               @ 8
	.byte	144                             @ sub-register DW_OP_regx
	.byte	139                             @ 267
	.byte	2                               @ 
	.byte	147                             @ DW_OP_piece
	.byte	8                               @ 8
	.long	.Ltmp94-.Lfunc_begin0
	.long	.Ltmp100-.Lfunc_begin0
	.short	10                              @ Loc expr size
	.byte	144                             @ sub-register DW_OP_regx
	.byte	138                             @ 266
	.byte	2                               @ 
	.byte	147                             @ DW_OP_piece
	.byte	8                               @ 8
	.byte	144                             @ sub-register DW_OP_regx
	.byte	139                             @ 267
	.byte	2                               @ 
	.byte	147                             @ DW_OP_piece
	.byte	8                               @ 8
	.long	.Ltmp101-.Lfunc_begin0
	.long	.Ltmp102-.Lfunc_begin0
	.short	10                              @ Loc expr size
	.byte	144                             @ sub-register DW_OP_regx
	.byte	138                             @ 266
	.byte	2                               @ 
	.byte	147                             @ DW_OP_piece
	.byte	8                               @ 8
	.byte	144                             @ sub-register DW_OP_regx
	.byte	139                             @ 267
	.byte	2                               @ 
	.byte	147                             @ DW_OP_piece
	.byte	8                               @ 8
	.long	.Ltmp102-.Lfunc_begin0
	.long	.Ltmp145-.Lfunc_begin0
	.short	3                               @ Loc expr size
	.byte	125                             @ DW_OP_breg13
	.byte	232                             @ 360
	.byte	2                               @ 
	.long	.Ltmp145-.Lfunc_begin0
	.long	.Ltmp167-.Lfunc_begin0
	.short	10                              @ Loc expr size
	.byte	144                             @ sub-register DW_OP_regx
	.byte	138                             @ 266
	.byte	2                               @ 
	.byte	147                             @ DW_OP_piece
	.byte	8                               @ 8
	.byte	144                             @ sub-register DW_OP_regx
	.byte	139                             @ 267
	.byte	2                               @ 
	.byte	147                             @ DW_OP_piece
	.byte	8                               @ 8
	.long	0
	.long	0
.Ldebug_loc13:
	.long	.Ltmp12-.Lfunc_begin0
	.long	.Ltmp27-.Lfunc_begin0
	.short	10                              @ Loc expr size
	.byte	144                             @ sub-register DW_OP_regx
	.byte	136                             @ 264
	.byte	2                               @ 
	.byte	147                             @ DW_OP_piece
	.byte	8                               @ 8
	.byte	144                             @ sub-register DW_OP_regx
	.byte	137                             @ 265
	.byte	2                               @ 
	.byte	147                             @ DW_OP_piece
	.byte	8                               @ 8
	.long	.Ltmp27-.Lfunc_begin0
	.long	.Ltmp51-.Lfunc_begin0
	.short	3                               @ Loc expr size
	.byte	125                             @ DW_OP_breg13
	.byte	200                             @ 328
	.byte	2                               @ 
	.long	.Ltmp51-.Lfunc_begin0
	.long	.Ltmp55-.Lfunc_begin0
	.short	10                              @ Loc expr size
	.byte	144                             @ sub-register DW_OP_regx
	.byte	128                             @ 256
	.byte	2                               @ 
	.byte	147                             @ DW_OP_piece
	.byte	8                               @ 8
	.byte	144                             @ sub-register DW_OP_regx
	.byte	129                             @ 257
	.byte	2                               @ 
	.byte	147                             @ DW_OP_piece
	.byte	8                               @ 8
	.long	.Ltmp103-.Lfunc_begin0
	.long	.Ltmp118-.Lfunc_begin0
	.short	10                              @ Loc expr size
	.byte	144                             @ sub-register DW_OP_regx
	.byte	136                             @ 264
	.byte	2                               @ 
	.byte	147                             @ DW_OP_piece
	.byte	8                               @ 8
	.byte	144                             @ sub-register DW_OP_regx
	.byte	137                             @ 265
	.byte	2                               @ 
	.byte	147                             @ DW_OP_piece
	.byte	8                               @ 8
	.long	.Ltmp118-.Lfunc_begin0
	.long	.Ltmp126-.Lfunc_begin0
	.short	3                               @ Loc expr size
	.byte	125                             @ DW_OP_breg13
	.byte	184                             @ 312
	.byte	2                               @ 
	.long	.Ltmp126-.Lfunc_begin0
	.long	.Ltmp145-.Lfunc_begin0
	.short	10                              @ Loc expr size
	.byte	144                             @ sub-register DW_OP_regx
	.byte	138                             @ 266
	.byte	2                               @ 
	.byte	147                             @ DW_OP_piece
	.byte	8                               @ 8
	.byte	144                             @ sub-register DW_OP_regx
	.byte	139                             @ 267
	.byte	2                               @ 
	.byte	147                             @ DW_OP_piece
	.byte	8                               @ 8
	.long	0
	.long	0
.Ldebug_loc14:
	.long	.Ltmp18-.Lfunc_begin0
	.long	.Ltmp25-.Lfunc_begin0
	.short	10                              @ Loc expr size
	.byte	144                             @ sub-register DW_OP_regx
	.byte	134                             @ 262
	.byte	2                               @ 
	.byte	147                             @ DW_OP_piece
	.byte	8                               @ 8
	.byte	144                             @ sub-register DW_OP_regx
	.byte	135                             @ 263
	.byte	2                               @ 
	.byte	147                             @ DW_OP_piece
	.byte	8                               @ 8
	.long	0
	.long	0
.Ldebug_loc15:
	.long	.Ltmp18-.Lfunc_begin0
	.long	.Ltmp61-.Lfunc_begin0
	.short	3                               @ Loc expr size
	.byte	125                             @ DW_OP_breg13
	.byte	232                             @ 360
	.byte	2                               @ 
	.long	.Ltmp61-.Lfunc_begin0
	.long	.Ltmp62-.Lfunc_begin0
	.short	10                              @ Loc expr size
	.byte	144                             @ sub-register DW_OP_regx
	.byte	134                             @ 262
	.byte	2                               @ 
	.byte	147                             @ DW_OP_piece
	.byte	8                               @ 8
	.byte	144                             @ sub-register DW_OP_regx
	.byte	135                             @ 263
	.byte	2                               @ 
	.byte	147                             @ DW_OP_piece
	.byte	8                               @ 8
	.long	0
	.long	0
.Ldebug_loc16:
	.long	.Ltmp15-.Lfunc_begin0
	.long	.Ltmp16-.Lfunc_begin0
	.short	10                              @ Loc expr size
	.byte	144                             @ sub-register DW_OP_regx
	.byte	130                             @ 258
	.byte	2                               @ 
	.byte	147                             @ DW_OP_piece
	.byte	8                               @ 8
	.byte	144                             @ sub-register DW_OP_regx
	.byte	131                             @ 259
	.byte	2                               @ 
	.byte	147                             @ DW_OP_piece
	.byte	8                               @ 8
	.long	.Ltmp16-.Lfunc_begin0
	.long	.Ltmp17-.Lfunc_begin0
	.short	3                               @ Loc expr size
	.byte	125                             @ DW_OP_breg13
	.byte	216                             @ 344
	.byte	2                               @ 
	.long	.Ltmp17-.Lfunc_begin0
	.long	.Ltmp19-.Lfunc_begin0
	.short	10                              @ Loc expr size
	.byte	144                             @ sub-register DW_OP_regx
	.byte	130                             @ 258
	.byte	2                               @ 
	.byte	147                             @ DW_OP_piece
	.byte	8                               @ 8
	.byte	144                             @ sub-register DW_OP_regx
	.byte	131                             @ 259
	.byte	2                               @ 
	.byte	147                             @ DW_OP_piece
	.byte	8                               @ 8
	.long	.Ltmp30-.Lfunc_begin0
	.long	.Ltmp39-.Lfunc_begin0
	.short	3                               @ Loc expr size
	.byte	125                             @ DW_OP_breg13
	.byte	216                             @ 344
	.byte	2                               @ 
	.long	.Ltmp39-.Lfunc_begin0
	.long	.Ltmp40-.Lfunc_begin0
	.short	10                              @ Loc expr size
	.byte	144                             @ sub-register DW_OP_regx
	.byte	128                             @ 256
	.byte	2                               @ 
	.byte	147                             @ DW_OP_piece
	.byte	8                               @ 8
	.byte	144                             @ sub-register DW_OP_regx
	.byte	129                             @ 257
	.byte	2                               @ 
	.byte	147                             @ DW_OP_piece
	.byte	8                               @ 8
	.long	0
	.long	0
.Ldebug_loc17:
	.long	.Ltmp18-.Lfunc_begin0
	.long	.Ltmp25-.Lfunc_begin0
	.short	10                              @ Loc expr size
	.byte	144                             @ sub-register DW_OP_regx
	.byte	134                             @ 262
	.byte	2                               @ 
	.byte	147                             @ DW_OP_piece
	.byte	8                               @ 8
	.byte	144                             @ sub-register DW_OP_regx
	.byte	135                             @ 263
	.byte	2                               @ 
	.byte	147                             @ DW_OP_piece
	.byte	8                               @ 8
	.long	0
	.long	0
.Ldebug_loc18:
	.long	.Ltmp18-.Lfunc_begin0
	.long	.Ltmp39-.Lfunc_begin0
	.short	3                               @ Loc expr size
	.byte	125                             @ DW_OP_breg13
	.byte	216                             @ 344
	.byte	2                               @ 
	.long	.Ltmp39-.Lfunc_begin0
	.long	.Ltmp40-.Lfunc_begin0
	.short	10                              @ Loc expr size
	.byte	144                             @ sub-register DW_OP_regx
	.byte	128                             @ 256
	.byte	2                               @ 
	.byte	147                             @ DW_OP_piece
	.byte	8                               @ 8
	.byte	144                             @ sub-register DW_OP_regx
	.byte	129                             @ 257
	.byte	2                               @ 
	.byte	147                             @ DW_OP_piece
	.byte	8                               @ 8
	.long	0
	.long	0
.Ldebug_loc19:
	.long	.Ltmp20-.Lfunc_begin0
	.long	.Ltmp21-.Lfunc_begin0
	.short	3                               @ Loc expr size
	.byte	125                             @ DW_OP_breg13
	.byte	160                             @ 288
	.byte	2                               @ 
	.long	.Ltmp21-.Lfunc_begin0
	.long	.Ltmp27-.Lfunc_begin0
	.short	10                              @ Loc expr size
	.byte	144                             @ sub-register DW_OP_regx
	.byte	140                             @ 268
	.byte	2                               @ 
	.byte	147                             @ DW_OP_piece
	.byte	8                               @ 8
	.byte	144                             @ sub-register DW_OP_regx
	.byte	141                             @ 269
	.byte	2                               @ 
	.byte	147                             @ DW_OP_piece
	.byte	8                               @ 8
	.long	0
	.long	0
.Ldebug_loc20:
	.long	.Ltmp20-.Lfunc_begin0
	.long	.Ltmp25-.Lfunc_begin0
	.short	10                              @ Loc expr size
	.byte	144                             @ sub-register DW_OP_regx
	.byte	132                             @ 260
	.byte	2                               @ 
	.byte	147                             @ DW_OP_piece
	.byte	8                               @ 8
	.byte	144                             @ sub-register DW_OP_regx
	.byte	133                             @ 261
	.byte	2                               @ 
	.byte	147                             @ DW_OP_piece
	.byte	8                               @ 8
	.long	.Ltmp25-.Lfunc_begin0
	.long	.Ltmp26-.Lfunc_begin0
	.short	3                               @ Loc expr size
	.byte	125                             @ DW_OP_breg13
	.byte	128                             @ 256
	.byte	2                               @ 
	.long	.Ltmp26-.Lfunc_begin0
	.long	.Ltmp66-.Lfunc_begin0
	.short	10                              @ Loc expr size
	.byte	144                             @ sub-register DW_OP_regx
	.byte	132                             @ 260
	.byte	2                               @ 
	.byte	147                             @ DW_OP_piece
	.byte	8                               @ 8
	.byte	144                             @ sub-register DW_OP_regx
	.byte	133                             @ 261
	.byte	2                               @ 
	.byte	147                             @ DW_OP_piece
	.byte	8                               @ 8
	.long	0
	.long	0
.Ldebug_loc21:
	.long	.Ltmp21-.Lfunc_begin0
	.long	.Ltmp22-.Lfunc_begin0
	.short	3                               @ Loc expr size
	.byte	125                             @ DW_OP_breg13
	.byte	136                             @ 392
	.byte	3                               @ 
	.long	.Ltmp22-.Lfunc_begin0
	.long	.Ltmp36-.Lfunc_begin0
	.short	10                              @ Loc expr size
	.byte	144                             @ sub-register DW_OP_regx
	.byte	130                             @ 258
	.byte	2                               @ 
	.byte	147                             @ DW_OP_piece
	.byte	8                               @ 8
	.byte	144                             @ sub-register DW_OP_regx
	.byte	131                             @ 259
	.byte	2                               @ 
	.byte	147                             @ DW_OP_piece
	.byte	8                               @ 8
	.long	0
	.long	0
.Ldebug_loc22:
	.long	.Ltmp22-.Lfunc_begin0
	.long	.Ltmp23-.Lfunc_begin0
	.short	3                               @ Loc expr size
	.byte	125                             @ DW_OP_breg13
	.byte	224                             @ 224
	.byte	1                               @ 
	.long	.Ltmp23-.Lfunc_begin0
	.long	.Ltmp29-.Lfunc_begin0
	.short	10                              @ Loc expr size
	.byte	144                             @ sub-register DW_OP_regx
	.byte	142                             @ 270
	.byte	2                               @ 
	.byte	147                             @ DW_OP_piece
	.byte	8                               @ 8
	.byte	144                             @ sub-register DW_OP_regx
	.byte	143                             @ 271
	.byte	2                               @ 
	.byte	147                             @ DW_OP_piece
	.byte	8                               @ 8
	.long	0
	.long	0
.Ldebug_loc23:
	.long	.Ltmp25-.Lfunc_begin0
	.long	.Ltmp31-.Lfunc_begin0
	.short	10                              @ Loc expr size
	.byte	144                             @ sub-register DW_OP_regx
	.byte	134                             @ 262
	.byte	2                               @ 
	.byte	147                             @ DW_OP_piece
	.byte	8                               @ 8
	.byte	144                             @ sub-register DW_OP_regx
	.byte	135                             @ 263
	.byte	2                               @ 
	.byte	147                             @ DW_OP_piece
	.byte	8                               @ 8
	.long	.Ltmp34-.Lfunc_begin0
	.long	.Ltmp64-.Lfunc_begin0
	.short	10                              @ Loc expr size
	.byte	144                             @ sub-register DW_OP_regx
	.byte	136                             @ 264
	.byte	2                               @ 
	.byte	147                             @ DW_OP_piece
	.byte	8                               @ 8
	.byte	144                             @ sub-register DW_OP_regx
	.byte	137                             @ 265
	.byte	2                               @ 
	.byte	147                             @ DW_OP_piece
	.byte	8                               @ 8
	.long	0
	.long	0
.Ldebug_loc24:
	.long	.Ltmp27-.Lfunc_begin0
	.long	.Ltmp38-.Lfunc_begin0
	.short	10                              @ Loc expr size
	.byte	144                             @ sub-register DW_OP_regx
	.byte	140                             @ 268
	.byte	2                               @ 
	.byte	147                             @ DW_OP_piece
	.byte	8                               @ 8
	.byte	144                             @ sub-register DW_OP_regx
	.byte	141                             @ 269
	.byte	2                               @ 
	.byte	147                             @ DW_OP_piece
	.byte	8                               @ 8
	.long	.Ltmp38-.Lfunc_begin0
	.long	.Ltmp44-.Lfunc_begin0
	.short	10                              @ Loc expr size
	.byte	144                             @ sub-register DW_OP_regx
	.byte	134                             @ 262
	.byte	2                               @ 
	.byte	147                             @ DW_OP_piece
	.byte	8                               @ 8
	.byte	144                             @ sub-register DW_OP_regx
	.byte	135                             @ 263
	.byte	2                               @ 
	.byte	147                             @ DW_OP_piece
	.byte	8                               @ 8
	.long	.Ltmp46-.Lfunc_begin0
	.long	.Ltmp59-.Lfunc_begin0
	.short	10                              @ Loc expr size
	.byte	144                             @ sub-register DW_OP_regx
	.byte	130                             @ 258
	.byte	2                               @ 
	.byte	147                             @ DW_OP_piece
	.byte	8                               @ 8
	.byte	144                             @ sub-register DW_OP_regx
	.byte	131                             @ 259
	.byte	2                               @ 
	.byte	147                             @ DW_OP_piece
	.byte	8                               @ 8
	.long	0
	.long	0
.Ldebug_loc25:
	.long	.Ltmp27-.Lfunc_begin0
	.long	.Ltmp53-.Lfunc_begin0
	.short	10                              @ Loc expr size
	.byte	144                             @ sub-register DW_OP_regx
	.byte	140                             @ 268
	.byte	2                               @ 
	.byte	147                             @ DW_OP_piece
	.byte	8                               @ 8
	.byte	144                             @ sub-register DW_OP_regx
	.byte	141                             @ 269
	.byte	2                               @ 
	.byte	147                             @ DW_OP_piece
	.byte	8                               @ 8
	.long	0
	.long	0
.Ldebug_loc26:
	.long	.Ltmp33-.Lfunc_begin0
	.long	.Ltmp43-.Lfunc_begin0
	.short	10                              @ Loc expr size
	.byte	144                             @ sub-register DW_OP_regx
	.byte	142                             @ 270
	.byte	2                               @ 
	.byte	147                             @ DW_OP_piece
	.byte	8                               @ 8
	.byte	144                             @ sub-register DW_OP_regx
	.byte	143                             @ 271
	.byte	2                               @ 
	.byte	147                             @ DW_OP_piece
	.byte	8                               @ 8
	.long	0
	.long	0
.Ldebug_loc27:
	.long	.Ltmp39-.Lfunc_begin0
	.long	.Ltmp42-.Lfunc_begin0
	.short	10                              @ Loc expr size
	.byte	144                             @ sub-register DW_OP_regx
	.byte	130                             @ 258
	.byte	2                               @ 
	.byte	147                             @ DW_OP_piece
	.byte	8                               @ 8
	.byte	144                             @ sub-register DW_OP_regx
	.byte	131                             @ 259
	.byte	2                               @ 
	.byte	147                             @ DW_OP_piece
	.byte	8                               @ 8
	.long	0
	.long	0
.Ldebug_loc28:
	.long	.Ltmp45-.Lfunc_begin0
	.long	.Ltmp47-.Lfunc_begin0
	.short	10                              @ Loc expr size
	.byte	144                             @ sub-register DW_OP_regx
	.byte	134                             @ 262
	.byte	2                               @ 
	.byte	147                             @ DW_OP_piece
	.byte	8                               @ 8
	.byte	144                             @ sub-register DW_OP_regx
	.byte	135                             @ 263
	.byte	2                               @ 
	.byte	147                             @ DW_OP_piece
	.byte	8                               @ 8
	.long	.Ltmp48-.Lfunc_begin0
	.long	.Ltmp50-.Lfunc_begin0
	.short	10                              @ Loc expr size
	.byte	144                             @ sub-register DW_OP_regx
	.byte	134                             @ 262
	.byte	2                               @ 
	.byte	147                             @ DW_OP_piece
	.byte	8                               @ 8
	.byte	144                             @ sub-register DW_OP_regx
	.byte	135                             @ 263
	.byte	2                               @ 
	.byte	147                             @ DW_OP_piece
	.byte	8                               @ 8
	.long	.Ltmp52-.Lfunc_begin0
	.long	.Ltmp58-.Lfunc_begin0
	.short	10                              @ Loc expr size
	.byte	144                             @ sub-register DW_OP_regx
	.byte	134                             @ 262
	.byte	2                               @ 
	.byte	147                             @ DW_OP_piece
	.byte	8                               @ 8
	.byte	144                             @ sub-register DW_OP_regx
	.byte	135                             @ 263
	.byte	2                               @ 
	.byte	147                             @ DW_OP_piece
	.byte	8                               @ 8
	.long	0
	.long	0
.Ldebug_loc29:
	.long	.Ltmp59-.Lfunc_begin0
	.long	.Ltmp69-.Lfunc_begin0
	.short	10                              @ Loc expr size
	.byte	144                             @ sub-register DW_OP_regx
	.byte	130                             @ 258
	.byte	2                               @ 
	.byte	147                             @ DW_OP_piece
	.byte	8                               @ 8
	.byte	144                             @ sub-register DW_OP_regx
	.byte	131                             @ 259
	.byte	2                               @ 
	.byte	147                             @ DW_OP_piece
	.byte	8                               @ 8
	.long	0
	.long	0
.Ldebug_loc30:
	.long	.Ltmp63-.Lfunc_begin0
	.long	.Ltmp73-.Lfunc_begin0
	.short	10                              @ Loc expr size
	.byte	144                             @ sub-register DW_OP_regx
	.byte	128                             @ 256
	.byte	2                               @ 
	.byte	147                             @ DW_OP_piece
	.byte	8                               @ 8
	.byte	144                             @ sub-register DW_OP_regx
	.byte	129                             @ 257
	.byte	2                               @ 
	.byte	147                             @ DW_OP_piece
	.byte	8                               @ 8
	.long	0
	.long	0
.Ldebug_loc31:
	.long	.Ltmp70-.Lfunc_begin0
	.long	.Ltmp76-.Lfunc_begin0
	.short	10                              @ Loc expr size
	.byte	144                             @ sub-register DW_OP_regx
	.byte	130                             @ 258
	.byte	2                               @ 
	.byte	147                             @ DW_OP_piece
	.byte	8                               @ 8
	.byte	144                             @ sub-register DW_OP_regx
	.byte	131                             @ 259
	.byte	2                               @ 
	.byte	147                             @ DW_OP_piece
	.byte	8                               @ 8
	.long	.Ltmp94-.Lfunc_begin0
	.long	.Ltmp100-.Lfunc_begin0
	.short	10                              @ Loc expr size
	.byte	144                             @ sub-register DW_OP_regx
	.byte	138                             @ 266
	.byte	2                               @ 
	.byte	147                             @ DW_OP_piece
	.byte	8                               @ 8
	.byte	144                             @ sub-register DW_OP_regx
	.byte	139                             @ 267
	.byte	2                               @ 
	.byte	147                             @ DW_OP_piece
	.byte	8                               @ 8
	.long	.Ltmp101-.Lfunc_begin0
	.long	.Ltmp157-.Lfunc_begin0
	.short	3                               @ Loc expr size
	.byte	125                             @ DW_OP_breg13
	.byte	152                             @ 408
	.byte	3                               @ 
	.long	.Ltmp157-.Lfunc_begin0
	.long	.Ltmp159-.Lfunc_begin0
	.short	10                              @ Loc expr size
	.byte	144                             @ sub-register DW_OP_regx
	.byte	130                             @ 258
	.byte	2                               @ 
	.byte	147                             @ DW_OP_piece
	.byte	8                               @ 8
	.byte	144                             @ sub-register DW_OP_regx
	.byte	131                             @ 259
	.byte	2                               @ 
	.byte	147                             @ DW_OP_piece
	.byte	8                               @ 8
	.long	.Ltmp159-.Lfunc_begin0
	.long	.Ltmp163-.Lfunc_begin0
	.short	3                               @ Loc expr size
	.byte	125                             @ DW_OP_breg13
	.byte	152                             @ 408
	.byte	3                               @ 
	.long	0
	.long	0
.Ldebug_loc32:
	.long	.Ltmp73-.Lfunc_begin0
	.long	.Ltmp75-.Lfunc_begin0
	.short	10                              @ Loc expr size
	.byte	144                             @ sub-register DW_OP_regx
	.byte	130                             @ 258
	.byte	2                               @ 
	.byte	147                             @ DW_OP_piece
	.byte	8                               @ 8
	.byte	144                             @ sub-register DW_OP_regx
	.byte	131                             @ 259
	.byte	2                               @ 
	.byte	147                             @ DW_OP_piece
	.byte	8                               @ 8
	.long	.Ltmp75-.Lfunc_begin0
	.long	.Ltmp82-.Lfunc_begin0
	.short	10                              @ Loc expr size
	.byte	144                             @ sub-register DW_OP_regx
	.byte	128                             @ 256
	.byte	2                               @ 
	.byte	147                             @ DW_OP_piece
	.byte	8                               @ 8
	.byte	144                             @ sub-register DW_OP_regx
	.byte	129                             @ 257
	.byte	2                               @ 
	.byte	147                             @ DW_OP_piece
	.byte	8                               @ 8
	.long	0
	.long	0
.Ldebug_loc33:
	.long	.Ltmp74-.Lfunc_begin0
	.long	.Ltmp75-.Lfunc_begin0
	.short	10                              @ Loc expr size
	.byte	144                             @ sub-register DW_OP_regx
	.byte	128                             @ 256
	.byte	2                               @ 
	.byte	147                             @ DW_OP_piece
	.byte	8                               @ 8
	.byte	144                             @ sub-register DW_OP_regx
	.byte	129                             @ 257
	.byte	2                               @ 
	.byte	147                             @ DW_OP_piece
	.byte	8                               @ 8
	.long	.Ltmp76-.Lfunc_begin0
	.long	.Ltmp78-.Lfunc_begin0
	.short	10                              @ Loc expr size
	.byte	144                             @ sub-register DW_OP_regx
	.byte	130                             @ 258
	.byte	2                               @ 
	.byte	147                             @ DW_OP_piece
	.byte	8                               @ 8
	.byte	144                             @ sub-register DW_OP_regx
	.byte	131                             @ 259
	.byte	2                               @ 
	.byte	147                             @ DW_OP_piece
	.byte	8                               @ 8
	.long	0
	.long	0
.Ldebug_loc34:
	.long	.Ltmp78-.Lfunc_begin0
	.long	.Ltmp79-.Lfunc_begin0
	.short	10                              @ Loc expr size
	.byte	144                             @ sub-register DW_OP_regx
	.byte	130                             @ 258
	.byte	2                               @ 
	.byte	147                             @ DW_OP_piece
	.byte	8                               @ 8
	.byte	144                             @ sub-register DW_OP_regx
	.byte	131                             @ 259
	.byte	2                               @ 
	.byte	147                             @ DW_OP_piece
	.byte	8                               @ 8
	.long	.Ltmp80-.Lfunc_begin0
	.long	.Ltmp83-.Lfunc_begin0
	.short	10                              @ Loc expr size
	.byte	144                             @ sub-register DW_OP_regx
	.byte	132                             @ 260
	.byte	2                               @ 
	.byte	147                             @ DW_OP_piece
	.byte	8                               @ 8
	.byte	144                             @ sub-register DW_OP_regx
	.byte	133                             @ 261
	.byte	2                               @ 
	.byte	147                             @ DW_OP_piece
	.byte	8                               @ 8
	.long	0
	.long	0
.Ldebug_loc35:
	.long	.Ltmp79-.Lfunc_begin0
	.long	.Ltmp81-.Lfunc_begin0
	.short	10                              @ Loc expr size
	.byte	144                             @ sub-register DW_OP_regx
	.byte	130                             @ 258
	.byte	2                               @ 
	.byte	147                             @ DW_OP_piece
	.byte	8                               @ 8
	.byte	144                             @ sub-register DW_OP_regx
	.byte	131                             @ 259
	.byte	2                               @ 
	.byte	147                             @ DW_OP_piece
	.byte	8                               @ 8
	.long	0
	.long	0
.Ldebug_loc36:
	.long	.Ltmp82-.Lfunc_begin0
	.long	.Ltmp84-.Lfunc_begin0
	.short	3                               @ Loc expr size
	.byte	144                             @ super-register DW_OP_regx
	.byte	128                             @ 256
	.byte	2                               @ 
	.long	0
	.long	0
.Ldebug_loc37:
	.long	.Ltmp84-.Lfunc_begin0
	.long	.Ltmp91-.Lfunc_begin0
	.short	3                               @ Loc expr size
	.byte	144                             @ super-register DW_OP_regx
	.byte	128                             @ 256
	.byte	2                               @ 
	.long	0
	.long	0
.Ldebug_loc38:
	.long	.Ltmp105-.Lfunc_begin0
	.long	.Ltmp110-.Lfunc_begin0
	.short	10                              @ Loc expr size
	.byte	144                             @ sub-register DW_OP_regx
	.byte	130                             @ 258
	.byte	2                               @ 
	.byte	147                             @ DW_OP_piece
	.byte	8                               @ 8
	.byte	144                             @ sub-register DW_OP_regx
	.byte	131                             @ 259
	.byte	2                               @ 
	.byte	147                             @ DW_OP_piece
	.byte	8                               @ 8
	.long	.Ltmp110-.Lfunc_begin0
	.long	.Ltmp117-.Lfunc_begin0
	.short	10                              @ Loc expr size
	.byte	144                             @ sub-register DW_OP_regx
	.byte	140                             @ 268
	.byte	2                               @ 
	.byte	147                             @ DW_OP_piece
	.byte	8                               @ 8
	.byte	144                             @ sub-register DW_OP_regx
	.byte	141                             @ 269
	.byte	2                               @ 
	.byte	147                             @ DW_OP_piece
	.byte	8                               @ 8
	.long	0
	.long	0
.Ldebug_loc39:
	.long	.Ltmp105-.Lfunc_begin0
	.long	.Ltmp110-.Lfunc_begin0
	.short	10                              @ Loc expr size
	.byte	144                             @ sub-register DW_OP_regx
	.byte	130                             @ 258
	.byte	2                               @ 
	.byte	147                             @ DW_OP_piece
	.byte	8                               @ 8
	.byte	144                             @ sub-register DW_OP_regx
	.byte	131                             @ 259
	.byte	2                               @ 
	.byte	147                             @ DW_OP_piece
	.byte	8                               @ 8
	.long	.Ltmp110-.Lfunc_begin0
	.long	.Ltmp154-.Lfunc_begin0
	.short	3                               @ Loc expr size
	.byte	125                             @ DW_OP_breg13
	.byte	216                             @ 344
	.byte	2                               @ 
	.long	.Ltmp154-.Lfunc_begin0
	.long	.Ltmp155-.Lfunc_begin0
	.short	10                              @ Loc expr size
	.byte	144                             @ sub-register DW_OP_regx
	.byte	128                             @ 256
	.byte	2                               @ 
	.byte	147                             @ DW_OP_piece
	.byte	8                               @ 8
	.byte	144                             @ sub-register DW_OP_regx
	.byte	129                             @ 257
	.byte	2                               @ 
	.byte	147                             @ DW_OP_piece
	.byte	8                               @ 8
	.long	0
	.long	0
.Ldebug_loc40:
	.long	.Ltmp107-.Lfunc_begin0
	.long	.Ltmp108-.Lfunc_begin0
	.short	10                              @ Loc expr size
	.byte	144                             @ sub-register DW_OP_regx
	.byte	128                             @ 256
	.byte	2                               @ 
	.byte	147                             @ DW_OP_piece
	.byte	8                               @ 8
	.byte	144                             @ sub-register DW_OP_regx
	.byte	129                             @ 257
	.byte	2                               @ 
	.byte	147                             @ DW_OP_piece
	.byte	8                               @ 8
	.long	.Ltmp108-.Lfunc_begin0
	.long	.Ltmp109-.Lfunc_begin0
	.short	3                               @ Loc expr size
	.byte	125                             @ DW_OP_breg13
	.byte	200                             @ 328
	.byte	2                               @ 
	.long	.Ltmp109-.Lfunc_begin0
	.long	.Ltmp111-.Lfunc_begin0
	.short	10                              @ Loc expr size
	.byte	144                             @ sub-register DW_OP_regx
	.byte	128                             @ 256
	.byte	2                               @ 
	.byte	147                             @ DW_OP_piece
	.byte	8                               @ 8
	.byte	144                             @ sub-register DW_OP_regx
	.byte	129                             @ 257
	.byte	2                               @ 
	.byte	147                             @ DW_OP_piece
	.byte	8                               @ 8
	.long	.Ltmp121-.Lfunc_begin0
	.long	.Ltmp151-.Lfunc_begin0
	.short	3                               @ Loc expr size
	.byte	125                             @ DW_OP_breg13
	.byte	200                             @ 328
	.byte	2                               @ 
	.long	.Ltmp151-.Lfunc_begin0
	.long	.Ltmp154-.Lfunc_begin0
	.short	10                              @ Loc expr size
	.byte	144                             @ sub-register DW_OP_regx
	.byte	128                             @ 256
	.byte	2                               @ 
	.byte	147                             @ DW_OP_piece
	.byte	8                               @ 8
	.byte	144                             @ sub-register DW_OP_regx
	.byte	129                             @ 257
	.byte	2                               @ 
	.byte	147                             @ DW_OP_piece
	.byte	8                               @ 8
	.long	0
	.long	0
.Ldebug_loc41:
	.long	.Ltmp110-.Lfunc_begin0
	.long	.Ltmp117-.Lfunc_begin0
	.short	10                              @ Loc expr size
	.byte	144                             @ sub-register DW_OP_regx
	.byte	140                             @ 268
	.byte	2                               @ 
	.byte	147                             @ DW_OP_piece
	.byte	8                               @ 8
	.byte	144                             @ sub-register DW_OP_regx
	.byte	141                             @ 269
	.byte	2                               @ 
	.byte	147                             @ DW_OP_piece
	.byte	8                               @ 8
	.long	0
	.long	0
.Ldebug_loc42:
	.long	.Ltmp110-.Lfunc_begin0
	.long	.Ltmp151-.Lfunc_begin0
	.short	3                               @ Loc expr size
	.byte	125                             @ DW_OP_breg13
	.byte	200                             @ 328
	.byte	2                               @ 
	.long	.Ltmp151-.Lfunc_begin0
	.long	.Ltmp154-.Lfunc_begin0
	.short	10                              @ Loc expr size
	.byte	144                             @ sub-register DW_OP_regx
	.byte	128                             @ 256
	.byte	2                               @ 
	.byte	147                             @ DW_OP_piece
	.byte	8                               @ 8
	.byte	144                             @ sub-register DW_OP_regx
	.byte	129                             @ 257
	.byte	2                               @ 
	.byte	147                             @ DW_OP_piece
	.byte	8                               @ 8
	.long	0
	.long	0
.Ldebug_loc43:
	.long	.Ltmp112-.Lfunc_begin0
	.long	.Ltmp113-.Lfunc_begin0
	.short	3                               @ Loc expr size
	.byte	125                             @ DW_OP_breg13
	.byte	160                             @ 288
	.byte	2                               @ 
	.long	.Ltmp113-.Lfunc_begin0
	.long	.Ltmp122-.Lfunc_begin0
	.short	10                              @ Loc expr size
	.byte	144                             @ sub-register DW_OP_regx
	.byte	142                             @ 270
	.byte	2                               @ 
	.byte	147                             @ DW_OP_piece
	.byte	8                               @ 8
	.byte	144                             @ sub-register DW_OP_regx
	.byte	143                             @ 271
	.byte	2                               @ 
	.byte	147                             @ DW_OP_piece
	.byte	8                               @ 8
	.long	0
	.long	0
.Ldebug_loc44:
	.long	.Ltmp112-.Lfunc_begin0
	.long	.Ltmp117-.Lfunc_begin0
	.short	10                              @ Loc expr size
	.byte	144                             @ sub-register DW_OP_regx
	.byte	130                             @ 258
	.byte	2                               @ 
	.byte	147                             @ DW_OP_piece
	.byte	8                               @ 8
	.byte	144                             @ sub-register DW_OP_regx
	.byte	131                             @ 259
	.byte	2                               @ 
	.byte	147                             @ DW_OP_piece
	.byte	8                               @ 8
	.long	.Ltmp117-.Lfunc_begin0
	.long	.Ltmp125-.Lfunc_begin0
	.short	3                               @ Loc expr size
	.byte	125                             @ DW_OP_breg13
	.byte	128                             @ 256
	.byte	2                               @ 
	.long	.Ltmp125-.Lfunc_begin0
	.long	.Ltmp156-.Lfunc_begin0
	.short	10                              @ Loc expr size
	.byte	144                             @ sub-register DW_OP_regx
	.byte	130                             @ 258
	.byte	2                               @ 
	.byte	147                             @ DW_OP_piece
	.byte	8                               @ 8
	.byte	144                             @ sub-register DW_OP_regx
	.byte	131                             @ 259
	.byte	2                               @ 
	.byte	147                             @ DW_OP_piece
	.byte	8                               @ 8
	.long	.Ltmp156-.Lfunc_begin0
	.long	.Ltmp160-.Lfunc_begin0
	.short	10                              @ Loc expr size
	.byte	144                             @ sub-register DW_OP_regx
	.byte	128                             @ 256
	.byte	2                               @ 
	.byte	147                             @ DW_OP_piece
	.byte	8                               @ 8
	.byte	144                             @ sub-register DW_OP_regx
	.byte	129                             @ 257
	.byte	2                               @ 
	.byte	147                             @ DW_OP_piece
	.byte	8                               @ 8
	.long	0
	.long	0
.Ldebug_loc45:
	.long	.Ltmp113-.Lfunc_begin0
	.long	.Ltmp114-.Lfunc_begin0
	.short	3                               @ Loc expr size
	.byte	125                             @ DW_OP_breg13
	.byte	136                             @ 392
	.byte	3                               @ 
	.long	.Ltmp114-.Lfunc_begin0
	.long	.Ltmp130-.Lfunc_begin0
	.short	10                              @ Loc expr size
	.byte	144                             @ sub-register DW_OP_regx
	.byte	132                             @ 260
	.byte	2                               @ 
	.byte	147                             @ DW_OP_piece
	.byte	8                               @ 8
	.byte	144                             @ sub-register DW_OP_regx
	.byte	133                             @ 261
	.byte	2                               @ 
	.byte	147                             @ DW_OP_piece
	.byte	8                               @ 8
	.long	0
	.long	0
.Ldebug_loc46:
	.long	.Ltmp114-.Lfunc_begin0
	.long	.Ltmp115-.Lfunc_begin0
	.short	3                               @ Loc expr size
	.byte	125                             @ DW_OP_breg13
	.byte	224                             @ 224
	.byte	1                               @ 
	.long	.Ltmp115-.Lfunc_begin0
	.long	.Ltmp126-.Lfunc_begin0
	.short	10                              @ Loc expr size
	.byte	144                             @ sub-register DW_OP_regx
	.byte	138                             @ 266
	.byte	2                               @ 
	.byte	147                             @ DW_OP_piece
	.byte	8                               @ 8
	.byte	144                             @ sub-register DW_OP_regx
	.byte	139                             @ 267
	.byte	2                               @ 
	.byte	147                             @ DW_OP_piece
	.byte	8                               @ 8
	.long	0
	.long	0
.Ldebug_loc47:
	.long	.Ltmp117-.Lfunc_begin0
	.long	.Ltmp128-.Lfunc_begin0
	.short	10                              @ Loc expr size
	.byte	144                             @ sub-register DW_OP_regx
	.byte	140                             @ 268
	.byte	2                               @ 
	.byte	147                             @ DW_OP_piece
	.byte	8                               @ 8
	.byte	144                             @ sub-register DW_OP_regx
	.byte	141                             @ 269
	.byte	2                               @ 
	.byte	147                             @ DW_OP_piece
	.byte	8                               @ 8
	.long	0
	.long	0
.Ldebug_loc48:
	.long	.Ltmp119-.Lfunc_begin0
	.long	.Ltmp127-.Lfunc_begin0
	.short	10                              @ Loc expr size
	.byte	144                             @ sub-register DW_OP_regx
	.byte	128                             @ 256
	.byte	2                               @ 
	.byte	147                             @ DW_OP_piece
	.byte	8                               @ 8
	.byte	144                             @ sub-register DW_OP_regx
	.byte	129                             @ 257
	.byte	2                               @ 
	.byte	147                             @ DW_OP_piece
	.byte	8                               @ 8
	.long	.Ltmp127-.Lfunc_begin0
	.long	.Ltmp132-.Lfunc_begin0
	.short	10                              @ Loc expr size
	.byte	144                             @ sub-register DW_OP_regx
	.byte	142                             @ 270
	.byte	2                               @ 
	.byte	147                             @ DW_OP_piece
	.byte	8                               @ 8
	.byte	144                             @ sub-register DW_OP_regx
	.byte	143                             @ 271
	.byte	2                               @ 
	.byte	147                             @ DW_OP_piece
	.byte	8                               @ 8
	.long	.Ltmp133-.Lfunc_begin0
	.long	.Ltmp148-.Lfunc_begin0
	.short	10                              @ Loc expr size
	.byte	144                             @ sub-register DW_OP_regx
	.byte	132                             @ 260
	.byte	2                               @ 
	.byte	147                             @ DW_OP_piece
	.byte	8                               @ 8
	.byte	144                             @ sub-register DW_OP_regx
	.byte	133                             @ 261
	.byte	2                               @ 
	.byte	147                             @ DW_OP_piece
	.byte	8                               @ 8
	.long	0
	.long	0
.Ldebug_loc49:
	.long	.Ltmp119-.Lfunc_begin0
	.long	.Ltmp139-.Lfunc_begin0
	.short	10                              @ Loc expr size
	.byte	144                             @ sub-register DW_OP_regx
	.byte	128                             @ 256
	.byte	2                               @ 
	.byte	147                             @ DW_OP_piece
	.byte	8                               @ 8
	.byte	144                             @ sub-register DW_OP_regx
	.byte	129                             @ 257
	.byte	2                               @ 
	.byte	147                             @ DW_OP_piece
	.byte	8                               @ 8
	.long	0
	.long	0
.Ldebug_loc50:
	.long	.Ltmp123-.Lfunc_begin0
	.long	.Ltmp146-.Lfunc_begin0
	.short	10                              @ Loc expr size
	.byte	144                             @ sub-register DW_OP_regx
	.byte	136                             @ 264
	.byte	2                               @ 
	.byte	147                             @ DW_OP_piece
	.byte	8                               @ 8
	.byte	144                             @ sub-register DW_OP_regx
	.byte	137                             @ 265
	.byte	2                               @ 
	.byte	147                             @ DW_OP_piece
	.byte	8                               @ 8
	.long	0
	.long	0
.Ldebug_loc51:
	.long	.Ltmp131-.Lfunc_begin0
	.long	.Ltmp134-.Lfunc_begin0
	.short	10                              @ Loc expr size
	.byte	144                             @ sub-register DW_OP_regx
	.byte	134                             @ 262
	.byte	2                               @ 
	.byte	147                             @ DW_OP_piece
	.byte	8                               @ 8
	.byte	144                             @ sub-register DW_OP_regx
	.byte	135                             @ 263
	.byte	2                               @ 
	.byte	147                             @ DW_OP_piece
	.byte	8                               @ 8
	.long	.Ltmp135-.Lfunc_begin0
	.long	.Ltmp137-.Lfunc_begin0
	.short	10                              @ Loc expr size
	.byte	144                             @ sub-register DW_OP_regx
	.byte	134                             @ 262
	.byte	2                               @ 
	.byte	147                             @ DW_OP_piece
	.byte	8                               @ 8
	.byte	144                             @ sub-register DW_OP_regx
	.byte	135                             @ 263
	.byte	2                               @ 
	.byte	147                             @ DW_OP_piece
	.byte	8                               @ 8
	.long	.Ltmp138-.Lfunc_begin0
	.long	.Ltmp141-.Lfunc_begin0
	.short	10                              @ Loc expr size
	.byte	144                             @ sub-register DW_OP_regx
	.byte	134                             @ 262
	.byte	2                               @ 
	.byte	147                             @ DW_OP_piece
	.byte	8                               @ 8
	.byte	144                             @ sub-register DW_OP_regx
	.byte	135                             @ 263
	.byte	2                               @ 
	.byte	147                             @ DW_OP_piece
	.byte	8                               @ 8
	.long	0
	.long	0
.Ldebug_loc52:
	.long	.Ltmp142-.Lfunc_begin0
	.long	.Ltmp150-.Lfunc_begin0
	.short	10                              @ Loc expr size
	.byte	144                             @ sub-register DW_OP_regx
	.byte	128                             @ 256
	.byte	2                               @ 
	.byte	147                             @ DW_OP_piece
	.byte	8                               @ 8
	.byte	144                             @ sub-register DW_OP_regx
	.byte	129                             @ 257
	.byte	2                               @ 
	.byte	147                             @ DW_OP_piece
	.byte	8                               @ 8
	.long	0
	.long	0
.Ldebug_loc53:
	.long	.Ltmp148-.Lfunc_begin0
	.long	.Ltmp152-.Lfunc_begin0
	.short	10                              @ Loc expr size
	.byte	144                             @ sub-register DW_OP_regx
	.byte	132                             @ 260
	.byte	2                               @ 
	.byte	147                             @ DW_OP_piece
	.byte	8                               @ 8
	.byte	144                             @ sub-register DW_OP_regx
	.byte	133                             @ 261
	.byte	2                               @ 
	.byte	147                             @ DW_OP_piece
	.byte	8                               @ 8
	.long	0
	.long	0
.Ldebug_loc54:
	.long	.Ltmp151-.Lfunc_begin0
	.long	.Ltmp154-.Lfunc_begin0
	.short	10                              @ Loc expr size
	.byte	144                             @ sub-register DW_OP_regx
	.byte	128                             @ 256
	.byte	2                               @ 
	.byte	147                             @ DW_OP_piece
	.byte	8                               @ 8
	.byte	144                             @ sub-register DW_OP_regx
	.byte	129                             @ 257
	.byte	2                               @ 
	.byte	147                             @ DW_OP_piece
	.byte	8                               @ 8
	.long	0
	.long	0
	.section	.debug_abbrev,"",%progbits
	.byte	1                               @ Abbreviation Code
	.byte	17                              @ DW_TAG_compile_unit
	.byte	1                               @ DW_CHILDREN_yes
	.byte	37                              @ DW_AT_producer
	.byte	14                              @ DW_FORM_strp
	.byte	19                              @ DW_AT_language
	.byte	5                               @ DW_FORM_data2
	.byte	3                               @ DW_AT_name
	.byte	14                              @ DW_FORM_strp
	.byte	16                              @ DW_AT_stmt_list
	.byte	23                              @ DW_FORM_sec_offset
	.byte	27                              @ DW_AT_comp_dir
	.byte	14                              @ DW_FORM_strp
	.byte	17                              @ DW_AT_low_pc
	.byte	1                               @ DW_FORM_addr
	.byte	18                              @ DW_AT_high_pc
	.byte	6                               @ DW_FORM_data4
	.byte	0                               @ EOM(1)
	.byte	0                               @ EOM(2)
	.byte	2                               @ Abbreviation Code
	.byte	52                              @ DW_TAG_variable
	.byte	0                               @ DW_CHILDREN_no
	.byte	3                               @ DW_AT_name
	.byte	14                              @ DW_FORM_strp
	.byte	73                              @ DW_AT_type
	.byte	19                              @ DW_FORM_ref4
	.byte	58                              @ DW_AT_decl_file
	.byte	11                              @ DW_FORM_data1
	.byte	59                              @ DW_AT_decl_line
	.byte	11                              @ DW_FORM_data1
	.byte	28                              @ DW_AT_const_value
	.byte	15                              @ DW_FORM_udata
	.byte	0                               @ EOM(1)
	.byte	0                               @ EOM(2)
	.byte	3                               @ Abbreviation Code
	.byte	38                              @ DW_TAG_const_type
	.byte	0                               @ DW_CHILDREN_no
	.byte	73                              @ DW_AT_type
	.byte	19                              @ DW_FORM_ref4
	.byte	0                               @ EOM(1)
	.byte	0                               @ EOM(2)
	.byte	4                               @ Abbreviation Code
	.byte	22                              @ DW_TAG_typedef
	.byte	0                               @ DW_CHILDREN_no
	.byte	73                              @ DW_AT_type
	.byte	19                              @ DW_FORM_ref4
	.byte	3                               @ DW_AT_name
	.byte	14                              @ DW_FORM_strp
	.byte	58                              @ DW_AT_decl_file
	.byte	11                              @ DW_FORM_data1
	.byte	59                              @ DW_AT_decl_line
	.byte	5                               @ DW_FORM_data2
	.byte	0                               @ EOM(1)
	.byte	0                               @ EOM(2)
	.byte	5                               @ Abbreviation Code
	.byte	36                              @ DW_TAG_base_type
	.byte	0                               @ DW_CHILDREN_no
	.byte	3                               @ DW_AT_name
	.byte	14                              @ DW_FORM_strp
	.byte	62                              @ DW_AT_encoding
	.byte	11                              @ DW_FORM_data1
	.byte	11                              @ DW_AT_byte_size
	.byte	11                              @ DW_FORM_data1
	.byte	0                               @ EOM(1)
	.byte	0                               @ EOM(2)
	.byte	6                               @ Abbreviation Code
	.byte	15                              @ DW_TAG_pointer_type
	.byte	0                               @ DW_CHILDREN_no
	.byte	73                              @ DW_AT_type
	.byte	19                              @ DW_FORM_ref4
	.byte	0                               @ EOM(1)
	.byte	0                               @ EOM(2)
	.byte	7                               @ Abbreviation Code
	.byte	1                               @ DW_TAG_array_type
	.byte	1                               @ DW_CHILDREN_yes
	.ascii	"\207B"                         @ DW_AT_GNU_vector
	.byte	25                              @ DW_FORM_flag_present
	.byte	11                              @ DW_AT_byte_size
	.byte	11                              @ DW_FORM_data1
	.byte	73                              @ DW_AT_type
	.byte	19                              @ DW_FORM_ref4
	.byte	0                               @ EOM(1)
	.byte	0                               @ EOM(2)
	.byte	8                               @ Abbreviation Code
	.byte	33                              @ DW_TAG_subrange_type
	.byte	0                               @ DW_CHILDREN_no
	.byte	73                              @ DW_AT_type
	.byte	19                              @ DW_FORM_ref4
	.byte	55                              @ DW_AT_count
	.byte	11                              @ DW_FORM_data1
	.byte	0                               @ EOM(1)
	.byte	0                               @ EOM(2)
	.byte	9                               @ Abbreviation Code
	.byte	36                              @ DW_TAG_base_type
	.byte	0                               @ DW_CHILDREN_no
	.byte	3                               @ DW_AT_name
	.byte	14                              @ DW_FORM_strp
	.byte	11                              @ DW_AT_byte_size
	.byte	11                              @ DW_FORM_data1
	.byte	62                              @ DW_AT_encoding
	.byte	11                              @ DW_FORM_data1
	.byte	0                               @ EOM(1)
	.byte	0                               @ EOM(2)
	.byte	10                              @ Abbreviation Code
	.byte	22                              @ DW_TAG_typedef
	.byte	0                               @ DW_CHILDREN_no
	.byte	73                              @ DW_AT_type
	.byte	19                              @ DW_FORM_ref4
	.byte	3                               @ DW_AT_name
	.byte	14                              @ DW_FORM_strp
	.byte	58                              @ DW_AT_decl_file
	.byte	11                              @ DW_FORM_data1
	.byte	59                              @ DW_AT_decl_line
	.byte	11                              @ DW_FORM_data1
	.byte	0                               @ EOM(1)
	.byte	0                               @ EOM(2)
	.byte	11                              @ Abbreviation Code
	.byte	46                              @ DW_TAG_subprogram
	.byte	1                               @ DW_CHILDREN_yes
	.byte	3                               @ DW_AT_name
	.byte	14                              @ DW_FORM_strp
	.byte	58                              @ DW_AT_decl_file
	.byte	11                              @ DW_FORM_data1
	.byte	59                              @ DW_AT_decl_line
	.byte	11                              @ DW_FORM_data1
	.byte	39                              @ DW_AT_prototyped
	.byte	25                              @ DW_FORM_flag_present
	.byte	73                              @ DW_AT_type
	.byte	19                              @ DW_FORM_ref4
	.byte	32                              @ DW_AT_inline
	.byte	11                              @ DW_FORM_data1
	.byte	0                               @ EOM(1)
	.byte	0                               @ EOM(2)
	.byte	12                              @ Abbreviation Code
	.byte	5                               @ DW_TAG_formal_parameter
	.byte	0                               @ DW_CHILDREN_no
	.byte	3                               @ DW_AT_name
	.byte	14                              @ DW_FORM_strp
	.byte	58                              @ DW_AT_decl_file
	.byte	11                              @ DW_FORM_data1
	.byte	59                              @ DW_AT_decl_line
	.byte	11                              @ DW_FORM_data1
	.byte	73                              @ DW_AT_type
	.byte	19                              @ DW_FORM_ref4
	.byte	0                               @ EOM(1)
	.byte	0                               @ EOM(2)
	.byte	13                              @ Abbreviation Code
	.byte	52                              @ DW_TAG_variable
	.byte	0                               @ DW_CHILDREN_no
	.byte	3                               @ DW_AT_name
	.byte	14                              @ DW_FORM_strp
	.byte	58                              @ DW_AT_decl_file
	.byte	11                              @ DW_FORM_data1
	.byte	59                              @ DW_AT_decl_line
	.byte	11                              @ DW_FORM_data1
	.byte	73                              @ DW_AT_type
	.byte	19                              @ DW_FORM_ref4
	.byte	0                               @ EOM(1)
	.byte	0                               @ EOM(2)
	.byte	14                              @ Abbreviation Code
	.byte	23                              @ DW_TAG_union_type
	.byte	1                               @ DW_CHILDREN_yes
	.byte	3                               @ DW_AT_name
	.byte	14                              @ DW_FORM_strp
	.byte	11                              @ DW_AT_byte_size
	.byte	11                              @ DW_FORM_data1
	.byte	58                              @ DW_AT_decl_file
	.byte	11                              @ DW_FORM_data1
	.byte	59                              @ DW_AT_decl_line
	.byte	11                              @ DW_FORM_data1
	.byte	0                               @ EOM(1)
	.byte	0                               @ EOM(2)
	.byte	15                              @ Abbreviation Code
	.byte	13                              @ DW_TAG_member
	.byte	0                               @ DW_CHILDREN_no
	.byte	3                               @ DW_AT_name
	.byte	14                              @ DW_FORM_strp
	.byte	73                              @ DW_AT_type
	.byte	19                              @ DW_FORM_ref4
	.byte	58                              @ DW_AT_decl_file
	.byte	11                              @ DW_FORM_data1
	.byte	59                              @ DW_AT_decl_line
	.byte	11                              @ DW_FORM_data1
	.byte	56                              @ DW_AT_data_member_location
	.byte	11                              @ DW_FORM_data1
	.byte	0                               @ EOM(1)
	.byte	0                               @ EOM(2)
	.byte	16                              @ Abbreviation Code
	.byte	46                              @ DW_TAG_subprogram
	.byte	1                               @ DW_CHILDREN_yes
	.byte	17                              @ DW_AT_low_pc
	.byte	1                               @ DW_FORM_addr
	.byte	18                              @ DW_AT_high_pc
	.byte	6                               @ DW_FORM_data4
	.byte	64                              @ DW_AT_frame_base
	.byte	24                              @ DW_FORM_exprloc
	.ascii	"\227B"                         @ DW_AT_GNU_all_call_sites
	.byte	25                              @ DW_FORM_flag_present
	.byte	3                               @ DW_AT_name
	.byte	14                              @ DW_FORM_strp
	.byte	58                              @ DW_AT_decl_file
	.byte	11                              @ DW_FORM_data1
	.byte	59                              @ DW_AT_decl_line
	.byte	11                              @ DW_FORM_data1
	.byte	39                              @ DW_AT_prototyped
	.byte	25                              @ DW_FORM_flag_present
	.byte	73                              @ DW_AT_type
	.byte	19                              @ DW_FORM_ref4
	.byte	63                              @ DW_AT_external
	.byte	25                              @ DW_FORM_flag_present
	.byte	0                               @ EOM(1)
	.byte	0                               @ EOM(2)
	.byte	17                              @ Abbreviation Code
	.byte	5                               @ DW_TAG_formal_parameter
	.byte	0                               @ DW_CHILDREN_no
	.byte	2                               @ DW_AT_location
	.byte	23                              @ DW_FORM_sec_offset
	.byte	3                               @ DW_AT_name
	.byte	14                              @ DW_FORM_strp
	.byte	58                              @ DW_AT_decl_file
	.byte	11                              @ DW_FORM_data1
	.byte	59                              @ DW_AT_decl_line
	.byte	11                              @ DW_FORM_data1
	.byte	73                              @ DW_AT_type
	.byte	19                              @ DW_FORM_ref4
	.byte	0                               @ EOM(1)
	.byte	0                               @ EOM(2)
	.byte	18                              @ Abbreviation Code
	.byte	52                              @ DW_TAG_variable
	.byte	0                               @ DW_CHILDREN_no
	.byte	2                               @ DW_AT_location
	.byte	24                              @ DW_FORM_exprloc
	.byte	3                               @ DW_AT_name
	.byte	14                              @ DW_FORM_strp
	.byte	58                              @ DW_AT_decl_file
	.byte	11                              @ DW_FORM_data1
	.byte	59                              @ DW_AT_decl_line
	.byte	11                              @ DW_FORM_data1
	.byte	73                              @ DW_AT_type
	.byte	19                              @ DW_FORM_ref4
	.byte	0                               @ EOM(1)
	.byte	0                               @ EOM(2)
	.byte	19                              @ Abbreviation Code
	.byte	52                              @ DW_TAG_variable
	.byte	0                               @ DW_CHILDREN_no
	.byte	2                               @ DW_AT_location
	.byte	23                              @ DW_FORM_sec_offset
	.byte	3                               @ DW_AT_name
	.byte	14                              @ DW_FORM_strp
	.byte	58                              @ DW_AT_decl_file
	.byte	11                              @ DW_FORM_data1
	.byte	59                              @ DW_AT_decl_line
	.byte	11                              @ DW_FORM_data1
	.byte	73                              @ DW_AT_type
	.byte	19                              @ DW_FORM_ref4
	.byte	0                               @ EOM(1)
	.byte	0                               @ EOM(2)
	.byte	20                              @ Abbreviation Code
	.byte	11                              @ DW_TAG_lexical_block
	.byte	1                               @ DW_CHILDREN_yes
	.byte	85                              @ DW_AT_ranges
	.byte	23                              @ DW_FORM_sec_offset
	.byte	0                               @ EOM(1)
	.byte	0                               @ EOM(2)
	.byte	21                              @ Abbreviation Code
	.byte	11                              @ DW_TAG_lexical_block
	.byte	1                               @ DW_CHILDREN_yes
	.byte	17                              @ DW_AT_low_pc
	.byte	1                               @ DW_FORM_addr
	.byte	18                              @ DW_AT_high_pc
	.byte	6                               @ DW_FORM_data4
	.byte	0                               @ EOM(1)
	.byte	0                               @ EOM(2)
	.byte	22                              @ Abbreviation Code
	.byte	29                              @ DW_TAG_inlined_subroutine
	.byte	1                               @ DW_CHILDREN_yes
	.byte	49                              @ DW_AT_abstract_origin
	.byte	19                              @ DW_FORM_ref4
	.byte	85                              @ DW_AT_ranges
	.byte	23                              @ DW_FORM_sec_offset
	.byte	88                              @ DW_AT_call_file
	.byte	11                              @ DW_FORM_data1
	.byte	89                              @ DW_AT_call_line
	.byte	11                              @ DW_FORM_data1
	.byte	87                              @ DW_AT_call_column
	.byte	11                              @ DW_FORM_data1
	.byte	0                               @ EOM(1)
	.byte	0                               @ EOM(2)
	.byte	23                              @ Abbreviation Code
	.byte	5                               @ DW_TAG_formal_parameter
	.byte	0                               @ DW_CHILDREN_no
	.byte	2                               @ DW_AT_location
	.byte	23                              @ DW_FORM_sec_offset
	.byte	49                              @ DW_AT_abstract_origin
	.byte	19                              @ DW_FORM_ref4
	.byte	0                               @ EOM(1)
	.byte	0                               @ EOM(2)
	.byte	24                              @ Abbreviation Code
	.byte	52                              @ DW_TAG_variable
	.byte	0                               @ DW_CHILDREN_no
	.byte	2                               @ DW_AT_location
	.byte	23                              @ DW_FORM_sec_offset
	.byte	49                              @ DW_AT_abstract_origin
	.byte	19                              @ DW_FORM_ref4
	.byte	0                               @ EOM(1)
	.byte	0                               @ EOM(2)
	.byte	25                              @ Abbreviation Code
	.byte	19                              @ DW_TAG_structure_type
	.byte	1                               @ DW_CHILDREN_yes
	.byte	11                              @ DW_AT_byte_size
	.byte	11                              @ DW_FORM_data1
	.byte	58                              @ DW_AT_decl_file
	.byte	11                              @ DW_FORM_data1
	.byte	59                              @ DW_AT_decl_line
	.byte	11                              @ DW_FORM_data1
	.byte	0                               @ EOM(1)
	.byte	0                               @ EOM(2)
	.byte	0                               @ EOM(3)
	.section	.debug_info,"",%progbits
.Lcu_begin0:
	.long	.Ldebug_info_end0-.Ldebug_info_start0 @ Length of Unit
.Ldebug_info_start0:
	.short	4                               @ DWARF version number
	.long	.debug_abbrev                   @ Offset Into Abbrev. Section
	.byte	4                               @ Address Size (in bytes)
	.byte	1                               @ Abbrev [1] 0xb:0x5a0 DW_TAG_compile_unit
	.long	.Linfo_string0                  @ DW_AT_producer
	.short	29                              @ DW_AT_language
	.long	.Linfo_string1                  @ DW_AT_name
	.long	.Lline_table_start0             @ DW_AT_stmt_list
	.long	.Linfo_string2                  @ DW_AT_comp_dir
	.long	.Lfunc_begin0                   @ DW_AT_low_pc
	.long	.Lfunc_end0-.Lfunc_begin0       @ DW_AT_high_pc
	.byte	2                               @ Abbrev [2] 0x26:0xd DW_TAG_variable
	.long	.Linfo_string3                  @ DW_AT_name
	.long	51                              @ DW_AT_type
	.byte	2                               @ DW_AT_decl_file
	.byte	44                              @ DW_AT_decl_line
	.ascii	"\214s"                         @ DW_AT_const_value
	.byte	3                               @ Abbrev [3] 0x33:0x5 DW_TAG_const_type
	.long	56                              @ DW_AT_type
	.byte	4                               @ Abbrev [4] 0x38:0xc DW_TAG_typedef
	.long	68                              @ DW_AT_type
	.long	.Linfo_string5                  @ DW_AT_name
	.byte	1                               @ DW_AT_decl_file
	.short	7787                            @ DW_AT_decl_line
	.byte	5                               @ Abbrev [5] 0x44:0x7 DW_TAG_base_type
	.long	.Linfo_string4                  @ DW_AT_name
	.byte	4                               @ DW_AT_encoding
	.byte	2                               @ DW_AT_byte_size
	.byte	6                               @ Abbrev [6] 0x4b:0x5 DW_TAG_pointer_type
	.long	56                              @ DW_AT_type
	.byte	5                               @ Abbrev [5] 0x50:0x7 DW_TAG_base_type
	.long	.Linfo_string6                  @ DW_AT_name
	.byte	4                               @ DW_AT_encoding
	.byte	2                               @ DW_AT_byte_size
	.byte	4                               @ Abbrev [4] 0x57:0xc DW_TAG_typedef
	.long	99                              @ DW_AT_type
	.long	.Linfo_string8                  @ DW_AT_name
	.byte	1                               @ DW_AT_decl_file
	.short	7789                            @ DW_AT_decl_line
	.byte	7                               @ Abbrev [7] 0x63:0xd DW_TAG_array_type
                                        @ DW_AT_GNU_vector
	.byte	16                              @ DW_AT_byte_size
	.long	56                              @ DW_AT_type
	.byte	8                               @ Abbrev [8] 0x69:0x6 DW_TAG_subrange_type
	.long	112                             @ DW_AT_type
	.byte	8                               @ DW_AT_count
	.byte	0                               @ End Of Children Mark
	.byte	9                               @ Abbrev [9] 0x70:0x7 DW_TAG_base_type
	.long	.Linfo_string7                  @ DW_AT_name
	.byte	8                               @ DW_AT_byte_size
	.byte	7                               @ DW_AT_encoding
	.byte	10                              @ Abbrev [10] 0x77:0xb DW_TAG_typedef
	.long	130                             @ DW_AT_type
	.long	.Linfo_string11                 @ DW_AT_name
	.byte	1                               @ DW_AT_decl_file
	.byte	25                              @ DW_AT_decl_line
	.byte	7                               @ Abbrev [7] 0x82:0xd DW_TAG_array_type
                                        @ DW_AT_GNU_vector
	.byte	16                              @ DW_AT_byte_size
	.long	143                             @ DW_AT_type
	.byte	8                               @ Abbrev [8] 0x88:0x6 DW_TAG_subrange_type
	.long	112                             @ DW_AT_type
	.byte	8                               @ DW_AT_count
	.byte	0                               @ End Of Children Mark
	.byte	10                              @ Abbrev [10] 0x8f:0xb DW_TAG_typedef
	.long	154                             @ DW_AT_type
	.long	.Linfo_string10                 @ DW_AT_name
	.byte	3                               @ DW_AT_decl_file
	.byte	57                              @ DW_AT_decl_line
	.byte	5                               @ Abbrev [5] 0x9a:0x7 DW_TAG_base_type
	.long	.Linfo_string9                  @ DW_AT_name
	.byte	5                               @ DW_AT_encoding
	.byte	2                               @ DW_AT_byte_size
	.byte	10                              @ Abbrev [10] 0xa1:0xb DW_TAG_typedef
	.long	172                             @ DW_AT_type
	.long	.Linfo_string14                 @ DW_AT_name
	.byte	1                               @ DW_AT_decl_file
	.byte	28                              @ DW_AT_decl_line
	.byte	7                               @ Abbrev [7] 0xac:0xd DW_TAG_array_type
                                        @ DW_AT_GNU_vector
	.byte	16                              @ DW_AT_byte_size
	.long	185                             @ DW_AT_type
	.byte	8                               @ Abbrev [8] 0xb2:0x6 DW_TAG_subrange_type
	.long	112                             @ DW_AT_type
	.byte	4                               @ DW_AT_count
	.byte	0                               @ End Of Children Mark
	.byte	10                              @ Abbrev [10] 0xb9:0xb DW_TAG_typedef
	.long	196                             @ DW_AT_type
	.long	.Linfo_string13                 @ DW_AT_name
	.byte	3                               @ DW_AT_decl_file
	.byte	58                              @ DW_AT_decl_line
	.byte	5                               @ Abbrev [5] 0xc4:0x7 DW_TAG_base_type
	.long	.Linfo_string12                 @ DW_AT_name
	.byte	5                               @ DW_AT_encoding
	.byte	4                               @ DW_AT_byte_size
	.byte	11                              @ Abbrev [11] 0xcb:0x86 DW_TAG_subprogram
	.long	.Linfo_string15                 @ DW_AT_name
	.byte	2                               @ DW_AT_decl_file
	.byte	158                             @ DW_AT_decl_line
                                        @ DW_AT_prototyped
	.long	87                              @ DW_AT_type
	.byte	1                               @ DW_AT_inline
	.byte	12                              @ Abbrev [12] 0xd7:0xb DW_TAG_formal_parameter
	.long	.Linfo_string16                 @ DW_AT_name
	.byte	2                               @ DW_AT_decl_file
	.byte	158                             @ DW_AT_decl_line
	.long	87                              @ DW_AT_type
	.byte	13                              @ Abbrev [13] 0xe2:0xb DW_TAG_variable
	.long	.Linfo_string17                 @ DW_AT_name
	.byte	2                               @ DW_AT_decl_file
	.byte	168                             @ DW_AT_decl_line
	.long	337                             @ DW_AT_type
	.byte	13                              @ Abbrev [13] 0xed:0xb DW_TAG_variable
	.long	.Linfo_string22                 @ DW_AT_name
	.byte	2                               @ DW_AT_decl_file
	.byte	168                             @ DW_AT_decl_line
	.long	119                             @ DW_AT_type
	.byte	13                              @ Abbrev [13] 0xf8:0xb DW_TAG_variable
	.long	.Linfo_string23                 @ DW_AT_name
	.byte	2                               @ DW_AT_decl_file
	.byte	161                             @ DW_AT_decl_line
	.long	87                              @ DW_AT_type
	.byte	13                              @ Abbrev [13] 0x103:0xb DW_TAG_variable
	.long	.Linfo_string24                 @ DW_AT_name
	.byte	2                               @ DW_AT_decl_file
	.byte	160                             @ DW_AT_decl_line
	.long	381                             @ DW_AT_type
	.byte	13                              @ Abbrev [13] 0x10e:0xb DW_TAG_variable
	.long	.Linfo_string26                 @ DW_AT_name
	.byte	2                               @ DW_AT_decl_file
	.byte	162                             @ DW_AT_decl_line
	.long	87                              @ DW_AT_type
	.byte	13                              @ Abbrev [13] 0x119:0xb DW_TAG_variable
	.long	.Linfo_string27                 @ DW_AT_name
	.byte	2                               @ DW_AT_decl_file
	.byte	162                             @ DW_AT_decl_line
	.long	87                              @ DW_AT_type
	.byte	13                              @ Abbrev [13] 0x124:0xb DW_TAG_variable
	.long	.Linfo_string28                 @ DW_AT_name
	.byte	2                               @ DW_AT_decl_file
	.byte	162                             @ DW_AT_decl_line
	.long	87                              @ DW_AT_type
	.byte	13                              @ Abbrev [13] 0x12f:0xb DW_TAG_variable
	.long	.Linfo_string29                 @ DW_AT_name
	.byte	2                               @ DW_AT_decl_file
	.byte	162                             @ DW_AT_decl_line
	.long	87                              @ DW_AT_type
	.byte	13                              @ Abbrev [13] 0x13a:0xb DW_TAG_variable
	.long	.Linfo_string30                 @ DW_AT_name
	.byte	2                               @ DW_AT_decl_file
	.byte	161                             @ DW_AT_decl_line
	.long	87                              @ DW_AT_type
	.byte	13                              @ Abbrev [13] 0x145:0xb DW_TAG_variable
	.long	.Linfo_string31                 @ DW_AT_name
	.byte	2                               @ DW_AT_decl_file
	.byte	163                             @ DW_AT_decl_line
	.long	87                              @ DW_AT_type
	.byte	0                               @ End Of Children Mark
	.byte	10                              @ Abbrev [10] 0x151:0xb DW_TAG_typedef
	.long	348                             @ DW_AT_type
	.long	.Linfo_string21                 @ DW_AT_name
	.byte	6                               @ DW_AT_decl_file
	.byte	90                              @ DW_AT_decl_line
	.byte	14                              @ Abbrev [14] 0x15c:0x21 DW_TAG_union_type
	.long	.Linfo_string20                 @ DW_AT_name
	.byte	16                              @ DW_AT_byte_size
	.byte	6                               @ DW_AT_decl_file
	.byte	86                              @ DW_AT_decl_line
	.byte	15                              @ Abbrev [15] 0x164:0xc DW_TAG_member
	.long	.Linfo_string18                 @ DW_AT_name
	.long	87                              @ DW_AT_type
	.byte	6                               @ DW_AT_decl_file
	.byte	88                              @ DW_AT_decl_line
	.byte	0                               @ DW_AT_data_member_location
	.byte	15                              @ Abbrev [15] 0x170:0xc DW_TAG_member
	.long	.Linfo_string19                 @ DW_AT_name
	.long	119                             @ DW_AT_type
	.byte	6                               @ DW_AT_decl_file
	.byte	89                              @ DW_AT_decl_line
	.byte	0                               @ DW_AT_data_member_location
	.byte	0                               @ End Of Children Mark
	.byte	4                               @ Abbrev [4] 0x17d:0xc DW_TAG_typedef
	.long	119                             @ DW_AT_type
	.long	.Linfo_string25                 @ DW_AT_name
	.byte	7                               @ DW_AT_decl_file
	.short	360                             @ DW_AT_decl_line
	.byte	11                              @ Abbrev [11] 0x189:0x44 DW_TAG_subprogram
	.long	.Linfo_string32                 @ DW_AT_name
	.byte	2                               @ DW_AT_decl_file
	.byte	47                              @ DW_AT_decl_line
                                        @ DW_AT_prototyped
	.long	461                             @ DW_AT_type
	.byte	1                               @ DW_AT_inline
	.byte	12                              @ Abbrev [12] 0x195:0xb DW_TAG_formal_parameter
	.long	.Linfo_string34                 @ DW_AT_name
	.byte	2                               @ DW_AT_decl_file
	.byte	48                              @ DW_AT_decl_line
	.long	461                             @ DW_AT_type
	.byte	13                              @ Abbrev [13] 0x1a0:0xb DW_TAG_variable
	.long	.Linfo_string35                 @ DW_AT_name
	.byte	2                               @ DW_AT_decl_file
	.byte	52                              @ DW_AT_decl_line
	.long	337                             @ DW_AT_type
	.byte	13                              @ Abbrev [13] 0x1ab:0xb DW_TAG_variable
	.long	.Linfo_string36                 @ DW_AT_name
	.byte	2                               @ DW_AT_decl_file
	.byte	53                              @ DW_AT_decl_line
	.long	461                             @ DW_AT_type
	.byte	13                              @ Abbrev [13] 0x1b6:0xb DW_TAG_variable
	.long	.Linfo_string37                 @ DW_AT_name
	.byte	2                               @ DW_AT_decl_file
	.byte	50                              @ DW_AT_decl_line
	.long	381                             @ DW_AT_type
	.byte	13                              @ Abbrev [13] 0x1c1:0xb DW_TAG_variable
	.long	.Linfo_string38                 @ DW_AT_name
	.byte	2                               @ DW_AT_decl_file
	.byte	51                              @ DW_AT_decl_line
	.long	461                             @ DW_AT_type
	.byte	0                               @ End Of Children Mark
	.byte	10                              @ Abbrev [10] 0x1cd:0xb DW_TAG_typedef
	.long	87                              @ DW_AT_type
	.long	.Linfo_string33                 @ DW_AT_name
	.byte	6                               @ DW_AT_decl_file
	.byte	71                              @ DW_AT_decl_line
	.byte	11                              @ Abbrev [11] 0x1d8:0x2e DW_TAG_subprogram
	.long	.Linfo_string39                 @ DW_AT_name
	.byte	5                               @ DW_AT_decl_file
	.byte	97                              @ DW_AT_decl_line
                                        @ DW_AT_prototyped
	.long	56                              @ DW_AT_type
	.byte	1                               @ DW_AT_inline
	.byte	12                              @ Abbrev [12] 0x1e4:0xb DW_TAG_formal_parameter
	.long	.Linfo_string40                 @ DW_AT_name
	.byte	5                               @ DW_AT_decl_file
	.byte	97                              @ DW_AT_decl_line
	.long	87                              @ DW_AT_type
	.byte	13                              @ Abbrev [13] 0x1ef:0xb DW_TAG_variable
	.long	.Linfo_string41                 @ DW_AT_name
	.byte	5                               @ DW_AT_decl_file
	.byte	99                              @ DW_AT_decl_line
	.long	87                              @ DW_AT_type
	.byte	13                              @ Abbrev [13] 0x1fa:0xb DW_TAG_variable
	.long	.Linfo_string42                 @ DW_AT_name
	.byte	5                               @ DW_AT_decl_file
	.byte	100                             @ DW_AT_decl_line
	.long	80                              @ DW_AT_type
	.byte	0                               @ End Of Children Mark
	.byte	16                              @ Abbrev [16] 0x206:0x30e DW_TAG_subprogram
	.long	.Lfunc_begin0                   @ DW_AT_low_pc
	.long	.Lfunc_end0-.Lfunc_begin0       @ DW_AT_high_pc
	.byte	1                               @ DW_AT_frame_base
	.byte	93
                                        @ DW_AT_GNU_all_call_sites
	.long	.Linfo_string43                 @ DW_AT_name
	.byte	4                               @ DW_AT_decl_file
	.byte	59                              @ DW_AT_decl_line
                                        @ DW_AT_prototyped
	.long	1300                            @ DW_AT_type
                                        @ DW_AT_external
	.byte	17                              @ Abbrev [17] 0x21b:0xf DW_TAG_formal_parameter
	.long	.Ldebug_loc0                    @ DW_AT_location
	.long	.Linfo_string48                 @ DW_AT_name
	.byte	4                               @ DW_AT_decl_file
	.byte	59                              @ DW_AT_decl_line
	.long	1318                            @ DW_AT_type
	.byte	17                              @ Abbrev [17] 0x22a:0xf DW_TAG_formal_parameter
	.long	.Ldebug_loc1                    @ DW_AT_location
	.long	.Linfo_string40                 @ DW_AT_name
	.byte	4                               @ DW_AT_decl_file
	.byte	60                              @ DW_AT_decl_line
	.long	1416                            @ DW_AT_type
	.byte	17                              @ Abbrev [17] 0x239:0xf DW_TAG_formal_parameter
	.long	.Ldebug_loc2                    @ DW_AT_location
	.long	.Linfo_string56                 @ DW_AT_name
	.byte	4                               @ DW_AT_decl_file
	.byte	61                              @ DW_AT_decl_line
	.long	75                              @ DW_AT_type
	.byte	17                              @ Abbrev [17] 0x248:0xf DW_TAG_formal_parameter
	.long	.Ldebug_loc3                    @ DW_AT_location
	.long	.Linfo_string57                 @ DW_AT_name
	.byte	4                               @ DW_AT_decl_file
	.byte	62                              @ DW_AT_decl_line
	.long	75                              @ DW_AT_type
	.byte	18                              @ Abbrev [18] 0x257:0xf DW_TAG_variable
	.byte	3                               @ DW_AT_location
	.byte	145
	.ascii	"\256\003"
	.long	.Linfo_string46                 @ DW_AT_name
	.byte	4                               @ DW_AT_decl_file
	.byte	70                              @ DW_AT_decl_line
	.long	56                              @ DW_AT_type
	.byte	18                              @ Abbrev [18] 0x266:0xf DW_TAG_variable
	.byte	3                               @ DW_AT_location
	.byte	145
	.ascii	"\250\003"
	.long	.Linfo_string47                 @ DW_AT_name
	.byte	4                               @ DW_AT_decl_file
	.byte	74                              @ DW_AT_decl_line
	.long	1300                            @ DW_AT_type
	.byte	19                              @ Abbrev [19] 0x275:0xf DW_TAG_variable
	.long	.Ldebug_loc4                    @ DW_AT_location
	.long	.Linfo_string58                 @ DW_AT_name
	.byte	4                               @ DW_AT_decl_file
	.byte	69                              @ DW_AT_decl_line
	.long	1416                            @ DW_AT_type
	.byte	19                              @ Abbrev [19] 0x284:0xf DW_TAG_variable
	.long	.Ldebug_loc5                    @ DW_AT_location
	.long	.Linfo_string59                 @ DW_AT_name
	.byte	4                               @ DW_AT_decl_file
	.byte	68                              @ DW_AT_decl_line
	.long	75                              @ DW_AT_type
	.byte	19                              @ Abbrev [19] 0x293:0xf DW_TAG_variable
	.long	.Ldebug_loc6                    @ DW_AT_location
	.long	.Linfo_string60                 @ DW_AT_name
	.byte	4                               @ DW_AT_decl_file
	.byte	76                              @ DW_AT_decl_line
	.long	75                              @ DW_AT_type
	.byte	19                              @ Abbrev [19] 0x2a2:0xf DW_TAG_variable
	.long	.Ldebug_loc7                    @ DW_AT_location
	.long	.Linfo_string61                 @ DW_AT_name
	.byte	4                               @ DW_AT_decl_file
	.byte	75                              @ DW_AT_decl_line
	.long	75                              @ DW_AT_type
	.byte	19                              @ Abbrev [19] 0x2b1:0xf DW_TAG_variable
	.long	.Ldebug_loc8                    @ DW_AT_location
	.long	.Linfo_string62                 @ DW_AT_name
	.byte	4                               @ DW_AT_decl_file
	.byte	65                              @ DW_AT_decl_line
	.long	1300                            @ DW_AT_type
	.byte	19                              @ Abbrev [19] 0x2c0:0xf DW_TAG_variable
	.long	.Ldebug_loc9                    @ DW_AT_location
	.long	.Linfo_string63                 @ DW_AT_name
	.byte	4                               @ DW_AT_decl_file
	.byte	67                              @ DW_AT_decl_line
	.long	1416                            @ DW_AT_type
	.byte	19                              @ Abbrev [19] 0x2cf:0xf DW_TAG_variable
	.long	.Ldebug_loc10                   @ DW_AT_location
	.long	.Linfo_string64                 @ DW_AT_name
	.byte	4                               @ DW_AT_decl_file
	.byte	66                              @ DW_AT_decl_line
	.long	1416                            @ DW_AT_type
	.byte	19                              @ Abbrev [19] 0x2de:0xf DW_TAG_variable
	.long	.Ldebug_loc12                   @ DW_AT_location
	.long	.Linfo_string66                 @ DW_AT_name
	.byte	4                               @ DW_AT_decl_file
	.byte	73                              @ DW_AT_decl_line
	.long	461                             @ DW_AT_type
	.byte	19                              @ Abbrev [19] 0x2ed:0xf DW_TAG_variable
	.long	.Ldebug_loc13                   @ DW_AT_location
	.long	.Linfo_string67                 @ DW_AT_name
	.byte	4                               @ DW_AT_decl_file
	.byte	71                              @ DW_AT_decl_line
	.long	461                             @ DW_AT_type
	.byte	19                              @ Abbrev [19] 0x2fc:0xf DW_TAG_variable
	.long	.Ldebug_loc31                   @ DW_AT_location
	.long	.Linfo_string70                 @ DW_AT_name
	.byte	4                               @ DW_AT_decl_file
	.byte	73                              @ DW_AT_decl_line
	.long	461                             @ DW_AT_type
	.byte	19                              @ Abbrev [19] 0x30b:0xf DW_TAG_variable
	.long	.Ldebug_loc37                   @ DW_AT_location
	.long	.Linfo_string71                 @ DW_AT_name
	.byte	4                               @ DW_AT_decl_file
	.byte	72                              @ DW_AT_decl_line
	.long	80                              @ DW_AT_type
	.byte	20                              @ Abbrev [20] 0x31a:0x1f9 DW_TAG_lexical_block
	.long	.Ldebug_ranges0                 @ DW_AT_ranges
	.byte	19                              @ Abbrev [19] 0x31f:0xf DW_TAG_variable
	.long	.Ldebug_loc11                   @ DW_AT_location
	.long	.Linfo_string65                 @ DW_AT_name
	.byte	4                               @ DW_AT_decl_file
	.byte	89                              @ DW_AT_decl_line
	.long	1300                            @ DW_AT_type
	.byte	21                              @ Abbrev [21] 0x32e:0xd4 DW_TAG_lexical_block
	.long	.Ltmp11                         @ DW_AT_low_pc
	.long	.Ltmp73-.Ltmp11                 @ DW_AT_high_pc
	.byte	19                              @ Abbrev [19] 0x337:0xf DW_TAG_variable
	.long	.Ldebug_loc29                   @ DW_AT_location
	.long	.Linfo_string68                 @ DW_AT_name
	.byte	4                               @ DW_AT_decl_file
	.byte	113                             @ DW_AT_decl_line
	.long	461                             @ DW_AT_type
	.byte	19                              @ Abbrev [19] 0x346:0xf DW_TAG_variable
	.long	.Ldebug_loc30                   @ DW_AT_location
	.long	.Linfo_string69                 @ DW_AT_name
	.byte	4                               @ DW_AT_decl_file
	.byte	113                             @ DW_AT_decl_line
	.long	461                             @ DW_AT_type
	.byte	13                              @ Abbrev [13] 0x355:0xb DW_TAG_variable
	.long	.Linfo_string72                 @ DW_AT_name
	.byte	4                               @ DW_AT_decl_file
	.byte	112                             @ DW_AT_decl_line
	.long	1421                            @ DW_AT_type
	.byte	22                              @ Abbrev [22] 0x360:0x70 DW_TAG_inlined_subroutine
	.long	203                             @ DW_AT_abstract_origin
	.long	.Ldebug_ranges1                 @ DW_AT_ranges
	.byte	4                               @ DW_AT_call_file
	.byte	117                             @ DW_AT_call_line
	.byte	43                              @ DW_AT_call_column
	.byte	23                              @ Abbrev [23] 0x36c:0x9 DW_TAG_formal_parameter
	.long	.Ldebug_loc15                   @ DW_AT_location
	.long	215                             @ DW_AT_abstract_origin
	.byte	24                              @ Abbrev [24] 0x375:0x9 DW_TAG_variable
	.long	.Ldebug_loc14                   @ DW_AT_location
	.long	226                             @ DW_AT_abstract_origin
	.byte	24                              @ Abbrev [24] 0x37e:0x9 DW_TAG_variable
	.long	.Ldebug_loc16                   @ DW_AT_location
	.long	237                             @ DW_AT_abstract_origin
	.byte	24                              @ Abbrev [24] 0x387:0x9 DW_TAG_variable
	.long	.Ldebug_loc17                   @ DW_AT_location
	.long	248                             @ DW_AT_abstract_origin
	.byte	24                              @ Abbrev [24] 0x390:0x9 DW_TAG_variable
	.long	.Ldebug_loc18                   @ DW_AT_location
	.long	259                             @ DW_AT_abstract_origin
	.byte	24                              @ Abbrev [24] 0x399:0x9 DW_TAG_variable
	.long	.Ldebug_loc19                   @ DW_AT_location
	.long	270                             @ DW_AT_abstract_origin
	.byte	24                              @ Abbrev [24] 0x3a2:0x9 DW_TAG_variable
	.long	.Ldebug_loc20                   @ DW_AT_location
	.long	281                             @ DW_AT_abstract_origin
	.byte	24                              @ Abbrev [24] 0x3ab:0x9 DW_TAG_variable
	.long	.Ldebug_loc21                   @ DW_AT_location
	.long	292                             @ DW_AT_abstract_origin
	.byte	24                              @ Abbrev [24] 0x3b4:0x9 DW_TAG_variable
	.long	.Ldebug_loc22                   @ DW_AT_location
	.long	303                             @ DW_AT_abstract_origin
	.byte	24                              @ Abbrev [24] 0x3bd:0x9 DW_TAG_variable
	.long	.Ldebug_loc23                   @ DW_AT_location
	.long	314                             @ DW_AT_abstract_origin
	.byte	24                              @ Abbrev [24] 0x3c6:0x9 DW_TAG_variable
	.long	.Ldebug_loc27                   @ DW_AT_location
	.long	325                             @ DW_AT_abstract_origin
	.byte	0                               @ End Of Children Mark
	.byte	22                              @ Abbrev [22] 0x3d0:0x31 DW_TAG_inlined_subroutine
	.long	393                             @ DW_AT_abstract_origin
	.long	.Ldebug_ranges2                 @ DW_AT_ranges
	.byte	4                               @ DW_AT_call_file
	.byte	119                             @ DW_AT_call_line
	.byte	25                              @ DW_AT_call_column
	.byte	24                              @ Abbrev [24] 0x3dc:0x9 DW_TAG_variable
	.long	.Ldebug_loc24                   @ DW_AT_location
	.long	416                             @ DW_AT_abstract_origin
	.byte	24                              @ Abbrev [24] 0x3e5:0x9 DW_TAG_variable
	.long	.Ldebug_loc25                   @ DW_AT_location
	.long	427                             @ DW_AT_abstract_origin
	.byte	24                              @ Abbrev [24] 0x3ee:0x9 DW_TAG_variable
	.long	.Ldebug_loc26                   @ DW_AT_location
	.long	438                             @ DW_AT_abstract_origin
	.byte	24                              @ Abbrev [24] 0x3f7:0x9 DW_TAG_variable
	.long	.Ldebug_loc28                   @ DW_AT_location
	.long	449                             @ DW_AT_abstract_origin
	.byte	0                               @ End Of Children Mark
	.byte	0                               @ End Of Children Mark
	.byte	22                              @ Abbrev [22] 0x402:0x28 DW_TAG_inlined_subroutine
	.long	472                             @ DW_AT_abstract_origin
	.long	.Ldebug_ranges3                 @ DW_AT_ranges
	.byte	4                               @ DW_AT_call_file
	.byte	131                             @ DW_AT_call_line
	.byte	35                              @ DW_AT_call_column
	.byte	23                              @ Abbrev [23] 0x40e:0x9 DW_TAG_formal_parameter
	.long	.Ldebug_loc32                   @ DW_AT_location
	.long	484                             @ DW_AT_abstract_origin
	.byte	24                              @ Abbrev [24] 0x417:0x9 DW_TAG_variable
	.long	.Ldebug_loc33                   @ DW_AT_location
	.long	495                             @ DW_AT_abstract_origin
	.byte	24                              @ Abbrev [24] 0x420:0x9 DW_TAG_variable
	.long	.Ldebug_loc36                   @ DW_AT_location
	.long	506                             @ DW_AT_abstract_origin
	.byte	0                               @ End Of Children Mark
	.byte	22                              @ Abbrev [22] 0x42a:0x1f DW_TAG_inlined_subroutine
	.long	472                             @ DW_AT_abstract_origin
	.long	.Ldebug_ranges4                 @ DW_AT_ranges
	.byte	4                               @ DW_AT_call_file
	.byte	132                             @ DW_AT_call_line
	.byte	35                              @ DW_AT_call_column
	.byte	23                              @ Abbrev [23] 0x436:0x9 DW_TAG_formal_parameter
	.long	.Ldebug_loc35                   @ DW_AT_location
	.long	484                             @ DW_AT_abstract_origin
	.byte	24                              @ Abbrev [24] 0x43f:0x9 DW_TAG_variable
	.long	.Ldebug_loc34                   @ DW_AT_location
	.long	495                             @ DW_AT_abstract_origin
	.byte	0                               @ End Of Children Mark
	.byte	21                              @ Abbrev [21] 0x449:0xc9 DW_TAG_lexical_block
	.long	.Ltmp101                        @ DW_AT_low_pc
	.long	.Ltmp159-.Ltmp101               @ DW_AT_high_pc
	.byte	19                              @ Abbrev [19] 0x452:0xf DW_TAG_variable
	.long	.Ldebug_loc52                   @ DW_AT_location
	.long	.Linfo_string69                 @ DW_AT_name
	.byte	4                               @ DW_AT_decl_file
	.byte	91                              @ DW_AT_decl_line
	.long	461                             @ DW_AT_type
	.byte	19                              @ Abbrev [19] 0x461:0xf DW_TAG_variable
	.long	.Ldebug_loc53                   @ DW_AT_location
	.long	.Linfo_string68                 @ DW_AT_name
	.byte	4                               @ DW_AT_decl_file
	.byte	91                              @ DW_AT_decl_line
	.long	461                             @ DW_AT_type
	.byte	22                              @ Abbrev [22] 0x470:0x70 DW_TAG_inlined_subroutine
	.long	203                             @ DW_AT_abstract_origin
	.long	.Ldebug_ranges5                 @ DW_AT_ranges
	.byte	4                               @ DW_AT_call_file
	.byte	94                              @ DW_AT_call_line
	.byte	34                              @ DW_AT_call_column
	.byte	23                              @ Abbrev [23] 0x47c:0x9 DW_TAG_formal_parameter
	.long	.Ldebug_loc39                   @ DW_AT_location
	.long	215                             @ DW_AT_abstract_origin
	.byte	24                              @ Abbrev [24] 0x485:0x9 DW_TAG_variable
	.long	.Ldebug_loc38                   @ DW_AT_location
	.long	226                             @ DW_AT_abstract_origin
	.byte	24                              @ Abbrev [24] 0x48e:0x9 DW_TAG_variable
	.long	.Ldebug_loc40                   @ DW_AT_location
	.long	237                             @ DW_AT_abstract_origin
	.byte	24                              @ Abbrev [24] 0x497:0x9 DW_TAG_variable
	.long	.Ldebug_loc41                   @ DW_AT_location
	.long	248                             @ DW_AT_abstract_origin
	.byte	24                              @ Abbrev [24] 0x4a0:0x9 DW_TAG_variable
	.long	.Ldebug_loc42                   @ DW_AT_location
	.long	259                             @ DW_AT_abstract_origin
	.byte	24                              @ Abbrev [24] 0x4a9:0x9 DW_TAG_variable
	.long	.Ldebug_loc43                   @ DW_AT_location
	.long	270                             @ DW_AT_abstract_origin
	.byte	24                              @ Abbrev [24] 0x4b2:0x9 DW_TAG_variable
	.long	.Ldebug_loc44                   @ DW_AT_location
	.long	281                             @ DW_AT_abstract_origin
	.byte	24                              @ Abbrev [24] 0x4bb:0x9 DW_TAG_variable
	.long	.Ldebug_loc45                   @ DW_AT_location
	.long	292                             @ DW_AT_abstract_origin
	.byte	24                              @ Abbrev [24] 0x4c4:0x9 DW_TAG_variable
	.long	.Ldebug_loc46                   @ DW_AT_location
	.long	303                             @ DW_AT_abstract_origin
	.byte	24                              @ Abbrev [24] 0x4cd:0x9 DW_TAG_variable
	.long	.Ldebug_loc47                   @ DW_AT_location
	.long	314                             @ DW_AT_abstract_origin
	.byte	24                              @ Abbrev [24] 0x4d6:0x9 DW_TAG_variable
	.long	.Ldebug_loc54                   @ DW_AT_location
	.long	325                             @ DW_AT_abstract_origin
	.byte	0                               @ End Of Children Mark
	.byte	22                              @ Abbrev [22] 0x4e0:0x31 DW_TAG_inlined_subroutine
	.long	393                             @ DW_AT_abstract_origin
	.long	.Ldebug_ranges6                 @ DW_AT_ranges
	.byte	4                               @ DW_AT_call_file
	.byte	96                              @ DW_AT_call_line
	.byte	25                              @ DW_AT_call_column
	.byte	24                              @ Abbrev [24] 0x4ec:0x9 DW_TAG_variable
	.long	.Ldebug_loc48                   @ DW_AT_location
	.long	416                             @ DW_AT_abstract_origin
	.byte	24                              @ Abbrev [24] 0x4f5:0x9 DW_TAG_variable
	.long	.Ldebug_loc49                   @ DW_AT_location
	.long	427                             @ DW_AT_abstract_origin
	.byte	24                              @ Abbrev [24] 0x4fe:0x9 DW_TAG_variable
	.long	.Ldebug_loc50                   @ DW_AT_location
	.long	438                             @ DW_AT_abstract_origin
	.byte	24                              @ Abbrev [24] 0x507:0x9 DW_TAG_variable
	.long	.Ldebug_loc51                   @ DW_AT_location
	.long	449                             @ DW_AT_abstract_origin
	.byte	0                               @ End Of Children Mark
	.byte	0                               @ End Of Children Mark
	.byte	0                               @ End Of Children Mark
	.byte	0                               @ End Of Children Mark
	.byte	10                              @ Abbrev [10] 0x514:0xb DW_TAG_typedef
	.long	1311                            @ DW_AT_type
	.long	.Linfo_string45                 @ DW_AT_name
	.byte	3                               @ DW_AT_decl_file
	.byte	64                              @ DW_AT_decl_line
	.byte	5                               @ Abbrev [5] 0x51f:0x7 DW_TAG_base_type
	.long	.Linfo_string44                 @ DW_AT_name
	.byte	7                               @ DW_AT_encoding
	.byte	4                               @ DW_AT_byte_size
	.byte	6                               @ Abbrev [6] 0x526:0x5 DW_TAG_pointer_type
	.long	1323                            @ DW_AT_type
	.byte	3                               @ Abbrev [3] 0x52b:0x5 DW_TAG_const_type
	.long	1328                            @ DW_AT_type
	.byte	10                              @ Abbrev [10] 0x530:0xb DW_TAG_typedef
	.long	1339                            @ DW_AT_type
	.long	.Linfo_string55                 @ DW_AT_name
	.byte	8                               @ DW_AT_decl_file
	.byte	56                              @ DW_AT_decl_line
	.byte	25                              @ Abbrev [25] 0x53b:0x4d DW_TAG_structure_type
	.byte	24                              @ DW_AT_byte_size
	.byte	8                               @ DW_AT_decl_file
	.byte	48                              @ DW_AT_decl_line
	.byte	15                              @ Abbrev [15] 0x53f:0xc DW_TAG_member
	.long	.Linfo_string49                 @ DW_AT_name
	.long	1300                            @ DW_AT_type
	.byte	8                               @ DW_AT_decl_file
	.byte	50                              @ DW_AT_decl_line
	.byte	0                               @ DW_AT_data_member_location
	.byte	15                              @ Abbrev [15] 0x54b:0xc DW_TAG_member
	.long	.Linfo_string50                 @ DW_AT_name
	.long	1300                            @ DW_AT_type
	.byte	8                               @ DW_AT_decl_file
	.byte	51                              @ DW_AT_decl_line
	.byte	4                               @ DW_AT_data_member_location
	.byte	15                              @ Abbrev [15] 0x557:0xc DW_TAG_member
	.long	.Linfo_string51                 @ DW_AT_name
	.long	1416                            @ DW_AT_type
	.byte	8                               @ DW_AT_decl_file
	.byte	52                              @ DW_AT_decl_line
	.byte	8                               @ DW_AT_data_member_location
	.byte	15                              @ Abbrev [15] 0x563:0xc DW_TAG_member
	.long	.Linfo_string52                 @ DW_AT_name
	.long	1416                            @ DW_AT_type
	.byte	8                               @ DW_AT_decl_file
	.byte	53                              @ DW_AT_decl_line
	.byte	12                              @ DW_AT_data_member_location
	.byte	15                              @ Abbrev [15] 0x56f:0xc DW_TAG_member
	.long	.Linfo_string53                 @ DW_AT_name
	.long	1416                            @ DW_AT_type
	.byte	8                               @ DW_AT_decl_file
	.byte	54                              @ DW_AT_decl_line
	.byte	16                              @ DW_AT_data_member_location
	.byte	15                              @ Abbrev [15] 0x57b:0xc DW_TAG_member
	.long	.Linfo_string54                 @ DW_AT_name
	.long	56                              @ DW_AT_type
	.byte	8                               @ DW_AT_decl_file
	.byte	55                              @ DW_AT_decl_line
	.byte	20                              @ DW_AT_data_member_location
	.byte	0                               @ End Of Children Mark
	.byte	6                               @ Abbrev [6] 0x588:0x5 DW_TAG_pointer_type
	.long	51                              @ DW_AT_type
	.byte	10                              @ Abbrev [10] 0x58d:0xb DW_TAG_typedef
	.long	1432                            @ DW_AT_type
	.long	.Linfo_string75                 @ DW_AT_name
	.byte	1                               @ DW_AT_decl_file
	.byte	24                              @ DW_AT_decl_line
	.byte	10                              @ Abbrev [10] 0x598:0xb DW_TAG_typedef
	.long	1443                            @ DW_AT_type
	.long	.Linfo_string74                 @ DW_AT_name
	.byte	3                               @ DW_AT_decl_file
	.byte	63                              @ DW_AT_decl_line
	.byte	5                               @ Abbrev [5] 0x5a3:0x7 DW_TAG_base_type
	.long	.Linfo_string73                 @ DW_AT_name
	.byte	7                               @ DW_AT_encoding
	.byte	2                               @ DW_AT_byte_size
	.byte	0                               @ End Of Children Mark
.Ldebug_info_end0:
	.section	.debug_ranges,"",%progbits
.Ldebug_ranges0:
	.long	.Ltmp11-.Lfunc_begin0
	.long	.Ltmp85-.Lfunc_begin0
	.long	.Ltmp86-.Lfunc_begin0
	.long	.Ltmp89-.Lfunc_begin0
	.long	.Ltmp90-.Lfunc_begin0
	.long	.Ltmp92-.Lfunc_begin0
	.long	.Ltmp93-.Lfunc_begin0
	.long	.Ltmp165-.Lfunc_begin0
	.long	0
	.long	0
.Ldebug_ranges1:
	.long	.Ltmp13-.Lfunc_begin0
	.long	.Ltmp23-.Lfunc_begin0
	.long	.Ltmp24-.Lfunc_begin0
	.long	.Ltmp26-.Lfunc_begin0
	.long	.Ltmp27-.Lfunc_begin0
	.long	.Ltmp28-.Lfunc_begin0
	.long	.Ltmp29-.Lfunc_begin0
	.long	.Ltmp31-.Lfunc_begin0
	.long	.Ltmp33-.Lfunc_begin0
	.long	.Ltmp35-.Lfunc_begin0
	.long	.Ltmp36-.Lfunc_begin0
	.long	.Ltmp37-.Lfunc_begin0
	.long	.Ltmp38-.Lfunc_begin0
	.long	.Ltmp41-.Lfunc_begin0
	.long	.Ltmp57-.Lfunc_begin0
	.long	.Ltmp58-.Lfunc_begin0
	.long	.Ltmp60-.Lfunc_begin0
	.long	.Ltmp61-.Lfunc_begin0
	.long	.Ltmp63-.Lfunc_begin0
	.long	.Ltmp64-.Lfunc_begin0
	.long	.Ltmp65-.Lfunc_begin0
	.long	.Ltmp66-.Lfunc_begin0
	.long	0
	.long	0
.Ldebug_ranges2:
	.long	.Ltmp23-.Lfunc_begin0
	.long	.Ltmp24-.Lfunc_begin0
	.long	.Ltmp26-.Lfunc_begin0
	.long	.Ltmp27-.Lfunc_begin0
	.long	.Ltmp28-.Lfunc_begin0
	.long	.Ltmp29-.Lfunc_begin0
	.long	.Ltmp31-.Lfunc_begin0
	.long	.Ltmp33-.Lfunc_begin0
	.long	.Ltmp35-.Lfunc_begin0
	.long	.Ltmp36-.Lfunc_begin0
	.long	.Ltmp37-.Lfunc_begin0
	.long	.Ltmp38-.Lfunc_begin0
	.long	.Ltmp41-.Lfunc_begin0
	.long	.Ltmp57-.Lfunc_begin0
	.long	.Ltmp58-.Lfunc_begin0
	.long	.Ltmp59-.Lfunc_begin0
	.long	0
	.long	0
.Ldebug_ranges3:
	.long	.Ltmp73-.Lfunc_begin0
	.long	.Ltmp77-.Lfunc_begin0
	.long	.Ltmp81-.Lfunc_begin0
	.long	.Ltmp83-.Lfunc_begin0
	.long	0
	.long	0
.Ldebug_ranges4:
	.long	.Ltmp77-.Lfunc_begin0
	.long	.Ltmp81-.Lfunc_begin0
	.long	.Ltmp84-.Lfunc_begin0
	.long	.Ltmp85-.Lfunc_begin0
	.long	0
	.long	0
.Ldebug_ranges5:
	.long	.Ltmp103-.Lfunc_begin0
	.long	.Ltmp104-.Lfunc_begin0
	.long	.Ltmp105-.Lfunc_begin0
	.long	.Ltmp115-.Lfunc_begin0
	.long	.Ltmp116-.Lfunc_begin0
	.long	.Ltmp118-.Lfunc_begin0
	.long	.Ltmp120-.Lfunc_begin0
	.long	.Ltmp121-.Lfunc_begin0
	.long	.Ltmp124-.Lfunc_begin0
	.long	.Ltmp126-.Lfunc_begin0
	.long	.Ltmp127-.Lfunc_begin0
	.long	.Ltmp129-.Lfunc_begin0
	.long	.Ltmp149-.Lfunc_begin0
	.long	.Ltmp156-.Lfunc_begin0
	.long	0
	.long	0
.Ldebug_ranges6:
	.long	.Ltmp115-.Lfunc_begin0
	.long	.Ltmp116-.Lfunc_begin0
	.long	.Ltmp118-.Lfunc_begin0
	.long	.Ltmp120-.Lfunc_begin0
	.long	.Ltmp121-.Lfunc_begin0
	.long	.Ltmp124-.Lfunc_begin0
	.long	.Ltmp126-.Lfunc_begin0
	.long	.Ltmp127-.Lfunc_begin0
	.long	.Ltmp129-.Lfunc_begin0
	.long	.Ltmp138-.Lfunc_begin0
	.long	.Ltmp139-.Lfunc_begin0
	.long	.Ltmp140-.Lfunc_begin0
	.long	.Ltmp144-.Lfunc_begin0
	.long	.Ltmp148-.Lfunc_begin0
	.long	0
	.long	0
	.section	.debug_str,"MS",%progbits,1
.Linfo_string0:
	.asciz	"Component: Arm Compiler for Embedded 6.21 Tool: armclang [5ec1fd00]" @ string offset=0
.Linfo_string1:
	.asciz	"C:/Keil_v5/Packs/ARM/CMSIS-DSP/1.15.0/Source/BayesFunctions\\BayesFunctionsF16.c" @ string offset=68
.Linfo_string2:
	.asciz	"C:\\Users\\rohankoshy\\Downloads\\en-us--M55M1_Series_BSP_CMSIS_V3.01.003\\SampleCode\\NuEdgeWise\\PoseLandmark_YOLOv8n\\KEIL" @ string offset=148
.Linfo_string3:
	.asciz	"__logf_rng_f16"                @ string offset=266
.Linfo_string4:
	.asciz	"__fp16"                        @ string offset=281
.Linfo_string5:
	.asciz	"float16_t"                     @ string offset=288
.Linfo_string6:
	.asciz	"_Float16"                      @ string offset=298
.Linfo_string7:
	.asciz	"__ARRAY_SIZE_TYPE__"           @ string offset=307
.Linfo_string8:
	.asciz	"float16x8_t"                   @ string offset=327
.Linfo_string9:
	.asciz	"short"                         @ string offset=339
.Linfo_string10:
	.asciz	"int16_t"                       @ string offset=345
.Linfo_string11:
	.asciz	"int16x8_t"                     @ string offset=353
.Linfo_string12:
	.asciz	"int"                           @ string offset=363
.Linfo_string13:
	.asciz	"int32_t"                       @ string offset=367
.Linfo_string14:
	.asciz	"int32x4_t"                     @ string offset=375
.Linfo_string15:
	.asciz	"vlogq_f16"                     @ string offset=385
.Linfo_string16:
	.asciz	"vecIn"                         @ string offset=395
.Linfo_string17:
	.asciz	"r"                             @ string offset=401
.Linfo_string18:
	.asciz	"f"                             @ string offset=403
.Linfo_string19:
	.asciz	"i"                             @ string offset=405
.Linfo_string20:
	.asciz	"_any16x8_t"                    @ string offset=407
.Linfo_string21:
	.asciz	"any16x8_t"                     @ string offset=418
.Linfo_string22:
	.asciz	"n"                             @ string offset=428
.Linfo_string23:
	.asciz	"vecTmpFlt1"                    @ string offset=430
.Linfo_string24:
	.asciz	"vecExpUnBiased"                @ string offset=441
.Linfo_string25:
	.asciz	"q15x8_t"                       @ string offset=456
.Linfo_string26:
	.asciz	"vecAcc1"                       @ string offset=464
.Linfo_string27:
	.asciz	"vecAcc0"                       @ string offset=472
.Linfo_string28:
	.asciz	"vecAcc2"                       @ string offset=480
.Linfo_string29:
	.asciz	"vecAcc3"                       @ string offset=488
.Linfo_string30:
	.asciz	"vecTmpFlt0"                    @ string offset=496
.Linfo_string31:
	.asciz	"vecExpUnBiasedFlt"             @ string offset=507
.Linfo_string32:
	.asciz	"vrecip_medprec_f16"            @ string offset=525
.Linfo_string33:
	.asciz	"f16x8_t"                       @ string offset=544
.Linfo_string34:
	.asciz	"x"                             @ string offset=552
.Linfo_string35:
	.asciz	"xinv"                          @ string offset=554
.Linfo_string36:
	.asciz	"ax"                            @ string offset=559
.Linfo_string37:
	.asciz	"m"                             @ string offset=562
.Linfo_string38:
	.asciz	"b"                             @ string offset=564
.Linfo_string39:
	.asciz	"vecAddAcrossF16Mve"            @ string offset=566
.Linfo_string40:
	.asciz	"in"                            @ string offset=585
.Linfo_string41:
	.asciz	"tmpVec"                        @ string offset=588
.Linfo_string42:
	.asciz	"acc"                           @ string offset=595
.Linfo_string43:
	.asciz	"arm_gaussian_naive_bayes_predict_f16" @ string offset=599
.Linfo_string44:
	.asciz	"unsigned int"                  @ string offset=636
.Linfo_string45:
	.asciz	"uint32_t"                      @ string offset=649
.Linfo_string46:
	.asciz	"result"                        @ string offset=658
.Linfo_string47:
	.asciz	"index"                         @ string offset=665
.Linfo_string48:
	.asciz	"S"                             @ string offset=671
.Linfo_string49:
	.asciz	"vectorDimension"               @ string offset=673
.Linfo_string50:
	.asciz	"numberOfClasses"               @ string offset=689
.Linfo_string51:
	.asciz	"theta"                         @ string offset=705
.Linfo_string52:
	.asciz	"sigma"                         @ string offset=711
.Linfo_string53:
	.asciz	"classPriors"                   @ string offset=717
.Linfo_string54:
	.asciz	"epsilon"                       @ string offset=729
.Linfo_string55:
	.asciz	"arm_gaussian_naive_bayes_instance_f16" @ string offset=737
.Linfo_string56:
	.asciz	"pOutputProbabilities"          @ string offset=775
.Linfo_string57:
	.asciz	"pBufferB"                      @ string offset=796
.Linfo_string58:
	.asciz	"pIn"                           @ string offset=805
.Linfo_string59:
	.asciz	"buffer"                        @ string offset=809
.Linfo_string60:
	.asciz	"pLogPrior"                     @ string offset=816
.Linfo_string61:
	.asciz	"logclassPriors"                @ string offset=826
.Linfo_string62:
	.asciz	"nbClass"                       @ string offset=841
.Linfo_string63:
	.asciz	"pSigma"                        @ string offset=849
.Linfo_string64:
	.asciz	"pTheta"                        @ string offset=856
.Linfo_string65:
	.asciz	"blkCnt"                        @ string offset=863
.Linfo_string66:
	.asciz	"vacc2"                         @ string offset=870
.Linfo_string67:
	.asciz	"vsigma"                        @ string offset=876
.Linfo_string68:
	.asciz	"vinvSigma"                     @ string offset=883
.Linfo_string69:
	.asciz	"vtmp"                          @ string offset=893
.Linfo_string70:
	.asciz	"vacc1"                         @ string offset=898
.Linfo_string71:
	.asciz	"tmp"                           @ string offset=904
.Linfo_string72:
	.asciz	"p0"                            @ string offset=908
.Linfo_string73:
	.asciz	"unsigned short"                @ string offset=911
.Linfo_string74:
	.asciz	"uint16_t"                      @ string offset=926
.Linfo_string75:
	.asciz	"mve_pred16_t"                  @ string offset=935
	.ident	"Component: Arm Compiler for Embedded 6.21 Tool: armclang [5ec1fd00]"
	.section	".note.GNU-stack","",%progbits
	.eabi_attribute	30, 1	@ Tag_ABI_optimization_goals
	.ARM_attribute	16, 1	@ Tag_AV_eba
	.section	.debug_line,"",%progbits
.Lline_table_start0:
