	.text
	.syntax unified
	.eabi_attribute	67, "2.09"	@ Tag_conformance
	.cpu	cortex-m55
	.eabi_attribute	6, 21	@ Tag_CPU_arch
	.eabi_attribute	7, 77	@ Tag_CPU_arch_profile
	.eabi_attribute	8, 0	@ Tag_ARM_ISA_use
	.eabi_attribute	9, 3	@ Tag_THUMB_ISA_use
	.fpu	fpv5-d16
	.eabi_attribute	36, 1	@ Tag_FP_HP_extension
	.eabi_attribute	48, 2	@ Tag_MVE_arch
	.eabi_attribute	46, 1	@ Tag_DSP_extension
	.eabi_attribute	34, 1	@ Tag_CPU_unaligned_access
	.eabi_attribute	17, 1	@ Tag_ABI_PCS_GOT_use
	.eabi_attribute	20, 2	@ Tag_ABI_FP_denormal
	.eabi_attribute	21, 0	@ Tag_ABI_FP_exceptions
	.eabi_attribute	23, 1	@ Tag_ABI_FP_number_model
	.eabi_attribute	24, 1	@ Tag_ABI_align_needed
	.eabi_attribute	25, 1	@ Tag_ABI_align_preserved
	.eabi_attribute	28, 1	@ Tag_ABI_VFP_args
	.eabi_attribute	38, 1	@ Tag_ABI_FP_16bit_format
	.eabi_attribute	18, 2	@ Tag_ABI_PCS_wchar_t
	.eabi_attribute	26, 1	@ Tag_ABI_enum_size
	.eabi_attribute	14, 0	@ Tag_ABI_PCS_R9_use
	.file	"BoardInit.cpp"
	.file	1 "C:\\Final_Code_Capstone\\Nuvoton_EchoTrack\\en-us--M55M1_Series_BSP_CMSIS_V3.01.003\\SampleCode\\NuEdgeWise\\PoseLandmark_YOLOv8n\\KEIL" "../BoardInit.cpp"
	.file	2 "C:\\Keil_v5\\ARM\\ARMCLANG\\Bin\\..\\include" "stdint.h"
	.file	3 "C:\\Final_Code_Capstone\\Nuvoton_EchoTrack\\en-us--M55M1_Series_BSP_CMSIS_V3.01.003\\SampleCode\\NuEdgeWise\\PoseLandmark_YOLOv8n\\KEIL" "../../../../Library/Device/Nuvoton/M55M1/Include/spim_reg.h"
	.file	4 "C:\\Final_Code_Capstone\\Nuvoton_EchoTrack\\en-us--M55M1_Series_BSP_CMSIS_V3.01.003\\SampleCode\\NuEdgeWise\\PoseLandmark_YOLOv8n\\KEIL" "../../../../Library/Device/Nuvoton/M55M1/Include/sdh_reg.h"
	.file	5 "C:\\Final_Code_Capstone\\Nuvoton_EchoTrack\\en-us--M55M1_Series_BSP_CMSIS_V3.01.003\\SampleCode\\NuEdgeWise\\PoseLandmark_YOLOv8n\\KEIL" "../../../../Library/Device/Nuvoton/M55M1/Include/sys_reg.h"
	.section	.text.SetDebugUartCLK,"ax",%progbits
	.hidden	SetDebugUartCLK                 @ -- Begin function SetDebugUartCLK
	.globl	SetDebugUartCLK
	.p2align	2
	.type	SetDebugUartCLK,%function
	.code	16                              @ @SetDebugUartCLK
	.thumb_func
SetDebugUartCLK:
.Lfunc_begin0:
	.loc	1 24 0                          @ ../BoardInit.cpp:24:0
	.fnstart
	.cfi_sections .debug_frame
	.cfi_startproc
@ %bb.0:
	.save	{r4, r5, r7, lr}
	push	{r4, r5, r7, lr}
	.cfi_def_cfa_offset 16
	.cfi_offset lr, -4
	.cfi_offset r7, -8
	.cfi_offset r5, -12
	.cfi_offset r4, -16
	movw	r4, #32768
	movw	r5, #3079
	movt	r4, #33671
.Ltmp0:
	.loc	1 28 5 prologue_end             @ ../BoardInit.cpp:28:5
	movs	r2, #1
	movt	r5, #28
	mov	r0, r4
	mov	r1, r5
	movs	r3, #0
	bl	CLK_SetModuleClock
.Ltmp1:
	.loc	1 32 5                          @ ../BoardInit.cpp:32:5
	mov	r0, r4
	mov	r1, r5
	bl	CLK_EnableModuleClock
.Ltmp2:
	.loc	1 33 5                          @ ../BoardInit.cpp:33:5
	mov.w	r0, #750780416
	.loc	1 33 5 epilogue_begin is_stmt 0 @ ../BoardInit.cpp:33:5
	pop.w	{r4, r5, r7, lr}
.Ltmp3:
	b	SYS_ResetModule
.Ltmp4:
.Lfunc_end0:
	.size	SetDebugUartCLK, .Lfunc_end0-SetDebugUartCLK
	.cfi_endproc
	.file	6 "C:\\Final_Code_Capstone\\Nuvoton_EchoTrack\\en-us--M55M1_Series_BSP_CMSIS_V3.01.003\\SampleCode\\NuEdgeWise\\PoseLandmark_YOLOv8n\\KEIL" "../../../../Library/StdDriver/inc\\sys.h"
	.cantunwind
	.fnend
                                        @ -- End function
	.section	.text._Z9BoardInitv,"ax",%progbits
	.hidden	_Z9BoardInitv                   @ -- Begin function _Z9BoardInitv
	.globl	_Z9BoardInitv
	.p2align	2
	.type	_Z9BoardInitv,%function
	.code	16                              @ @_Z9BoardInitv
	.thumb_func
_Z9BoardInitv:
.Lfunc_begin1:
	.loc	1 128 0 is_stmt 1               @ ../BoardInit.cpp:128:0
	.fnstart
	.cfi_startproc
@ %bb.0:
	.save	{r4, r5, r6, r7, lr}
	push	{r4, r5, r6, r7, lr}
	.cfi_def_cfa_offset 20
	.cfi_offset lr, -4
	.cfi_offset r7, -8
	.cfi_offset r6, -12
	.cfi_offset r5, -16
	.cfi_offset r4, -20
	.pad	#4
	sub	sp, #4
	.cfi_def_cfa_offset 24
.Ltmp5:
	.loc	6 4257 32 prologue_end          @ ../../../../Library/StdDriver/inc\sys.h:4257:32
	movw	r0, :lower16:SystemCoreClock
	movw	r6, #256
	movt	r0, :upper16:SystemCoreClock
	movs	r1, #89
	ldr	r0, [r0]
.Ltmp6:
	@DEBUG_VALUE: SYS_UnlockReg:u32TimeOutCount <- $r0
	.loc	6 0 32 is_stmt 0                @ ../../../../Library/StdDriver/inc\sys.h:0:32
	movs	r2, #22
	movt	r6, #16384
	movs	r3, #136
.Ltmp7:
.LBB1_1:                                @ =>This Inner Loop Header: Depth=1
	@DEBUG_VALUE: SYS_UnlockReg:u32TimeOutCount <- $r0
	@DEBUG_VALUE: SYS_UnlockReg:u32TimeOutCount <- $r0
	.loc	6 4265 13 is_stmt 1             @ ../../../../Library/StdDriver/inc\sys.h:4265:13
	cmp	r0, #1
	.loc	6 4261 22                       @ ../../../../Library/StdDriver/inc\sys.h:4261:22
	str	r1, [r6]
	.loc	6 4262 22                       @ ../../../../Library/StdDriver/inc\sys.h:4262:22
	str	r2, [r6]
	.loc	6 4263 22                       @ ../../../../Library/StdDriver/inc\sys.h:4263:22
	str	r3, [r6]
.Ltmp8:
	@DEBUG_VALUE: SYS_UnlockReg:u32TimeOutCount <- [DW_OP_constu 1, DW_OP_minus, DW_OP_stack_value] $r0
	.loc	6 4265 13                       @ ../../../../Library/StdDriver/inc\sys.h:4265:13
	beq	.LBB1_9
.Ltmp9:
@ %bb.2:                                @   in Loop: Header=BB1_1 Depth=1
	@DEBUG_VALUE: SYS_UnlockReg:u32TimeOutCount <- [DW_OP_constu 1, DW_OP_minus, DW_OP_stack_value] $r0
	.loc	6 4266 19                       @ ../../../../Library/StdDriver/inc\sys.h:4266:19
	ldr	r7, [r6]
.Ltmp10:
	.loc	6 4266 5 is_stmt 0              @ ../../../../Library/StdDriver/inc\sys.h:4266:5
	cbnz	r7, .LBB1_9
.Ltmp11:
@ %bb.3:                                @   in Loop: Header=BB1_1 Depth=1
	@DEBUG_VALUE: SYS_UnlockReg:u32TimeOutCount <- [DW_OP_constu 1, DW_OP_minus, DW_OP_stack_value] $r0
	@DEBUG_VALUE: SYS_UnlockReg:u32TimeOutCount <- [DW_OP_constu 1, DW_OP_minus, DW_OP_stack_value] $r0
	.loc	6 4265 13 is_stmt 1             @ ../../../../Library/StdDriver/inc\sys.h:4265:13
	cmp	r0, #2
	.loc	6 4261 22                       @ ../../../../Library/StdDriver/inc\sys.h:4261:22
	str	r1, [r6]
	.loc	6 4262 22                       @ ../../../../Library/StdDriver/inc\sys.h:4262:22
	str	r2, [r6]
	.loc	6 4263 22                       @ ../../../../Library/StdDriver/inc\sys.h:4263:22
	str	r3, [r6]
.Ltmp12:
	@DEBUG_VALUE: SYS_UnlockReg:u32TimeOutCount <- [DW_OP_constu 2, DW_OP_minus, DW_OP_stack_value] $r0
	.loc	6 4265 13                       @ ../../../../Library/StdDriver/inc\sys.h:4265:13
	beq	.LBB1_9
.Ltmp13:
@ %bb.4:                                @   in Loop: Header=BB1_1 Depth=1
	@DEBUG_VALUE: SYS_UnlockReg:u32TimeOutCount <- [DW_OP_constu 2, DW_OP_minus, DW_OP_stack_value] $r0
	.loc	6 4266 19                       @ ../../../../Library/StdDriver/inc\sys.h:4266:19
	ldr	r7, [r6]
.Ltmp14:
	.loc	6 4266 5 is_stmt 0              @ ../../../../Library/StdDriver/inc\sys.h:4266:5
	cbnz	r7, .LBB1_9
.Ltmp15:
@ %bb.5:                                @   in Loop: Header=BB1_1 Depth=1
	@DEBUG_VALUE: SYS_UnlockReg:u32TimeOutCount <- [DW_OP_constu 2, DW_OP_minus, DW_OP_stack_value] $r0
	@DEBUG_VALUE: SYS_UnlockReg:u32TimeOutCount <- [DW_OP_constu 2, DW_OP_minus, DW_OP_stack_value] $r0
	.loc	6 4265 13 is_stmt 1             @ ../../../../Library/StdDriver/inc\sys.h:4265:13
	cmp	r0, #3
	.loc	6 4261 22                       @ ../../../../Library/StdDriver/inc\sys.h:4261:22
	str	r1, [r6]
	.loc	6 4262 22                       @ ../../../../Library/StdDriver/inc\sys.h:4262:22
	str	r2, [r6]
	.loc	6 4263 22                       @ ../../../../Library/StdDriver/inc\sys.h:4263:22
	str	r3, [r6]
.Ltmp16:
	@DEBUG_VALUE: SYS_UnlockReg:u32TimeOutCount <- [DW_OP_constu 3, DW_OP_minus, DW_OP_stack_value] $r0
	.loc	6 4265 13                       @ ../../../../Library/StdDriver/inc\sys.h:4265:13
	beq	.LBB1_9
.Ltmp17:
@ %bb.6:                                @   in Loop: Header=BB1_1 Depth=1
	@DEBUG_VALUE: SYS_UnlockReg:u32TimeOutCount <- [DW_OP_constu 3, DW_OP_minus, DW_OP_stack_value] $r0
	.loc	6 4266 19                       @ ../../../../Library/StdDriver/inc\sys.h:4266:19
	ldr	r7, [r6]
.Ltmp18:
	.loc	6 4266 5 is_stmt 0              @ ../../../../Library/StdDriver/inc\sys.h:4266:5
	cbnz	r7, .LBB1_9
.Ltmp19:
@ %bb.7:                                @   in Loop: Header=BB1_1 Depth=1
	@DEBUG_VALUE: SYS_UnlockReg:u32TimeOutCount <- [DW_OP_constu 3, DW_OP_minus, DW_OP_stack_value] $r0
	@DEBUG_VALUE: SYS_UnlockReg:u32TimeOutCount <- [DW_OP_constu 3, DW_OP_minus, DW_OP_stack_value] $r0
	.loc	6 4265 13 is_stmt 1             @ ../../../../Library/StdDriver/inc\sys.h:4265:13
	subs	r0, #4
.Ltmp20:
	@DEBUG_VALUE: SYS_UnlockReg:u32TimeOutCount <- $r0
	.loc	6 4261 22                       @ ../../../../Library/StdDriver/inc\sys.h:4261:22
	str	r1, [r6]
	.loc	6 4262 22                       @ ../../../../Library/StdDriver/inc\sys.h:4262:22
	str	r2, [r6]
	.loc	6 4263 22                       @ ../../../../Library/StdDriver/inc\sys.h:4263:22
	str	r3, [r6]
	.loc	6 4265 13                       @ ../../../../Library/StdDriver/inc\sys.h:4265:13
	beq	.LBB1_9
.Ltmp21:
@ %bb.8:                                @   in Loop: Header=BB1_1 Depth=1
	@DEBUG_VALUE: SYS_UnlockReg:u32TimeOutCount <- $r0
	.loc	6 4266 19                       @ ../../../../Library/StdDriver/inc\sys.h:4266:19
	ldr	r7, [r6]
.Ltmp22:
	.loc	6 4266 5 is_stmt 0              @ ../../../../Library/StdDriver/inc\sys.h:4266:5
	cbnz	r7, .LBB1_9
	le	.LBB1_1
.Ltmp23:
.LBB1_9:
	.loc	1 60 5 is_stmt 1                @ ../BoardInit.cpp:60:5
	movs	r0, #8
	bl	CLK_EnableXtalRC
.Ltmp24:
	.loc	1 63 5                          @ ../BoardInit.cpp:63:5
	movs	r0, #8
	bl	CLK_WaitClockReady
.Ltmp25:
	.loc	1 0 5 is_stmt 0                 @ ../BoardInit.cpp:0:5
	movw	r4, #61184
	.loc	1 67 5 is_stmt 1                @ ../BoardInit.cpp:67:5
	movs	r0, #4
	movt	r4, #3356
	movs	r1, #2
	mov	r2, r4
	bl	CLK_SetBusClock
.Ltmp26:
	.loc	1 68 5                          @ ../BoardInit.cpp:68:5
	mov	r1, r4
	movs	r0, #2
	movs	r2, #1
	bl	CLK_EnableAPLL
.Ltmp27:
	.loc	1 80 5                          @ ../BoardInit.cpp:80:5
	bl	SystemCoreClockUpdate
.Ltmp28:
	.loc	1 83 5                          @ ../BoardInit.cpp:83:5
	movs	r0, #0
	mov.w	r1, #557056
	movs	r7, #0
	bl	CLK_EnableModuleClock
.Ltmp29:
	.loc	1 84 5                          @ ../BoardInit.cpp:84:5
	mov.w	r0, #1024
	mov.w	r1, #557056
	bl	CLK_EnableModuleClock
.Ltmp30:
	.loc	1 85 5                          @ ../BoardInit.cpp:85:5
	mov.w	r0, #2048
	mov.w	r1, #557056
	bl	CLK_EnableModuleClock
.Ltmp31:
	.loc	1 86 5                          @ ../BoardInit.cpp:86:5
	mov.w	r0, #3072
	mov.w	r1, #557056
	bl	CLK_EnableModuleClock
.Ltmp32:
	.loc	1 87 5                          @ ../BoardInit.cpp:87:5
	mov.w	r0, #4096
	mov.w	r1, #557056
	bl	CLK_EnableModuleClock
.Ltmp33:
	.loc	1 88 5                          @ ../BoardInit.cpp:88:5
	mov.w	r0, #5120
	mov.w	r1, #557056
	bl	CLK_EnableModuleClock
.Ltmp34:
	.loc	1 89 5                          @ ../BoardInit.cpp:89:5
	mov.w	r0, #6144
	mov.w	r1, #557056
	bl	CLK_EnableModuleClock
.Ltmp35:
	.loc	1 90 5                          @ ../BoardInit.cpp:90:5
	mov.w	r0, #7168
	mov.w	r1, #557056
	bl	CLK_EnableModuleClock
.Ltmp36:
	.loc	1 91 5                          @ ../BoardInit.cpp:91:5
	mov.w	r0, #8192
	mov.w	r1, #557056
	bl	CLK_EnableModuleClock
.Ltmp37:
	.loc	1 92 5                          @ ../BoardInit.cpp:92:5
	mov.w	r0, #9216
	mov.w	r1, #557056
	bl	CLK_EnableModuleClock
.Ltmp38:
	.loc	1 0 5 is_stmt 0                 @ ../BoardInit.cpp:0:5
	movw	r1, #33792
	.loc	1 95 5 is_stmt 1                @ ../BoardInit.cpp:95:5
	mov.w	r0, #8388608
	movt	r1, #7
	bl	CLK_EnableModuleClock
.Ltmp39:
	.loc	1 98 5                          @ ../BoardInit.cpp:98:5
	movs	r0, #0
	mov.w	r1, #1146880
	bl	CLK_EnableModuleClock
.Ltmp40:
	.loc	1 0 5 is_stmt 0                 @ ../BoardInit.cpp:0:5
	movw	r1, #384
	.loc	1 101 5 is_stmt 1               @ ../BoardInit.cpp:101:5
	mov.w	r0, #58720256
	movt	r1, #2
	bl	CLK_EnableModuleClock
.Ltmp41:
	.loc	1 0 5 is_stmt 0                 @ ../BoardInit.cpp:0:5
	movw	r4, #32768
	movw	r5, #35206
	movt	r4, #33791
	.loc	1 104 5 is_stmt 1               @ ../BoardInit.cpp:104:5
	movs	r2, #1
	movt	r5, #22
	mov	r0, r4
	mov	r1, r5
	movs	r3, #4
	bl	CLK_SetModuleClock
.Ltmp42:
	.loc	1 105 5                         @ ../BoardInit.cpp:105:5
	mov	r0, r4
	mov	r1, r5
	bl	CLK_EnableModuleClock
.Ltmp43:
	.loc	1 0 5 is_stmt 0                 @ ../BoardInit.cpp:0:5
	movw	r4, #32768
	movw	r5, #3079
	movt	r4, #33671
.Ltmp44:
	.loc	1 28 5 is_stmt 1                @ ../BoardInit.cpp:28:5
	movs	r2, #1
	movt	r5, #28
	mov	r0, r4
	mov	r1, r5
	movs	r3, #0
	bl	CLK_SetModuleClock
.Ltmp45:
	.loc	1 32 5                          @ ../BoardInit.cpp:32:5
	mov	r0, r4
	mov	r1, r5
	bl	CLK_EnableModuleClock
.Ltmp46:
	.loc	1 33 5                          @ ../BoardInit.cpp:33:5
	mov.w	r0, #750780416
	bl	SYS_ResetModule
.Ltmp47:
	.loc	1 115 5                         @ ../BoardInit.cpp:115:5
	bl	SetDebugUartMFP
.Ltmp48:
	.loc	1 0 5 is_stmt 0                 @ ../BoardInit.cpp:0:5
	movw	r4, #8192
	movt	r4, #16388
	.loc	1 117 5 is_stmt 1               @ ../BoardInit.cpp:117:5
	mov	r0, r4
	bl	HyperRAM_PinConfig
.Ltmp49:
	.loc	1 44 5                          @ ../BoardInit.cpp:44:5
	ldr.w	r0, [r6, #572]
	movs	r1, #3
	bfi	r0, r1, #8, #5
	str.w	r0, [r6, #572]
	.loc	1 45 5                          @ ../BoardInit.cpp:45:5
	ldr.w	r0, [r6, #580]
	bfi	r0, r1, #16, #5
	str.w	r0, [r6, #580]
	.loc	1 46 5                          @ ../BoardInit.cpp:46:5
	ldr.w	r0, [r6, #580]
	bfi	r0, r1, #24, #5
	str.w	r0, [r6, #580]
	.loc	1 47 5                          @ ../BoardInit.cpp:47:5
	ldr.w	r0, [r6, #576]
	bfi	r0, r1, #16, #5
	str.w	r0, [r6, #576]
	.loc	1 48 5                          @ ../BoardInit.cpp:48:5
	ldr.w	r0, [r6, #576]
	bfi	r0, r1, #24, #5
	str.w	r0, [r6, #576]
	.loc	1 49 5                          @ ../BoardInit.cpp:49:5
	ldr.w	r0, [r6, #580]
	bfi	r0, r1, #0, #5
	str.w	r0, [r6, #580]
	.loc	1 50 5                          @ ../BoardInit.cpp:50:5
	ldr.w	r0, [r6, #580]
	bfi	r0, r1, #8, #5
	str.w	r0, [r6, #580]
.Ltmp50:
	.loc	1 136 5                         @ ../BoardInit.cpp:136:5
	bl	InitDebugUart
.Ltmp51:
	.loc	1 137 5                         @ ../BoardInit.cpp:137:5
	adr	r0, .LCPI1_0
	bl	puts
.Ltmp52:
	.loc	1 141 5                         @ ../BoardInit.cpp:141:5
	adr	r0, .LCPI1_1
.Ltmp53:
	.loc	6 4278 18                       @ ../../../../Library/StdDriver/inc\sys.h:4278:18
	str	r7, [r6]
.Ltmp54:
	.loc	1 141 5                         @ ../BoardInit.cpp:141:5
	bl	puts
.Ltmp55:
	.loc	1 142 5                         @ ../BoardInit.cpp:142:5
	mov	r0, r4
	bl	HyperRAM_Init
.Ltmp56:
	.loc	1 144 5                         @ ../BoardInit.cpp:144:5
	mov	r0, r4
	bl	SPIM_HYPER_EnterDirectMapMode
.Ltmp57:
	.loc	1 146 5                         @ ../BoardInit.cpp:146:5
	adr	r0, .LCPI1_2
	bl	puts
.Ltmp58:
	.loc	1 147 5                         @ ../BoardInit.cpp:147:5
	add.w	r0, r4, #1851392
	mov.w	r1, #256
	bl	SDH_Open_Disk
.Ltmp59:
	.loc	1 149 5                         @ ../BoardInit.cpp:149:5
	movw	r0, :lower16:.L.str.3
	movt	r0, :upper16:.L.str.3
	bl	__2printf
.Ltmp60:
	adr	r0, .LCPI1_3
	adr	r1, .LCPI1_4
	bl	__2printf
.Ltmp61:
	.loc	1 156 23                        @ ../BoardInit.cpp:156:23
	bl	arm_ethosu_npu_init
.Ltmp62:
	mov	r4, r0
.Ltmp63:
	@DEBUG_VALUE: BoardInit:state <- $r4
	.loc	1 156 9 is_stmt 0               @ ../BoardInit.cpp:156:9
	cbnz	r0, .LBB1_11
.Ltmp64:
@ %bb.10:
	@DEBUG_VALUE: BoardInit:state <- $r4
	.loc	1 164 5 is_stmt 1               @ ../BoardInit.cpp:164:5
	movw	r0, :lower16:.L.str.3
	movt	r0, :upper16:.L.str.3
	bl	__2printf
.Ltmp65:
	adr	r0, .LCPI1_5
	adr	r1, .LCPI1_6
	bl	__2printf
.Ltmp66:
.LBB1_11:
	@DEBUG_VALUE: BoardInit:state <- $r4
	.loc	1 167 1                         @ ../BoardInit.cpp:167:1
	mov	r0, r4
	.loc	1 167 1 epilogue_begin is_stmt 0 @ ../BoardInit.cpp:167:1
	add	sp, #4
	pop	{r4, r5, r6, r7, pc}
.Ltmp67:
	.p2align	2
@ %bb.12:
	.loc	1 0 1                           @ ../BoardInit.cpp:0:1
.LCPI1_0:
.Lstr:
	.asciz	"BoardInit: UART ready\000\000"
.LCPI1_1:
.Lstr.7:
	.asciz	"BoardInit: HyperRAM init..."
.LCPI1_2:
.Lstr.8:
	.asciz	"BoardInit: SD card init...\000"
.LCPI1_3:
.L.str.4:
	.asciz	"%s: complete\n\000\000"
.LCPI1_4:
.L__FUNCTION__._Z9BoardInitv:
	.asciz	"BoardInit\000\000"
.LCPI1_5:
.L.str.5:
	.asciz	"Target system: %s\n\000"
.LCPI1_6:
.L.str.6:
	.asciz	"M55M1\000\000"
.Lfunc_end1:
	.size	_Z9BoardInitv, .Lfunc_end1-_Z9BoardInitv
	.cfi_endproc
	.cantunwind
	.fnend
                                        @ -- End function
	.type	.L.str.3,%object                @ @.str.3
	.section	.rodata.str1.1,"aMS",%progbits,1
.L.str.3:
	.asciz	"INFO - "
	.size	.L.str.3, 8

	.hidden	_printf_percent
	.hidden	_printf_s
	.hidden	_printf_str
	.file	7 "C:\\Keil_v5\\ARM\\ARMCLANG\\Bin\\..\\include" "stdio.h"
	.file	8 "C:\\Keil_v5\\ARM\\ARMCLANG\\Bin\\..\\include\\libcxx" "cstdio"
	.file	9 "C:\\Keil_v5\\ARM\\ARMCLANG\\Bin\\..\\include" "stddef.h"
	.section	.debug_loc,"",%progbits
.Ldebug_loc0:
	.long	-1
	.long	.Lfunc_begin1                   @   base address
	.long	.Ltmp6-.Lfunc_begin1
	.long	.Ltmp8-.Lfunc_begin1
	.short	1                               @ Loc expr size
	.byte	80                              @ DW_OP_reg0
	.long	.Ltmp8-.Lfunc_begin1
	.long	.Ltmp12-.Lfunc_begin1
	.short	3                               @ Loc expr size
	.byte	112                             @ DW_OP_breg0
	.byte	127                             @ -1
	.byte	159                             @ DW_OP_stack_value
	.long	.Ltmp12-.Lfunc_begin1
	.long	.Ltmp16-.Lfunc_begin1
	.short	3                               @ Loc expr size
	.byte	112                             @ DW_OP_breg0
	.byte	126                             @ -2
	.byte	159                             @ DW_OP_stack_value
	.long	.Ltmp16-.Lfunc_begin1
	.long	.Ltmp20-.Lfunc_begin1
	.short	3                               @ Loc expr size
	.byte	112                             @ DW_OP_breg0
	.byte	125                             @ -3
	.byte	159                             @ DW_OP_stack_value
	.long	.Ltmp20-.Lfunc_begin1
	.long	.Ltmp23-.Lfunc_begin1
	.short	1                               @ Loc expr size
	.byte	80                              @ DW_OP_reg0
	.long	0
	.long	0
.Ldebug_loc1:
	.long	-1
	.long	.Lfunc_begin1                   @   base address
	.long	.Ltmp63-.Lfunc_begin1
	.long	.Ltmp67-.Lfunc_begin1
	.short	1                               @ Loc expr size
	.byte	84                              @ DW_OP_reg4
	.long	0
	.long	0
	.section	.debug_abbrev,"",%progbits
	.byte	1                               @ Abbreviation Code
	.byte	17                              @ DW_TAG_compile_unit
	.byte	1                               @ DW_CHILDREN_yes
	.byte	37                              @ DW_AT_producer
	.byte	14                              @ DW_FORM_strp
	.byte	19                              @ DW_AT_language
	.byte	5                               @ DW_FORM_data2
	.byte	3                               @ DW_AT_name
	.byte	14                              @ DW_FORM_strp
	.byte	16                              @ DW_AT_stmt_list
	.byte	23                              @ DW_FORM_sec_offset
	.byte	27                              @ DW_AT_comp_dir
	.byte	14                              @ DW_FORM_strp
	.byte	17                              @ DW_AT_low_pc
	.byte	1                               @ DW_FORM_addr
	.byte	85                              @ DW_AT_ranges
	.byte	23                              @ DW_FORM_sec_offset
	.byte	0                               @ EOM(1)
	.byte	0                               @ EOM(2)
	.byte	2                               @ Abbreviation Code
	.byte	52                              @ DW_TAG_variable
	.byte	0                               @ DW_CHILDREN_no
	.byte	73                              @ DW_AT_type
	.byte	19                              @ DW_FORM_ref4
	.byte	58                              @ DW_AT_decl_file
	.byte	11                              @ DW_FORM_data1
	.byte	59                              @ DW_AT_decl_line
	.byte	11                              @ DW_FORM_data1
	.byte	0                               @ EOM(1)
	.byte	0                               @ EOM(2)
	.byte	3                               @ Abbreviation Code
	.byte	1                               @ DW_TAG_array_type
	.byte	1                               @ DW_CHILDREN_yes
	.byte	73                              @ DW_AT_type
	.byte	19                              @ DW_FORM_ref4
	.byte	0                               @ EOM(1)
	.byte	0                               @ EOM(2)
	.byte	4                               @ Abbreviation Code
	.byte	33                              @ DW_TAG_subrange_type
	.byte	0                               @ DW_CHILDREN_no
	.byte	73                              @ DW_AT_type
	.byte	19                              @ DW_FORM_ref4
	.byte	55                              @ DW_AT_count
	.byte	11                              @ DW_FORM_data1
	.byte	0                               @ EOM(1)
	.byte	0                               @ EOM(2)
	.byte	5                               @ Abbreviation Code
	.byte	38                              @ DW_TAG_const_type
	.byte	0                               @ DW_CHILDREN_no
	.byte	73                              @ DW_AT_type
	.byte	19                              @ DW_FORM_ref4
	.byte	0                               @ EOM(1)
	.byte	0                               @ EOM(2)
	.byte	6                               @ Abbreviation Code
	.byte	36                              @ DW_TAG_base_type
	.byte	0                               @ DW_CHILDREN_no
	.byte	3                               @ DW_AT_name
	.byte	14                              @ DW_FORM_strp
	.byte	62                              @ DW_AT_encoding
	.byte	11                              @ DW_FORM_data1
	.byte	11                              @ DW_AT_byte_size
	.byte	11                              @ DW_FORM_data1
	.byte	0                               @ EOM(1)
	.byte	0                               @ EOM(2)
	.byte	7                               @ Abbreviation Code
	.byte	36                              @ DW_TAG_base_type
	.byte	0                               @ DW_CHILDREN_no
	.byte	3                               @ DW_AT_name
	.byte	14                              @ DW_FORM_strp
	.byte	11                              @ DW_AT_byte_size
	.byte	11                              @ DW_FORM_data1
	.byte	62                              @ DW_AT_encoding
	.byte	11                              @ DW_FORM_data1
	.byte	0                               @ EOM(1)
	.byte	0                               @ EOM(2)
	.byte	8                               @ Abbreviation Code
	.byte	52                              @ DW_TAG_variable
	.byte	0                               @ DW_CHILDREN_no
	.byte	73                              @ DW_AT_type
	.byte	19                              @ DW_FORM_ref4
	.byte	58                              @ DW_AT_decl_file
	.byte	11                              @ DW_FORM_data1
	.byte	59                              @ DW_AT_decl_line
	.byte	11                              @ DW_FORM_data1
	.byte	2                               @ DW_AT_location
	.byte	24                              @ DW_FORM_exprloc
	.byte	0                               @ EOM(1)
	.byte	0                               @ EOM(2)
	.byte	9                               @ Abbreviation Code
	.byte	22                              @ DW_TAG_typedef
	.byte	0                               @ DW_CHILDREN_no
	.byte	73                              @ DW_AT_type
	.byte	19                              @ DW_FORM_ref4
	.byte	3                               @ DW_AT_name
	.byte	14                              @ DW_FORM_strp
	.byte	58                              @ DW_AT_decl_file
	.byte	11                              @ DW_FORM_data1
	.byte	59                              @ DW_AT_decl_line
	.byte	11                              @ DW_FORM_data1
	.byte	0                               @ EOM(1)
	.byte	0                               @ EOM(2)
	.byte	10                              @ Abbreviation Code
	.byte	15                              @ DW_TAG_pointer_type
	.byte	0                               @ DW_CHILDREN_no
	.byte	73                              @ DW_AT_type
	.byte	19                              @ DW_FORM_ref4
	.byte	0                               @ EOM(1)
	.byte	0                               @ EOM(2)
	.byte	11                              @ Abbreviation Code
	.byte	22                              @ DW_TAG_typedef
	.byte	0                               @ DW_CHILDREN_no
	.byte	73                              @ DW_AT_type
	.byte	19                              @ DW_FORM_ref4
	.byte	3                               @ DW_AT_name
	.byte	14                              @ DW_FORM_strp
	.byte	58                              @ DW_AT_decl_file
	.byte	11                              @ DW_FORM_data1
	.byte	59                              @ DW_AT_decl_line
	.byte	5                               @ DW_FORM_data2
	.byte	0                               @ EOM(1)
	.byte	0                               @ EOM(2)
	.byte	12                              @ Abbreviation Code
	.byte	19                              @ DW_TAG_structure_type
	.byte	1                               @ DW_CHILDREN_yes
	.byte	54                              @ DW_AT_calling_convention
	.byte	11                              @ DW_FORM_data1
	.byte	11                              @ DW_AT_byte_size
	.byte	11                              @ DW_FORM_data1
	.byte	58                              @ DW_AT_decl_file
	.byte	11                              @ DW_FORM_data1
	.byte	59                              @ DW_AT_decl_line
	.byte	11                              @ DW_FORM_data1
	.byte	0                               @ EOM(1)
	.byte	0                               @ EOM(2)
	.byte	13                              @ Abbreviation Code
	.byte	13                              @ DW_TAG_member
	.byte	0                               @ DW_CHILDREN_no
	.byte	3                               @ DW_AT_name
	.byte	14                              @ DW_FORM_strp
	.byte	73                              @ DW_AT_type
	.byte	19                              @ DW_FORM_ref4
	.byte	58                              @ DW_AT_decl_file
	.byte	11                              @ DW_FORM_data1
	.byte	59                              @ DW_AT_decl_line
	.byte	5                               @ DW_FORM_data2
	.byte	56                              @ DW_AT_data_member_location
	.byte	11                              @ DW_FORM_data1
	.byte	0                               @ EOM(1)
	.byte	0                               @ EOM(2)
	.byte	14                              @ Abbreviation Code
	.byte	53                              @ DW_TAG_volatile_type
	.byte	0                               @ DW_CHILDREN_no
	.byte	73                              @ DW_AT_type
	.byte	19                              @ DW_FORM_ref4
	.byte	0                               @ EOM(1)
	.byte	0                               @ EOM(2)
	.byte	15                              @ Abbreviation Code
	.byte	19                              @ DW_TAG_structure_type
	.byte	0                               @ DW_CHILDREN_no
	.byte	60                              @ DW_AT_declaration
	.byte	25                              @ DW_FORM_flag_present
	.byte	0                               @ EOM(1)
	.byte	0                               @ EOM(2)
	.byte	16                              @ Abbreviation Code
	.byte	19                              @ DW_TAG_structure_type
	.byte	1                               @ DW_CHILDREN_yes
	.byte	54                              @ DW_AT_calling_convention
	.byte	11                              @ DW_FORM_data1
	.byte	11                              @ DW_AT_byte_size
	.byte	5                               @ DW_FORM_data2
	.byte	58                              @ DW_AT_decl_file
	.byte	11                              @ DW_FORM_data1
	.byte	59                              @ DW_AT_decl_line
	.byte	11                              @ DW_FORM_data1
	.byte	0                               @ EOM(1)
	.byte	0                               @ EOM(2)
	.byte	17                              @ Abbreviation Code
	.byte	13                              @ DW_TAG_member
	.byte	0                               @ DW_CHILDREN_no
	.byte	3                               @ DW_AT_name
	.byte	14                              @ DW_FORM_strp
	.byte	73                              @ DW_AT_type
	.byte	19                              @ DW_FORM_ref4
	.byte	58                              @ DW_AT_decl_file
	.byte	11                              @ DW_FORM_data1
	.byte	59                              @ DW_AT_decl_line
	.byte	5                               @ DW_FORM_data2
	.byte	56                              @ DW_AT_data_member_location
	.byte	5                               @ DW_FORM_data2
	.byte	0                               @ EOM(1)
	.byte	0                               @ EOM(2)
	.byte	18                              @ Abbreviation Code
	.byte	33                              @ DW_TAG_subrange_type
	.byte	0                               @ DW_CHILDREN_no
	.byte	73                              @ DW_AT_type
	.byte	19                              @ DW_FORM_ref4
	.byte	55                              @ DW_AT_count
	.byte	5                               @ DW_FORM_data2
	.byte	0                               @ EOM(1)
	.byte	0                               @ EOM(2)
	.byte	19                              @ Abbreviation Code
	.byte	46                              @ DW_TAG_subprogram
	.byte	1                               @ DW_CHILDREN_yes
	.byte	17                              @ DW_AT_low_pc
	.byte	1                               @ DW_FORM_addr
	.byte	18                              @ DW_AT_high_pc
	.byte	6                               @ DW_FORM_data4
	.byte	64                              @ DW_AT_frame_base
	.byte	24                              @ DW_FORM_exprloc
	.ascii	"\227B"                         @ DW_AT_GNU_all_call_sites
	.byte	25                              @ DW_FORM_flag_present
	.byte	49                              @ DW_AT_abstract_origin
	.byte	19                              @ DW_FORM_ref4
	.byte	0                               @ EOM(1)
	.byte	0                               @ EOM(2)
	.byte	20                              @ Abbreviation Code
	.ascii	"\211\202\001"                  @ DW_TAG_GNU_call_site
	.byte	0                               @ DW_CHILDREN_no
	.byte	49                              @ DW_AT_abstract_origin
	.byte	19                              @ DW_FORM_ref4
	.ascii	"\225B"                         @ DW_AT_GNU_tail_call
	.byte	25                              @ DW_FORM_flag_present
	.byte	17                              @ DW_AT_low_pc
	.byte	1                               @ DW_FORM_addr
	.byte	0                               @ EOM(1)
	.byte	0                               @ EOM(2)
	.byte	21                              @ Abbreviation Code
	.byte	46                              @ DW_TAG_subprogram
	.byte	1                               @ DW_CHILDREN_yes
	.byte	3                               @ DW_AT_name
	.byte	14                              @ DW_FORM_strp
	.byte	58                              @ DW_AT_decl_file
	.byte	11                              @ DW_FORM_data1
	.byte	59                              @ DW_AT_decl_line
	.byte	5                               @ DW_FORM_data2
	.byte	60                              @ DW_AT_declaration
	.byte	25                              @ DW_FORM_flag_present
	.byte	63                              @ DW_AT_external
	.byte	25                              @ DW_FORM_flag_present
	.byte	0                               @ EOM(1)
	.byte	0                               @ EOM(2)
	.byte	22                              @ Abbreviation Code
	.byte	5                               @ DW_TAG_formal_parameter
	.byte	0                               @ DW_CHILDREN_no
	.byte	73                              @ DW_AT_type
	.byte	19                              @ DW_FORM_ref4
	.byte	0                               @ EOM(1)
	.byte	0                               @ EOM(2)
	.byte	23                              @ Abbreviation Code
	.byte	46                              @ DW_TAG_subprogram
	.byte	1                               @ DW_CHILDREN_yes
	.byte	110                             @ DW_AT_linkage_name
	.byte	14                              @ DW_FORM_strp
	.byte	3                               @ DW_AT_name
	.byte	14                              @ DW_FORM_strp
	.byte	58                              @ DW_AT_decl_file
	.byte	11                              @ DW_FORM_data1
	.byte	59                              @ DW_AT_decl_line
	.byte	5                               @ DW_FORM_data2
	.byte	32                              @ DW_AT_inline
	.byte	11                              @ DW_FORM_data1
	.byte	0                               @ EOM(1)
	.byte	0                               @ EOM(2)
	.byte	24                              @ Abbreviation Code
	.byte	52                              @ DW_TAG_variable
	.byte	0                               @ DW_CHILDREN_no
	.byte	3                               @ DW_AT_name
	.byte	14                              @ DW_FORM_strp
	.byte	58                              @ DW_AT_decl_file
	.byte	11                              @ DW_FORM_data1
	.byte	59                              @ DW_AT_decl_line
	.byte	5                               @ DW_FORM_data2
	.byte	73                              @ DW_AT_type
	.byte	19                              @ DW_FORM_ref4
	.byte	0                               @ EOM(1)
	.byte	0                               @ EOM(2)
	.byte	25                              @ Abbreviation Code
	.byte	46                              @ DW_TAG_subprogram
	.byte	0                               @ DW_CHILDREN_no
	.byte	110                             @ DW_AT_linkage_name
	.byte	14                              @ DW_FORM_strp
	.byte	3                               @ DW_AT_name
	.byte	14                              @ DW_FORM_strp
	.byte	58                              @ DW_AT_decl_file
	.byte	11                              @ DW_FORM_data1
	.byte	59                              @ DW_AT_decl_line
	.byte	11                              @ DW_FORM_data1
	.byte	32                              @ DW_AT_inline
	.byte	11                              @ DW_FORM_data1
	.byte	0                               @ EOM(1)
	.byte	0                               @ EOM(2)
	.byte	26                              @ Abbreviation Code
	.byte	46                              @ DW_TAG_subprogram
	.byte	0                               @ DW_CHILDREN_no
	.byte	3                               @ DW_AT_name
	.byte	14                              @ DW_FORM_strp
	.byte	58                              @ DW_AT_decl_file
	.byte	11                              @ DW_FORM_data1
	.byte	59                              @ DW_AT_decl_line
	.byte	11                              @ DW_FORM_data1
	.byte	63                              @ DW_AT_external
	.byte	25                              @ DW_FORM_flag_present
	.byte	32                              @ DW_AT_inline
	.byte	11                              @ DW_FORM_data1
	.byte	0                               @ EOM(1)
	.byte	0                               @ EOM(2)
	.byte	27                              @ Abbreviation Code
	.byte	46                              @ DW_TAG_subprogram
	.byte	0                               @ DW_CHILDREN_no
	.byte	110                             @ DW_AT_linkage_name
	.byte	14                              @ DW_FORM_strp
	.byte	3                               @ DW_AT_name
	.byte	14                              @ DW_FORM_strp
	.byte	58                              @ DW_AT_decl_file
	.byte	11                              @ DW_FORM_data1
	.byte	59                              @ DW_AT_decl_line
	.byte	5                               @ DW_FORM_data2
	.byte	32                              @ DW_AT_inline
	.byte	11                              @ DW_FORM_data1
	.byte	0                               @ EOM(1)
	.byte	0                               @ EOM(2)
	.byte	28                              @ Abbreviation Code
	.byte	46                              @ DW_TAG_subprogram
	.byte	1                               @ DW_CHILDREN_yes
	.byte	17                              @ DW_AT_low_pc
	.byte	1                               @ DW_FORM_addr
	.byte	18                              @ DW_AT_high_pc
	.byte	6                               @ DW_FORM_data4
	.byte	64                              @ DW_AT_frame_base
	.byte	24                              @ DW_FORM_exprloc
	.ascii	"\227B"                         @ DW_AT_GNU_all_call_sites
	.byte	25                              @ DW_FORM_flag_present
	.byte	110                             @ DW_AT_linkage_name
	.byte	14                              @ DW_FORM_strp
	.byte	3                               @ DW_AT_name
	.byte	14                              @ DW_FORM_strp
	.byte	58                              @ DW_AT_decl_file
	.byte	11                              @ DW_FORM_data1
	.byte	59                              @ DW_AT_decl_line
	.byte	11                              @ DW_FORM_data1
	.byte	73                              @ DW_AT_type
	.byte	19                              @ DW_FORM_ref4
	.byte	63                              @ DW_AT_external
	.byte	25                              @ DW_FORM_flag_present
	.byte	0                               @ EOM(1)
	.byte	0                               @ EOM(2)
	.byte	29                              @ Abbreviation Code
	.byte	52                              @ DW_TAG_variable
	.byte	0                               @ DW_CHILDREN_no
	.byte	2                               @ DW_AT_location
	.byte	23                              @ DW_FORM_sec_offset
	.byte	3                               @ DW_AT_name
	.byte	14                              @ DW_FORM_strp
	.byte	58                              @ DW_AT_decl_file
	.byte	11                              @ DW_FORM_data1
	.byte	59                              @ DW_AT_decl_line
	.byte	11                              @ DW_FORM_data1
	.byte	73                              @ DW_AT_type
	.byte	19                              @ DW_FORM_ref4
	.byte	0                               @ EOM(1)
	.byte	0                               @ EOM(2)
	.byte	30                              @ Abbreviation Code
	.byte	29                              @ DW_TAG_inlined_subroutine
	.byte	1                               @ DW_CHILDREN_yes
	.byte	49                              @ DW_AT_abstract_origin
	.byte	19                              @ DW_FORM_ref4
	.byte	17                              @ DW_AT_low_pc
	.byte	1                               @ DW_FORM_addr
	.byte	18                              @ DW_AT_high_pc
	.byte	6                               @ DW_FORM_data4
	.byte	88                              @ DW_AT_call_file
	.byte	11                              @ DW_FORM_data1
	.byte	89                              @ DW_AT_call_line
	.byte	11                              @ DW_FORM_data1
	.byte	87                              @ DW_AT_call_column
	.byte	11                              @ DW_FORM_data1
	.byte	0                               @ EOM(1)
	.byte	0                               @ EOM(2)
	.byte	31                              @ Abbreviation Code
	.byte	52                              @ DW_TAG_variable
	.byte	0                               @ DW_CHILDREN_no
	.byte	2                               @ DW_AT_location
	.byte	23                              @ DW_FORM_sec_offset
	.byte	49                              @ DW_AT_abstract_origin
	.byte	19                              @ DW_FORM_ref4
	.byte	0                               @ EOM(1)
	.byte	0                               @ EOM(2)
	.byte	32                              @ Abbreviation Code
	.byte	29                              @ DW_TAG_inlined_subroutine
	.byte	0                               @ DW_CHILDREN_no
	.byte	49                              @ DW_AT_abstract_origin
	.byte	19                              @ DW_FORM_ref4
	.byte	17                              @ DW_AT_low_pc
	.byte	1                               @ DW_FORM_addr
	.byte	18                              @ DW_AT_high_pc
	.byte	6                               @ DW_FORM_data4
	.byte	88                              @ DW_AT_call_file
	.byte	11                              @ DW_FORM_data1
	.byte	89                              @ DW_AT_call_line
	.byte	11                              @ DW_FORM_data1
	.byte	87                              @ DW_AT_call_column
	.byte	11                              @ DW_FORM_data1
	.byte	0                               @ EOM(1)
	.byte	0                               @ EOM(2)
	.byte	33                              @ Abbreviation Code
	.byte	8                               @ DW_TAG_imported_declaration
	.byte	0                               @ DW_CHILDREN_no
	.byte	58                              @ DW_AT_decl_file
	.byte	11                              @ DW_FORM_data1
	.byte	59                              @ DW_AT_decl_line
	.byte	5                               @ DW_FORM_data2
	.byte	24                              @ DW_AT_import
	.byte	19                              @ DW_FORM_ref4
	.byte	0                               @ EOM(1)
	.byte	0                               @ EOM(2)
	.byte	34                              @ Abbreviation Code
	.byte	19                              @ DW_TAG_structure_type
	.byte	0                               @ DW_CHILDREN_no
	.byte	3                               @ DW_AT_name
	.byte	14                              @ DW_FORM_strp
	.byte	60                              @ DW_AT_declaration
	.byte	25                              @ DW_FORM_flag_present
	.byte	0                               @ EOM(1)
	.byte	0                               @ EOM(2)
	.byte	35                              @ Abbreviation Code
	.byte	46                              @ DW_TAG_subprogram
	.byte	1                               @ DW_CHILDREN_yes
	.byte	3                               @ DW_AT_name
	.byte	14                              @ DW_FORM_strp
	.byte	58                              @ DW_AT_decl_file
	.byte	11                              @ DW_FORM_data1
	.byte	59                              @ DW_AT_decl_line
	.byte	11                              @ DW_FORM_data1
	.byte	73                              @ DW_AT_type
	.byte	19                              @ DW_FORM_ref4
	.byte	60                              @ DW_AT_declaration
	.byte	25                              @ DW_FORM_flag_present
	.byte	63                              @ DW_AT_external
	.byte	25                              @ DW_FORM_flag_present
	.byte	0                               @ EOM(1)
	.byte	0                               @ EOM(2)
	.byte	36                              @ Abbreviation Code
	.byte	46                              @ DW_TAG_subprogram
	.byte	0                               @ DW_CHILDREN_no
	.byte	3                               @ DW_AT_name
	.byte	14                              @ DW_FORM_strp
	.byte	58                              @ DW_AT_decl_file
	.byte	11                              @ DW_FORM_data1
	.byte	59                              @ DW_AT_decl_line
	.byte	11                              @ DW_FORM_data1
	.byte	73                              @ DW_AT_type
	.byte	19                              @ DW_FORM_ref4
	.byte	60                              @ DW_AT_declaration
	.byte	25                              @ DW_FORM_flag_present
	.byte	63                              @ DW_AT_external
	.byte	25                              @ DW_FORM_flag_present
	.byte	0                               @ EOM(1)
	.byte	0                               @ EOM(2)
	.byte	37                              @ Abbreviation Code
	.byte	46                              @ DW_TAG_subprogram
	.byte	1                               @ DW_CHILDREN_yes
	.byte	3                               @ DW_AT_name
	.byte	14                              @ DW_FORM_strp
	.byte	58                              @ DW_AT_decl_file
	.byte	11                              @ DW_FORM_data1
	.byte	59                              @ DW_AT_decl_line
	.byte	5                               @ DW_FORM_data2
	.byte	73                              @ DW_AT_type
	.byte	19                              @ DW_FORM_ref4
	.byte	60                              @ DW_AT_declaration
	.byte	25                              @ DW_FORM_flag_present
	.byte	63                              @ DW_AT_external
	.byte	25                              @ DW_FORM_flag_present
	.byte	0                               @ EOM(1)
	.byte	0                               @ EOM(2)
	.byte	38                              @ Abbreviation Code
	.byte	55                              @ DW_TAG_restrict_type
	.byte	0                               @ DW_CHILDREN_no
	.byte	73                              @ DW_AT_type
	.byte	19                              @ DW_FORM_ref4
	.byte	0                               @ EOM(1)
	.byte	0                               @ EOM(2)
	.byte	39                              @ Abbreviation Code
	.byte	24                              @ DW_TAG_unspecified_parameters
	.byte	0                               @ DW_CHILDREN_no
	.byte	0                               @ EOM(1)
	.byte	0                               @ EOM(2)
	.byte	40                              @ Abbreviation Code
	.byte	22                              @ DW_TAG_typedef
	.byte	0                               @ DW_CHILDREN_no
	.byte	73                              @ DW_AT_type
	.byte	19                              @ DW_FORM_ref4
	.byte	3                               @ DW_AT_name
	.byte	14                              @ DW_FORM_strp
	.byte	0                               @ EOM(1)
	.byte	0                               @ EOM(2)
	.byte	41                              @ Abbreviation Code
	.byte	57                              @ DW_TAG_namespace
	.byte	1                               @ DW_CHILDREN_yes
	.byte	3                               @ DW_AT_name
	.byte	14                              @ DW_FORM_strp
	.byte	0                               @ EOM(1)
	.byte	0                               @ EOM(2)
	.byte	42                              @ Abbreviation Code
	.byte	57                              @ DW_TAG_namespace
	.byte	1                               @ DW_CHILDREN_yes
	.byte	3                               @ DW_AT_name
	.byte	14                              @ DW_FORM_strp
	.ascii	"\211\001"                      @ DW_AT_export_symbols
	.byte	25                              @ DW_FORM_flag_present
	.byte	0                               @ EOM(1)
	.byte	0                               @ EOM(2)
	.byte	43                              @ Abbreviation Code
	.byte	8                               @ DW_TAG_imported_declaration
	.byte	0                               @ DW_CHILDREN_no
	.byte	58                              @ DW_AT_decl_file
	.byte	11                              @ DW_FORM_data1
	.byte	59                              @ DW_AT_decl_line
	.byte	11                              @ DW_FORM_data1
	.byte	24                              @ DW_AT_import
	.byte	19                              @ DW_FORM_ref4
	.byte	0                               @ EOM(1)
	.byte	0                               @ EOM(2)
	.byte	44                              @ Abbreviation Code
	.byte	46                              @ DW_TAG_subprogram
	.byte	0                               @ DW_CHILDREN_no
	.byte	3                               @ DW_AT_name
	.byte	14                              @ DW_FORM_strp
	.byte	58                              @ DW_AT_decl_file
	.byte	11                              @ DW_FORM_data1
	.byte	59                              @ DW_AT_decl_line
	.byte	5                               @ DW_FORM_data2
	.byte	73                              @ DW_AT_type
	.byte	19                              @ DW_FORM_ref4
	.byte	60                              @ DW_AT_declaration
	.byte	25                              @ DW_FORM_flag_present
	.byte	63                              @ DW_AT_external
	.byte	25                              @ DW_FORM_flag_present
	.byte	0                               @ EOM(1)
	.byte	0                               @ EOM(2)
	.byte	45                              @ Abbreviation Code
	.byte	15                              @ DW_TAG_pointer_type
	.byte	0                               @ DW_CHILDREN_no
	.byte	0                               @ EOM(1)
	.byte	0                               @ EOM(2)
	.byte	46                              @ Abbreviation Code
	.byte	38                              @ DW_TAG_const_type
	.byte	0                               @ DW_CHILDREN_no
	.byte	0                               @ EOM(1)
	.byte	0                               @ EOM(2)
	.byte	47                              @ Abbreviation Code
	.byte	46                              @ DW_TAG_subprogram
	.byte	0                               @ DW_CHILDREN_no
	.byte	3                               @ DW_AT_name
	.byte	14                              @ DW_FORM_strp
	.byte	58                              @ DW_AT_decl_file
	.byte	11                              @ DW_FORM_data1
	.byte	59                              @ DW_AT_decl_line
	.byte	5                               @ DW_FORM_data2
	.byte	60                              @ DW_AT_declaration
	.byte	25                              @ DW_FORM_flag_present
	.byte	63                              @ DW_AT_external
	.byte	25                              @ DW_FORM_flag_present
	.byte	0                               @ EOM(1)
	.byte	0                               @ EOM(2)
	.byte	0                               @ EOM(3)
	.section	.debug_info,"",%progbits
.Lcu_begin0:
	.long	.Ldebug_info_end0-.Ldebug_info_start0 @ Length of Unit
.Ldebug_info_start0:
	.short	4                               @ DWARF version number
	.long	.debug_abbrev                   @ Offset Into Abbrev. Section
	.byte	4                               @ Address Size (in bytes)
	.byte	1                               @ Abbrev [1] 0xb:0x18e0 DW_TAG_compile_unit
	.long	.Linfo_string0                  @ DW_AT_producer
	.short	33                              @ DW_AT_language
	.long	.Linfo_string1                  @ DW_AT_name
	.long	.Lline_table_start0             @ DW_AT_stmt_list
	.long	.Linfo_string2                  @ DW_AT_comp_dir
	.long	0                               @ DW_AT_low_pc
	.long	.Ldebug_ranges0                 @ DW_AT_ranges
	.byte	2                               @ Abbrev [2] 0x26:0x7 DW_TAG_variable
	.long	45                              @ DW_AT_type
	.byte	1                               @ DW_AT_decl_file
	.byte	137                             @ DW_AT_decl_line
	.byte	3                               @ Abbrev [3] 0x2d:0xc DW_TAG_array_type
	.long	57                              @ DW_AT_type
	.byte	4                               @ Abbrev [4] 0x32:0x6 DW_TAG_subrange_type
	.long	69                              @ DW_AT_type
	.byte	23                              @ DW_AT_count
	.byte	0                               @ End Of Children Mark
	.byte	5                               @ Abbrev [5] 0x39:0x5 DW_TAG_const_type
	.long	62                              @ DW_AT_type
	.byte	6                               @ Abbrev [6] 0x3e:0x7 DW_TAG_base_type
	.long	.Linfo_string3                  @ DW_AT_name
	.byte	8                               @ DW_AT_encoding
	.byte	1                               @ DW_AT_byte_size
	.byte	7                               @ Abbrev [7] 0x45:0x7 DW_TAG_base_type
	.long	.Linfo_string4                  @ DW_AT_name
	.byte	8                               @ DW_AT_byte_size
	.byte	7                               @ DW_AT_encoding
	.byte	2                               @ Abbrev [2] 0x4c:0x7 DW_TAG_variable
	.long	83                              @ DW_AT_type
	.byte	1                               @ DW_AT_decl_file
	.byte	141                             @ DW_AT_decl_line
	.byte	3                               @ Abbrev [3] 0x53:0xc DW_TAG_array_type
	.long	57                              @ DW_AT_type
	.byte	4                               @ Abbrev [4] 0x58:0x6 DW_TAG_subrange_type
	.long	69                              @ DW_AT_type
	.byte	29                              @ DW_AT_count
	.byte	0                               @ End Of Children Mark
	.byte	2                               @ Abbrev [2] 0x5f:0x7 DW_TAG_variable
	.long	102                             @ DW_AT_type
	.byte	1                               @ DW_AT_decl_file
	.byte	146                             @ DW_AT_decl_line
	.byte	3                               @ Abbrev [3] 0x66:0xc DW_TAG_array_type
	.long	57                              @ DW_AT_type
	.byte	4                               @ Abbrev [4] 0x6b:0x6 DW_TAG_subrange_type
	.long	69                              @ DW_AT_type
	.byte	28                              @ DW_AT_count
	.byte	0                               @ End Of Children Mark
	.byte	8                               @ Abbrev [8] 0x72:0xd DW_TAG_variable
	.long	127                             @ DW_AT_type
	.byte	1                               @ DW_AT_decl_file
	.byte	149                             @ DW_AT_decl_line
	.byte	5                               @ DW_AT_location
	.byte	3
	.long	.L.str.3
	.byte	3                               @ Abbrev [3] 0x7f:0xc DW_TAG_array_type
	.long	57                              @ DW_AT_type
	.byte	4                               @ Abbrev [4] 0x84:0x6 DW_TAG_subrange_type
	.long	69                              @ DW_AT_type
	.byte	8                               @ DW_AT_count
	.byte	0                               @ End Of Children Mark
	.byte	8                               @ Abbrev [8] 0x8b:0xd DW_TAG_variable
	.long	152                             @ DW_AT_type
	.byte	1                               @ DW_AT_decl_file
	.byte	149                             @ DW_AT_decl_line
	.byte	5                               @ DW_AT_location
	.byte	3
	.long	.L.str.4
	.byte	3                               @ Abbrev [3] 0x98:0xc DW_TAG_array_type
	.long	57                              @ DW_AT_type
	.byte	4                               @ Abbrev [4] 0x9d:0x6 DW_TAG_subrange_type
	.long	69                              @ DW_AT_type
	.byte	14                              @ DW_AT_count
	.byte	0                               @ End Of Children Mark
	.byte	8                               @ Abbrev [8] 0xa4:0xd DW_TAG_variable
	.long	177                             @ DW_AT_type
	.byte	1                               @ DW_AT_decl_file
	.byte	149                             @ DW_AT_decl_line
	.byte	5                               @ DW_AT_location
	.byte	3
	.long	.L__FUNCTION__._Z9BoardInitv
	.byte	3                               @ Abbrev [3] 0xb1:0xc DW_TAG_array_type
	.long	57                              @ DW_AT_type
	.byte	4                               @ Abbrev [4] 0xb6:0x6 DW_TAG_subrange_type
	.long	69                              @ DW_AT_type
	.byte	10                              @ DW_AT_count
	.byte	0                               @ End Of Children Mark
	.byte	8                               @ Abbrev [8] 0xbd:0xd DW_TAG_variable
	.long	202                             @ DW_AT_type
	.byte	1                               @ DW_AT_decl_file
	.byte	164                             @ DW_AT_decl_line
	.byte	5                               @ DW_AT_location
	.byte	3
	.long	.L.str.5
	.byte	3                               @ Abbrev [3] 0xca:0xc DW_TAG_array_type
	.long	57                              @ DW_AT_type
	.byte	4                               @ Abbrev [4] 0xcf:0x6 DW_TAG_subrange_type
	.long	69                              @ DW_AT_type
	.byte	19                              @ DW_AT_count
	.byte	0                               @ End Of Children Mark
	.byte	8                               @ Abbrev [8] 0xd6:0xd DW_TAG_variable
	.long	227                             @ DW_AT_type
	.byte	1                               @ DW_AT_decl_file
	.byte	164                             @ DW_AT_decl_line
	.byte	5                               @ DW_AT_location
	.byte	3
	.long	.L.str.6
	.byte	3                               @ Abbrev [3] 0xe3:0xc DW_TAG_array_type
	.long	57                              @ DW_AT_type
	.byte	4                               @ Abbrev [4] 0xe8:0x6 DW_TAG_subrange_type
	.long	69                              @ DW_AT_type
	.byte	6                               @ DW_AT_count
	.byte	0                               @ End Of Children Mark
	.byte	9                               @ Abbrev [9] 0xef:0xb DW_TAG_typedef
	.long	250                             @ DW_AT_type
	.long	.Linfo_string6                  @ DW_AT_name
	.byte	2                               @ DW_AT_decl_file
	.byte	65                              @ DW_AT_decl_line
	.byte	6                               @ Abbrev [6] 0xfa:0x7 DW_TAG_base_type
	.long	.Linfo_string5                  @ DW_AT_name
	.byte	7                               @ DW_AT_encoding
	.byte	8                               @ DW_AT_byte_size
	.byte	10                              @ Abbrev [10] 0x101:0x5 DW_TAG_pointer_type
	.long	262                             @ DW_AT_type
	.byte	11                              @ Abbrev [11] 0x106:0xc DW_TAG_typedef
	.long	274                             @ DW_AT_type
	.long	.Linfo_string39                 @ DW_AT_name
	.byte	3                               @ DW_AT_decl_file
	.short	882                             @ DW_AT_decl_line
	.byte	12                              @ Abbrev [12] 0x112:0x18c DW_TAG_structure_type
	.byte	5                               @ DW_AT_calling_convention
	.byte	160                             @ DW_AT_byte_size
	.byte	3                               @ DW_AT_decl_file
	.byte	29                              @ DW_AT_decl_line
	.byte	13                              @ Abbrev [13] 0x117:0xd DW_TAG_member
	.long	.Linfo_string7                  @ DW_AT_name
	.long	670                             @ DW_AT_type
	.byte	3                               @ DW_AT_decl_file
	.short	852                             @ DW_AT_decl_line
	.byte	0                               @ DW_AT_data_member_location
	.byte	13                              @ Abbrev [13] 0x124:0xd DW_TAG_member
	.long	.Linfo_string10                 @ DW_AT_name
	.long	670                             @ DW_AT_type
	.byte	3                               @ DW_AT_decl_file
	.short	853                             @ DW_AT_decl_line
	.byte	4                               @ DW_AT_data_member_location
	.byte	13                              @ Abbrev [13] 0x131:0xd DW_TAG_member
	.long	.Linfo_string11                 @ DW_AT_name
	.long	693                             @ DW_AT_type
	.byte	3                               @ DW_AT_decl_file
	.short	854                             @ DW_AT_decl_line
	.byte	8                               @ DW_AT_data_member_location
	.byte	13                              @ Abbrev [13] 0x13e:0xd DW_TAG_member
	.long	.Linfo_string12                 @ DW_AT_name
	.long	670                             @ DW_AT_type
	.byte	3                               @ DW_AT_decl_file
	.short	855                             @ DW_AT_decl_line
	.byte	12                              @ DW_AT_data_member_location
	.byte	13                              @ Abbrev [13] 0x14b:0xd DW_TAG_member
	.long	.Linfo_string13                 @ DW_AT_name
	.long	705                             @ DW_AT_type
	.byte	3                               @ DW_AT_decl_file
	.short	856                             @ DW_AT_decl_line
	.byte	16                              @ DW_AT_data_member_location
	.byte	13                              @ Abbrev [13] 0x158:0xd DW_TAG_member
	.long	.Linfo_string14                 @ DW_AT_name
	.long	705                             @ DW_AT_type
	.byte	3                               @ DW_AT_decl_file
	.short	857                             @ DW_AT_decl_line
	.byte	32                              @ DW_AT_data_member_location
	.byte	13                              @ Abbrev [13] 0x165:0xd DW_TAG_member
	.long	.Linfo_string15                 @ DW_AT_name
	.long	670                             @ DW_AT_type
	.byte	3                               @ DW_AT_decl_file
	.short	858                             @ DW_AT_decl_line
	.byte	48                              @ DW_AT_data_member_location
	.byte	13                              @ Abbrev [13] 0x172:0xd DW_TAG_member
	.long	.Linfo_string16                 @ DW_AT_name
	.long	670                             @ DW_AT_type
	.byte	3                               @ DW_AT_decl_file
	.short	859                             @ DW_AT_decl_line
	.byte	52                              @ DW_AT_data_member_location
	.byte	13                              @ Abbrev [13] 0x17f:0xd DW_TAG_member
	.long	.Linfo_string17                 @ DW_AT_name
	.long	670                             @ DW_AT_type
	.byte	3                               @ DW_AT_decl_file
	.short	860                             @ DW_AT_decl_line
	.byte	56                              @ DW_AT_data_member_location
	.byte	13                              @ Abbrev [13] 0x18c:0xd DW_TAG_member
	.long	.Linfo_string18                 @ DW_AT_name
	.long	717                             @ DW_AT_type
	.byte	3                               @ DW_AT_decl_file
	.short	861                             @ DW_AT_decl_line
	.byte	60                              @ DW_AT_data_member_location
	.byte	13                              @ Abbrev [13] 0x199:0xd DW_TAG_member
	.long	.Linfo_string19                 @ DW_AT_name
	.long	670                             @ DW_AT_type
	.byte	3                               @ DW_AT_decl_file
	.short	862                             @ DW_AT_decl_line
	.byte	68                              @ DW_AT_data_member_location
	.byte	13                              @ Abbrev [13] 0x1a6:0xd DW_TAG_member
	.long	.Linfo_string20                 @ DW_AT_name
	.long	670                             @ DW_AT_type
	.byte	3                               @ DW_AT_decl_file
	.short	863                             @ DW_AT_decl_line
	.byte	72                              @ DW_AT_data_member_location
	.byte	13                              @ Abbrev [13] 0x1b3:0xd DW_TAG_member
	.long	.Linfo_string21                 @ DW_AT_name
	.long	670                             @ DW_AT_type
	.byte	3                               @ DW_AT_decl_file
	.short	864                             @ DW_AT_decl_line
	.byte	76                              @ DW_AT_data_member_location
	.byte	13                              @ Abbrev [13] 0x1c0:0xd DW_TAG_member
	.long	.Linfo_string22                 @ DW_AT_name
	.long	670                             @ DW_AT_type
	.byte	3                               @ DW_AT_decl_file
	.short	865                             @ DW_AT_decl_line
	.byte	80                              @ DW_AT_data_member_location
	.byte	13                              @ Abbrev [13] 0x1cd:0xd DW_TAG_member
	.long	.Linfo_string23                 @ DW_AT_name
	.long	670                             @ DW_AT_type
	.byte	3                               @ DW_AT_decl_file
	.short	866                             @ DW_AT_decl_line
	.byte	84                              @ DW_AT_data_member_location
	.byte	13                              @ Abbrev [13] 0x1da:0xd DW_TAG_member
	.long	.Linfo_string24                 @ DW_AT_name
	.long	670                             @ DW_AT_type
	.byte	3                               @ DW_AT_decl_file
	.short	867                             @ DW_AT_decl_line
	.byte	88                              @ DW_AT_data_member_location
	.byte	13                              @ Abbrev [13] 0x1e7:0xd DW_TAG_member
	.long	.Linfo_string25                 @ DW_AT_name
	.long	670                             @ DW_AT_type
	.byte	3                               @ DW_AT_decl_file
	.short	868                             @ DW_AT_decl_line
	.byte	92                              @ DW_AT_data_member_location
	.byte	13                              @ Abbrev [13] 0x1f4:0xd DW_TAG_member
	.long	.Linfo_string26                 @ DW_AT_name
	.long	717                             @ DW_AT_type
	.byte	3                               @ DW_AT_decl_file
	.short	869                             @ DW_AT_decl_line
	.byte	96                              @ DW_AT_data_member_location
	.byte	13                              @ Abbrev [13] 0x201:0xd DW_TAG_member
	.long	.Linfo_string27                 @ DW_AT_name
	.long	670                             @ DW_AT_type
	.byte	3                               @ DW_AT_decl_file
	.short	870                             @ DW_AT_decl_line
	.byte	104                             @ DW_AT_data_member_location
	.byte	13                              @ Abbrev [13] 0x20e:0xd DW_TAG_member
	.long	.Linfo_string28                 @ DW_AT_name
	.long	670                             @ DW_AT_type
	.byte	3                               @ DW_AT_decl_file
	.short	871                             @ DW_AT_decl_line
	.byte	108                             @ DW_AT_data_member_location
	.byte	13                              @ Abbrev [13] 0x21b:0xd DW_TAG_member
	.long	.Linfo_string29                 @ DW_AT_name
	.long	670                             @ DW_AT_type
	.byte	3                               @ DW_AT_decl_file
	.short	872                             @ DW_AT_decl_line
	.byte	112                             @ DW_AT_data_member_location
	.byte	13                              @ Abbrev [13] 0x228:0xd DW_TAG_member
	.long	.Linfo_string30                 @ DW_AT_name
	.long	729                             @ DW_AT_type
	.byte	3                               @ DW_AT_decl_file
	.short	873                             @ DW_AT_decl_line
	.byte	116                             @ DW_AT_data_member_location
	.byte	13                              @ Abbrev [13] 0x235:0xd DW_TAG_member
	.long	.Linfo_string31                 @ DW_AT_name
	.long	670                             @ DW_AT_type
	.byte	3                               @ DW_AT_decl_file
	.short	874                             @ DW_AT_decl_line
	.byte	128                             @ DW_AT_data_member_location
	.byte	13                              @ Abbrev [13] 0x242:0xd DW_TAG_member
	.long	.Linfo_string32                 @ DW_AT_name
	.long	670                             @ DW_AT_type
	.byte	3                               @ DW_AT_decl_file
	.short	875                             @ DW_AT_decl_line
	.byte	132                             @ DW_AT_data_member_location
	.byte	13                              @ Abbrev [13] 0x24f:0xd DW_TAG_member
	.long	.Linfo_string33                 @ DW_AT_name
	.long	670                             @ DW_AT_type
	.byte	3                               @ DW_AT_decl_file
	.short	876                             @ DW_AT_decl_line
	.byte	136                             @ DW_AT_data_member_location
	.byte	13                              @ Abbrev [13] 0x25c:0xd DW_TAG_member
	.long	.Linfo_string34                 @ DW_AT_name
	.long	670                             @ DW_AT_type
	.byte	3                               @ DW_AT_decl_file
	.short	877                             @ DW_AT_decl_line
	.byte	140                             @ DW_AT_data_member_location
	.byte	13                              @ Abbrev [13] 0x269:0xd DW_TAG_member
	.long	.Linfo_string35                 @ DW_AT_name
	.long	670                             @ DW_AT_type
	.byte	3                               @ DW_AT_decl_file
	.short	878                             @ DW_AT_decl_line
	.byte	144                             @ DW_AT_data_member_location
	.byte	13                              @ Abbrev [13] 0x276:0xd DW_TAG_member
	.long	.Linfo_string36                 @ DW_AT_name
	.long	670                             @ DW_AT_type
	.byte	3                               @ DW_AT_decl_file
	.short	879                             @ DW_AT_decl_line
	.byte	148                             @ DW_AT_data_member_location
	.byte	13                              @ Abbrev [13] 0x283:0xd DW_TAG_member
	.long	.Linfo_string37                 @ DW_AT_name
	.long	670                             @ DW_AT_type
	.byte	3                               @ DW_AT_decl_file
	.short	880                             @ DW_AT_decl_line
	.byte	152                             @ DW_AT_data_member_location
	.byte	13                              @ Abbrev [13] 0x290:0xd DW_TAG_member
	.long	.Linfo_string38                 @ DW_AT_name
	.long	670                             @ DW_AT_type
	.byte	3                               @ DW_AT_decl_file
	.short	881                             @ DW_AT_decl_line
	.byte	156                             @ DW_AT_data_member_location
	.byte	0                               @ End Of Children Mark
	.byte	14                              @ Abbrev [14] 0x29e:0x5 DW_TAG_volatile_type
	.long	675                             @ DW_AT_type
	.byte	9                               @ Abbrev [9] 0x2a3:0xb DW_TAG_typedef
	.long	686                             @ DW_AT_type
	.long	.Linfo_string9                  @ DW_AT_name
	.byte	2                               @ DW_AT_decl_file
	.byte	64                              @ DW_AT_decl_line
	.byte	6                               @ Abbrev [6] 0x2ae:0x7 DW_TAG_base_type
	.long	.Linfo_string8                  @ DW_AT_name
	.byte	7                               @ DW_AT_encoding
	.byte	4                               @ DW_AT_byte_size
	.byte	3                               @ Abbrev [3] 0x2b5:0xc DW_TAG_array_type
	.long	670                             @ DW_AT_type
	.byte	4                               @ Abbrev [4] 0x2ba:0x6 DW_TAG_subrange_type
	.long	69                              @ DW_AT_type
	.byte	1                               @ DW_AT_count
	.byte	0                               @ End Of Children Mark
	.byte	3                               @ Abbrev [3] 0x2c1:0xc DW_TAG_array_type
	.long	670                             @ DW_AT_type
	.byte	4                               @ Abbrev [4] 0x2c6:0x6 DW_TAG_subrange_type
	.long	69                              @ DW_AT_type
	.byte	4                               @ DW_AT_count
	.byte	0                               @ End Of Children Mark
	.byte	3                               @ Abbrev [3] 0x2cd:0xc DW_TAG_array_type
	.long	670                             @ DW_AT_type
	.byte	4                               @ Abbrev [4] 0x2d2:0x6 DW_TAG_subrange_type
	.long	69                              @ DW_AT_type
	.byte	2                               @ DW_AT_count
	.byte	0                               @ End Of Children Mark
	.byte	3                               @ Abbrev [3] 0x2d9:0xc DW_TAG_array_type
	.long	670                             @ DW_AT_type
	.byte	4                               @ Abbrev [4] 0x2de:0x6 DW_TAG_subrange_type
	.long	69                              @ DW_AT_type
	.byte	3                               @ DW_AT_count
	.byte	0                               @ End Of Children Mark
	.byte	10                              @ Abbrev [10] 0x2e5:0x5 DW_TAG_pointer_type
	.long	746                             @ DW_AT_type
	.byte	11                              @ Abbrev [11] 0x2ea:0xc DW_TAG_typedef
	.long	758                             @ DW_AT_type
	.long	.Linfo_string40                 @ DW_AT_name
	.byte	4                               @ DW_AT_decl_file
	.short	372                             @ DW_AT_decl_line
	.byte	15                              @ Abbrev [15] 0x2f6:0x1 DW_TAG_structure_type
                                        @ DW_AT_declaration
	.byte	10                              @ Abbrev [10] 0x2f7:0x5 DW_TAG_pointer_type
	.long	764                             @ DW_AT_type
	.byte	11                              @ Abbrev [11] 0x2fc:0xc DW_TAG_typedef
	.long	776                             @ DW_AT_type
	.long	.Linfo_string183                @ DW_AT_name
	.byte	5                               @ DW_AT_decl_file
	.short	3508                            @ DW_AT_decl_line
	.byte	16                              @ Abbrev [16] 0x308:0x7e6 DW_TAG_structure_type
	.byte	5                               @ DW_AT_calling_convention
	.short	3740                            @ DW_AT_byte_size
	.byte	5                               @ DW_AT_decl_file
	.byte	27                              @ DW_AT_decl_line
	.byte	13                              @ Abbrev [13] 0x30e:0xd DW_TAG_member
	.long	.Linfo_string41                 @ DW_AT_name
	.long	670                             @ DW_AT_type
	.byte	5                               @ DW_AT_decl_file
	.short	3361                            @ DW_AT_decl_line
	.byte	0                               @ DW_AT_data_member_location
	.byte	13                              @ Abbrev [13] 0x31b:0xd DW_TAG_member
	.long	.Linfo_string42                 @ DW_AT_name
	.long	670                             @ DW_AT_type
	.byte	5                               @ DW_AT_decl_file
	.short	3362                            @ DW_AT_decl_line
	.byte	4                               @ DW_AT_data_member_location
	.byte	13                              @ Abbrev [13] 0x328:0xd DW_TAG_member
	.long	.Linfo_string43                 @ DW_AT_name
	.long	670                             @ DW_AT_type
	.byte	5                               @ DW_AT_decl_file
	.short	3363                            @ DW_AT_decl_line
	.byte	8                               @ DW_AT_data_member_location
	.byte	13                              @ Abbrev [13] 0x335:0xd DW_TAG_member
	.long	.Linfo_string44                 @ DW_AT_name
	.long	670                             @ DW_AT_type
	.byte	5                               @ DW_AT_decl_file
	.short	3364                            @ DW_AT_decl_line
	.byte	12                              @ DW_AT_data_member_location
	.byte	13                              @ Abbrev [13] 0x342:0xd DW_TAG_member
	.long	.Linfo_string45                 @ DW_AT_name
	.long	670                             @ DW_AT_type
	.byte	5                               @ DW_AT_decl_file
	.short	3365                            @ DW_AT_decl_line
	.byte	16                              @ DW_AT_data_member_location
	.byte	13                              @ Abbrev [13] 0x34f:0xd DW_TAG_member
	.long	.Linfo_string46                 @ DW_AT_name
	.long	670                             @ DW_AT_type
	.byte	5                               @ DW_AT_decl_file
	.short	3366                            @ DW_AT_decl_line
	.byte	20                              @ DW_AT_data_member_location
	.byte	13                              @ Abbrev [13] 0x35c:0xd DW_TAG_member
	.long	.Linfo_string47                 @ DW_AT_name
	.long	670                             @ DW_AT_type
	.byte	5                               @ DW_AT_decl_file
	.short	3367                            @ DW_AT_decl_line
	.byte	24                              @ DW_AT_data_member_location
	.byte	13                              @ Abbrev [13] 0x369:0xd DW_TAG_member
	.long	.Linfo_string11                 @ DW_AT_name
	.long	693                             @ DW_AT_type
	.byte	5                               @ DW_AT_decl_file
	.short	3368                            @ DW_AT_decl_line
	.byte	28                              @ DW_AT_data_member_location
	.byte	13                              @ Abbrev [13] 0x376:0xd DW_TAG_member
	.long	.Linfo_string48                 @ DW_AT_name
	.long	670                             @ DW_AT_type
	.byte	5                               @ DW_AT_decl_file
	.short	3369                            @ DW_AT_decl_line
	.byte	32                              @ DW_AT_data_member_location
	.byte	13                              @ Abbrev [13] 0x383:0xd DW_TAG_member
	.long	.Linfo_string49                 @ DW_AT_name
	.long	670                             @ DW_AT_type
	.byte	5                               @ DW_AT_decl_file
	.short	3370                            @ DW_AT_decl_line
	.byte	36                              @ DW_AT_data_member_location
	.byte	13                              @ Abbrev [13] 0x390:0xd DW_TAG_member
	.long	.Linfo_string50                 @ DW_AT_name
	.long	670                             @ DW_AT_type
	.byte	5                               @ DW_AT_decl_file
	.short	3371                            @ DW_AT_decl_line
	.byte	40                              @ DW_AT_data_member_location
	.byte	13                              @ Abbrev [13] 0x39d:0xd DW_TAG_member
	.long	.Linfo_string51                 @ DW_AT_name
	.long	670                             @ DW_AT_type
	.byte	5                               @ DW_AT_decl_file
	.short	3372                            @ DW_AT_decl_line
	.byte	44                              @ DW_AT_data_member_location
	.byte	13                              @ Abbrev [13] 0x3aa:0xd DW_TAG_member
	.long	.Linfo_string52                 @ DW_AT_name
	.long	670                             @ DW_AT_type
	.byte	5                               @ DW_AT_decl_file
	.short	3373                            @ DW_AT_decl_line
	.byte	48                              @ DW_AT_data_member_location
	.byte	13                              @ Abbrev [13] 0x3b7:0xd DW_TAG_member
	.long	.Linfo_string53                 @ DW_AT_name
	.long	670                             @ DW_AT_type
	.byte	5                               @ DW_AT_decl_file
	.short	3374                            @ DW_AT_decl_line
	.byte	52                              @ DW_AT_data_member_location
	.byte	13                              @ Abbrev [13] 0x3c4:0xd DW_TAG_member
	.long	.Linfo_string54                 @ DW_AT_name
	.long	670                             @ DW_AT_type
	.byte	5                               @ DW_AT_decl_file
	.short	3375                            @ DW_AT_decl_line
	.byte	56                              @ DW_AT_data_member_location
	.byte	13                              @ Abbrev [13] 0x3d1:0xd DW_TAG_member
	.long	.Linfo_string18                 @ DW_AT_name
	.long	693                             @ DW_AT_type
	.byte	5                               @ DW_AT_decl_file
	.short	3376                            @ DW_AT_decl_line
	.byte	60                              @ DW_AT_data_member_location
	.byte	13                              @ Abbrev [13] 0x3de:0xd DW_TAG_member
	.long	.Linfo_string55                 @ DW_AT_name
	.long	670                             @ DW_AT_type
	.byte	5                               @ DW_AT_decl_file
	.short	3377                            @ DW_AT_decl_line
	.byte	64                              @ DW_AT_data_member_location
	.byte	13                              @ Abbrev [13] 0x3eb:0xd DW_TAG_member
	.long	.Linfo_string26                 @ DW_AT_name
	.long	2798                            @ DW_AT_type
	.byte	5                               @ DW_AT_decl_file
	.short	3378                            @ DW_AT_decl_line
	.byte	68                              @ DW_AT_data_member_location
	.byte	13                              @ Abbrev [13] 0x3f8:0xd DW_TAG_member
	.long	.Linfo_string56                 @ DW_AT_name
	.long	670                             @ DW_AT_type
	.byte	5                               @ DW_AT_decl_file
	.short	3379                            @ DW_AT_decl_line
	.byte	128                             @ DW_AT_data_member_location
	.byte	13                              @ Abbrev [13] 0x405:0xd DW_TAG_member
	.long	.Linfo_string57                 @ DW_AT_name
	.long	670                             @ DW_AT_type
	.byte	5                               @ DW_AT_decl_file
	.short	3380                            @ DW_AT_decl_line
	.byte	132                             @ DW_AT_data_member_location
	.byte	13                              @ Abbrev [13] 0x412:0xd DW_TAG_member
	.long	.Linfo_string58                 @ DW_AT_name
	.long	670                             @ DW_AT_type
	.byte	5                               @ DW_AT_decl_file
	.short	3381                            @ DW_AT_decl_line
	.byte	136                             @ DW_AT_data_member_location
	.byte	13                              @ Abbrev [13] 0x41f:0xd DW_TAG_member
	.long	.Linfo_string59                 @ DW_AT_name
	.long	670                             @ DW_AT_type
	.byte	5                               @ DW_AT_decl_file
	.short	3382                            @ DW_AT_decl_line
	.byte	140                             @ DW_AT_data_member_location
	.byte	13                              @ Abbrev [13] 0x42c:0xd DW_TAG_member
	.long	.Linfo_string60                 @ DW_AT_name
	.long	670                             @ DW_AT_type
	.byte	5                               @ DW_AT_decl_file
	.short	3383                            @ DW_AT_decl_line
	.byte	144                             @ DW_AT_data_member_location
	.byte	13                              @ Abbrev [13] 0x439:0xd DW_TAG_member
	.long	.Linfo_string61                 @ DW_AT_name
	.long	670                             @ DW_AT_type
	.byte	5                               @ DW_AT_decl_file
	.short	3384                            @ DW_AT_decl_line
	.byte	148                             @ DW_AT_data_member_location
	.byte	13                              @ Abbrev [13] 0x446:0xd DW_TAG_member
	.long	.Linfo_string62                 @ DW_AT_name
	.long	670                             @ DW_AT_type
	.byte	5                               @ DW_AT_decl_file
	.short	3385                            @ DW_AT_decl_line
	.byte	152                             @ DW_AT_data_member_location
	.byte	13                              @ Abbrev [13] 0x453:0xd DW_TAG_member
	.long	.Linfo_string63                 @ DW_AT_name
	.long	670                             @ DW_AT_type
	.byte	5                               @ DW_AT_decl_file
	.short	3386                            @ DW_AT_decl_line
	.byte	156                             @ DW_AT_data_member_location
	.byte	13                              @ Abbrev [13] 0x460:0xd DW_TAG_member
	.long	.Linfo_string64                 @ DW_AT_name
	.long	670                             @ DW_AT_type
	.byte	5                               @ DW_AT_decl_file
	.short	3387                            @ DW_AT_decl_line
	.byte	160                             @ DW_AT_data_member_location
	.byte	13                              @ Abbrev [13] 0x46d:0xd DW_TAG_member
	.long	.Linfo_string65                 @ DW_AT_name
	.long	670                             @ DW_AT_type
	.byte	5                               @ DW_AT_decl_file
	.short	3388                            @ DW_AT_decl_line
	.byte	164                             @ DW_AT_data_member_location
	.byte	13                              @ Abbrev [13] 0x47a:0xd DW_TAG_member
	.long	.Linfo_string30                 @ DW_AT_name
	.long	2810                            @ DW_AT_type
	.byte	5                               @ DW_AT_decl_file
	.short	3389                            @ DW_AT_decl_line
	.byte	168                             @ DW_AT_data_member_location
	.byte	17                              @ Abbrev [17] 0x487:0xe DW_TAG_member
	.long	.Linfo_string66                 @ DW_AT_name
	.long	670                             @ DW_AT_type
	.byte	5                               @ DW_AT_decl_file
	.short	3390                            @ DW_AT_decl_line
	.short	256                             @ DW_AT_data_member_location
	.byte	17                              @ Abbrev [17] 0x495:0xe DW_TAG_member
	.long	.Linfo_string67                 @ DW_AT_name
	.long	729                             @ DW_AT_type
	.byte	5                               @ DW_AT_decl_file
	.short	3391                            @ DW_AT_decl_line
	.short	260                             @ DW_AT_data_member_location
	.byte	17                              @ Abbrev [17] 0x4a3:0xe DW_TAG_member
	.long	.Linfo_string68                 @ DW_AT_name
	.long	670                             @ DW_AT_type
	.byte	5                               @ DW_AT_decl_file
	.short	3392                            @ DW_AT_decl_line
	.short	272                             @ DW_AT_data_member_location
	.byte	17                              @ Abbrev [17] 0x4b1:0xe DW_TAG_member
	.long	.Linfo_string69                 @ DW_AT_name
	.long	670                             @ DW_AT_type
	.byte	5                               @ DW_AT_decl_file
	.short	3393                            @ DW_AT_decl_line
	.short	276                             @ DW_AT_data_member_location
	.byte	17                              @ Abbrev [17] 0x4bf:0xe DW_TAG_member
	.long	.Linfo_string70                 @ DW_AT_name
	.long	670                             @ DW_AT_type
	.byte	5                               @ DW_AT_decl_file
	.short	3394                            @ DW_AT_decl_line
	.short	280                             @ DW_AT_data_member_location
	.byte	17                              @ Abbrev [17] 0x4cd:0xe DW_TAG_member
	.long	.Linfo_string71                 @ DW_AT_name
	.long	693                             @ DW_AT_type
	.byte	5                               @ DW_AT_decl_file
	.short	3395                            @ DW_AT_decl_line
	.short	284                             @ DW_AT_data_member_location
	.byte	17                              @ Abbrev [17] 0x4db:0xe DW_TAG_member
	.long	.Linfo_string72                 @ DW_AT_name
	.long	670                             @ DW_AT_type
	.byte	5                               @ DW_AT_decl_file
	.short	3396                            @ DW_AT_decl_line
	.short	288                             @ DW_AT_data_member_location
	.byte	17                              @ Abbrev [17] 0x4e9:0xe DW_TAG_member
	.long	.Linfo_string73                 @ DW_AT_name
	.long	670                             @ DW_AT_type
	.byte	5                               @ DW_AT_decl_file
	.short	3397                            @ DW_AT_decl_line
	.short	292                             @ DW_AT_data_member_location
	.byte	17                              @ Abbrev [17] 0x4f7:0xe DW_TAG_member
	.long	.Linfo_string74                 @ DW_AT_name
	.long	670                             @ DW_AT_type
	.byte	5                               @ DW_AT_decl_file
	.short	3398                            @ DW_AT_decl_line
	.short	296                             @ DW_AT_data_member_location
	.byte	17                              @ Abbrev [17] 0x505:0xe DW_TAG_member
	.long	.Linfo_string75                 @ DW_AT_name
	.long	693                             @ DW_AT_type
	.byte	5                               @ DW_AT_decl_file
	.short	3399                            @ DW_AT_decl_line
	.short	300                             @ DW_AT_data_member_location
	.byte	17                              @ Abbrev [17] 0x513:0xe DW_TAG_member
	.long	.Linfo_string76                 @ DW_AT_name
	.long	670                             @ DW_AT_type
	.byte	5                               @ DW_AT_decl_file
	.short	3400                            @ DW_AT_decl_line
	.short	304                             @ DW_AT_data_member_location
	.byte	17                              @ Abbrev [17] 0x521:0xe DW_TAG_member
	.long	.Linfo_string77                 @ DW_AT_name
	.long	670                             @ DW_AT_type
	.byte	5                               @ DW_AT_decl_file
	.short	3401                            @ DW_AT_decl_line
	.short	308                             @ DW_AT_data_member_location
	.byte	17                              @ Abbrev [17] 0x52f:0xe DW_TAG_member
	.long	.Linfo_string78                 @ DW_AT_name
	.long	670                             @ DW_AT_type
	.byte	5                               @ DW_AT_decl_file
	.short	3402                            @ DW_AT_decl_line
	.short	312                             @ DW_AT_data_member_location
	.byte	17                              @ Abbrev [17] 0x53d:0xe DW_TAG_member
	.long	.Linfo_string79                 @ DW_AT_name
	.long	2822                            @ DW_AT_type
	.byte	5                               @ DW_AT_decl_file
	.short	3403                            @ DW_AT_decl_line
	.short	316                             @ DW_AT_data_member_location
	.byte	17                              @ Abbrev [17] 0x54b:0xe DW_TAG_member
	.long	.Linfo_string80                 @ DW_AT_name
	.long	670                             @ DW_AT_type
	.byte	5                               @ DW_AT_decl_file
	.short	3404                            @ DW_AT_decl_line
	.short	512                             @ DW_AT_data_member_location
	.byte	17                              @ Abbrev [17] 0x559:0xe DW_TAG_member
	.long	.Linfo_string81                 @ DW_AT_name
	.long	670                             @ DW_AT_type
	.byte	5                               @ DW_AT_decl_file
	.short	3405                            @ DW_AT_decl_line
	.short	516                             @ DW_AT_data_member_location
	.byte	17                              @ Abbrev [17] 0x567:0xe DW_TAG_member
	.long	.Linfo_string82                 @ DW_AT_name
	.long	670                             @ DW_AT_type
	.byte	5                               @ DW_AT_decl_file
	.short	3406                            @ DW_AT_decl_line
	.short	520                             @ DW_AT_data_member_location
	.byte	17                              @ Abbrev [17] 0x575:0xe DW_TAG_member
	.long	.Linfo_string83                 @ DW_AT_name
	.long	670                             @ DW_AT_type
	.byte	5                               @ DW_AT_decl_file
	.short	3407                            @ DW_AT_decl_line
	.short	524                             @ DW_AT_data_member_location
	.byte	17                              @ Abbrev [17] 0x583:0xe DW_TAG_member
	.long	.Linfo_string84                 @ DW_AT_name
	.long	670                             @ DW_AT_type
	.byte	5                               @ DW_AT_decl_file
	.short	3408                            @ DW_AT_decl_line
	.short	528                             @ DW_AT_data_member_location
	.byte	17                              @ Abbrev [17] 0x591:0xe DW_TAG_member
	.long	.Linfo_string85                 @ DW_AT_name
	.long	670                             @ DW_AT_type
	.byte	5                               @ DW_AT_decl_file
	.short	3409                            @ DW_AT_decl_line
	.short	532                             @ DW_AT_data_member_location
	.byte	17                              @ Abbrev [17] 0x59f:0xe DW_TAG_member
	.long	.Linfo_string86                 @ DW_AT_name
	.long	670                             @ DW_AT_type
	.byte	5                               @ DW_AT_decl_file
	.short	3410                            @ DW_AT_decl_line
	.short	536                             @ DW_AT_data_member_location
	.byte	17                              @ Abbrev [17] 0x5ad:0xe DW_TAG_member
	.long	.Linfo_string87                 @ DW_AT_name
	.long	670                             @ DW_AT_type
	.byte	5                               @ DW_AT_decl_file
	.short	3411                            @ DW_AT_decl_line
	.short	540                             @ DW_AT_data_member_location
	.byte	17                              @ Abbrev [17] 0x5bb:0xe DW_TAG_member
	.long	.Linfo_string88                 @ DW_AT_name
	.long	670                             @ DW_AT_type
	.byte	5                               @ DW_AT_decl_file
	.short	3412                            @ DW_AT_decl_line
	.short	544                             @ DW_AT_data_member_location
	.byte	17                              @ Abbrev [17] 0x5c9:0xe DW_TAG_member
	.long	.Linfo_string89                 @ DW_AT_name
	.long	670                             @ DW_AT_type
	.byte	5                               @ DW_AT_decl_file
	.short	3413                            @ DW_AT_decl_line
	.short	548                             @ DW_AT_data_member_location
	.byte	17                              @ Abbrev [17] 0x5d7:0xe DW_TAG_member
	.long	.Linfo_string90                 @ DW_AT_name
	.long	670                             @ DW_AT_type
	.byte	5                               @ DW_AT_decl_file
	.short	3414                            @ DW_AT_decl_line
	.short	552                             @ DW_AT_data_member_location
	.byte	17                              @ Abbrev [17] 0x5e5:0xe DW_TAG_member
	.long	.Linfo_string91                 @ DW_AT_name
	.long	670                             @ DW_AT_type
	.byte	5                               @ DW_AT_decl_file
	.short	3415                            @ DW_AT_decl_line
	.short	556                             @ DW_AT_data_member_location
	.byte	17                              @ Abbrev [17] 0x5f3:0xe DW_TAG_member
	.long	.Linfo_string92                 @ DW_AT_name
	.long	670                             @ DW_AT_type
	.byte	5                               @ DW_AT_decl_file
	.short	3416                            @ DW_AT_decl_line
	.short	560                             @ DW_AT_data_member_location
	.byte	17                              @ Abbrev [17] 0x601:0xe DW_TAG_member
	.long	.Linfo_string93                 @ DW_AT_name
	.long	670                             @ DW_AT_type
	.byte	5                               @ DW_AT_decl_file
	.short	3417                            @ DW_AT_decl_line
	.short	564                             @ DW_AT_data_member_location
	.byte	17                              @ Abbrev [17] 0x60f:0xe DW_TAG_member
	.long	.Linfo_string94                 @ DW_AT_name
	.long	670                             @ DW_AT_type
	.byte	5                               @ DW_AT_decl_file
	.short	3418                            @ DW_AT_decl_line
	.short	568                             @ DW_AT_data_member_location
	.byte	17                              @ Abbrev [17] 0x61d:0xe DW_TAG_member
	.long	.Linfo_string95                 @ DW_AT_name
	.long	670                             @ DW_AT_type
	.byte	5                               @ DW_AT_decl_file
	.short	3419                            @ DW_AT_decl_line
	.short	572                             @ DW_AT_data_member_location
	.byte	17                              @ Abbrev [17] 0x62b:0xe DW_TAG_member
	.long	.Linfo_string96                 @ DW_AT_name
	.long	670                             @ DW_AT_type
	.byte	5                               @ DW_AT_decl_file
	.short	3420                            @ DW_AT_decl_line
	.short	576                             @ DW_AT_data_member_location
	.byte	17                              @ Abbrev [17] 0x639:0xe DW_TAG_member
	.long	.Linfo_string97                 @ DW_AT_name
	.long	670                             @ DW_AT_type
	.byte	5                               @ DW_AT_decl_file
	.short	3421                            @ DW_AT_decl_line
	.short	580                             @ DW_AT_data_member_location
	.byte	17                              @ Abbrev [17] 0x647:0xe DW_TAG_member
	.long	.Linfo_string98                 @ DW_AT_name
	.long	670                             @ DW_AT_type
	.byte	5                               @ DW_AT_decl_file
	.short	3422                            @ DW_AT_decl_line
	.short	584                             @ DW_AT_data_member_location
	.byte	17                              @ Abbrev [17] 0x655:0xe DW_TAG_member
	.long	.Linfo_string99                 @ DW_AT_name
	.long	670                             @ DW_AT_type
	.byte	5                               @ DW_AT_decl_file
	.short	3423                            @ DW_AT_decl_line
	.short	588                             @ DW_AT_data_member_location
	.byte	17                              @ Abbrev [17] 0x663:0xe DW_TAG_member
	.long	.Linfo_string100                @ DW_AT_name
	.long	670                             @ DW_AT_type
	.byte	5                               @ DW_AT_decl_file
	.short	3424                            @ DW_AT_decl_line
	.short	592                             @ DW_AT_data_member_location
	.byte	17                              @ Abbrev [17] 0x671:0xe DW_TAG_member
	.long	.Linfo_string101                @ DW_AT_name
	.long	670                             @ DW_AT_type
	.byte	5                               @ DW_AT_decl_file
	.short	3425                            @ DW_AT_decl_line
	.short	596                             @ DW_AT_data_member_location
	.byte	17                              @ Abbrev [17] 0x67f:0xe DW_TAG_member
	.long	.Linfo_string102                @ DW_AT_name
	.long	670                             @ DW_AT_type
	.byte	5                               @ DW_AT_decl_file
	.short	3426                            @ DW_AT_decl_line
	.short	600                             @ DW_AT_data_member_location
	.byte	17                              @ Abbrev [17] 0x68d:0xe DW_TAG_member
	.long	.Linfo_string103                @ DW_AT_name
	.long	670                             @ DW_AT_type
	.byte	5                               @ DW_AT_decl_file
	.short	3427                            @ DW_AT_decl_line
	.short	604                             @ DW_AT_data_member_location
	.byte	17                              @ Abbrev [17] 0x69b:0xe DW_TAG_member
	.long	.Linfo_string104                @ DW_AT_name
	.long	670                             @ DW_AT_type
	.byte	5                               @ DW_AT_decl_file
	.short	3428                            @ DW_AT_decl_line
	.short	608                             @ DW_AT_data_member_location
	.byte	17                              @ Abbrev [17] 0x6a9:0xe DW_TAG_member
	.long	.Linfo_string105                @ DW_AT_name
	.long	670                             @ DW_AT_type
	.byte	5                               @ DW_AT_decl_file
	.short	3429                            @ DW_AT_decl_line
	.short	612                             @ DW_AT_data_member_location
	.byte	17                              @ Abbrev [17] 0x6b7:0xe DW_TAG_member
	.long	.Linfo_string106                @ DW_AT_name
	.long	670                             @ DW_AT_type
	.byte	5                               @ DW_AT_decl_file
	.short	3430                            @ DW_AT_decl_line
	.short	616                             @ DW_AT_data_member_location
	.byte	17                              @ Abbrev [17] 0x6c5:0xe DW_TAG_member
	.long	.Linfo_string107                @ DW_AT_name
	.long	670                             @ DW_AT_type
	.byte	5                               @ DW_AT_decl_file
	.short	3431                            @ DW_AT_decl_line
	.short	620                             @ DW_AT_data_member_location
	.byte	17                              @ Abbrev [17] 0x6d3:0xe DW_TAG_member
	.long	.Linfo_string108                @ DW_AT_name
	.long	670                             @ DW_AT_type
	.byte	5                               @ DW_AT_decl_file
	.short	3432                            @ DW_AT_decl_line
	.short	624                             @ DW_AT_data_member_location
	.byte	17                              @ Abbrev [17] 0x6e1:0xe DW_TAG_member
	.long	.Linfo_string109                @ DW_AT_name
	.long	670                             @ DW_AT_type
	.byte	5                               @ DW_AT_decl_file
	.short	3433                            @ DW_AT_decl_line
	.short	628                             @ DW_AT_data_member_location
	.byte	17                              @ Abbrev [17] 0x6ef:0xe DW_TAG_member
	.long	.Linfo_string110                @ DW_AT_name
	.long	670                             @ DW_AT_type
	.byte	5                               @ DW_AT_decl_file
	.short	3434                            @ DW_AT_decl_line
	.short	632                             @ DW_AT_data_member_location
	.byte	17                              @ Abbrev [17] 0x6fd:0xe DW_TAG_member
	.long	.Linfo_string111                @ DW_AT_name
	.long	670                             @ DW_AT_type
	.byte	5                               @ DW_AT_decl_file
	.short	3435                            @ DW_AT_decl_line
	.short	636                             @ DW_AT_data_member_location
	.byte	17                              @ Abbrev [17] 0x70b:0xe DW_TAG_member
	.long	.Linfo_string112                @ DW_AT_name
	.long	670                             @ DW_AT_type
	.byte	5                               @ DW_AT_decl_file
	.short	3436                            @ DW_AT_decl_line
	.short	640                             @ DW_AT_data_member_location
	.byte	17                              @ Abbrev [17] 0x719:0xe DW_TAG_member
	.long	.Linfo_string113                @ DW_AT_name
	.long	670                             @ DW_AT_type
	.byte	5                               @ DW_AT_decl_file
	.short	3437                            @ DW_AT_decl_line
	.short	644                             @ DW_AT_data_member_location
	.byte	17                              @ Abbrev [17] 0x727:0xe DW_TAG_member
	.long	.Linfo_string114                @ DW_AT_name
	.long	670                             @ DW_AT_type
	.byte	5                               @ DW_AT_decl_file
	.short	3438                            @ DW_AT_decl_line
	.short	648                             @ DW_AT_data_member_location
	.byte	17                              @ Abbrev [17] 0x735:0xe DW_TAG_member
	.long	.Linfo_string115                @ DW_AT_name
	.long	670                             @ DW_AT_type
	.byte	5                               @ DW_AT_decl_file
	.short	3439                            @ DW_AT_decl_line
	.short	652                             @ DW_AT_data_member_location
	.byte	17                              @ Abbrev [17] 0x743:0xe DW_TAG_member
	.long	.Linfo_string116                @ DW_AT_name
	.long	670                             @ DW_AT_type
	.byte	5                               @ DW_AT_decl_file
	.short	3440                            @ DW_AT_decl_line
	.short	656                             @ DW_AT_data_member_location
	.byte	17                              @ Abbrev [17] 0x751:0xe DW_TAG_member
	.long	.Linfo_string117                @ DW_AT_name
	.long	670                             @ DW_AT_type
	.byte	5                               @ DW_AT_decl_file
	.short	3441                            @ DW_AT_decl_line
	.short	660                             @ DW_AT_data_member_location
	.byte	17                              @ Abbrev [17] 0x75f:0xe DW_TAG_member
	.long	.Linfo_string118                @ DW_AT_name
	.long	670                             @ DW_AT_type
	.byte	5                               @ DW_AT_decl_file
	.short	3442                            @ DW_AT_decl_line
	.short	664                             @ DW_AT_data_member_location
	.byte	17                              @ Abbrev [17] 0x76d:0xe DW_TAG_member
	.long	.Linfo_string119                @ DW_AT_name
	.long	670                             @ DW_AT_type
	.byte	5                               @ DW_AT_decl_file
	.short	3443                            @ DW_AT_decl_line
	.short	668                             @ DW_AT_data_member_location
	.byte	17                              @ Abbrev [17] 0x77b:0xe DW_TAG_member
	.long	.Linfo_string120                @ DW_AT_name
	.long	670                             @ DW_AT_type
	.byte	5                               @ DW_AT_decl_file
	.short	3444                            @ DW_AT_decl_line
	.short	672                             @ DW_AT_data_member_location
	.byte	17                              @ Abbrev [17] 0x789:0xe DW_TAG_member
	.long	.Linfo_string121                @ DW_AT_name
	.long	670                             @ DW_AT_type
	.byte	5                               @ DW_AT_decl_file
	.short	3445                            @ DW_AT_decl_line
	.short	676                             @ DW_AT_data_member_location
	.byte	17                              @ Abbrev [17] 0x797:0xe DW_TAG_member
	.long	.Linfo_string122                @ DW_AT_name
	.long	670                             @ DW_AT_type
	.byte	5                               @ DW_AT_decl_file
	.short	3446                            @ DW_AT_decl_line
	.short	680                             @ DW_AT_data_member_location
	.byte	17                              @ Abbrev [17] 0x7a5:0xe DW_TAG_member
	.long	.Linfo_string123                @ DW_AT_name
	.long	670                             @ DW_AT_type
	.byte	5                               @ DW_AT_decl_file
	.short	3447                            @ DW_AT_decl_line
	.short	684                             @ DW_AT_data_member_location
	.byte	17                              @ Abbrev [17] 0x7b3:0xe DW_TAG_member
	.long	.Linfo_string124                @ DW_AT_name
	.long	670                             @ DW_AT_type
	.byte	5                               @ DW_AT_decl_file
	.short	3448                            @ DW_AT_decl_line
	.short	688                             @ DW_AT_data_member_location
	.byte	17                              @ Abbrev [17] 0x7c1:0xe DW_TAG_member
	.long	.Linfo_string125                @ DW_AT_name
	.long	729                             @ DW_AT_type
	.byte	5                               @ DW_AT_decl_file
	.short	3449                            @ DW_AT_decl_line
	.short	692                             @ DW_AT_data_member_location
	.byte	17                              @ Abbrev [17] 0x7cf:0xe DW_TAG_member
	.long	.Linfo_string126                @ DW_AT_name
	.long	670                             @ DW_AT_type
	.byte	5                               @ DW_AT_decl_file
	.short	3450                            @ DW_AT_decl_line
	.short	704                             @ DW_AT_data_member_location
	.byte	17                              @ Abbrev [17] 0x7dd:0xe DW_TAG_member
	.long	.Linfo_string127                @ DW_AT_name
	.long	670                             @ DW_AT_type
	.byte	5                               @ DW_AT_decl_file
	.short	3451                            @ DW_AT_decl_line
	.short	708                             @ DW_AT_data_member_location
	.byte	17                              @ Abbrev [17] 0x7eb:0xe DW_TAG_member
	.long	.Linfo_string128                @ DW_AT_name
	.long	670                             @ DW_AT_type
	.byte	5                               @ DW_AT_decl_file
	.short	3452                            @ DW_AT_decl_line
	.short	712                             @ DW_AT_data_member_location
	.byte	17                              @ Abbrev [17] 0x7f9:0xe DW_TAG_member
	.long	.Linfo_string129                @ DW_AT_name
	.long	670                             @ DW_AT_type
	.byte	5                               @ DW_AT_decl_file
	.short	3453                            @ DW_AT_decl_line
	.short	716                             @ DW_AT_data_member_location
	.byte	17                              @ Abbrev [17] 0x807:0xe DW_TAG_member
	.long	.Linfo_string130                @ DW_AT_name
	.long	670                             @ DW_AT_type
	.byte	5                               @ DW_AT_decl_file
	.short	3454                            @ DW_AT_decl_line
	.short	720                             @ DW_AT_data_member_location
	.byte	17                              @ Abbrev [17] 0x815:0xe DW_TAG_member
	.long	.Linfo_string131                @ DW_AT_name
	.long	670                             @ DW_AT_type
	.byte	5                               @ DW_AT_decl_file
	.short	3455                            @ DW_AT_decl_line
	.short	724                             @ DW_AT_data_member_location
	.byte	17                              @ Abbrev [17] 0x823:0xe DW_TAG_member
	.long	.Linfo_string132                @ DW_AT_name
	.long	670                             @ DW_AT_type
	.byte	5                               @ DW_AT_decl_file
	.short	3456                            @ DW_AT_decl_line
	.short	728                             @ DW_AT_data_member_location
	.byte	17                              @ Abbrev [17] 0x831:0xe DW_TAG_member
	.long	.Linfo_string133                @ DW_AT_name
	.long	670                             @ DW_AT_type
	.byte	5                               @ DW_AT_decl_file
	.short	3457                            @ DW_AT_decl_line
	.short	732                             @ DW_AT_data_member_location
	.byte	17                              @ Abbrev [17] 0x83f:0xe DW_TAG_member
	.long	.Linfo_string134                @ DW_AT_name
	.long	670                             @ DW_AT_type
	.byte	5                               @ DW_AT_decl_file
	.short	3458                            @ DW_AT_decl_line
	.short	736                             @ DW_AT_data_member_location
	.byte	17                              @ Abbrev [17] 0x84d:0xe DW_TAG_member
	.long	.Linfo_string135                @ DW_AT_name
	.long	2834                            @ DW_AT_type
	.byte	5                               @ DW_AT_decl_file
	.short	3459                            @ DW_AT_decl_line
	.short	740                             @ DW_AT_data_member_location
	.byte	17                              @ Abbrev [17] 0x85b:0xe DW_TAG_member
	.long	.Linfo_string136                @ DW_AT_name
	.long	670                             @ DW_AT_type
	.byte	5                               @ DW_AT_decl_file
	.short	3460                            @ DW_AT_decl_line
	.short	768                             @ DW_AT_data_member_location
	.byte	17                              @ Abbrev [17] 0x869:0xe DW_TAG_member
	.long	.Linfo_string137                @ DW_AT_name
	.long	670                             @ DW_AT_type
	.byte	5                               @ DW_AT_decl_file
	.short	3461                            @ DW_AT_decl_line
	.short	772                             @ DW_AT_data_member_location
	.byte	17                              @ Abbrev [17] 0x877:0xe DW_TAG_member
	.long	.Linfo_string138                @ DW_AT_name
	.long	670                             @ DW_AT_type
	.byte	5                               @ DW_AT_decl_file
	.short	3462                            @ DW_AT_decl_line
	.short	776                             @ DW_AT_data_member_location
	.byte	17                              @ Abbrev [17] 0x885:0xe DW_TAG_member
	.long	.Linfo_string139                @ DW_AT_name
	.long	670                             @ DW_AT_type
	.byte	5                               @ DW_AT_decl_file
	.short	3463                            @ DW_AT_decl_line
	.short	780                             @ DW_AT_data_member_location
	.byte	17                              @ Abbrev [17] 0x893:0xe DW_TAG_member
	.long	.Linfo_string140                @ DW_AT_name
	.long	670                             @ DW_AT_type
	.byte	5                               @ DW_AT_decl_file
	.short	3464                            @ DW_AT_decl_line
	.short	784                             @ DW_AT_data_member_location
	.byte	17                              @ Abbrev [17] 0x8a1:0xe DW_TAG_member
	.long	.Linfo_string141                @ DW_AT_name
	.long	670                             @ DW_AT_type
	.byte	5                               @ DW_AT_decl_file
	.short	3465                            @ DW_AT_decl_line
	.short	788                             @ DW_AT_data_member_location
	.byte	17                              @ Abbrev [17] 0x8af:0xe DW_TAG_member
	.long	.Linfo_string142                @ DW_AT_name
	.long	670                             @ DW_AT_type
	.byte	5                               @ DW_AT_decl_file
	.short	3466                            @ DW_AT_decl_line
	.short	792                             @ DW_AT_data_member_location
	.byte	17                              @ Abbrev [17] 0x8bd:0xe DW_TAG_member
	.long	.Linfo_string143                @ DW_AT_name
	.long	670                             @ DW_AT_type
	.byte	5                               @ DW_AT_decl_file
	.short	3467                            @ DW_AT_decl_line
	.short	796                             @ DW_AT_data_member_location
	.byte	17                              @ Abbrev [17] 0x8cb:0xe DW_TAG_member
	.long	.Linfo_string144                @ DW_AT_name
	.long	670                             @ DW_AT_type
	.byte	5                               @ DW_AT_decl_file
	.short	3468                            @ DW_AT_decl_line
	.short	800                             @ DW_AT_data_member_location
	.byte	17                              @ Abbrev [17] 0x8d9:0xe DW_TAG_member
	.long	.Linfo_string145                @ DW_AT_name
	.long	670                             @ DW_AT_type
	.byte	5                               @ DW_AT_decl_file
	.short	3469                            @ DW_AT_decl_line
	.short	804                             @ DW_AT_data_member_location
	.byte	17                              @ Abbrev [17] 0x8e7:0xe DW_TAG_member
	.long	.Linfo_string146                @ DW_AT_name
	.long	670                             @ DW_AT_type
	.byte	5                               @ DW_AT_decl_file
	.short	3470                            @ DW_AT_decl_line
	.short	808                             @ DW_AT_data_member_location
	.byte	17                              @ Abbrev [17] 0x8f5:0xe DW_TAG_member
	.long	.Linfo_string147                @ DW_AT_name
	.long	670                             @ DW_AT_type
	.byte	5                               @ DW_AT_decl_file
	.short	3471                            @ DW_AT_decl_line
	.short	812                             @ DW_AT_data_member_location
	.byte	17                              @ Abbrev [17] 0x903:0xe DW_TAG_member
	.long	.Linfo_string148                @ DW_AT_name
	.long	670                             @ DW_AT_type
	.byte	5                               @ DW_AT_decl_file
	.short	3472                            @ DW_AT_decl_line
	.short	816                             @ DW_AT_data_member_location
	.byte	17                              @ Abbrev [17] 0x911:0xe DW_TAG_member
	.long	.Linfo_string149                @ DW_AT_name
	.long	670                             @ DW_AT_type
	.byte	5                               @ DW_AT_decl_file
	.short	3473                            @ DW_AT_decl_line
	.short	820                             @ DW_AT_data_member_location
	.byte	17                              @ Abbrev [17] 0x91f:0xe DW_TAG_member
	.long	.Linfo_string150                @ DW_AT_name
	.long	670                             @ DW_AT_type
	.byte	5                               @ DW_AT_decl_file
	.short	3474                            @ DW_AT_decl_line
	.short	824                             @ DW_AT_data_member_location
	.byte	17                              @ Abbrev [17] 0x92d:0xe DW_TAG_member
	.long	.Linfo_string151                @ DW_AT_name
	.long	670                             @ DW_AT_type
	.byte	5                               @ DW_AT_decl_file
	.short	3475                            @ DW_AT_decl_line
	.short	828                             @ DW_AT_data_member_location
	.byte	17                              @ Abbrev [17] 0x93b:0xe DW_TAG_member
	.long	.Linfo_string152                @ DW_AT_name
	.long	670                             @ DW_AT_type
	.byte	5                               @ DW_AT_decl_file
	.short	3476                            @ DW_AT_decl_line
	.short	832                             @ DW_AT_data_member_location
	.byte	17                              @ Abbrev [17] 0x949:0xe DW_TAG_member
	.long	.Linfo_string153                @ DW_AT_name
	.long	670                             @ DW_AT_type
	.byte	5                               @ DW_AT_decl_file
	.short	3477                            @ DW_AT_decl_line
	.short	836                             @ DW_AT_data_member_location
	.byte	17                              @ Abbrev [17] 0x957:0xe DW_TAG_member
	.long	.Linfo_string154                @ DW_AT_name
	.long	670                             @ DW_AT_type
	.byte	5                               @ DW_AT_decl_file
	.short	3478                            @ DW_AT_decl_line
	.short	840                             @ DW_AT_data_member_location
	.byte	17                              @ Abbrev [17] 0x965:0xe DW_TAG_member
	.long	.Linfo_string155                @ DW_AT_name
	.long	670                             @ DW_AT_type
	.byte	5                               @ DW_AT_decl_file
	.short	3479                            @ DW_AT_decl_line
	.short	844                             @ DW_AT_data_member_location
	.byte	17                              @ Abbrev [17] 0x973:0xe DW_TAG_member
	.long	.Linfo_string156                @ DW_AT_name
	.long	670                             @ DW_AT_type
	.byte	5                               @ DW_AT_decl_file
	.short	3480                            @ DW_AT_decl_line
	.short	848                             @ DW_AT_data_member_location
	.byte	17                              @ Abbrev [17] 0x981:0xe DW_TAG_member
	.long	.Linfo_string157                @ DW_AT_name
	.long	670                             @ DW_AT_type
	.byte	5                               @ DW_AT_decl_file
	.short	3481                            @ DW_AT_decl_line
	.short	852                             @ DW_AT_data_member_location
	.byte	17                              @ Abbrev [17] 0x98f:0xe DW_TAG_member
	.long	.Linfo_string158                @ DW_AT_name
	.long	670                             @ DW_AT_type
	.byte	5                               @ DW_AT_decl_file
	.short	3482                            @ DW_AT_decl_line
	.short	856                             @ DW_AT_data_member_location
	.byte	17                              @ Abbrev [17] 0x99d:0xe DW_TAG_member
	.long	.Linfo_string159                @ DW_AT_name
	.long	693                             @ DW_AT_type
	.byte	5                               @ DW_AT_decl_file
	.short	3483                            @ DW_AT_decl_line
	.short	860                             @ DW_AT_data_member_location
	.byte	17                              @ Abbrev [17] 0x9ab:0xe DW_TAG_member
	.long	.Linfo_string160                @ DW_AT_name
	.long	670                             @ DW_AT_type
	.byte	5                               @ DW_AT_decl_file
	.short	3484                            @ DW_AT_decl_line
	.short	864                             @ DW_AT_data_member_location
	.byte	17                              @ Abbrev [17] 0x9b9:0xe DW_TAG_member
	.long	.Linfo_string161                @ DW_AT_name
	.long	670                             @ DW_AT_type
	.byte	5                               @ DW_AT_decl_file
	.short	3485                            @ DW_AT_decl_line
	.short	868                             @ DW_AT_data_member_location
	.byte	17                              @ Abbrev [17] 0x9c7:0xe DW_TAG_member
	.long	.Linfo_string162                @ DW_AT_name
	.long	670                             @ DW_AT_type
	.byte	5                               @ DW_AT_decl_file
	.short	3486                            @ DW_AT_decl_line
	.short	872                             @ DW_AT_data_member_location
	.byte	17                              @ Abbrev [17] 0x9d5:0xe DW_TAG_member
	.long	.Linfo_string163                @ DW_AT_name
	.long	670                             @ DW_AT_type
	.byte	5                               @ DW_AT_decl_file
	.short	3487                            @ DW_AT_decl_line
	.short	876                             @ DW_AT_data_member_location
	.byte	17                              @ Abbrev [17] 0x9e3:0xe DW_TAG_member
	.long	.Linfo_string164                @ DW_AT_name
	.long	670                             @ DW_AT_type
	.byte	5                               @ DW_AT_decl_file
	.short	3488                            @ DW_AT_decl_line
	.short	880                             @ DW_AT_data_member_location
	.byte	17                              @ Abbrev [17] 0x9f1:0xe DW_TAG_member
	.long	.Linfo_string165                @ DW_AT_name
	.long	670                             @ DW_AT_type
	.byte	5                               @ DW_AT_decl_file
	.short	3489                            @ DW_AT_decl_line
	.short	884                             @ DW_AT_data_member_location
	.byte	17                              @ Abbrev [17] 0x9ff:0xe DW_TAG_member
	.long	.Linfo_string166                @ DW_AT_name
	.long	670                             @ DW_AT_type
	.byte	5                               @ DW_AT_decl_file
	.short	3490                            @ DW_AT_decl_line
	.short	888                             @ DW_AT_data_member_location
	.byte	17                              @ Abbrev [17] 0xa0d:0xe DW_TAG_member
	.long	.Linfo_string167                @ DW_AT_name
	.long	670                             @ DW_AT_type
	.byte	5                               @ DW_AT_decl_file
	.short	3491                            @ DW_AT_decl_line
	.short	892                             @ DW_AT_data_member_location
	.byte	17                              @ Abbrev [17] 0xa1b:0xe DW_TAG_member
	.long	.Linfo_string168                @ DW_AT_name
	.long	693                             @ DW_AT_type
	.byte	5                               @ DW_AT_decl_file
	.short	3492                            @ DW_AT_decl_line
	.short	896                             @ DW_AT_data_member_location
	.byte	17                              @ Abbrev [17] 0xa29:0xe DW_TAG_member
	.long	.Linfo_string169                @ DW_AT_name
	.long	670                             @ DW_AT_type
	.byte	5                               @ DW_AT_decl_file
	.short	3493                            @ DW_AT_decl_line
	.short	900                             @ DW_AT_data_member_location
	.byte	17                              @ Abbrev [17] 0xa37:0xe DW_TAG_member
	.long	.Linfo_string170                @ DW_AT_name
	.long	670                             @ DW_AT_type
	.byte	5                               @ DW_AT_decl_file
	.short	3494                            @ DW_AT_decl_line
	.short	904                             @ DW_AT_data_member_location
	.byte	17                              @ Abbrev [17] 0xa45:0xe DW_TAG_member
	.long	.Linfo_string171                @ DW_AT_name
	.long	670                             @ DW_AT_type
	.byte	5                               @ DW_AT_decl_file
	.short	3495                            @ DW_AT_decl_line
	.short	908                             @ DW_AT_data_member_location
	.byte	17                              @ Abbrev [17] 0xa53:0xe DW_TAG_member
	.long	.Linfo_string172                @ DW_AT_name
	.long	670                             @ DW_AT_type
	.byte	5                               @ DW_AT_decl_file
	.short	3496                            @ DW_AT_decl_line
	.short	912                             @ DW_AT_data_member_location
	.byte	17                              @ Abbrev [17] 0xa61:0xe DW_TAG_member
	.long	.Linfo_string173                @ DW_AT_name
	.long	670                             @ DW_AT_type
	.byte	5                               @ DW_AT_decl_file
	.short	3497                            @ DW_AT_decl_line
	.short	916                             @ DW_AT_data_member_location
	.byte	17                              @ Abbrev [17] 0xa6f:0xe DW_TAG_member
	.long	.Linfo_string174                @ DW_AT_name
	.long	670                             @ DW_AT_type
	.byte	5                               @ DW_AT_decl_file
	.short	3498                            @ DW_AT_decl_line
	.short	920                             @ DW_AT_data_member_location
	.byte	17                              @ Abbrev [17] 0xa7d:0xe DW_TAG_member
	.long	.Linfo_string175                @ DW_AT_name
	.long	670                             @ DW_AT_type
	.byte	5                               @ DW_AT_decl_file
	.short	3499                            @ DW_AT_decl_line
	.short	924                             @ DW_AT_data_member_location
	.byte	17                              @ Abbrev [17] 0xa8b:0xe DW_TAG_member
	.long	.Linfo_string176                @ DW_AT_name
	.long	2846                            @ DW_AT_type
	.byte	5                               @ DW_AT_decl_file
	.short	3500                            @ DW_AT_decl_line
	.short	928                             @ DW_AT_data_member_location
	.byte	17                              @ Abbrev [17] 0xa99:0xe DW_TAG_member
	.long	.Linfo_string177                @ DW_AT_name
	.long	670                             @ DW_AT_type
	.byte	5                               @ DW_AT_decl_file
	.short	3501                            @ DW_AT_decl_line
	.short	1280                            @ DW_AT_data_member_location
	.byte	17                              @ Abbrev [17] 0xaa7:0xe DW_TAG_member
	.long	.Linfo_string178                @ DW_AT_name
	.long	670                             @ DW_AT_type
	.byte	5                               @ DW_AT_decl_file
	.short	3502                            @ DW_AT_decl_line
	.short	1284                            @ DW_AT_data_member_location
	.byte	17                              @ Abbrev [17] 0xab5:0xe DW_TAG_member
	.long	.Linfo_string179                @ DW_AT_name
	.long	2858                            @ DW_AT_type
	.byte	5                               @ DW_AT_decl_file
	.short	3503                            @ DW_AT_decl_line
	.short	1288                            @ DW_AT_data_member_location
	.byte	17                              @ Abbrev [17] 0xac3:0xe DW_TAG_member
	.long	.Linfo_string180                @ DW_AT_name
	.long	670                             @ DW_AT_type
	.byte	5                               @ DW_AT_decl_file
	.short	3504                            @ DW_AT_decl_line
	.short	3728                            @ DW_AT_data_member_location
	.byte	17                              @ Abbrev [17] 0xad1:0xe DW_TAG_member
	.long	.Linfo_string181                @ DW_AT_name
	.long	670                             @ DW_AT_type
	.byte	5                               @ DW_AT_decl_file
	.short	3505                            @ DW_AT_decl_line
	.short	3732                            @ DW_AT_data_member_location
	.byte	17                              @ Abbrev [17] 0xadf:0xe DW_TAG_member
	.long	.Linfo_string182                @ DW_AT_name
	.long	670                             @ DW_AT_type
	.byte	5                               @ DW_AT_decl_file
	.short	3506                            @ DW_AT_decl_line
	.short	3736                            @ DW_AT_data_member_location
	.byte	0                               @ End Of Children Mark
	.byte	3                               @ Abbrev [3] 0xaee:0xc DW_TAG_array_type
	.long	670                             @ DW_AT_type
	.byte	4                               @ Abbrev [4] 0xaf3:0x6 DW_TAG_subrange_type
	.long	69                              @ DW_AT_type
	.byte	15                              @ DW_AT_count
	.byte	0                               @ End Of Children Mark
	.byte	3                               @ Abbrev [3] 0xafa:0xc DW_TAG_array_type
	.long	670                             @ DW_AT_type
	.byte	4                               @ Abbrev [4] 0xaff:0x6 DW_TAG_subrange_type
	.long	69                              @ DW_AT_type
	.byte	22                              @ DW_AT_count
	.byte	0                               @ End Of Children Mark
	.byte	3                               @ Abbrev [3] 0xb06:0xc DW_TAG_array_type
	.long	670                             @ DW_AT_type
	.byte	4                               @ Abbrev [4] 0xb0b:0x6 DW_TAG_subrange_type
	.long	69                              @ DW_AT_type
	.byte	49                              @ DW_AT_count
	.byte	0                               @ End Of Children Mark
	.byte	3                               @ Abbrev [3] 0xb12:0xc DW_TAG_array_type
	.long	670                             @ DW_AT_type
	.byte	4                               @ Abbrev [4] 0xb17:0x6 DW_TAG_subrange_type
	.long	69                              @ DW_AT_type
	.byte	7                               @ DW_AT_count
	.byte	0                               @ End Of Children Mark
	.byte	3                               @ Abbrev [3] 0xb1e:0xc DW_TAG_array_type
	.long	670                             @ DW_AT_type
	.byte	4                               @ Abbrev [4] 0xb23:0x6 DW_TAG_subrange_type
	.long	69                              @ DW_AT_type
	.byte	88                              @ DW_AT_count
	.byte	0                               @ End Of Children Mark
	.byte	3                               @ Abbrev [3] 0xb2a:0xd DW_TAG_array_type
	.long	670                             @ DW_AT_type
	.byte	18                              @ Abbrev [18] 0xb2f:0x7 DW_TAG_subrange_type
	.long	69                              @ DW_AT_type
	.short	610                             @ DW_AT_count
	.byte	0                               @ End Of Children Mark
	.byte	19                              @ Abbrev [19] 0xb37:0x19 DW_TAG_subprogram
	.long	.Lfunc_begin0                   @ DW_AT_low_pc
	.long	.Lfunc_end0-.Lfunc_begin0       @ DW_AT_high_pc
	.byte	1                               @ DW_AT_frame_base
	.byte	93
                                        @ DW_AT_GNU_all_call_sites
	.long	2948                            @ DW_AT_abstract_origin
	.byte	20                              @ Abbrev [20] 0xb46:0x9 DW_TAG_GNU_call_site
	.long	2896                            @ DW_AT_abstract_origin
                                        @ DW_AT_GNU_tail_call
	.long	.Ltmp4                          @ DW_AT_low_pc
	.byte	0                               @ End Of Children Mark
	.byte	21                              @ Abbrev [21] 0xb50:0xe DW_TAG_subprogram
	.long	.Linfo_string184                @ DW_AT_name
	.byte	6                               @ DW_AT_decl_file
	.short	4393                            @ DW_AT_decl_line
                                        @ DW_AT_declaration
                                        @ DW_AT_external
	.byte	22                              @ Abbrev [22] 0xb58:0x5 DW_TAG_formal_parameter
	.long	675                             @ DW_AT_type
	.byte	0                               @ End Of Children Mark
	.byte	23                              @ Abbrev [23] 0xb5e:0x1a DW_TAG_subprogram
	.long	.Linfo_string185                @ DW_AT_linkage_name
	.long	.Linfo_string186                @ DW_AT_name
	.byte	6                               @ DW_AT_decl_file
	.short	4255                            @ DW_AT_decl_line
	.byte	1                               @ DW_AT_inline
	.byte	24                              @ Abbrev [24] 0xb6b:0xc DW_TAG_variable
	.long	.Linfo_string187                @ DW_AT_name
	.byte	6                               @ DW_AT_decl_file
	.short	4257                            @ DW_AT_decl_line
	.long	675                             @ DW_AT_type
	.byte	0                               @ End Of Children Mark
	.byte	25                              @ Abbrev [25] 0xb78:0xc DW_TAG_subprogram
	.long	.Linfo_string188                @ DW_AT_linkage_name
	.long	.Linfo_string189                @ DW_AT_name
	.byte	1                               @ DW_AT_decl_file
	.byte	53                              @ DW_AT_decl_line
	.byte	1                               @ DW_AT_inline
	.byte	26                              @ Abbrev [26] 0xb84:0x8 DW_TAG_subprogram
	.long	.Linfo_string190                @ DW_AT_name
	.byte	1                               @ DW_AT_decl_file
	.byte	23                              @ DW_AT_decl_line
                                        @ DW_AT_external
	.byte	1                               @ DW_AT_inline
	.byte	25                              @ Abbrev [25] 0xb8c:0xc DW_TAG_subprogram
	.long	.Linfo_string191                @ DW_AT_linkage_name
	.long	.Linfo_string192                @ DW_AT_name
	.byte	1                               @ DW_AT_decl_file
	.byte	41                              @ DW_AT_decl_line
	.byte	1                               @ DW_AT_inline
	.byte	27                              @ Abbrev [27] 0xb98:0xd DW_TAG_subprogram
	.long	.Linfo_string193                @ DW_AT_linkage_name
	.long	.Linfo_string194                @ DW_AT_name
	.byte	6                               @ DW_AT_decl_file
	.short	4276                            @ DW_AT_decl_line
	.byte	1                               @ DW_AT_inline
	.byte	28                              @ Abbrev [28] 0xba5:0x84 DW_TAG_subprogram
	.long	.Lfunc_begin1                   @ DW_AT_low_pc
	.long	.Lfunc_end1-.Lfunc_begin1       @ DW_AT_high_pc
	.byte	1                               @ DW_AT_frame_base
	.byte	93
                                        @ DW_AT_GNU_all_call_sites
	.long	.Linfo_string309                @ DW_AT_linkage_name
	.long	.Linfo_string310                @ DW_AT_name
	.byte	1                               @ DW_AT_decl_file
	.byte	127                             @ DW_AT_decl_line
	.long	3197                            @ DW_AT_type
                                        @ DW_AT_external
	.byte	29                              @ Abbrev [29] 0xbbe:0xf DW_TAG_variable
	.long	.Ldebug_loc1                    @ DW_AT_location
	.long	.Linfo_string311                @ DW_AT_name
	.byte	1                               @ DW_AT_decl_file
	.byte	153                             @ DW_AT_decl_line
	.long	3197                            @ DW_AT_type
	.byte	30                              @ Abbrev [30] 0xbcd:0x1a DW_TAG_inlined_subroutine
	.long	2910                            @ DW_AT_abstract_origin
	.long	.Ltmp5                          @ DW_AT_low_pc
	.long	.Ltmp23-.Ltmp5                  @ DW_AT_high_pc
	.byte	1                               @ DW_AT_call_file
	.byte	130                             @ DW_AT_call_line
	.byte	5                               @ DW_AT_call_column
	.byte	31                              @ Abbrev [31] 0xbdd:0x9 DW_TAG_variable
	.long	.Ldebug_loc0                    @ DW_AT_location
	.long	2923                            @ DW_AT_abstract_origin
	.byte	0                               @ End Of Children Mark
	.byte	30                              @ Abbrev [30] 0xbe7:0x31 DW_TAG_inlined_subroutine
	.long	2936                            @ DW_AT_abstract_origin
	.long	.Ltmp23                         @ DW_AT_low_pc
	.long	.Ltmp50-.Ltmp23                 @ DW_AT_high_pc
	.byte	1                               @ DW_AT_call_file
	.byte	132                             @ DW_AT_call_line
	.byte	5                               @ DW_AT_call_column
	.byte	32                              @ Abbrev [32] 0xbf7:0x10 DW_TAG_inlined_subroutine
	.long	2948                            @ DW_AT_abstract_origin
	.long	.Ltmp44                         @ DW_AT_low_pc
	.long	.Ltmp47-.Ltmp44                 @ DW_AT_high_pc
	.byte	1                               @ DW_AT_call_file
	.byte	108                             @ DW_AT_call_line
	.byte	5                               @ DW_AT_call_column
	.byte	32                              @ Abbrev [32] 0xc07:0x10 DW_TAG_inlined_subroutine
	.long	2956                            @ DW_AT_abstract_origin
	.long	.Ltmp49                         @ DW_AT_low_pc
	.long	.Ltmp50-.Ltmp49                 @ DW_AT_high_pc
	.byte	1                               @ DW_AT_call_file
	.byte	118                             @ DW_AT_call_line
	.byte	5                               @ DW_AT_call_column
	.byte	0                               @ End Of Children Mark
	.byte	32                              @ Abbrev [32] 0xc18:0x10 DW_TAG_inlined_subroutine
	.long	2968                            @ DW_AT_abstract_origin
	.long	.Ltmp53                         @ DW_AT_low_pc
	.long	.Ltmp54-.Ltmp53                 @ DW_AT_high_pc
	.byte	1                               @ DW_AT_call_file
	.byte	139                             @ DW_AT_call_line
	.byte	5                               @ DW_AT_call_column
	.byte	0                               @ End Of Children Mark
	.byte	9                               @ Abbrev [9] 0xc29:0xb DW_TAG_typedef
	.long	686                             @ DW_AT_type
	.long	.Linfo_string195                @ DW_AT_name
	.byte	7                               @ DW_AT_decl_file
	.byte	53                              @ DW_AT_decl_line
	.byte	33                              @ Abbrev [33] 0xc34:0x8 DW_TAG_imported_declaration
	.byte	7                               @ DW_AT_decl_file
	.short	942                             @ DW_AT_decl_line
	.long	3113                            @ DW_AT_import
	.byte	9                               @ Abbrev [9] 0xc3c:0xb DW_TAG_typedef
	.long	3143                            @ DW_AT_type
	.long	.Linfo_string197                @ DW_AT_name
	.byte	7                               @ DW_AT_decl_file
	.byte	97                              @ DW_AT_decl_line
	.byte	34                              @ Abbrev [34] 0xc47:0x5 DW_TAG_structure_type
	.long	.Linfo_string196                @ DW_AT_name
                                        @ DW_AT_declaration
	.byte	33                              @ Abbrev [33] 0xc4c:0x8 DW_TAG_imported_declaration
	.byte	7                               @ DW_AT_decl_file
	.short	943                             @ DW_AT_decl_line
	.long	3132                            @ DW_AT_import
	.byte	9                               @ Abbrev [9] 0xc54:0xb DW_TAG_typedef
	.long	3167                            @ DW_AT_type
	.long	.Linfo_string199                @ DW_AT_name
	.byte	7                               @ DW_AT_decl_file
	.byte	108                             @ DW_AT_decl_line
	.byte	34                              @ Abbrev [34] 0xc5f:0x5 DW_TAG_structure_type
	.long	.Linfo_string198                @ DW_AT_name
                                        @ DW_AT_declaration
	.byte	33                              @ Abbrev [33] 0xc64:0x8 DW_TAG_imported_declaration
	.byte	7                               @ DW_AT_decl_file
	.short	944                             @ DW_AT_decl_line
	.long	3156                            @ DW_AT_import
	.byte	35                              @ Abbrev [35] 0xc6c:0x11 DW_TAG_subprogram
	.long	.Linfo_string200                @ DW_AT_name
	.byte	7                               @ DW_AT_decl_file
	.byte	224                             @ DW_AT_decl_line
	.long	3197                            @ DW_AT_type
                                        @ DW_AT_declaration
                                        @ DW_AT_external
	.byte	22                              @ Abbrev [22] 0xc77:0x5 DW_TAG_formal_parameter
	.long	3204                            @ DW_AT_type
	.byte	0                               @ End Of Children Mark
	.byte	6                               @ Abbrev [6] 0xc7d:0x7 DW_TAG_base_type
	.long	.Linfo_string201                @ DW_AT_name
	.byte	5                               @ DW_AT_encoding
	.byte	4                               @ DW_AT_byte_size
	.byte	10                              @ Abbrev [10] 0xc84:0x5 DW_TAG_pointer_type
	.long	57                              @ DW_AT_type
	.byte	33                              @ Abbrev [33] 0xc89:0x8 DW_TAG_imported_declaration
	.byte	7                               @ DW_AT_decl_file
	.short	945                             @ DW_AT_decl_line
	.long	3180                            @ DW_AT_import
	.byte	35                              @ Abbrev [35] 0xc91:0x16 DW_TAG_subprogram
	.long	.Linfo_string202                @ DW_AT_name
	.byte	7                               @ DW_AT_decl_file
	.byte	232                             @ DW_AT_decl_line
	.long	3197                            @ DW_AT_type
                                        @ DW_AT_declaration
                                        @ DW_AT_external
	.byte	22                              @ Abbrev [22] 0xc9c:0x5 DW_TAG_formal_parameter
	.long	3204                            @ DW_AT_type
	.byte	22                              @ Abbrev [22] 0xca1:0x5 DW_TAG_formal_parameter
	.long	3204                            @ DW_AT_type
	.byte	0                               @ End Of Children Mark
	.byte	33                              @ Abbrev [33] 0xca7:0x8 DW_TAG_imported_declaration
	.byte	7                               @ DW_AT_decl_file
	.short	946                             @ DW_AT_decl_line
	.long	3217                            @ DW_AT_import
	.byte	36                              @ Abbrev [36] 0xcaf:0xb DW_TAG_subprogram
	.long	.Linfo_string203                @ DW_AT_name
	.byte	7                               @ DW_AT_decl_file
	.byte	243                             @ DW_AT_decl_line
	.long	3258                            @ DW_AT_type
                                        @ DW_AT_declaration
                                        @ DW_AT_external
	.byte	10                              @ Abbrev [10] 0xcba:0x5 DW_TAG_pointer_type
	.long	3156                            @ DW_AT_type
	.byte	33                              @ Abbrev [33] 0xcbf:0x8 DW_TAG_imported_declaration
	.byte	7                               @ DW_AT_decl_file
	.short	947                             @ DW_AT_decl_line
	.long	3247                            @ DW_AT_import
	.byte	35                              @ Abbrev [35] 0xcc7:0x11 DW_TAG_subprogram
	.long	.Linfo_string204                @ DW_AT_name
	.byte	7                               @ DW_AT_decl_file
	.byte	250                             @ DW_AT_decl_line
	.long	3288                            @ DW_AT_type
                                        @ DW_AT_declaration
                                        @ DW_AT_external
	.byte	22                              @ Abbrev [22] 0xcd2:0x5 DW_TAG_formal_parameter
	.long	3288                            @ DW_AT_type
	.byte	0                               @ End Of Children Mark
	.byte	10                              @ Abbrev [10] 0xcd8:0x5 DW_TAG_pointer_type
	.long	62                              @ DW_AT_type
	.byte	33                              @ Abbrev [33] 0xcdd:0x8 DW_TAG_imported_declaration
	.byte	7                               @ DW_AT_decl_file
	.short	948                             @ DW_AT_decl_line
	.long	3271                            @ DW_AT_import
	.byte	37                              @ Abbrev [37] 0xce5:0x12 DW_TAG_subprogram
	.long	.Linfo_string205                @ DW_AT_name
	.byte	7                               @ DW_AT_decl_file
	.short	265                             @ DW_AT_decl_line
	.long	3197                            @ DW_AT_type
                                        @ DW_AT_declaration
                                        @ DW_AT_external
	.byte	22                              @ Abbrev [22] 0xcf1:0x5 DW_TAG_formal_parameter
	.long	3258                            @ DW_AT_type
	.byte	0                               @ End Of Children Mark
	.byte	33                              @ Abbrev [33] 0xcf7:0x8 DW_TAG_imported_declaration
	.byte	7                               @ DW_AT_decl_file
	.short	949                             @ DW_AT_decl_line
	.long	3301                            @ DW_AT_import
	.byte	37                              @ Abbrev [37] 0xcff:0x12 DW_TAG_subprogram
	.long	.Linfo_string206                @ DW_AT_name
	.byte	7                               @ DW_AT_decl_file
	.short	275                             @ DW_AT_decl_line
	.long	3197                            @ DW_AT_type
                                        @ DW_AT_declaration
                                        @ DW_AT_external
	.byte	22                              @ Abbrev [22] 0xd0b:0x5 DW_TAG_formal_parameter
	.long	3258                            @ DW_AT_type
	.byte	0                               @ End Of Children Mark
	.byte	33                              @ Abbrev [33] 0xd11:0x8 DW_TAG_imported_declaration
	.byte	7                               @ DW_AT_decl_file
	.short	950                             @ DW_AT_decl_line
	.long	3327                            @ DW_AT_import
	.byte	37                              @ Abbrev [37] 0xd19:0x17 DW_TAG_subprogram
	.long	.Linfo_string207                @ DW_AT_name
	.byte	7                               @ DW_AT_decl_file
	.short	285                             @ DW_AT_decl_line
	.long	3258                            @ DW_AT_type
                                        @ DW_AT_declaration
                                        @ DW_AT_external
	.byte	22                              @ Abbrev [22] 0xd25:0x5 DW_TAG_formal_parameter
	.long	3376                            @ DW_AT_type
	.byte	22                              @ Abbrev [22] 0xd2a:0x5 DW_TAG_formal_parameter
	.long	3376                            @ DW_AT_type
	.byte	0                               @ End Of Children Mark
	.byte	38                              @ Abbrev [38] 0xd30:0x5 DW_TAG_restrict_type
	.long	3204                            @ DW_AT_type
	.byte	33                              @ Abbrev [33] 0xd35:0x8 DW_TAG_imported_declaration
	.byte	7                               @ DW_AT_decl_file
	.short	951                             @ DW_AT_decl_line
	.long	3353                            @ DW_AT_import
	.byte	37                              @ Abbrev [37] 0xd3d:0x1c DW_TAG_subprogram
	.long	.Linfo_string208                @ DW_AT_name
	.byte	7                               @ DW_AT_decl_file
	.short	329                             @ DW_AT_decl_line
	.long	3258                            @ DW_AT_type
                                        @ DW_AT_declaration
                                        @ DW_AT_external
	.byte	22                              @ Abbrev [22] 0xd49:0x5 DW_TAG_formal_parameter
	.long	3376                            @ DW_AT_type
	.byte	22                              @ Abbrev [22] 0xd4e:0x5 DW_TAG_formal_parameter
	.long	3376                            @ DW_AT_type
	.byte	22                              @ Abbrev [22] 0xd53:0x5 DW_TAG_formal_parameter
	.long	3417                            @ DW_AT_type
	.byte	0                               @ End Of Children Mark
	.byte	38                              @ Abbrev [38] 0xd59:0x5 DW_TAG_restrict_type
	.long	3258                            @ DW_AT_type
	.byte	33                              @ Abbrev [33] 0xd5e:0x8 DW_TAG_imported_declaration
	.byte	7                               @ DW_AT_decl_file
	.short	952                             @ DW_AT_decl_line
	.long	3389                            @ DW_AT_import
	.byte	21                              @ Abbrev [21] 0xd66:0x13 DW_TAG_subprogram
	.long	.Linfo_string209                @ DW_AT_name
	.byte	7                               @ DW_AT_decl_file
	.short	342                             @ DW_AT_decl_line
                                        @ DW_AT_declaration
                                        @ DW_AT_external
	.byte	22                              @ Abbrev [22] 0xd6e:0x5 DW_TAG_formal_parameter
	.long	3417                            @ DW_AT_type
	.byte	22                              @ Abbrev [22] 0xd73:0x5 DW_TAG_formal_parameter
	.long	3449                            @ DW_AT_type
	.byte	0                               @ End Of Children Mark
	.byte	38                              @ Abbrev [38] 0xd79:0x5 DW_TAG_restrict_type
	.long	3288                            @ DW_AT_type
	.byte	33                              @ Abbrev [33] 0xd7e:0x8 DW_TAG_imported_declaration
	.byte	7                               @ DW_AT_decl_file
	.short	953                             @ DW_AT_decl_line
	.long	3430                            @ DW_AT_import
	.byte	37                              @ Abbrev [37] 0xd86:0x21 DW_TAG_subprogram
	.long	.Linfo_string210                @ DW_AT_name
	.byte	7                               @ DW_AT_decl_file
	.short	350                             @ DW_AT_decl_line
	.long	3197                            @ DW_AT_type
                                        @ DW_AT_declaration
                                        @ DW_AT_external
	.byte	22                              @ Abbrev [22] 0xd92:0x5 DW_TAG_formal_parameter
	.long	3417                            @ DW_AT_type
	.byte	22                              @ Abbrev [22] 0xd97:0x5 DW_TAG_formal_parameter
	.long	3449                            @ DW_AT_type
	.byte	22                              @ Abbrev [22] 0xd9c:0x5 DW_TAG_formal_parameter
	.long	3197                            @ DW_AT_type
	.byte	22                              @ Abbrev [22] 0xda1:0x5 DW_TAG_formal_parameter
	.long	3113                            @ DW_AT_type
	.byte	0                               @ End Of Children Mark
	.byte	33                              @ Abbrev [33] 0xda7:0x8 DW_TAG_imported_declaration
	.byte	7                               @ DW_AT_decl_file
	.short	954                             @ DW_AT_decl_line
	.long	3462                            @ DW_AT_import
	.byte	37                              @ Abbrev [37] 0xdaf:0x18 DW_TAG_subprogram
	.long	.Linfo_string211                @ DW_AT_name
	.byte	7                               @ DW_AT_decl_file
	.short	371                             @ DW_AT_decl_line
	.long	3197                            @ DW_AT_type
                                        @ DW_AT_declaration
                                        @ DW_AT_external
	.byte	22                              @ Abbrev [22] 0xdbb:0x5 DW_TAG_formal_parameter
	.long	3417                            @ DW_AT_type
	.byte	22                              @ Abbrev [22] 0xdc0:0x5 DW_TAG_formal_parameter
	.long	3376                            @ DW_AT_type
	.byte	39                              @ Abbrev [39] 0xdc5:0x1 DW_TAG_unspecified_parameters
	.byte	0                               @ End Of Children Mark
	.byte	33                              @ Abbrev [33] 0xdc7:0x8 DW_TAG_imported_declaration
	.byte	7                               @ DW_AT_decl_file
	.short	955                             @ DW_AT_decl_line
	.long	3503                            @ DW_AT_import
	.byte	37                              @ Abbrev [37] 0xdcf:0x18 DW_TAG_subprogram
	.long	.Linfo_string212                @ DW_AT_name
	.byte	7                               @ DW_AT_decl_file
	.short	394                             @ DW_AT_decl_line
	.long	3197                            @ DW_AT_type
                                        @ DW_AT_declaration
                                        @ DW_AT_external
	.byte	22                              @ Abbrev [22] 0xddb:0x5 DW_TAG_formal_parameter
	.long	3417                            @ DW_AT_type
	.byte	22                              @ Abbrev [22] 0xde0:0x5 DW_TAG_formal_parameter
	.long	3376                            @ DW_AT_type
	.byte	39                              @ Abbrev [39] 0xde5:0x1 DW_TAG_unspecified_parameters
	.byte	0                               @ End Of Children Mark
	.byte	33                              @ Abbrev [33] 0xde7:0x8 DW_TAG_imported_declaration
	.byte	7                               @ DW_AT_decl_file
	.short	956                             @ DW_AT_decl_line
	.long	3535                            @ DW_AT_import
	.byte	37                              @ Abbrev [37] 0xdef:0x13 DW_TAG_subprogram
	.long	.Linfo_string213                @ DW_AT_name
	.byte	7                               @ DW_AT_decl_file
	.short	402                             @ DW_AT_decl_line
	.long	3197                            @ DW_AT_type
                                        @ DW_AT_declaration
                                        @ DW_AT_external
	.byte	22                              @ Abbrev [22] 0xdfb:0x5 DW_TAG_formal_parameter
	.long	3376                            @ DW_AT_type
	.byte	39                              @ Abbrev [39] 0xe00:0x1 DW_TAG_unspecified_parameters
	.byte	0                               @ End Of Children Mark
	.byte	33                              @ Abbrev [33] 0xe02:0x8 DW_TAG_imported_declaration
	.byte	7                               @ DW_AT_decl_file
	.short	957                             @ DW_AT_decl_line
	.long	3567                            @ DW_AT_import
	.byte	37                              @ Abbrev [37] 0xe0a:0x13 DW_TAG_subprogram
	.long	.Linfo_string214                @ DW_AT_name
	.byte	7                               @ DW_AT_decl_file
	.short	410                             @ DW_AT_decl_line
	.long	3197                            @ DW_AT_type
                                        @ DW_AT_declaration
                                        @ DW_AT_external
	.byte	22                              @ Abbrev [22] 0xe16:0x5 DW_TAG_formal_parameter
	.long	3376                            @ DW_AT_type
	.byte	39                              @ Abbrev [39] 0xe1b:0x1 DW_TAG_unspecified_parameters
	.byte	0                               @ End Of Children Mark
	.byte	33                              @ Abbrev [33] 0xe1d:0x8 DW_TAG_imported_declaration
	.byte	7                               @ DW_AT_decl_file
	.short	958                             @ DW_AT_decl_line
	.long	3594                            @ DW_AT_import
	.byte	37                              @ Abbrev [37] 0xe25:0x18 DW_TAG_subprogram
	.long	.Linfo_string215                @ DW_AT_name
	.byte	7                               @ DW_AT_decl_file
	.short	417                             @ DW_AT_decl_line
	.long	3197                            @ DW_AT_type
                                        @ DW_AT_declaration
                                        @ DW_AT_external
	.byte	22                              @ Abbrev [22] 0xe31:0x5 DW_TAG_formal_parameter
	.long	3449                            @ DW_AT_type
	.byte	22                              @ Abbrev [22] 0xe36:0x5 DW_TAG_formal_parameter
	.long	3376                            @ DW_AT_type
	.byte	39                              @ Abbrev [39] 0xe3b:0x1 DW_TAG_unspecified_parameters
	.byte	0                               @ End Of Children Mark
	.byte	33                              @ Abbrev [33] 0xe3d:0x8 DW_TAG_imported_declaration
	.byte	7                               @ DW_AT_decl_file
	.short	959                             @ DW_AT_decl_line
	.long	3621                            @ DW_AT_import
	.byte	37                              @ Abbrev [37] 0xe45:0x18 DW_TAG_subprogram
	.long	.Linfo_string216                @ DW_AT_name
	.byte	7                               @ DW_AT_decl_file
	.short	427                             @ DW_AT_decl_line
	.long	3197                            @ DW_AT_type
                                        @ DW_AT_declaration
                                        @ DW_AT_external
	.byte	22                              @ Abbrev [22] 0xe51:0x5 DW_TAG_formal_parameter
	.long	3449                            @ DW_AT_type
	.byte	22                              @ Abbrev [22] 0xe56:0x5 DW_TAG_formal_parameter
	.long	3376                            @ DW_AT_type
	.byte	39                              @ Abbrev [39] 0xe5b:0x1 DW_TAG_unspecified_parameters
	.byte	0                               @ End Of Children Mark
	.byte	33                              @ Abbrev [33] 0xe5d:0x8 DW_TAG_imported_declaration
	.byte	7                               @ DW_AT_decl_file
	.short	960                             @ DW_AT_decl_line
	.long	3653                            @ DW_AT_import
	.byte	37                              @ Abbrev [37] 0xe65:0x1d DW_TAG_subprogram
	.long	.Linfo_string217                @ DW_AT_name
	.byte	7                               @ DW_AT_decl_file
	.short	440                             @ DW_AT_decl_line
	.long	3197                            @ DW_AT_type
                                        @ DW_AT_declaration
                                        @ DW_AT_external
	.byte	22                              @ Abbrev [22] 0xe71:0x5 DW_TAG_formal_parameter
	.long	3449                            @ DW_AT_type
	.byte	22                              @ Abbrev [22] 0xe76:0x5 DW_TAG_formal_parameter
	.long	3113                            @ DW_AT_type
	.byte	22                              @ Abbrev [22] 0xe7b:0x5 DW_TAG_formal_parameter
	.long	3376                            @ DW_AT_type
	.byte	39                              @ Abbrev [39] 0xe80:0x1 DW_TAG_unspecified_parameters
	.byte	0                               @ End Of Children Mark
	.byte	33                              @ Abbrev [33] 0xe82:0x8 DW_TAG_imported_declaration
	.byte	7                               @ DW_AT_decl_file
	.short	962                             @ DW_AT_decl_line
	.long	3685                            @ DW_AT_import
	.byte	37                              @ Abbrev [37] 0xe8a:0x21 DW_TAG_subprogram
	.long	.Linfo_string218                @ DW_AT_name
	.byte	7                               @ DW_AT_decl_file
	.short	597                             @ DW_AT_decl_line
	.long	3197                            @ DW_AT_type
                                        @ DW_AT_declaration
                                        @ DW_AT_external
	.byte	22                              @ Abbrev [22] 0xe96:0x5 DW_TAG_formal_parameter
	.long	3449                            @ DW_AT_type
	.byte	22                              @ Abbrev [22] 0xe9b:0x5 DW_TAG_formal_parameter
	.long	3113                            @ DW_AT_type
	.byte	22                              @ Abbrev [22] 0xea0:0x5 DW_TAG_formal_parameter
	.long	3376                            @ DW_AT_type
	.byte	22                              @ Abbrev [22] 0xea5:0x5 DW_TAG_formal_parameter
	.long	3755                            @ DW_AT_type
	.byte	0                               @ End Of Children Mark
	.byte	9                               @ Abbrev [9] 0xeab:0xb DW_TAG_typedef
	.long	3766                            @ DW_AT_type
	.long	.Linfo_string220                @ DW_AT_name
	.byte	7                               @ DW_AT_decl_file
	.byte	68                              @ DW_AT_decl_line
	.byte	40                              @ Abbrev [40] 0xeb6:0x9 DW_TAG_typedef
	.long	3780                            @ DW_AT_type
	.long	.Linfo_string221                @ DW_AT_name
	.byte	41                              @ Abbrev [41] 0xebf:0x161 DW_TAG_namespace
	.long	.Linfo_string219                @ DW_AT_name
	.byte	34                              @ Abbrev [34] 0xec4:0x5 DW_TAG_structure_type
	.long	.Linfo_string220                @ DW_AT_name
                                        @ DW_AT_declaration
	.byte	42                              @ Abbrev [42] 0xec9:0x156 DW_TAG_namespace
	.long	.Linfo_string274                @ DW_AT_name
                                        @ DW_AT_export_symbols
	.byte	43                              @ Abbrev [43] 0xece:0x7 DW_TAG_imported_declaration
	.byte	8                               @ DW_AT_decl_file
	.byte	117                             @ DW_AT_decl_line
	.long	3156                            @ DW_AT_import
	.byte	43                              @ Abbrev [43] 0xed5:0x7 DW_TAG_imported_declaration
	.byte	8                               @ DW_AT_decl_file
	.byte	118                             @ DW_AT_decl_line
	.long	3132                            @ DW_AT_import
	.byte	43                              @ Abbrev [43] 0xedc:0x7 DW_TAG_imported_declaration
	.byte	8                               @ DW_AT_decl_file
	.byte	119                             @ DW_AT_decl_line
	.long	3113                            @ DW_AT_import
	.byte	43                              @ Abbrev [43] 0xee3:0x7 DW_TAG_imported_declaration
	.byte	8                               @ DW_AT_decl_file
	.byte	121                             @ DW_AT_decl_line
	.long	3301                            @ DW_AT_import
	.byte	43                              @ Abbrev [43] 0xeea:0x7 DW_TAG_imported_declaration
	.byte	8                               @ DW_AT_decl_file
	.byte	122                             @ DW_AT_decl_line
	.long	3327                            @ DW_AT_import
	.byte	43                              @ Abbrev [43] 0xef1:0x7 DW_TAG_imported_declaration
	.byte	8                               @ DW_AT_decl_file
	.byte	123                             @ DW_AT_decl_line
	.long	3430                            @ DW_AT_import
	.byte	43                              @ Abbrev [43] 0xef8:0x7 DW_TAG_imported_declaration
	.byte	8                               @ DW_AT_decl_file
	.byte	124                             @ DW_AT_decl_line
	.long	3462                            @ DW_AT_import
	.byte	43                              @ Abbrev [43] 0xeff:0x7 DW_TAG_imported_declaration
	.byte	8                               @ DW_AT_decl_file
	.byte	125                             @ DW_AT_decl_line
	.long	3503                            @ DW_AT_import
	.byte	43                              @ Abbrev [43] 0xf06:0x7 DW_TAG_imported_declaration
	.byte	8                               @ DW_AT_decl_file
	.byte	126                             @ DW_AT_decl_line
	.long	4504                            @ DW_AT_import
	.byte	43                              @ Abbrev [43] 0xf0d:0x7 DW_TAG_imported_declaration
	.byte	8                               @ DW_AT_decl_file
	.byte	127                             @ DW_AT_decl_line
	.long	3685                            @ DW_AT_import
	.byte	43                              @ Abbrev [43] 0xf14:0x7 DW_TAG_imported_declaration
	.byte	8                               @ DW_AT_decl_file
	.byte	128                             @ DW_AT_decl_line
	.long	3621                            @ DW_AT_import
	.byte	43                              @ Abbrev [43] 0xf1b:0x7 DW_TAG_imported_declaration
	.byte	8                               @ DW_AT_decl_file
	.byte	129                             @ DW_AT_decl_line
	.long	4622                            @ DW_AT_import
	.byte	43                              @ Abbrev [43] 0xf22:0x7 DW_TAG_imported_declaration
	.byte	8                               @ DW_AT_decl_file
	.byte	130                             @ DW_AT_decl_line
	.long	4851                            @ DW_AT_import
	.byte	43                              @ Abbrev [43] 0xf29:0x7 DW_TAG_imported_declaration
	.byte	8                               @ DW_AT_decl_file
	.byte	131                             @ DW_AT_decl_line
	.long	4136                            @ DW_AT_import
	.byte	43                              @ Abbrev [43] 0xf30:0x7 DW_TAG_imported_declaration
	.byte	8                               @ DW_AT_decl_file
	.byte	132                             @ DW_AT_decl_line
	.long	4203                            @ DW_AT_import
	.byte	43                              @ Abbrev [43] 0xf37:0x7 DW_TAG_imported_declaration
	.byte	8                               @ DW_AT_decl_file
	.byte	133                             @ DW_AT_decl_line
	.long	3722                            @ DW_AT_import
	.byte	43                              @ Abbrev [43] 0xf3e:0x7 DW_TAG_imported_declaration
	.byte	8                               @ DW_AT_decl_file
	.byte	134                             @ DW_AT_decl_line
	.long	4923                            @ DW_AT_import
	.byte	43                              @ Abbrev [43] 0xf45:0x7 DW_TAG_imported_declaration
	.byte	8                               @ DW_AT_decl_file
	.byte	135                             @ DW_AT_decl_line
	.long	4995                            @ DW_AT_import
	.byte	43                              @ Abbrev [43] 0xf4c:0x7 DW_TAG_imported_declaration
	.byte	8                               @ DW_AT_decl_file
	.byte	136                             @ DW_AT_decl_line
	.long	5021                            @ DW_AT_import
	.byte	43                              @ Abbrev [43] 0xf53:0x7 DW_TAG_imported_declaration
	.byte	8                               @ DW_AT_decl_file
	.byte	137                             @ DW_AT_decl_line
	.long	5057                            @ DW_AT_import
	.byte	43                              @ Abbrev [43] 0xf5a:0x7 DW_TAG_imported_declaration
	.byte	8                               @ DW_AT_decl_file
	.byte	138                             @ DW_AT_decl_line
	.long	5088                            @ DW_AT_import
	.byte	43                              @ Abbrev [43] 0xf61:0x7 DW_TAG_imported_declaration
	.byte	8                               @ DW_AT_decl_file
	.byte	139                             @ DW_AT_decl_line
	.long	5119                            @ DW_AT_import
	.byte	43                              @ Abbrev [43] 0xf68:0x7 DW_TAG_imported_declaration
	.byte	8                               @ DW_AT_decl_file
	.byte	140                             @ DW_AT_decl_line
	.long	5191                            @ DW_AT_import
	.byte	43                              @ Abbrev [43] 0xf6f:0x7 DW_TAG_imported_declaration
	.byte	8                               @ DW_AT_decl_file
	.byte	141                             @ DW_AT_decl_line
	.long	5274                            @ DW_AT_import
	.byte	43                              @ Abbrev [43] 0xf76:0x7 DW_TAG_imported_declaration
	.byte	8                               @ DW_AT_decl_file
	.byte	142                             @ DW_AT_decl_line
	.long	5305                            @ DW_AT_import
	.byte	43                              @ Abbrev [43] 0xf7d:0x7 DW_TAG_imported_declaration
	.byte	8                               @ DW_AT_decl_file
	.byte	143                             @ DW_AT_decl_line
	.long	5388                            @ DW_AT_import
	.byte	43                              @ Abbrev [43] 0xf84:0x7 DW_TAG_imported_declaration
	.byte	8                               @ DW_AT_decl_file
	.byte	145                             @ DW_AT_decl_line
	.long	5440                            @ DW_AT_import
	.byte	43                              @ Abbrev [43] 0xf8b:0x7 DW_TAG_imported_declaration
	.byte	8                               @ DW_AT_decl_file
	.byte	147                             @ DW_AT_decl_line
	.long	5481                            @ DW_AT_import
	.byte	43                              @ Abbrev [43] 0xf92:0x7 DW_TAG_imported_declaration
	.byte	8                               @ DW_AT_decl_file
	.byte	149                             @ DW_AT_decl_line
	.long	5524                            @ DW_AT_import
	.byte	43                              @ Abbrev [43] 0xf99:0x7 DW_TAG_imported_declaration
	.byte	8                               @ DW_AT_decl_file
	.byte	151                             @ DW_AT_decl_line
	.long	5570                            @ DW_AT_import
	.byte	43                              @ Abbrev [43] 0xfa0:0x7 DW_TAG_imported_declaration
	.byte	8                               @ DW_AT_decl_file
	.byte	152                             @ DW_AT_decl_line
	.long	5596                            @ DW_AT_import
	.byte	43                              @ Abbrev [43] 0xfa7:0x7 DW_TAG_imported_declaration
	.byte	8                               @ DW_AT_decl_file
	.byte	153                             @ DW_AT_decl_line
	.long	5618                            @ DW_AT_import
	.byte	43                              @ Abbrev [43] 0xfae:0x7 DW_TAG_imported_declaration
	.byte	8                               @ DW_AT_decl_file
	.byte	154                             @ DW_AT_decl_line
	.long	5640                            @ DW_AT_import
	.byte	43                              @ Abbrev [43] 0xfb5:0x7 DW_TAG_imported_declaration
	.byte	8                               @ DW_AT_decl_file
	.byte	155                             @ DW_AT_decl_line
	.long	5666                            @ DW_AT_import
	.byte	43                              @ Abbrev [43] 0xfbc:0x7 DW_TAG_imported_declaration
	.byte	8                               @ DW_AT_decl_file
	.byte	156                             @ DW_AT_decl_line
	.long	5692                            @ DW_AT_import
	.byte	43                              @ Abbrev [43] 0xfc3:0x7 DW_TAG_imported_declaration
	.byte	8                               @ DW_AT_decl_file
	.byte	158                             @ DW_AT_decl_line
	.long	3353                            @ DW_AT_import
	.byte	43                              @ Abbrev [43] 0xfca:0x7 DW_TAG_imported_declaration
	.byte	8                               @ DW_AT_decl_file
	.byte	159                             @ DW_AT_decl_line
	.long	3389                            @ DW_AT_import
	.byte	43                              @ Abbrev [43] 0xfd1:0x7 DW_TAG_imported_declaration
	.byte	8                               @ DW_AT_decl_file
	.byte	160                             @ DW_AT_decl_line
	.long	3180                            @ DW_AT_import
	.byte	43                              @ Abbrev [43] 0xfd8:0x7 DW_TAG_imported_declaration
	.byte	8                               @ DW_AT_decl_file
	.byte	161                             @ DW_AT_decl_line
	.long	3217                            @ DW_AT_import
	.byte	43                              @ Abbrev [43] 0xfdf:0x7 DW_TAG_imported_declaration
	.byte	8                               @ DW_AT_decl_file
	.byte	162                             @ DW_AT_decl_line
	.long	3247                            @ DW_AT_import
	.byte	43                              @ Abbrev [43] 0xfe6:0x7 DW_TAG_imported_declaration
	.byte	8                               @ DW_AT_decl_file
	.byte	163                             @ DW_AT_decl_line
	.long	3271                            @ DW_AT_import
	.byte	43                              @ Abbrev [43] 0xfed:0x7 DW_TAG_imported_declaration
	.byte	8                               @ DW_AT_decl_file
	.byte	165                             @ DW_AT_decl_line
	.long	5145                            @ DW_AT_import
	.byte	43                              @ Abbrev [43] 0xff4:0x7 DW_TAG_imported_declaration
	.byte	8                               @ DW_AT_decl_file
	.byte	169                             @ DW_AT_decl_line
	.long	4568                            @ DW_AT_import
	.byte	43                              @ Abbrev [43] 0xffb:0x7 DW_TAG_imported_declaration
	.byte	8                               @ DW_AT_decl_file
	.byte	170                             @ DW_AT_decl_line
	.long	4172                            @ DW_AT_import
	.byte	43                              @ Abbrev [43] 0x1002:0x7 DW_TAG_imported_declaration
	.byte	8                               @ DW_AT_decl_file
	.byte	172                             @ DW_AT_decl_line
	.long	3567                            @ DW_AT_import
	.byte	43                              @ Abbrev [43] 0x1009:0x7 DW_TAG_imported_declaration
	.byte	8                               @ DW_AT_decl_file
	.byte	173                             @ DW_AT_decl_line
	.long	5222                            @ DW_AT_import
	.byte	43                              @ Abbrev [43] 0x1010:0x7 DW_TAG_imported_declaration
	.byte	8                               @ DW_AT_decl_file
	.byte	174                             @ DW_AT_decl_line
	.long	5248                            @ DW_AT_import
	.byte	43                              @ Abbrev [43] 0x1017:0x7 DW_TAG_imported_declaration
	.byte	8                               @ DW_AT_decl_file
	.byte	175                             @ DW_AT_decl_line
	.long	4789                            @ DW_AT_import
	.byte	0                               @ End Of Children Mark
	.byte	0                               @ End Of Children Mark
	.byte	33                              @ Abbrev [33] 0x1020:0x8 DW_TAG_imported_declaration
	.byte	7                               @ DW_AT_decl_file
	.short	963                             @ DW_AT_decl_line
	.long	3722                            @ DW_AT_import
	.byte	37                              @ Abbrev [37] 0x1028:0x1c DW_TAG_subprogram
	.long	.Linfo_string222                @ DW_AT_name
	.byte	7                               @ DW_AT_decl_file
	.short	551                             @ DW_AT_decl_line
	.long	3197                            @ DW_AT_type
                                        @ DW_AT_declaration
                                        @ DW_AT_external
	.byte	22                              @ Abbrev [22] 0x1034:0x5 DW_TAG_formal_parameter
	.long	3417                            @ DW_AT_type
	.byte	22                              @ Abbrev [22] 0x1039:0x5 DW_TAG_formal_parameter
	.long	3376                            @ DW_AT_type
	.byte	22                              @ Abbrev [22] 0x103e:0x5 DW_TAG_formal_parameter
	.long	3755                            @ DW_AT_type
	.byte	0                               @ End Of Children Mark
	.byte	33                              @ Abbrev [33] 0x1044:0x8 DW_TAG_imported_declaration
	.byte	7                               @ DW_AT_decl_file
	.short	964                             @ DW_AT_decl_line
	.long	4136                            @ DW_AT_import
	.byte	37                              @ Abbrev [37] 0x104c:0x17 DW_TAG_subprogram
	.long	.Linfo_string223                @ DW_AT_name
	.byte	7                               @ DW_AT_decl_file
	.short	552                             @ DW_AT_decl_line
	.long	3197                            @ DW_AT_type
                                        @ DW_AT_declaration
                                        @ DW_AT_external
	.byte	22                              @ Abbrev [22] 0x1058:0x5 DW_TAG_formal_parameter
	.long	3376                            @ DW_AT_type
	.byte	22                              @ Abbrev [22] 0x105d:0x5 DW_TAG_formal_parameter
	.long	3755                            @ DW_AT_type
	.byte	0                               @ End Of Children Mark
	.byte	33                              @ Abbrev [33] 0x1063:0x8 DW_TAG_imported_declaration
	.byte	7                               @ DW_AT_decl_file
	.short	965                             @ DW_AT_decl_line
	.long	4172                            @ DW_AT_import
	.byte	37                              @ Abbrev [37] 0x106b:0x1c DW_TAG_subprogram
	.long	.Linfo_string224                @ DW_AT_name
	.byte	7                               @ DW_AT_decl_file
	.short	553                             @ DW_AT_decl_line
	.long	3197                            @ DW_AT_type
                                        @ DW_AT_declaration
                                        @ DW_AT_external
	.byte	22                              @ Abbrev [22] 0x1077:0x5 DW_TAG_formal_parameter
	.long	3376                            @ DW_AT_type
	.byte	22                              @ Abbrev [22] 0x107c:0x5 DW_TAG_formal_parameter
	.long	3376                            @ DW_AT_type
	.byte	22                              @ Abbrev [22] 0x1081:0x5 DW_TAG_formal_parameter
	.long	3755                            @ DW_AT_type
	.byte	0                               @ End Of Children Mark
	.byte	33                              @ Abbrev [33] 0x1087:0x8 DW_TAG_imported_declaration
	.byte	7                               @ DW_AT_decl_file
	.short	966                             @ DW_AT_decl_line
	.long	4203                            @ DW_AT_import
	.byte	37                              @ Abbrev [37] 0x108f:0x1d DW_TAG_subprogram
	.long	.Linfo_string225                @ DW_AT_name
	.byte	7                               @ DW_AT_decl_file
	.short	461                             @ DW_AT_decl_line
	.long	3197                            @ DW_AT_type
                                        @ DW_AT_declaration
                                        @ DW_AT_external
	.byte	22                              @ Abbrev [22] 0x109b:0x5 DW_TAG_formal_parameter
	.long	3449                            @ DW_AT_type
	.byte	22                              @ Abbrev [22] 0x10a0:0x5 DW_TAG_formal_parameter
	.long	3113                            @ DW_AT_type
	.byte	22                              @ Abbrev [22] 0x10a5:0x5 DW_TAG_formal_parameter
	.long	3376                            @ DW_AT_type
	.byte	39                              @ Abbrev [39] 0x10aa:0x1 DW_TAG_unspecified_parameters
	.byte	0                               @ End Of Children Mark
	.byte	33                              @ Abbrev [33] 0x10ac:0x8 DW_TAG_imported_declaration
	.byte	7                               @ DW_AT_decl_file
	.short	968                             @ DW_AT_decl_line
	.long	4239                            @ DW_AT_import
	.byte	37                              @ Abbrev [37] 0x10b4:0x21 DW_TAG_subprogram
	.long	.Linfo_string226                @ DW_AT_name
	.byte	7                               @ DW_AT_decl_file
	.short	623                             @ DW_AT_decl_line
	.long	3197                            @ DW_AT_type
                                        @ DW_AT_declaration
                                        @ DW_AT_external
	.byte	22                              @ Abbrev [22] 0x10c0:0x5 DW_TAG_formal_parameter
	.long	3449                            @ DW_AT_type
	.byte	22                              @ Abbrev [22] 0x10c5:0x5 DW_TAG_formal_parameter
	.long	3113                            @ DW_AT_type
	.byte	22                              @ Abbrev [22] 0x10ca:0x5 DW_TAG_formal_parameter
	.long	3376                            @ DW_AT_type
	.byte	22                              @ Abbrev [22] 0x10cf:0x5 DW_TAG_formal_parameter
	.long	3755                            @ DW_AT_type
	.byte	0                               @ End Of Children Mark
	.byte	33                              @ Abbrev [33] 0x10d5:0x8 DW_TAG_imported_declaration
	.byte	7                               @ DW_AT_decl_file
	.short	969                             @ DW_AT_decl_line
	.long	4276                            @ DW_AT_import
	.byte	37                              @ Abbrev [37] 0x10dd:0x18 DW_TAG_subprogram
	.long	.Linfo_string227                @ DW_AT_name
	.byte	7                               @ DW_AT_decl_file
	.short	636                             @ DW_AT_decl_line
	.long	3197                            @ DW_AT_type
                                        @ DW_AT_declaration
                                        @ DW_AT_external
	.byte	22                              @ Abbrev [22] 0x10e9:0x5 DW_TAG_formal_parameter
	.long	4341                            @ DW_AT_type
	.byte	22                              @ Abbrev [22] 0x10ee:0x5 DW_TAG_formal_parameter
	.long	3376                            @ DW_AT_type
	.byte	39                              @ Abbrev [39] 0x10f3:0x1 DW_TAG_unspecified_parameters
	.byte	0                               @ End Of Children Mark
	.byte	10                              @ Abbrev [10] 0x10f5:0x5 DW_TAG_pointer_type
	.long	3288                            @ DW_AT_type
	.byte	33                              @ Abbrev [33] 0x10fa:0x8 DW_TAG_imported_declaration
	.byte	7                               @ DW_AT_decl_file
	.short	974                             @ DW_AT_decl_line
	.long	4317                            @ DW_AT_import
	.byte	37                              @ Abbrev [37] 0x1102:0x1c DW_TAG_subprogram
	.long	.Linfo_string228                @ DW_AT_name
	.byte	7                               @ DW_AT_decl_file
	.short	637                             @ DW_AT_decl_line
	.long	3197                            @ DW_AT_type
                                        @ DW_AT_declaration
                                        @ DW_AT_external
	.byte	22                              @ Abbrev [22] 0x110e:0x5 DW_TAG_formal_parameter
	.long	4341                            @ DW_AT_type
	.byte	22                              @ Abbrev [22] 0x1113:0x5 DW_TAG_formal_parameter
	.long	3376                            @ DW_AT_type
	.byte	22                              @ Abbrev [22] 0x1118:0x5 DW_TAG_formal_parameter
	.long	3755                            @ DW_AT_type
	.byte	0                               @ End Of Children Mark
	.byte	33                              @ Abbrev [33] 0x111e:0x8 DW_TAG_imported_declaration
	.byte	7                               @ DW_AT_decl_file
	.short	975                             @ DW_AT_decl_line
	.long	4354                            @ DW_AT_import
	.byte	37                              @ Abbrev [37] 0x1126:0x21 DW_TAG_subprogram
	.long	.Linfo_string229                @ DW_AT_name
	.byte	7                               @ DW_AT_decl_file
	.short	594                             @ DW_AT_decl_line
	.long	3197                            @ DW_AT_type
                                        @ DW_AT_declaration
                                        @ DW_AT_external
	.byte	22                              @ Abbrev [22] 0x1132:0x5 DW_TAG_formal_parameter
	.long	3449                            @ DW_AT_type
	.byte	22                              @ Abbrev [22] 0x1137:0x5 DW_TAG_formal_parameter
	.long	3113                            @ DW_AT_type
	.byte	22                              @ Abbrev [22] 0x113c:0x5 DW_TAG_formal_parameter
	.long	3376                            @ DW_AT_type
	.byte	22                              @ Abbrev [22] 0x1141:0x5 DW_TAG_formal_parameter
	.long	3755                            @ DW_AT_type
	.byte	0                               @ End Of Children Mark
	.byte	33                              @ Abbrev [33] 0x1147:0x8 DW_TAG_imported_declaration
	.byte	7                               @ DW_AT_decl_file
	.short	976                             @ DW_AT_decl_line
	.long	4390                            @ DW_AT_import
	.byte	37                              @ Abbrev [37] 0x114f:0x1d DW_TAG_subprogram
	.long	.Linfo_string230                @ DW_AT_name
	.byte	7                               @ DW_AT_decl_file
	.short	435                             @ DW_AT_decl_line
	.long	3197                            @ DW_AT_type
                                        @ DW_AT_declaration
                                        @ DW_AT_external
	.byte	22                              @ Abbrev [22] 0x115b:0x5 DW_TAG_formal_parameter
	.long	3449                            @ DW_AT_type
	.byte	22                              @ Abbrev [22] 0x1160:0x5 DW_TAG_formal_parameter
	.long	3113                            @ DW_AT_type
	.byte	22                              @ Abbrev [22] 0x1165:0x5 DW_TAG_formal_parameter
	.long	3376                            @ DW_AT_type
	.byte	39                              @ Abbrev [39] 0x116a:0x1 DW_TAG_unspecified_parameters
	.byte	0                               @ End Of Children Mark
	.byte	33                              @ Abbrev [33] 0x116c:0x8 DW_TAG_imported_declaration
	.byte	7                               @ DW_AT_decl_file
	.short	977                             @ DW_AT_decl_line
	.long	4431                            @ DW_AT_import
	.byte	37                              @ Abbrev [37] 0x1174:0x1c DW_TAG_subprogram
	.long	.Linfo_string231                @ DW_AT_name
	.byte	7                               @ DW_AT_decl_file
	.short	558                             @ DW_AT_decl_line
	.long	3197                            @ DW_AT_type
                                        @ DW_AT_declaration
                                        @ DW_AT_external
	.byte	22                              @ Abbrev [22] 0x1180:0x5 DW_TAG_formal_parameter
	.long	3376                            @ DW_AT_type
	.byte	22                              @ Abbrev [22] 0x1185:0x5 DW_TAG_formal_parameter
	.long	3376                            @ DW_AT_type
	.byte	22                              @ Abbrev [22] 0x118a:0x5 DW_TAG_formal_parameter
	.long	3755                            @ DW_AT_type
	.byte	0                               @ End Of Children Mark
	.byte	33                              @ Abbrev [33] 0x1190:0x8 DW_TAG_imported_declaration
	.byte	7                               @ DW_AT_decl_file
	.short	978                             @ DW_AT_decl_line
	.long	4468                            @ DW_AT_import
	.byte	37                              @ Abbrev [37] 0x1198:0x18 DW_TAG_subprogram
	.long	.Linfo_string232                @ DW_AT_name
	.byte	7                               @ DW_AT_decl_file
	.short	469                             @ DW_AT_decl_line
	.long	3197                            @ DW_AT_type
                                        @ DW_AT_declaration
                                        @ DW_AT_external
	.byte	22                              @ Abbrev [22] 0x11a4:0x5 DW_TAG_formal_parameter
	.long	3417                            @ DW_AT_type
	.byte	22                              @ Abbrev [22] 0x11a9:0x5 DW_TAG_formal_parameter
	.long	3376                            @ DW_AT_type
	.byte	39                              @ Abbrev [39] 0x11ae:0x1 DW_TAG_unspecified_parameters
	.byte	0                               @ End Of Children Mark
	.byte	33                              @ Abbrev [33] 0x11b0:0x8 DW_TAG_imported_declaration
	.byte	7                               @ DW_AT_decl_file
	.short	979                             @ DW_AT_decl_line
	.long	4504                            @ DW_AT_import
	.byte	37                              @ Abbrev [37] 0x11b8:0x18 DW_TAG_subprogram
	.long	.Linfo_string233                @ DW_AT_name
	.byte	7                               @ DW_AT_decl_file
	.short	504                             @ DW_AT_decl_line
	.long	3197                            @ DW_AT_type
                                        @ DW_AT_declaration
                                        @ DW_AT_external
	.byte	22                              @ Abbrev [22] 0x11c4:0x5 DW_TAG_formal_parameter
	.long	3417                            @ DW_AT_type
	.byte	22                              @ Abbrev [22] 0x11c9:0x5 DW_TAG_formal_parameter
	.long	3376                            @ DW_AT_type
	.byte	39                              @ Abbrev [39] 0x11ce:0x1 DW_TAG_unspecified_parameters
	.byte	0                               @ End Of Children Mark
	.byte	33                              @ Abbrev [33] 0x11d0:0x8 DW_TAG_imported_declaration
	.byte	7                               @ DW_AT_decl_file
	.short	980                             @ DW_AT_decl_line
	.long	4536                            @ DW_AT_import
	.byte	37                              @ Abbrev [37] 0x11d8:0x13 DW_TAG_subprogram
	.long	.Linfo_string234                @ DW_AT_name
	.byte	7                               @ DW_AT_decl_file
	.short	512                             @ DW_AT_decl_line
	.long	3197                            @ DW_AT_type
                                        @ DW_AT_declaration
                                        @ DW_AT_external
	.byte	22                              @ Abbrev [22] 0x11e4:0x5 DW_TAG_formal_parameter
	.long	3376                            @ DW_AT_type
	.byte	39                              @ Abbrev [39] 0x11e9:0x1 DW_TAG_unspecified_parameters
	.byte	0                               @ End Of Children Mark
	.byte	33                              @ Abbrev [33] 0x11eb:0x8 DW_TAG_imported_declaration
	.byte	7                               @ DW_AT_decl_file
	.short	981                             @ DW_AT_decl_line
	.long	4568                            @ DW_AT_import
	.byte	37                              @ Abbrev [37] 0x11f3:0x13 DW_TAG_subprogram
	.long	.Linfo_string235                @ DW_AT_name
	.byte	7                               @ DW_AT_decl_file
	.short	522                             @ DW_AT_decl_line
	.long	3197                            @ DW_AT_type
                                        @ DW_AT_declaration
                                        @ DW_AT_external
	.byte	22                              @ Abbrev [22] 0x11ff:0x5 DW_TAG_formal_parameter
	.long	3376                            @ DW_AT_type
	.byte	39                              @ Abbrev [39] 0x1204:0x1 DW_TAG_unspecified_parameters
	.byte	0                               @ End Of Children Mark
	.byte	33                              @ Abbrev [33] 0x1206:0x8 DW_TAG_imported_declaration
	.byte	7                               @ DW_AT_decl_file
	.short	982                             @ DW_AT_decl_line
	.long	4595                            @ DW_AT_import
	.byte	37                              @ Abbrev [37] 0x120e:0x18 DW_TAG_subprogram
	.long	.Linfo_string236                @ DW_AT_name
	.byte	7                               @ DW_AT_decl_file
	.short	529                             @ DW_AT_decl_line
	.long	3197                            @ DW_AT_type
                                        @ DW_AT_declaration
                                        @ DW_AT_external
	.byte	22                              @ Abbrev [22] 0x121a:0x5 DW_TAG_formal_parameter
	.long	3376                            @ DW_AT_type
	.byte	22                              @ Abbrev [22] 0x121f:0x5 DW_TAG_formal_parameter
	.long	3376                            @ DW_AT_type
	.byte	39                              @ Abbrev [39] 0x1224:0x1 DW_TAG_unspecified_parameters
	.byte	0                               @ End Of Children Mark
	.byte	33                              @ Abbrev [33] 0x1226:0x8 DW_TAG_imported_declaration
	.byte	7                               @ DW_AT_decl_file
	.short	983                             @ DW_AT_decl_line
	.long	4622                            @ DW_AT_import
	.byte	37                              @ Abbrev [37] 0x122e:0x18 DW_TAG_subprogram
	.long	.Linfo_string237                @ DW_AT_name
	.byte	7                               @ DW_AT_decl_file
	.short	542                             @ DW_AT_decl_line
	.long	3197                            @ DW_AT_type
                                        @ DW_AT_declaration
                                        @ DW_AT_external
	.byte	22                              @ Abbrev [22] 0x123a:0x5 DW_TAG_formal_parameter
	.long	3376                            @ DW_AT_type
	.byte	22                              @ Abbrev [22] 0x123f:0x5 DW_TAG_formal_parameter
	.long	3376                            @ DW_AT_type
	.byte	39                              @ Abbrev [39] 0x1244:0x1 DW_TAG_unspecified_parameters
	.byte	0                               @ End Of Children Mark
	.byte	33                              @ Abbrev [33] 0x1246:0x8 DW_TAG_imported_declaration
	.byte	7                               @ DW_AT_decl_file
	.short	984                             @ DW_AT_decl_line
	.long	4654                            @ DW_AT_import
	.byte	37                              @ Abbrev [37] 0x124e:0x1c DW_TAG_subprogram
	.long	.Linfo_string238                @ DW_AT_name
	.byte	7                               @ DW_AT_decl_file
	.short	555                             @ DW_AT_decl_line
	.long	3197                            @ DW_AT_type
                                        @ DW_AT_declaration
                                        @ DW_AT_external
	.byte	22                              @ Abbrev [22] 0x125a:0x5 DW_TAG_formal_parameter
	.long	3417                            @ DW_AT_type
	.byte	22                              @ Abbrev [22] 0x125f:0x5 DW_TAG_formal_parameter
	.long	3376                            @ DW_AT_type
	.byte	22                              @ Abbrev [22] 0x1264:0x5 DW_TAG_formal_parameter
	.long	3755                            @ DW_AT_type
	.byte	0                               @ End Of Children Mark
	.byte	33                              @ Abbrev [33] 0x126a:0x8 DW_TAG_imported_declaration
	.byte	7                               @ DW_AT_decl_file
	.short	985                             @ DW_AT_decl_line
	.long	4686                            @ DW_AT_import
	.byte	37                              @ Abbrev [37] 0x1272:0x17 DW_TAG_subprogram
	.long	.Linfo_string239                @ DW_AT_name
	.byte	7                               @ DW_AT_decl_file
	.short	556                             @ DW_AT_decl_line
	.long	3197                            @ DW_AT_type
                                        @ DW_AT_declaration
                                        @ DW_AT_external
	.byte	22                              @ Abbrev [22] 0x127e:0x5 DW_TAG_formal_parameter
	.long	3376                            @ DW_AT_type
	.byte	22                              @ Abbrev [22] 0x1283:0x5 DW_TAG_formal_parameter
	.long	3755                            @ DW_AT_type
	.byte	0                               @ End Of Children Mark
	.byte	33                              @ Abbrev [33] 0x1289:0x8 DW_TAG_imported_declaration
	.byte	7                               @ DW_AT_decl_file
	.short	986                             @ DW_AT_decl_line
	.long	4722                            @ DW_AT_import
	.byte	37                              @ Abbrev [37] 0x1291:0x1c DW_TAG_subprogram
	.long	.Linfo_string240                @ DW_AT_name
	.byte	7                               @ DW_AT_decl_file
	.short	557                             @ DW_AT_decl_line
	.long	3197                            @ DW_AT_type
                                        @ DW_AT_declaration
                                        @ DW_AT_external
	.byte	22                              @ Abbrev [22] 0x129d:0x5 DW_TAG_formal_parameter
	.long	3376                            @ DW_AT_type
	.byte	22                              @ Abbrev [22] 0x12a2:0x5 DW_TAG_formal_parameter
	.long	3376                            @ DW_AT_type
	.byte	22                              @ Abbrev [22] 0x12a7:0x5 DW_TAG_formal_parameter
	.long	3755                            @ DW_AT_type
	.byte	0                               @ End Of Children Mark
	.byte	33                              @ Abbrev [33] 0x12ad:0x8 DW_TAG_imported_declaration
	.byte	7                               @ DW_AT_decl_file
	.short	987                             @ DW_AT_decl_line
	.long	4753                            @ DW_AT_import
	.byte	37                              @ Abbrev [37] 0x12b5:0x17 DW_TAG_subprogram
	.long	.Linfo_string241                @ DW_AT_name
	.byte	7                               @ DW_AT_decl_file
	.short	560                             @ DW_AT_decl_line
	.long	3197                            @ DW_AT_type
                                        @ DW_AT_declaration
                                        @ DW_AT_external
	.byte	22                              @ Abbrev [22] 0x12c1:0x5 DW_TAG_formal_parameter
	.long	3376                            @ DW_AT_type
	.byte	22                              @ Abbrev [22] 0x12c6:0x5 DW_TAG_formal_parameter
	.long	3755                            @ DW_AT_type
	.byte	0                               @ End Of Children Mark
	.byte	33                              @ Abbrev [33] 0x12cc:0x8 DW_TAG_imported_declaration
	.byte	7                               @ DW_AT_decl_file
	.short	988                             @ DW_AT_decl_line
	.long	4789                            @ DW_AT_import
	.byte	37                              @ Abbrev [37] 0x12d4:0x17 DW_TAG_subprogram
	.long	.Linfo_string242                @ DW_AT_name
	.byte	7                               @ DW_AT_decl_file
	.short	568                             @ DW_AT_decl_line
	.long	3197                            @ DW_AT_type
                                        @ DW_AT_declaration
                                        @ DW_AT_external
	.byte	22                              @ Abbrev [22] 0x12e0:0x5 DW_TAG_formal_parameter
	.long	3376                            @ DW_AT_type
	.byte	22                              @ Abbrev [22] 0x12e5:0x5 DW_TAG_formal_parameter
	.long	3755                            @ DW_AT_type
	.byte	0                               @ End Of Children Mark
	.byte	33                              @ Abbrev [33] 0x12eb:0x8 DW_TAG_imported_declaration
	.byte	7                               @ DW_AT_decl_file
	.short	989                             @ DW_AT_decl_line
	.long	4820                            @ DW_AT_import
	.byte	37                              @ Abbrev [37] 0x12f3:0x1c DW_TAG_subprogram
	.long	.Linfo_string243                @ DW_AT_name
	.byte	7                               @ DW_AT_decl_file
	.short	574                             @ DW_AT_decl_line
	.long	3197                            @ DW_AT_type
                                        @ DW_AT_declaration
                                        @ DW_AT_external
	.byte	22                              @ Abbrev [22] 0x12ff:0x5 DW_TAG_formal_parameter
	.long	3417                            @ DW_AT_type
	.byte	22                              @ Abbrev [22] 0x1304:0x5 DW_TAG_formal_parameter
	.long	3376                            @ DW_AT_type
	.byte	22                              @ Abbrev [22] 0x1309:0x5 DW_TAG_formal_parameter
	.long	3755                            @ DW_AT_type
	.byte	0                               @ End Of Children Mark
	.byte	33                              @ Abbrev [33] 0x130f:0x8 DW_TAG_imported_declaration
	.byte	7                               @ DW_AT_decl_file
	.short	990                             @ DW_AT_decl_line
	.long	4851                            @ DW_AT_import
	.byte	37                              @ Abbrev [37] 0x1317:0x1c DW_TAG_subprogram
	.long	.Linfo_string244                @ DW_AT_name
	.byte	7                               @ DW_AT_decl_file
	.short	616                             @ DW_AT_decl_line
	.long	3197                            @ DW_AT_type
                                        @ DW_AT_declaration
                                        @ DW_AT_external
	.byte	22                              @ Abbrev [22] 0x1323:0x5 DW_TAG_formal_parameter
	.long	3417                            @ DW_AT_type
	.byte	22                              @ Abbrev [22] 0x1328:0x5 DW_TAG_formal_parameter
	.long	3376                            @ DW_AT_type
	.byte	22                              @ Abbrev [22] 0x132d:0x5 DW_TAG_formal_parameter
	.long	3755                            @ DW_AT_type
	.byte	0                               @ End Of Children Mark
	.byte	33                              @ Abbrev [33] 0x1333:0x8 DW_TAG_imported_declaration
	.byte	7                               @ DW_AT_decl_file
	.short	991                             @ DW_AT_decl_line
	.long	4887                            @ DW_AT_import
	.byte	37                              @ Abbrev [37] 0x133b:0x1c DW_TAG_subprogram
	.long	.Linfo_string245                @ DW_AT_name
	.byte	7                               @ DW_AT_decl_file
	.short	584                             @ DW_AT_decl_line
	.long	3197                            @ DW_AT_type
                                        @ DW_AT_declaration
                                        @ DW_AT_external
	.byte	22                              @ Abbrev [22] 0x1347:0x5 DW_TAG_formal_parameter
	.long	3449                            @ DW_AT_type
	.byte	22                              @ Abbrev [22] 0x134c:0x5 DW_TAG_formal_parameter
	.long	3376                            @ DW_AT_type
	.byte	22                              @ Abbrev [22] 0x1351:0x5 DW_TAG_formal_parameter
	.long	3755                            @ DW_AT_type
	.byte	0                               @ End Of Children Mark
	.byte	33                              @ Abbrev [33] 0x1357:0x8 DW_TAG_imported_declaration
	.byte	7                               @ DW_AT_decl_file
	.short	992                             @ DW_AT_decl_line
	.long	4923                            @ DW_AT_import
	.byte	37                              @ Abbrev [37] 0x135f:0x1c DW_TAG_subprogram
	.long	.Linfo_string246                @ DW_AT_name
	.byte	7                               @ DW_AT_decl_file
	.short	609                             @ DW_AT_decl_line
	.long	3197                            @ DW_AT_type
                                        @ DW_AT_declaration
                                        @ DW_AT_external
	.byte	22                              @ Abbrev [22] 0x136b:0x5 DW_TAG_formal_parameter
	.long	3449                            @ DW_AT_type
	.byte	22                              @ Abbrev [22] 0x1370:0x5 DW_TAG_formal_parameter
	.long	3376                            @ DW_AT_type
	.byte	22                              @ Abbrev [22] 0x1375:0x5 DW_TAG_formal_parameter
	.long	3755                            @ DW_AT_type
	.byte	0                               @ End Of Children Mark
	.byte	33                              @ Abbrev [33] 0x137b:0x8 DW_TAG_imported_declaration
	.byte	7                               @ DW_AT_decl_file
	.short	993                             @ DW_AT_decl_line
	.long	4959                            @ DW_AT_import
	.byte	37                              @ Abbrev [37] 0x1383:0x12 DW_TAG_subprogram
	.long	.Linfo_string247                @ DW_AT_name
	.byte	7                               @ DW_AT_decl_file
	.short	649                             @ DW_AT_decl_line
	.long	3197                            @ DW_AT_type
                                        @ DW_AT_declaration
                                        @ DW_AT_external
	.byte	22                              @ Abbrev [22] 0x138f:0x5 DW_TAG_formal_parameter
	.long	3258                            @ DW_AT_type
	.byte	0                               @ End Of Children Mark
	.byte	33                              @ Abbrev [33] 0x1395:0x8 DW_TAG_imported_declaration
	.byte	7                               @ DW_AT_decl_file
	.short	994                             @ DW_AT_decl_line
	.long	4995                            @ DW_AT_import
	.byte	37                              @ Abbrev [37] 0x139d:0x1c DW_TAG_subprogram
	.long	.Linfo_string248                @ DW_AT_name
	.byte	7                               @ DW_AT_decl_file
	.short	659                             @ DW_AT_decl_line
	.long	3288                            @ DW_AT_type
                                        @ DW_AT_declaration
                                        @ DW_AT_external
	.byte	22                              @ Abbrev [22] 0x13a9:0x5 DW_TAG_formal_parameter
	.long	3449                            @ DW_AT_type
	.byte	22                              @ Abbrev [22] 0x13ae:0x5 DW_TAG_formal_parameter
	.long	3197                            @ DW_AT_type
	.byte	22                              @ Abbrev [22] 0x13b3:0x5 DW_TAG_formal_parameter
	.long	3417                            @ DW_AT_type
	.byte	0                               @ End Of Children Mark
	.byte	33                              @ Abbrev [33] 0x13b9:0x8 DW_TAG_imported_declaration
	.byte	7                               @ DW_AT_decl_file
	.short	995                             @ DW_AT_decl_line
	.long	5021                            @ DW_AT_import
	.byte	37                              @ Abbrev [37] 0x13c1:0x17 DW_TAG_subprogram
	.long	.Linfo_string249                @ DW_AT_name
	.byte	7                               @ DW_AT_decl_file
	.short	673                             @ DW_AT_decl_line
	.long	3197                            @ DW_AT_type
                                        @ DW_AT_declaration
                                        @ DW_AT_external
	.byte	22                              @ Abbrev [22] 0x13cd:0x5 DW_TAG_formal_parameter
	.long	3197                            @ DW_AT_type
	.byte	22                              @ Abbrev [22] 0x13d2:0x5 DW_TAG_formal_parameter
	.long	3258                            @ DW_AT_type
	.byte	0                               @ End Of Children Mark
	.byte	33                              @ Abbrev [33] 0x13d8:0x8 DW_TAG_imported_declaration
	.byte	7                               @ DW_AT_decl_file
	.short	996                             @ DW_AT_decl_line
	.long	5057                            @ DW_AT_import
	.byte	37                              @ Abbrev [37] 0x13e0:0x17 DW_TAG_subprogram
	.long	.Linfo_string250                @ DW_AT_name
	.byte	7                               @ DW_AT_decl_file
	.short	683                             @ DW_AT_decl_line
	.long	3197                            @ DW_AT_type
                                        @ DW_AT_declaration
                                        @ DW_AT_external
	.byte	22                              @ Abbrev [22] 0x13ec:0x5 DW_TAG_formal_parameter
	.long	3376                            @ DW_AT_type
	.byte	22                              @ Abbrev [22] 0x13f1:0x5 DW_TAG_formal_parameter
	.long	3417                            @ DW_AT_type
	.byte	0                               @ End Of Children Mark
	.byte	33                              @ Abbrev [33] 0x13f7:0x8 DW_TAG_imported_declaration
	.byte	7                               @ DW_AT_decl_file
	.short	997                             @ DW_AT_decl_line
	.long	5088                            @ DW_AT_import
	.byte	37                              @ Abbrev [37] 0x13ff:0x12 DW_TAG_subprogram
	.long	.Linfo_string251                @ DW_AT_name
	.byte	7                               @ DW_AT_decl_file
	.short	690                             @ DW_AT_decl_line
	.long	3197                            @ DW_AT_type
                                        @ DW_AT_declaration
                                        @ DW_AT_external
	.byte	22                              @ Abbrev [22] 0x140b:0x5 DW_TAG_formal_parameter
	.long	3258                            @ DW_AT_type
	.byte	0                               @ End Of Children Mark
	.byte	33                              @ Abbrev [33] 0x1411:0x8 DW_TAG_imported_declaration
	.byte	7                               @ DW_AT_decl_file
	.short	998                             @ DW_AT_decl_line
	.long	5119                            @ DW_AT_import
	.byte	44                              @ Abbrev [44] 0x1419:0xc DW_TAG_subprogram
	.long	.Linfo_string252                @ DW_AT_name
	.byte	7                               @ DW_AT_decl_file
	.short	701                             @ DW_AT_decl_line
	.long	3197                            @ DW_AT_type
                                        @ DW_AT_declaration
                                        @ DW_AT_external
	.byte	33                              @ Abbrev [33] 0x1425:0x8 DW_TAG_imported_declaration
	.byte	7                               @ DW_AT_decl_file
	.short	999                             @ DW_AT_decl_line
	.long	5145                            @ DW_AT_import
	.byte	37                              @ Abbrev [37] 0x142d:0x12 DW_TAG_subprogram
	.long	.Linfo_string253                @ DW_AT_name
	.byte	7                               @ DW_AT_decl_file
	.short	713                             @ DW_AT_decl_line
	.long	3288                            @ DW_AT_type
                                        @ DW_AT_declaration
                                        @ DW_AT_external
	.byte	22                              @ Abbrev [22] 0x1439:0x5 DW_TAG_formal_parameter
	.long	3288                            @ DW_AT_type
	.byte	0                               @ End Of Children Mark
	.byte	33                              @ Abbrev [33] 0x143f:0x8 DW_TAG_imported_declaration
	.byte	7                               @ DW_AT_decl_file
	.short	1000                            @ DW_AT_decl_line
	.long	5165                            @ DW_AT_import
	.byte	37                              @ Abbrev [37] 0x1447:0x17 DW_TAG_subprogram
	.long	.Linfo_string254                @ DW_AT_name
	.byte	7                               @ DW_AT_decl_file
	.short	725                             @ DW_AT_decl_line
	.long	3197                            @ DW_AT_type
                                        @ DW_AT_declaration
                                        @ DW_AT_external
	.byte	22                              @ Abbrev [22] 0x1453:0x5 DW_TAG_formal_parameter
	.long	3197                            @ DW_AT_type
	.byte	22                              @ Abbrev [22] 0x1458:0x5 DW_TAG_formal_parameter
	.long	3258                            @ DW_AT_type
	.byte	0                               @ End Of Children Mark
	.byte	33                              @ Abbrev [33] 0x145e:0x8 DW_TAG_imported_declaration
	.byte	7                               @ DW_AT_decl_file
	.short	1001                            @ DW_AT_decl_line
	.long	5191                            @ DW_AT_import
	.byte	37                              @ Abbrev [37] 0x1466:0x12 DW_TAG_subprogram
	.long	.Linfo_string255                @ DW_AT_name
	.byte	7                               @ DW_AT_decl_file
	.short	734                             @ DW_AT_decl_line
	.long	3197                            @ DW_AT_type
                                        @ DW_AT_declaration
                                        @ DW_AT_external
	.byte	22                              @ Abbrev [22] 0x1472:0x5 DW_TAG_formal_parameter
	.long	3197                            @ DW_AT_type
	.byte	0                               @ End Of Children Mark
	.byte	33                              @ Abbrev [33] 0x1478:0x8 DW_TAG_imported_declaration
	.byte	7                               @ DW_AT_decl_file
	.short	1002                            @ DW_AT_decl_line
	.long	5222                            @ DW_AT_import
	.byte	37                              @ Abbrev [37] 0x1480:0x12 DW_TAG_subprogram
	.long	.Linfo_string256                @ DW_AT_name
	.byte	7                               @ DW_AT_decl_file
	.short	744                             @ DW_AT_decl_line
	.long	3197                            @ DW_AT_type
                                        @ DW_AT_declaration
                                        @ DW_AT_external
	.byte	22                              @ Abbrev [22] 0x148c:0x5 DW_TAG_formal_parameter
	.long	3204                            @ DW_AT_type
	.byte	0                               @ End Of Children Mark
	.byte	33                              @ Abbrev [33] 0x1492:0x8 DW_TAG_imported_declaration
	.byte	7                               @ DW_AT_decl_file
	.short	1003                            @ DW_AT_decl_line
	.long	5248                            @ DW_AT_import
	.byte	37                              @ Abbrev [37] 0x149a:0x17 DW_TAG_subprogram
	.long	.Linfo_string257                @ DW_AT_name
	.byte	7                               @ DW_AT_decl_file
	.short	752                             @ DW_AT_decl_line
	.long	3197                            @ DW_AT_type
                                        @ DW_AT_declaration
                                        @ DW_AT_external
	.byte	22                              @ Abbrev [22] 0x14a6:0x5 DW_TAG_formal_parameter
	.long	3197                            @ DW_AT_type
	.byte	22                              @ Abbrev [22] 0x14ab:0x5 DW_TAG_formal_parameter
	.long	3258                            @ DW_AT_type
	.byte	0                               @ End Of Children Mark
	.byte	33                              @ Abbrev [33] 0x14b1:0x8 DW_TAG_imported_declaration
	.byte	7                               @ DW_AT_decl_file
	.short	1004                            @ DW_AT_decl_line
	.long	5274                            @ DW_AT_import
	.byte	37                              @ Abbrev [37] 0x14b9:0x21 DW_TAG_subprogram
	.long	.Linfo_string258                @ DW_AT_name
	.byte	7                               @ DW_AT_decl_file
	.short	778                             @ DW_AT_decl_line
	.long	3113                            @ DW_AT_type
                                        @ DW_AT_declaration
                                        @ DW_AT_external
	.byte	22                              @ Abbrev [22] 0x14c5:0x5 DW_TAG_formal_parameter
	.long	5338                            @ DW_AT_type
	.byte	22                              @ Abbrev [22] 0x14ca:0x5 DW_TAG_formal_parameter
	.long	3113                            @ DW_AT_type
	.byte	22                              @ Abbrev [22] 0x14cf:0x5 DW_TAG_formal_parameter
	.long	3113                            @ DW_AT_type
	.byte	22                              @ Abbrev [22] 0x14d4:0x5 DW_TAG_formal_parameter
	.long	3417                            @ DW_AT_type
	.byte	0                               @ End Of Children Mark
	.byte	38                              @ Abbrev [38] 0x14da:0x5 DW_TAG_restrict_type
	.long	5343                            @ DW_AT_type
	.byte	45                              @ Abbrev [45] 0x14df:0x1 DW_TAG_pointer_type
	.byte	33                              @ Abbrev [33] 0x14e0:0x8 DW_TAG_imported_declaration
	.byte	7                               @ DW_AT_decl_file
	.short	1005                            @ DW_AT_decl_line
	.long	5305                            @ DW_AT_import
	.byte	37                              @ Abbrev [37] 0x14e8:0x1c DW_TAG_subprogram
	.long	.Linfo_string259                @ DW_AT_name
	.byte	7                               @ DW_AT_decl_file
	.short	794                             @ DW_AT_decl_line
	.long	3113                            @ DW_AT_type
                                        @ DW_AT_declaration
                                        @ DW_AT_external
	.byte	22                              @ Abbrev [22] 0x14f4:0x5 DW_TAG_formal_parameter
	.long	5338                            @ DW_AT_type
	.byte	22                              @ Abbrev [22] 0x14f9:0x5 DW_TAG_formal_parameter
	.long	3113                            @ DW_AT_type
	.byte	22                              @ Abbrev [22] 0x14fe:0x5 DW_TAG_formal_parameter
	.long	3417                            @ DW_AT_type
	.byte	0                               @ End Of Children Mark
	.byte	33                              @ Abbrev [33] 0x1504:0x8 DW_TAG_imported_declaration
	.byte	7                               @ DW_AT_decl_file
	.short	1006                            @ DW_AT_decl_line
	.long	5352                            @ DW_AT_import
	.byte	37                              @ Abbrev [37] 0x150c:0x21 DW_TAG_subprogram
	.long	.Linfo_string260                @ DW_AT_name
	.byte	7                               @ DW_AT_decl_file
	.short	810                             @ DW_AT_decl_line
	.long	3113                            @ DW_AT_type
                                        @ DW_AT_declaration
                                        @ DW_AT_external
	.byte	22                              @ Abbrev [22] 0x1518:0x5 DW_TAG_formal_parameter
	.long	5421                            @ DW_AT_type
	.byte	22                              @ Abbrev [22] 0x151d:0x5 DW_TAG_formal_parameter
	.long	3113                            @ DW_AT_type
	.byte	22                              @ Abbrev [22] 0x1522:0x5 DW_TAG_formal_parameter
	.long	3113                            @ DW_AT_type
	.byte	22                              @ Abbrev [22] 0x1527:0x5 DW_TAG_formal_parameter
	.long	3417                            @ DW_AT_type
	.byte	0                               @ End Of Children Mark
	.byte	38                              @ Abbrev [38] 0x152d:0x5 DW_TAG_restrict_type
	.long	5426                            @ DW_AT_type
	.byte	10                              @ Abbrev [10] 0x1532:0x5 DW_TAG_pointer_type
	.long	5431                            @ DW_AT_type
	.byte	46                              @ Abbrev [46] 0x1537:0x1 DW_TAG_const_type
	.byte	33                              @ Abbrev [33] 0x1538:0x8 DW_TAG_imported_declaration
	.byte	7                               @ DW_AT_decl_file
	.short	1007                            @ DW_AT_decl_line
	.long	5388                            @ DW_AT_import
	.byte	37                              @ Abbrev [37] 0x1540:0x17 DW_TAG_subprogram
	.long	.Linfo_string261                @ DW_AT_name
	.byte	7                               @ DW_AT_decl_file
	.short	822                             @ DW_AT_decl_line
	.long	3197                            @ DW_AT_type
                                        @ DW_AT_declaration
                                        @ DW_AT_external
	.byte	22                              @ Abbrev [22] 0x154c:0x5 DW_TAG_formal_parameter
	.long	3417                            @ DW_AT_type
	.byte	22                              @ Abbrev [22] 0x1551:0x5 DW_TAG_formal_parameter
	.long	5463                            @ DW_AT_type
	.byte	0                               @ End Of Children Mark
	.byte	38                              @ Abbrev [38] 0x1557:0x5 DW_TAG_restrict_type
	.long	5468                            @ DW_AT_type
	.byte	10                              @ Abbrev [10] 0x155c:0x5 DW_TAG_pointer_type
	.long	3132                            @ DW_AT_type
	.byte	33                              @ Abbrev [33] 0x1561:0x8 DW_TAG_imported_declaration
	.byte	7                               @ DW_AT_decl_file
	.short	1008                            @ DW_AT_decl_line
	.long	5440                            @ DW_AT_import
	.byte	37                              @ Abbrev [37] 0x1569:0x1c DW_TAG_subprogram
	.long	.Linfo_string262                @ DW_AT_name
	.byte	7                               @ DW_AT_decl_file
	.short	833                             @ DW_AT_decl_line
	.long	3197                            @ DW_AT_type
                                        @ DW_AT_declaration
                                        @ DW_AT_external
	.byte	22                              @ Abbrev [22] 0x1575:0x5 DW_TAG_formal_parameter
	.long	3258                            @ DW_AT_type
	.byte	22                              @ Abbrev [22] 0x157a:0x5 DW_TAG_formal_parameter
	.long	5509                            @ DW_AT_type
	.byte	22                              @ Abbrev [22] 0x157f:0x5 DW_TAG_formal_parameter
	.long	3197                            @ DW_AT_type
	.byte	0                               @ End Of Children Mark
	.byte	6                               @ Abbrev [6] 0x1585:0x7 DW_TAG_base_type
	.long	.Linfo_string263                @ DW_AT_name
	.byte	5                               @ DW_AT_encoding
	.byte	4                               @ DW_AT_byte_size
	.byte	33                              @ Abbrev [33] 0x158c:0x8 DW_TAG_imported_declaration
	.byte	7                               @ DW_AT_decl_file
	.short	1009                            @ DW_AT_decl_line
	.long	5481                            @ DW_AT_import
	.byte	37                              @ Abbrev [37] 0x1594:0x17 DW_TAG_subprogram
	.long	.Linfo_string264                @ DW_AT_name
	.byte	7                               @ DW_AT_decl_file
	.short	850                             @ DW_AT_decl_line
	.long	3197                            @ DW_AT_type
                                        @ DW_AT_declaration
                                        @ DW_AT_external
	.byte	22                              @ Abbrev [22] 0x15a0:0x5 DW_TAG_formal_parameter
	.long	3417                            @ DW_AT_type
	.byte	22                              @ Abbrev [22] 0x15a5:0x5 DW_TAG_formal_parameter
	.long	5547                            @ DW_AT_type
	.byte	0                               @ End Of Children Mark
	.byte	38                              @ Abbrev [38] 0x15ab:0x5 DW_TAG_restrict_type
	.long	5552                            @ DW_AT_type
	.byte	10                              @ Abbrev [10] 0x15b0:0x5 DW_TAG_pointer_type
	.long	5557                            @ DW_AT_type
	.byte	5                               @ Abbrev [5] 0x15b5:0x5 DW_TAG_const_type
	.long	3132                            @ DW_AT_type
	.byte	33                              @ Abbrev [33] 0x15ba:0x8 DW_TAG_imported_declaration
	.byte	7                               @ DW_AT_decl_file
	.short	1010                            @ DW_AT_decl_line
	.long	5524                            @ DW_AT_import
	.byte	37                              @ Abbrev [37] 0x15c2:0x12 DW_TAG_subprogram
	.long	.Linfo_string265                @ DW_AT_name
	.byte	7                               @ DW_AT_decl_file
	.short	863                             @ DW_AT_decl_line
	.long	5509                            @ DW_AT_type
                                        @ DW_AT_declaration
                                        @ DW_AT_external
	.byte	22                              @ Abbrev [22] 0x15ce:0x5 DW_TAG_formal_parameter
	.long	3258                            @ DW_AT_type
	.byte	0                               @ End Of Children Mark
	.byte	33                              @ Abbrev [33] 0x15d4:0x8 DW_TAG_imported_declaration
	.byte	7                               @ DW_AT_decl_file
	.short	1011                            @ DW_AT_decl_line
	.long	5570                            @ DW_AT_import
	.byte	21                              @ Abbrev [21] 0x15dc:0xe DW_TAG_subprogram
	.long	.Linfo_string266                @ DW_AT_name
	.byte	7                               @ DW_AT_decl_file
	.short	877                             @ DW_AT_decl_line
                                        @ DW_AT_declaration
                                        @ DW_AT_external
	.byte	22                              @ Abbrev [22] 0x15e4:0x5 DW_TAG_formal_parameter
	.long	3258                            @ DW_AT_type
	.byte	0                               @ End Of Children Mark
	.byte	33                              @ Abbrev [33] 0x15ea:0x8 DW_TAG_imported_declaration
	.byte	7                               @ DW_AT_decl_file
	.short	1012                            @ DW_AT_decl_line
	.long	5596                            @ DW_AT_import
	.byte	21                              @ Abbrev [21] 0x15f2:0xe DW_TAG_subprogram
	.long	.Linfo_string267                @ DW_AT_name
	.byte	7                               @ DW_AT_decl_file
	.short	886                             @ DW_AT_decl_line
                                        @ DW_AT_declaration
                                        @ DW_AT_external
	.byte	22                              @ Abbrev [22] 0x15fa:0x5 DW_TAG_formal_parameter
	.long	3258                            @ DW_AT_type
	.byte	0                               @ End Of Children Mark
	.byte	33                              @ Abbrev [33] 0x1600:0x8 DW_TAG_imported_declaration
	.byte	7                               @ DW_AT_decl_file
	.short	1013                            @ DW_AT_decl_line
	.long	5618                            @ DW_AT_import
	.byte	37                              @ Abbrev [37] 0x1608:0x12 DW_TAG_subprogram
	.long	.Linfo_string268                @ DW_AT_name
	.byte	7                               @ DW_AT_decl_file
	.short	894                             @ DW_AT_decl_line
	.long	3197                            @ DW_AT_type
                                        @ DW_AT_declaration
                                        @ DW_AT_external
	.byte	22                              @ Abbrev [22] 0x1614:0x5 DW_TAG_formal_parameter
	.long	3258                            @ DW_AT_type
	.byte	0                               @ End Of Children Mark
	.byte	33                              @ Abbrev [33] 0x161a:0x8 DW_TAG_imported_declaration
	.byte	7                               @ DW_AT_decl_file
	.short	1014                            @ DW_AT_decl_line
	.long	5640                            @ DW_AT_import
	.byte	37                              @ Abbrev [37] 0x1622:0x12 DW_TAG_subprogram
	.long	.Linfo_string269                @ DW_AT_name
	.byte	7                               @ DW_AT_decl_file
	.short	899                             @ DW_AT_decl_line
	.long	3197                            @ DW_AT_type
                                        @ DW_AT_declaration
                                        @ DW_AT_external
	.byte	22                              @ Abbrev [22] 0x162e:0x5 DW_TAG_formal_parameter
	.long	3258                            @ DW_AT_type
	.byte	0                               @ End Of Children Mark
	.byte	33                              @ Abbrev [33] 0x1634:0x8 DW_TAG_imported_declaration
	.byte	7                               @ DW_AT_decl_file
	.short	1015                            @ DW_AT_decl_line
	.long	5666                            @ DW_AT_import
	.byte	21                              @ Abbrev [21] 0x163c:0xe DW_TAG_subprogram
	.long	.Linfo_string270                @ DW_AT_name
	.byte	7                               @ DW_AT_decl_file
	.short	904                             @ DW_AT_decl_line
                                        @ DW_AT_declaration
                                        @ DW_AT_external
	.byte	22                              @ Abbrev [22] 0x1644:0x5 DW_TAG_formal_parameter
	.long	3204                            @ DW_AT_type
	.byte	0                               @ End Of Children Mark
	.byte	33                              @ Abbrev [33] 0x164a:0x8 DW_TAG_imported_declaration
	.byte	7                               @ DW_AT_decl_file
	.short	1016                            @ DW_AT_decl_line
	.long	5692                            @ DW_AT_import
	.byte	37                              @ Abbrev [37] 0x1652:0x12 DW_TAG_subprogram
	.long	.Linfo_string271                @ DW_AT_name
	.byte	7                               @ DW_AT_decl_file
	.short	917                             @ DW_AT_decl_line
	.long	3197                            @ DW_AT_type
                                        @ DW_AT_declaration
                                        @ DW_AT_external
	.byte	22                              @ Abbrev [22] 0x165e:0x5 DW_TAG_formal_parameter
	.long	3258                            @ DW_AT_type
	.byte	0                               @ End Of Children Mark
	.byte	33                              @ Abbrev [33] 0x1664:0x8 DW_TAG_imported_declaration
	.byte	7                               @ DW_AT_decl_file
	.short	1017                            @ DW_AT_decl_line
	.long	5714                            @ DW_AT_import
	.byte	47                              @ Abbrev [47] 0x166c:0x8 DW_TAG_subprogram
	.long	.Linfo_string272                @ DW_AT_name
	.byte	7                               @ DW_AT_decl_file
	.short	921                             @ DW_AT_decl_line
                                        @ DW_AT_declaration
                                        @ DW_AT_external
	.byte	33                              @ Abbrev [33] 0x1674:0x8 DW_TAG_imported_declaration
	.byte	7                               @ DW_AT_decl_file
	.short	1018                            @ DW_AT_decl_line
	.long	5740                            @ DW_AT_import
	.byte	47                              @ Abbrev [47] 0x167c:0x8 DW_TAG_subprogram
	.long	.Linfo_string273                @ DW_AT_name
	.byte	7                               @ DW_AT_decl_file
	.short	922                             @ DW_AT_decl_line
                                        @ DW_AT_declaration
                                        @ DW_AT_external
	.byte	33                              @ Abbrev [33] 0x1684:0x8 DW_TAG_imported_declaration
	.byte	7                               @ DW_AT_decl_file
	.short	1019                            @ DW_AT_decl_line
	.long	5756                            @ DW_AT_import
	.byte	9                               @ Abbrev [9] 0x168c:0xb DW_TAG_typedef
	.long	5783                            @ DW_AT_type
	.long	.Linfo_string276                @ DW_AT_name
	.byte	2                               @ DW_AT_decl_file
	.byte	56                              @ DW_AT_decl_line
	.byte	6                               @ Abbrev [6] 0x1697:0x7 DW_TAG_base_type
	.long	.Linfo_string275                @ DW_AT_name
	.byte	6                               @ DW_AT_encoding
	.byte	1                               @ DW_AT_byte_size
	.byte	33                              @ Abbrev [33] 0x169e:0x8 DW_TAG_imported_declaration
	.byte	2                               @ DW_AT_decl_file
	.short	275                             @ DW_AT_decl_line
	.long	5772                            @ DW_AT_import
	.byte	9                               @ Abbrev [9] 0x16a6:0xb DW_TAG_typedef
	.long	5809                            @ DW_AT_type
	.long	.Linfo_string278                @ DW_AT_name
	.byte	2                               @ DW_AT_decl_file
	.byte	57                              @ DW_AT_decl_line
	.byte	6                               @ Abbrev [6] 0x16b1:0x7 DW_TAG_base_type
	.long	.Linfo_string277                @ DW_AT_name
	.byte	5                               @ DW_AT_encoding
	.byte	2                               @ DW_AT_byte_size
	.byte	33                              @ Abbrev [33] 0x16b8:0x8 DW_TAG_imported_declaration
	.byte	2                               @ DW_AT_decl_file
	.short	276                             @ DW_AT_decl_line
	.long	5798                            @ DW_AT_import
	.byte	9                               @ Abbrev [9] 0x16c0:0xb DW_TAG_typedef
	.long	3197                            @ DW_AT_type
	.long	.Linfo_string279                @ DW_AT_name
	.byte	2                               @ DW_AT_decl_file
	.byte	58                              @ DW_AT_decl_line
	.byte	33                              @ Abbrev [33] 0x16cb:0x8 DW_TAG_imported_declaration
	.byte	2                               @ DW_AT_decl_file
	.short	277                             @ DW_AT_decl_line
	.long	5824                            @ DW_AT_import
	.byte	9                               @ Abbrev [9] 0x16d3:0xb DW_TAG_typedef
	.long	5854                            @ DW_AT_type
	.long	.Linfo_string281                @ DW_AT_name
	.byte	2                               @ DW_AT_decl_file
	.byte	59                              @ DW_AT_decl_line
	.byte	6                               @ Abbrev [6] 0x16de:0x7 DW_TAG_base_type
	.long	.Linfo_string280                @ DW_AT_name
	.byte	5                               @ DW_AT_encoding
	.byte	8                               @ DW_AT_byte_size
	.byte	33                              @ Abbrev [33] 0x16e5:0x8 DW_TAG_imported_declaration
	.byte	2                               @ DW_AT_decl_file
	.short	278                             @ DW_AT_decl_line
	.long	5843                            @ DW_AT_import
	.byte	9                               @ Abbrev [9] 0x16ed:0xb DW_TAG_typedef
	.long	5880                            @ DW_AT_type
	.long	.Linfo_string283                @ DW_AT_name
	.byte	2                               @ DW_AT_decl_file
	.byte	62                              @ DW_AT_decl_line
	.byte	6                               @ Abbrev [6] 0x16f8:0x7 DW_TAG_base_type
	.long	.Linfo_string282                @ DW_AT_name
	.byte	8                               @ DW_AT_encoding
	.byte	1                               @ DW_AT_byte_size
	.byte	33                              @ Abbrev [33] 0x16ff:0x8 DW_TAG_imported_declaration
	.byte	2                               @ DW_AT_decl_file
	.short	279                             @ DW_AT_decl_line
	.long	5869                            @ DW_AT_import
	.byte	9                               @ Abbrev [9] 0x1707:0xb DW_TAG_typedef
	.long	5906                            @ DW_AT_type
	.long	.Linfo_string285                @ DW_AT_name
	.byte	2                               @ DW_AT_decl_file
	.byte	63                              @ DW_AT_decl_line
	.byte	6                               @ Abbrev [6] 0x1712:0x7 DW_TAG_base_type
	.long	.Linfo_string284                @ DW_AT_name
	.byte	7                               @ DW_AT_encoding
	.byte	2                               @ DW_AT_byte_size
	.byte	33                              @ Abbrev [33] 0x1719:0x8 DW_TAG_imported_declaration
	.byte	2                               @ DW_AT_decl_file
	.short	280                             @ DW_AT_decl_line
	.long	5895                            @ DW_AT_import
	.byte	33                              @ Abbrev [33] 0x1721:0x8 DW_TAG_imported_declaration
	.byte	2                               @ DW_AT_decl_file
	.short	281                             @ DW_AT_decl_line
	.long	675                             @ DW_AT_import
	.byte	33                              @ Abbrev [33] 0x1729:0x8 DW_TAG_imported_declaration
	.byte	2                               @ DW_AT_decl_file
	.short	282                             @ DW_AT_decl_line
	.long	239                             @ DW_AT_import
	.byte	9                               @ Abbrev [9] 0x1731:0xb DW_TAG_typedef
	.long	5783                            @ DW_AT_type
	.long	.Linfo_string286                @ DW_AT_name
	.byte	2                               @ DW_AT_decl_file
	.byte	71                              @ DW_AT_decl_line
	.byte	33                              @ Abbrev [33] 0x173c:0x8 DW_TAG_imported_declaration
	.byte	2                               @ DW_AT_decl_file
	.short	283                             @ DW_AT_decl_line
	.long	5937                            @ DW_AT_import
	.byte	9                               @ Abbrev [9] 0x1744:0xb DW_TAG_typedef
	.long	5809                            @ DW_AT_type
	.long	.Linfo_string287                @ DW_AT_name
	.byte	2                               @ DW_AT_decl_file
	.byte	72                              @ DW_AT_decl_line
	.byte	33                              @ Abbrev [33] 0x174f:0x8 DW_TAG_imported_declaration
	.byte	2                               @ DW_AT_decl_file
	.short	284                             @ DW_AT_decl_line
	.long	5956                            @ DW_AT_import
	.byte	9                               @ Abbrev [9] 0x1757:0xb DW_TAG_typedef
	.long	3197                            @ DW_AT_type
	.long	.Linfo_string288                @ DW_AT_name
	.byte	2                               @ DW_AT_decl_file
	.byte	73                              @ DW_AT_decl_line
	.byte	33                              @ Abbrev [33] 0x1762:0x8 DW_TAG_imported_declaration
	.byte	2                               @ DW_AT_decl_file
	.short	285                             @ DW_AT_decl_line
	.long	5975                            @ DW_AT_import
	.byte	9                               @ Abbrev [9] 0x176a:0xb DW_TAG_typedef
	.long	5854                            @ DW_AT_type
	.long	.Linfo_string289                @ DW_AT_name
	.byte	2                               @ DW_AT_decl_file
	.byte	74                              @ DW_AT_decl_line
	.byte	33                              @ Abbrev [33] 0x1775:0x8 DW_TAG_imported_declaration
	.byte	2                               @ DW_AT_decl_file
	.short	286                             @ DW_AT_decl_line
	.long	5994                            @ DW_AT_import
	.byte	9                               @ Abbrev [9] 0x177d:0xb DW_TAG_typedef
	.long	5880                            @ DW_AT_type
	.long	.Linfo_string290                @ DW_AT_name
	.byte	2                               @ DW_AT_decl_file
	.byte	77                              @ DW_AT_decl_line
	.byte	33                              @ Abbrev [33] 0x1788:0x8 DW_TAG_imported_declaration
	.byte	2                               @ DW_AT_decl_file
	.short	287                             @ DW_AT_decl_line
	.long	6013                            @ DW_AT_import
	.byte	9                               @ Abbrev [9] 0x1790:0xb DW_TAG_typedef
	.long	5906                            @ DW_AT_type
	.long	.Linfo_string291                @ DW_AT_name
	.byte	2                               @ DW_AT_decl_file
	.byte	78                              @ DW_AT_decl_line
	.byte	33                              @ Abbrev [33] 0x179b:0x8 DW_TAG_imported_declaration
	.byte	2                               @ DW_AT_decl_file
	.short	288                             @ DW_AT_decl_line
	.long	6032                            @ DW_AT_import
	.byte	9                               @ Abbrev [9] 0x17a3:0xb DW_TAG_typedef
	.long	686                             @ DW_AT_type
	.long	.Linfo_string292                @ DW_AT_name
	.byte	2                               @ DW_AT_decl_file
	.byte	79                              @ DW_AT_decl_line
	.byte	33                              @ Abbrev [33] 0x17ae:0x8 DW_TAG_imported_declaration
	.byte	2                               @ DW_AT_decl_file
	.short	289                             @ DW_AT_decl_line
	.long	6051                            @ DW_AT_import
	.byte	9                               @ Abbrev [9] 0x17b6:0xb DW_TAG_typedef
	.long	250                             @ DW_AT_type
	.long	.Linfo_string293                @ DW_AT_name
	.byte	2                               @ DW_AT_decl_file
	.byte	80                              @ DW_AT_decl_line
	.byte	33                              @ Abbrev [33] 0x17c1:0x8 DW_TAG_imported_declaration
	.byte	2                               @ DW_AT_decl_file
	.short	290                             @ DW_AT_decl_line
	.long	6070                            @ DW_AT_import
	.byte	9                               @ Abbrev [9] 0x17c9:0xb DW_TAG_typedef
	.long	3197                            @ DW_AT_type
	.long	.Linfo_string294                @ DW_AT_name
	.byte	2                               @ DW_AT_decl_file
	.byte	85                              @ DW_AT_decl_line
	.byte	33                              @ Abbrev [33] 0x17d4:0x8 DW_TAG_imported_declaration
	.byte	2                               @ DW_AT_decl_file
	.short	291                             @ DW_AT_decl_line
	.long	6089                            @ DW_AT_import
	.byte	9                               @ Abbrev [9] 0x17dc:0xb DW_TAG_typedef
	.long	3197                            @ DW_AT_type
	.long	.Linfo_string295                @ DW_AT_name
	.byte	2                               @ DW_AT_decl_file
	.byte	86                              @ DW_AT_decl_line
	.byte	33                              @ Abbrev [33] 0x17e7:0x8 DW_TAG_imported_declaration
	.byte	2                               @ DW_AT_decl_file
	.short	292                             @ DW_AT_decl_line
	.long	6108                            @ DW_AT_import
	.byte	9                               @ Abbrev [9] 0x17ef:0xb DW_TAG_typedef
	.long	3197                            @ DW_AT_type
	.long	.Linfo_string296                @ DW_AT_name
	.byte	2                               @ DW_AT_decl_file
	.byte	87                              @ DW_AT_decl_line
	.byte	33                              @ Abbrev [33] 0x17fa:0x8 DW_TAG_imported_declaration
	.byte	2                               @ DW_AT_decl_file
	.short	293                             @ DW_AT_decl_line
	.long	6127                            @ DW_AT_import
	.byte	9                               @ Abbrev [9] 0x1802:0xb DW_TAG_typedef
	.long	5854                            @ DW_AT_type
	.long	.Linfo_string297                @ DW_AT_name
	.byte	2                               @ DW_AT_decl_file
	.byte	88                              @ DW_AT_decl_line
	.byte	33                              @ Abbrev [33] 0x180d:0x8 DW_TAG_imported_declaration
	.byte	2                               @ DW_AT_decl_file
	.short	294                             @ DW_AT_decl_line
	.long	6146                            @ DW_AT_import
	.byte	9                               @ Abbrev [9] 0x1815:0xb DW_TAG_typedef
	.long	686                             @ DW_AT_type
	.long	.Linfo_string298                @ DW_AT_name
	.byte	2                               @ DW_AT_decl_file
	.byte	91                              @ DW_AT_decl_line
	.byte	33                              @ Abbrev [33] 0x1820:0x8 DW_TAG_imported_declaration
	.byte	2                               @ DW_AT_decl_file
	.short	295                             @ DW_AT_decl_line
	.long	6165                            @ DW_AT_import
	.byte	9                               @ Abbrev [9] 0x1828:0xb DW_TAG_typedef
	.long	686                             @ DW_AT_type
	.long	.Linfo_string299                @ DW_AT_name
	.byte	2                               @ DW_AT_decl_file
	.byte	92                              @ DW_AT_decl_line
	.byte	33                              @ Abbrev [33] 0x1833:0x8 DW_TAG_imported_declaration
	.byte	2                               @ DW_AT_decl_file
	.short	296                             @ DW_AT_decl_line
	.long	6184                            @ DW_AT_import
	.byte	9                               @ Abbrev [9] 0x183b:0xb DW_TAG_typedef
	.long	686                             @ DW_AT_type
	.long	.Linfo_string300                @ DW_AT_name
	.byte	2                               @ DW_AT_decl_file
	.byte	93                              @ DW_AT_decl_line
	.byte	33                              @ Abbrev [33] 0x1846:0x8 DW_TAG_imported_declaration
	.byte	2                               @ DW_AT_decl_file
	.short	297                             @ DW_AT_decl_line
	.long	6203                            @ DW_AT_import
	.byte	9                               @ Abbrev [9] 0x184e:0xb DW_TAG_typedef
	.long	250                             @ DW_AT_type
	.long	.Linfo_string301                @ DW_AT_name
	.byte	2                               @ DW_AT_decl_file
	.byte	94                              @ DW_AT_decl_line
	.byte	33                              @ Abbrev [33] 0x1859:0x8 DW_TAG_imported_declaration
	.byte	2                               @ DW_AT_decl_file
	.short	298                             @ DW_AT_decl_line
	.long	6222                            @ DW_AT_import
	.byte	9                               @ Abbrev [9] 0x1861:0xb DW_TAG_typedef
	.long	3197                            @ DW_AT_type
	.long	.Linfo_string302                @ DW_AT_name
	.byte	2                               @ DW_AT_decl_file
	.byte	101                             @ DW_AT_decl_line
	.byte	33                              @ Abbrev [33] 0x186c:0x8 DW_TAG_imported_declaration
	.byte	2                               @ DW_AT_decl_file
	.short	299                             @ DW_AT_decl_line
	.long	6241                            @ DW_AT_import
	.byte	9                               @ Abbrev [9] 0x1874:0xb DW_TAG_typedef
	.long	686                             @ DW_AT_type
	.long	.Linfo_string303                @ DW_AT_name
	.byte	2                               @ DW_AT_decl_file
	.byte	102                             @ DW_AT_decl_line
	.byte	33                              @ Abbrev [33] 0x187f:0x8 DW_TAG_imported_declaration
	.byte	2                               @ DW_AT_decl_file
	.short	300                             @ DW_AT_decl_line
	.long	6260                            @ DW_AT_import
	.byte	9                               @ Abbrev [9] 0x1887:0xb DW_TAG_typedef
	.long	5854                            @ DW_AT_type
	.long	.Linfo_string304                @ DW_AT_name
	.byte	2                               @ DW_AT_decl_file
	.byte	106                             @ DW_AT_decl_line
	.byte	33                              @ Abbrev [33] 0x1892:0x8 DW_TAG_imported_declaration
	.byte	2                               @ DW_AT_decl_file
	.short	301                             @ DW_AT_decl_line
	.long	6279                            @ DW_AT_import
	.byte	9                               @ Abbrev [9] 0x189a:0xb DW_TAG_typedef
	.long	250                             @ DW_AT_type
	.long	.Linfo_string305                @ DW_AT_name
	.byte	2                               @ DW_AT_decl_file
	.byte	107                             @ DW_AT_decl_line
	.byte	33                              @ Abbrev [33] 0x18a5:0x8 DW_TAG_imported_declaration
	.byte	2                               @ DW_AT_decl_file
	.short	302                             @ DW_AT_decl_line
	.long	6298                            @ DW_AT_import
	.byte	9                               @ Abbrev [9] 0x18ad:0xb DW_TAG_typedef
	.long	686                             @ DW_AT_type
	.long	.Linfo_string195                @ DW_AT_name
	.byte	9                               @ DW_AT_decl_file
	.byte	46                              @ DW_AT_decl_line
	.byte	43                              @ Abbrev [43] 0x18b8:0x7 DW_TAG_imported_declaration
	.byte	9                               @ DW_AT_decl_file
	.byte	107                             @ DW_AT_decl_line
	.long	6317                            @ DW_AT_import
	.byte	9                               @ Abbrev [9] 0x18bf:0xb DW_TAG_typedef
	.long	3197                            @ DW_AT_type
	.long	.Linfo_string306                @ DW_AT_name
	.byte	9                               @ DW_AT_decl_file
	.byte	38                              @ DW_AT_decl_line
	.byte	43                              @ Abbrev [43] 0x18ca:0x7 DW_TAG_imported_declaration
	.byte	9                               @ DW_AT_decl_file
	.byte	108                             @ DW_AT_decl_line
	.long	6335                            @ DW_AT_import
	.byte	9                               @ Abbrev [9] 0x18d1:0xb DW_TAG_typedef
	.long	6364                            @ DW_AT_type
	.long	.Linfo_string308                @ DW_AT_name
	.byte	9                               @ DW_AT_decl_file
	.byte	95                              @ DW_AT_decl_line
	.byte	6                               @ Abbrev [6] 0x18dc:0x7 DW_TAG_base_type
	.long	.Linfo_string307                @ DW_AT_name
	.byte	4                               @ DW_AT_encoding
	.byte	8                               @ DW_AT_byte_size
	.byte	43                              @ Abbrev [43] 0x18e3:0x7 DW_TAG_imported_declaration
	.byte	9                               @ DW_AT_decl_file
	.byte	110                             @ DW_AT_decl_line
	.long	6353                            @ DW_AT_import
	.byte	0                               @ End Of Children Mark
.Ldebug_info_end0:
	.section	.debug_ranges,"",%progbits
.Ldebug_ranges0:
	.long	.Lfunc_begin0
	.long	.Lfunc_end0
	.long	.Lfunc_begin1
	.long	.Lfunc_end1
	.long	0
	.long	0
	.section	.debug_str,"MS",%progbits,1
.Linfo_string0:
	.asciz	"Component: Arm Compiler for Embedded 6.21 Tool: armclang [5ec1fd00]" @ string offset=0
.Linfo_string1:
	.asciz	"..\\BoardInit.cpp"             @ string offset=68
.Linfo_string2:
	.asciz	"C:\\Final_Code_Capstone\\Nuvoton_EchoTrack\\en-us--M55M1_Series_BSP_CMSIS_V3.01.003\\SampleCode\\NuEdgeWise\\PoseLandmark_YOLOv8n\\KEIL" @ string offset=85
.Linfo_string3:
	.asciz	"char"                          @ string offset=214
.Linfo_string4:
	.asciz	"__ARRAY_SIZE_TYPE__"           @ string offset=219
.Linfo_string5:
	.asciz	"unsigned long long"            @ string offset=239
.Linfo_string6:
	.asciz	"uint64_t"                      @ string offset=258
.Linfo_string7:
	.asciz	"CTL0"                          @ string offset=267
.Linfo_string8:
	.asciz	"unsigned int"                  @ string offset=272
.Linfo_string9:
	.asciz	"uint32_t"                      @ string offset=285
.Linfo_string10:
	.asciz	"CTL1"                          @ string offset=294
.Linfo_string11:
	.asciz	"RESERVE0"                      @ string offset=299
.Linfo_string12:
	.asciz	"RXCLKDLY"                      @ string offset=308
.Linfo_string13:
	.asciz	"RX"                            @ string offset=317
.Linfo_string14:
	.asciz	"TX"                            @ string offset=320
.Linfo_string15:
	.asciz	"SRAMADDR"                      @ string offset=323
.Linfo_string16:
	.asciz	"DMACNT"                        @ string offset=332
.Linfo_string17:
	.asciz	"FADDR"                         @ string offset=339
.Linfo_string18:
	.asciz	"RESERVE1"                      @ string offset=345
.Linfo_string19:
	.asciz	"DMMCTL"                        @ string offset=354
.Linfo_string20:
	.asciz	"CTL2"                          @ string offset=361
.Linfo_string21:
	.asciz	"CMDCODE"                       @ string offset=366
.Linfo_string22:
	.asciz	"MODE"                          @ string offset=374
.Linfo_string23:
	.asciz	"PHDMAW"                        @ string offset=379
.Linfo_string24:
	.asciz	"PHDMAR"                        @ string offset=386
.Linfo_string25:
	.asciz	"PHDMM"                         @ string offset=393
.Linfo_string26:
	.asciz	"RESERVE2"                      @ string offset=399
.Linfo_string27:
	.asciz	"DLL0"                          @ string offset=408
.Linfo_string28:
	.asciz	"DLL1"                          @ string offset=413
.Linfo_string29:
	.asciz	"DLL2"                          @ string offset=418
.Linfo_string30:
	.asciz	"RESERVE3"                      @ string offset=423
.Linfo_string31:
	.asciz	"HYPER_CMD"                     @ string offset=432
.Linfo_string32:
	.asciz	"HYPER_CONFIG1"                 @ string offset=442
.Linfo_string33:
	.asciz	"HYPER_CONFIG2"                 @ string offset=456
.Linfo_string34:
	.asciz	"HYPER_ADR"                     @ string offset=470
.Linfo_string35:
	.asciz	"HYPER_WDATA"                   @ string offset=480
.Linfo_string36:
	.asciz	"HYPER_RDATA"                   @ string offset=492
.Linfo_string37:
	.asciz	"HYPER_INTEN"                   @ string offset=504
.Linfo_string38:
	.asciz	"HYPER_INTSTS"                  @ string offset=516
.Linfo_string39:
	.asciz	"SPIM_T"                        @ string offset=529
.Linfo_string40:
	.asciz	"SDH_T"                         @ string offset=536
.Linfo_string41:
	.asciz	"PDID"                          @ string offset=542
.Linfo_string42:
	.asciz	"RSTCTL"                        @ string offset=547
.Linfo_string43:
	.asciz	"RSTSTS"                        @ string offset=554
.Linfo_string44:
	.asciz	"VTORSET"                       @ string offset=561
.Linfo_string45:
	.asciz	"SRAMICTL"                      @ string offset=569
.Linfo_string46:
	.asciz	"SRAMSTS"                       @ string offset=578
.Linfo_string47:
	.asciz	"SRAMEADR"                      @ string offset=586
.Linfo_string48:
	.asciz	"BODCTL"                        @ string offset=595
.Linfo_string49:
	.asciz	"BODSTS"                        @ string offset=602
.Linfo_string50:
	.asciz	"PORCTL"                        @ string offset=609
.Linfo_string51:
	.asciz	"VREFCTL"                       @ string offset=616
.Linfo_string52:
	.asciz	"IVSCTL"                        @ string offset=624
.Linfo_string53:
	.asciz	"USBPHY"                        @ string offset=631
.Linfo_string54:
	.asciz	"UTCPDCTL"                      @ string offset=638
.Linfo_string55:
	.asciz	"DBUSCTL"                       @ string offset=647
.Linfo_string56:
	.asciz	"GPA_MFOS"                      @ string offset=655
.Linfo_string57:
	.asciz	"GPB_MFOS"                      @ string offset=664
.Linfo_string58:
	.asciz	"GPC_MFOS"                      @ string offset=673
.Linfo_string59:
	.asciz	"GPD_MFOS"                      @ string offset=682
.Linfo_string60:
	.asciz	"GPE_MFOS"                      @ string offset=691
.Linfo_string61:
	.asciz	"GPF_MFOS"                      @ string offset=700
.Linfo_string62:
	.asciz	"GPG_MFOS"                      @ string offset=709
.Linfo_string63:
	.asciz	"GPH_MFOS"                      @ string offset=718
.Linfo_string64:
	.asciz	"GPI_MFOS"                      @ string offset=727
.Linfo_string65:
	.asciz	"GPJ_MFOS"                      @ string offset=736
.Linfo_string66:
	.asciz	"REGLCTL"                       @ string offset=745
.Linfo_string67:
	.asciz	"RESERVE4"                      @ string offset=753
.Linfo_string68:
	.asciz	"TCTL48M"                       @ string offset=762
.Linfo_string69:
	.asciz	"TIEN48M"                       @ string offset=770
.Linfo_string70:
	.asciz	"TISTS48M"                      @ string offset=778
.Linfo_string71:
	.asciz	"RESERVE5"                      @ string offset=787
.Linfo_string72:
	.asciz	"TCTL12M"                       @ string offset=796
.Linfo_string73:
	.asciz	"TIEN12M"                       @ string offset=804
.Linfo_string74:
	.asciz	"TISTS12M"                      @ string offset=812
.Linfo_string75:
	.asciz	"RESERVE6"                      @ string offset=821
.Linfo_string76:
	.asciz	"TCTLMIRC"                      @ string offset=830
.Linfo_string77:
	.asciz	"TIENMIRC"                      @ string offset=839
.Linfo_string78:
	.asciz	"TISTSMIRC"                     @ string offset=848
.Linfo_string79:
	.asciz	"RESERVE7"                      @ string offset=858
.Linfo_string80:
	.asciz	"ACMPRST"                       @ string offset=867
.Linfo_string81:
	.asciz	"AWFRST"                        @ string offset=875
.Linfo_string82:
	.asciz	"BPWMRST"                       @ string offset=882
.Linfo_string83:
	.asciz	"CANFDRST"                      @ string offset=890
.Linfo_string84:
	.asciz	"CCAPRST"                       @ string offset=899
.Linfo_string85:
	.asciz	"CRCRST"                        @ string offset=907
.Linfo_string86:
	.asciz	"CRYPTORST"                     @ string offset=914
.Linfo_string87:
	.asciz	"DACRST"                        @ string offset=924
.Linfo_string88:
	.asciz	"DMICRST"                       @ string offset=931
.Linfo_string89:
	.asciz	"EADCRST"                       @ string offset=939
.Linfo_string90:
	.asciz	"EBIRST"                        @ string offset=947
.Linfo_string91:
	.asciz	"ECAPRST"                       @ string offset=954
.Linfo_string92:
	.asciz	"EMACRST"                       @ string offset=962
.Linfo_string93:
	.asciz	"EPWMRST"                       @ string offset=970
.Linfo_string94:
	.asciz	"EQEIRST"                       @ string offset=978
.Linfo_string95:
	.asciz	"FMCRST"                        @ string offset=986
.Linfo_string96:
	.asciz	"GDMARST"                       @ string offset=993
.Linfo_string97:
	.asciz	"GPIORST"                       @ string offset=1001
.Linfo_string98:
	.asciz	"HSOTGRST"                      @ string offset=1009
.Linfo_string99:
	.asciz	"HSUSBDRST"                     @ string offset=1018
.Linfo_string100:
	.asciz	"HSUSBHRST"                     @ string offset=1028
.Linfo_string101:
	.asciz	"I2CRST"                        @ string offset=1038
.Linfo_string102:
	.asciz	"I2SRST"                        @ string offset=1045
.Linfo_string103:
	.asciz	"I3CRST"                        @ string offset=1052
.Linfo_string104:
	.asciz	"KDFRST"                        @ string offset=1059
.Linfo_string105:
	.asciz	"KPIRST"                        @ string offset=1066
.Linfo_string106:
	.asciz	"KSRST"                         @ string offset=1073
.Linfo_string107:
	.asciz	"LPADCRST"                      @ string offset=1079
.Linfo_string108:
	.asciz	"LPPDMARST"                     @ string offset=1088
.Linfo_string109:
	.asciz	"LPGPIORST"                     @ string offset=1098
.Linfo_string110:
	.asciz	"LPI2CRST"                      @ string offset=1108
.Linfo_string111:
	.asciz	"LPSPIRST"                      @ string offset=1117
.Linfo_string112:
	.asciz	"LPTMRRST"                      @ string offset=1126
.Linfo_string113:
	.asciz	"LPUARTRST"                     @ string offset=1135
.Linfo_string114:
	.asciz	"OTFCRST"                       @ string offset=1145
.Linfo_string115:
	.asciz	"OTGRST"                        @ string offset=1153
.Linfo_string116:
	.asciz	"PDMARST"                       @ string offset=1160
.Linfo_string117:
	.asciz	"PSIORST"                       @ string offset=1168
.Linfo_string118:
	.asciz	"QSPIRST"                       @ string offset=1176
.Linfo_string119:
	.asciz	"RTCRST"                        @ string offset=1184
.Linfo_string120:
	.asciz	"SCRST"                         @ string offset=1191
.Linfo_string121:
	.asciz	"SCURST"                        @ string offset=1197
.Linfo_string122:
	.asciz	"SDHRST"                        @ string offset=1204
.Linfo_string123:
	.asciz	"SPIRST"                        @ string offset=1211
.Linfo_string124:
	.asciz	"SPIMRST"                       @ string offset=1218
.Linfo_string125:
	.asciz	"RESERVE8"                      @ string offset=1226
.Linfo_string126:
	.asciz	"TMRRST"                        @ string offset=1235
.Linfo_string127:
	.asciz	"TRNGRST"                       @ string offset=1242
.Linfo_string128:
	.asciz	"TTMRRST"                       @ string offset=1250
.Linfo_string129:
	.asciz	"UARTRST"                       @ string offset=1258
.Linfo_string130:
	.asciz	"USBDRST"                       @ string offset=1266
.Linfo_string131:
	.asciz	"USBHRST"                       @ string offset=1274
.Linfo_string132:
	.asciz	"USCIRST"                       @ string offset=1282
.Linfo_string133:
	.asciz	"UTCPDRST"                      @ string offset=1290
.Linfo_string134:
	.asciz	"WWDTRST"                       @ string offset=1299
.Linfo_string135:
	.asciz	"RESERVE9"                      @ string offset=1307
.Linfo_string136:
	.asciz	"GPA_MFP0"                      @ string offset=1316
.Linfo_string137:
	.asciz	"GPA_MFP1"                      @ string offset=1325
.Linfo_string138:
	.asciz	"GPA_MFP2"                      @ string offset=1334
.Linfo_string139:
	.asciz	"GPA_MFP3"                      @ string offset=1343
.Linfo_string140:
	.asciz	"GPB_MFP0"                      @ string offset=1352
.Linfo_string141:
	.asciz	"GPB_MFP1"                      @ string offset=1361
.Linfo_string142:
	.asciz	"GPB_MFP2"                      @ string offset=1370
.Linfo_string143:
	.asciz	"GPB_MFP3"                      @ string offset=1379
.Linfo_string144:
	.asciz	"GPC_MFP0"                      @ string offset=1388
.Linfo_string145:
	.asciz	"GPC_MFP1"                      @ string offset=1397
.Linfo_string146:
	.asciz	"GPC_MFP2"                      @ string offset=1406
.Linfo_string147:
	.asciz	"GPC_MFP3"                      @ string offset=1415
.Linfo_string148:
	.asciz	"GPD_MFP0"                      @ string offset=1424
.Linfo_string149:
	.asciz	"GPD_MFP1"                      @ string offset=1433
.Linfo_string150:
	.asciz	"GPD_MFP2"                      @ string offset=1442
.Linfo_string151:
	.asciz	"GPD_MFP3"                      @ string offset=1451
.Linfo_string152:
	.asciz	"GPE_MFP0"                      @ string offset=1460
.Linfo_string153:
	.asciz	"GPE_MFP1"                      @ string offset=1469
.Linfo_string154:
	.asciz	"GPE_MFP2"                      @ string offset=1478
.Linfo_string155:
	.asciz	"GPE_MFP3"                      @ string offset=1487
.Linfo_string156:
	.asciz	"GPF_MFP0"                      @ string offset=1496
.Linfo_string157:
	.asciz	"GPF_MFP1"                      @ string offset=1505
.Linfo_string158:
	.asciz	"GPF_MFP2"                      @ string offset=1514
.Linfo_string159:
	.asciz	"RESERVE10"                     @ string offset=1523
.Linfo_string160:
	.asciz	"GPG_MFP0"                      @ string offset=1533
.Linfo_string161:
	.asciz	"GPG_MFP1"                      @ string offset=1542
.Linfo_string162:
	.asciz	"GPG_MFP2"                      @ string offset=1551
.Linfo_string163:
	.asciz	"GPG_MFP3"                      @ string offset=1560
.Linfo_string164:
	.asciz	"GPH_MFP0"                      @ string offset=1569
.Linfo_string165:
	.asciz	"GPH_MFP1"                      @ string offset=1578
.Linfo_string166:
	.asciz	"GPH_MFP2"                      @ string offset=1587
.Linfo_string167:
	.asciz	"GPH_MFP3"                      @ string offset=1596
.Linfo_string168:
	.asciz	"RESERVE11"                     @ string offset=1605
.Linfo_string169:
	.asciz	"GPI_MFP1"                      @ string offset=1615
.Linfo_string170:
	.asciz	"GPI_MFP2"                      @ string offset=1624
.Linfo_string171:
	.asciz	"GPI_MFP3"                      @ string offset=1633
.Linfo_string172:
	.asciz	"GPJ_MFP0"                      @ string offset=1642
.Linfo_string173:
	.asciz	"GPJ_MFP1"                      @ string offset=1651
.Linfo_string174:
	.asciz	"GPJ_MFP2"                      @ string offset=1660
.Linfo_string175:
	.asciz	"GPJ_MFP3"                      @ string offset=1669
.Linfo_string176:
	.asciz	"RESERVE12"                     @ string offset=1678
.Linfo_string177:
	.asciz	"NMIEN"                         @ string offset=1688
.Linfo_string178:
	.asciz	"NMISTS"                        @ string offset=1694
.Linfo_string179:
	.asciz	"RESERVE13"                     @ string offset=1701
.Linfo_string180:
	.asciz	"SRAMBCTL"                      @ string offset=1711
.Linfo_string181:
	.asciz	"SRAMBFF"                       @ string offset=1720
.Linfo_string182:
	.asciz	"SRAMBRF"                       @ string offset=1728
.Linfo_string183:
	.asciz	"SYS_T"                         @ string offset=1736
.Linfo_string184:
	.asciz	"SYS_ResetModule"               @ string offset=1742
.Linfo_string185:
	.asciz	"_ZL13SYS_UnlockRegv"           @ string offset=1758
.Linfo_string186:
	.asciz	"SYS_UnlockReg"                 @ string offset=1778
.Linfo_string187:
	.asciz	"u32TimeOutCount"               @ string offset=1792
.Linfo_string188:
	.asciz	"_ZL8SYS_Initv"                 @ string offset=1808
.Linfo_string189:
	.asciz	"SYS_Init"                      @ string offset=1822
.Linfo_string190:
	.asciz	"SetDebugUartCLK"               @ string offset=1831
.Linfo_string191:
	.asciz	"_ZL16SDCard_PinConfigv"        @ string offset=1847
.Linfo_string192:
	.asciz	"SDCard_PinConfig"              @ string offset=1870
.Linfo_string193:
	.asciz	"_ZL11SYS_LockRegv"             @ string offset=1887
.Linfo_string194:
	.asciz	"SYS_LockReg"                   @ string offset=1905
.Linfo_string195:
	.asciz	"size_t"                        @ string offset=1917
.Linfo_string196:
	.asciz	"__fpos_t_struct"               @ string offset=1924
.Linfo_string197:
	.asciz	"fpos_t"                        @ string offset=1940
.Linfo_string198:
	.asciz	"__FILE"                        @ string offset=1947
.Linfo_string199:
	.asciz	"FILE"                          @ string offset=1954
.Linfo_string200:
	.asciz	"remove"                        @ string offset=1959
.Linfo_string201:
	.asciz	"int"                           @ string offset=1966
.Linfo_string202:
	.asciz	"rename"                        @ string offset=1970
.Linfo_string203:
	.asciz	"tmpfile"                       @ string offset=1977
.Linfo_string204:
	.asciz	"tmpnam"                        @ string offset=1985
.Linfo_string205:
	.asciz	"fclose"                        @ string offset=1992
.Linfo_string206:
	.asciz	"fflush"                        @ string offset=1999
.Linfo_string207:
	.asciz	"fopen"                         @ string offset=2006
.Linfo_string208:
	.asciz	"freopen"                       @ string offset=2012
.Linfo_string209:
	.asciz	"setbuf"                        @ string offset=2020
.Linfo_string210:
	.asciz	"setvbuf"                       @ string offset=2027
.Linfo_string211:
	.asciz	"fprintf"                       @ string offset=2035
.Linfo_string212:
	.asciz	"_fprintf"                      @ string offset=2043
.Linfo_string213:
	.asciz	"printf"                        @ string offset=2052
.Linfo_string214:
	.asciz	"_printf"                       @ string offset=2059
.Linfo_string215:
	.asciz	"sprintf"                       @ string offset=2067
.Linfo_string216:
	.asciz	"_sprintf"                      @ string offset=2075
.Linfo_string217:
	.asciz	"snprintf"                      @ string offset=2084
.Linfo_string218:
	.asciz	"vsnprintf"                     @ string offset=2093
.Linfo_string219:
	.asciz	"std"                           @ string offset=2103
.Linfo_string220:
	.asciz	"__va_list"                     @ string offset=2107
.Linfo_string221:
	.asciz	"__builtin_va_list"             @ string offset=2117
.Linfo_string222:
	.asciz	"vfscanf"                       @ string offset=2135
.Linfo_string223:
	.asciz	"vscanf"                        @ string offset=2143
.Linfo_string224:
	.asciz	"vsscanf"                       @ string offset=2150
.Linfo_string225:
	.asciz	"_snprintf"                     @ string offset=2158
.Linfo_string226:
	.asciz	"_vsnprintf"                    @ string offset=2168
.Linfo_string227:
	.asciz	"__ARM_asprintf"                @ string offset=2179
.Linfo_string228:
	.asciz	"__ARM_vasprintf"               @ string offset=2194
.Linfo_string229:
	.asciz	"__ARM_vsnprintf"               @ string offset=2210
.Linfo_string230:
	.asciz	"__ARM_snprintf"                @ string offset=2226
.Linfo_string231:
	.asciz	"__ARM_vsscanf"                 @ string offset=2241
.Linfo_string232:
	.asciz	"fscanf"                        @ string offset=2255
.Linfo_string233:
	.asciz	"_fscanf"                       @ string offset=2262
.Linfo_string234:
	.asciz	"scanf"                         @ string offset=2270
.Linfo_string235:
	.asciz	"_scanf"                        @ string offset=2276
.Linfo_string236:
	.asciz	"sscanf"                        @ string offset=2283
.Linfo_string237:
	.asciz	"_sscanf"                       @ string offset=2290
.Linfo_string238:
	.asciz	"_vfscanf"                      @ string offset=2298
.Linfo_string239:
	.asciz	"_vscanf"                       @ string offset=2307
.Linfo_string240:
	.asciz	"_vsscanf"                      @ string offset=2315
.Linfo_string241:
	.asciz	"vprintf"                       @ string offset=2324
.Linfo_string242:
	.asciz	"_vprintf"                      @ string offset=2332
.Linfo_string243:
	.asciz	"vfprintf"                      @ string offset=2341
.Linfo_string244:
	.asciz	"_vfprintf"                     @ string offset=2350
.Linfo_string245:
	.asciz	"vsprintf"                      @ string offset=2360
.Linfo_string246:
	.asciz	"_vsprintf"                     @ string offset=2369
.Linfo_string247:
	.asciz	"fgetc"                         @ string offset=2379
.Linfo_string248:
	.asciz	"fgets"                         @ string offset=2385
.Linfo_string249:
	.asciz	"fputc"                         @ string offset=2391
.Linfo_string250:
	.asciz	"fputs"                         @ string offset=2397
.Linfo_string251:
	.asciz	"getc"                          @ string offset=2403
.Linfo_string252:
	.asciz	"getchar"                       @ string offset=2408
.Linfo_string253:
	.asciz	"gets"                          @ string offset=2416
.Linfo_string254:
	.asciz	"putc"                          @ string offset=2421
.Linfo_string255:
	.asciz	"putchar"                       @ string offset=2426
.Linfo_string256:
	.asciz	"puts"                          @ string offset=2434
.Linfo_string257:
	.asciz	"ungetc"                        @ string offset=2439
.Linfo_string258:
	.asciz	"fread"                         @ string offset=2446
.Linfo_string259:
	.asciz	"__fread_bytes_avail"           @ string offset=2452
.Linfo_string260:
	.asciz	"fwrite"                        @ string offset=2472
.Linfo_string261:
	.asciz	"fgetpos"                       @ string offset=2479
.Linfo_string262:
	.asciz	"fseek"                         @ string offset=2487
.Linfo_string263:
	.asciz	"long"                          @ string offset=2493
.Linfo_string264:
	.asciz	"fsetpos"                       @ string offset=2498
.Linfo_string265:
	.asciz	"ftell"                         @ string offset=2506
.Linfo_string266:
	.asciz	"rewind"                        @ string offset=2512
.Linfo_string267:
	.asciz	"clearerr"                      @ string offset=2519
.Linfo_string268:
	.asciz	"feof"                          @ string offset=2528
.Linfo_string269:
	.asciz	"ferror"                        @ string offset=2533
.Linfo_string270:
	.asciz	"perror"                        @ string offset=2540
.Linfo_string271:
	.asciz	"_fisatty"                      @ string offset=2547
.Linfo_string272:
	.asciz	"__use_no_semihosting_swi"      @ string offset=2556
.Linfo_string273:
	.asciz	"__use_no_semihosting"          @ string offset=2581
.Linfo_string274:
	.asciz	"__2"                           @ string offset=2602
.Linfo_string275:
	.asciz	"signed char"                   @ string offset=2606
.Linfo_string276:
	.asciz	"int8_t"                        @ string offset=2618
.Linfo_string277:
	.asciz	"short"                         @ string offset=2625
.Linfo_string278:
	.asciz	"int16_t"                       @ string offset=2631
.Linfo_string279:
	.asciz	"int32_t"                       @ string offset=2639
.Linfo_string280:
	.asciz	"long long"                     @ string offset=2647
.Linfo_string281:
	.asciz	"int64_t"                       @ string offset=2657
.Linfo_string282:
	.asciz	"unsigned char"                 @ string offset=2665
.Linfo_string283:
	.asciz	"uint8_t"                       @ string offset=2679
.Linfo_string284:
	.asciz	"unsigned short"                @ string offset=2687
.Linfo_string285:
	.asciz	"uint16_t"                      @ string offset=2702
.Linfo_string286:
	.asciz	"int_least8_t"                  @ string offset=2711
.Linfo_string287:
	.asciz	"int_least16_t"                 @ string offset=2724
.Linfo_string288:
	.asciz	"int_least32_t"                 @ string offset=2738
.Linfo_string289:
	.asciz	"int_least64_t"                 @ string offset=2752
.Linfo_string290:
	.asciz	"uint_least8_t"                 @ string offset=2766
.Linfo_string291:
	.asciz	"uint_least16_t"                @ string offset=2780
.Linfo_string292:
	.asciz	"uint_least32_t"                @ string offset=2795
.Linfo_string293:
	.asciz	"uint_least64_t"                @ string offset=2810
.Linfo_string294:
	.asciz	"int_fast8_t"                   @ string offset=2825
.Linfo_string295:
	.asciz	"int_fast16_t"                  @ string offset=2837
.Linfo_string296:
	.asciz	"int_fast32_t"                  @ string offset=2850
.Linfo_string297:
	.asciz	"int_fast64_t"                  @ string offset=2863
.Linfo_string298:
	.asciz	"uint_fast8_t"                  @ string offset=2876
.Linfo_string299:
	.asciz	"uint_fast16_t"                 @ string offset=2889
.Linfo_string300:
	.asciz	"uint_fast32_t"                 @ string offset=2903
.Linfo_string301:
	.asciz	"uint_fast64_t"                 @ string offset=2917
.Linfo_string302:
	.asciz	"intptr_t"                      @ string offset=2931
.Linfo_string303:
	.asciz	"uintptr_t"                     @ string offset=2940
.Linfo_string304:
	.asciz	"intmax_t"                      @ string offset=2950
.Linfo_string305:
	.asciz	"uintmax_t"                     @ string offset=2959
.Linfo_string306:
	.asciz	"ptrdiff_t"                     @ string offset=2969
.Linfo_string307:
	.asciz	"long double"                   @ string offset=2979
.Linfo_string308:
	.asciz	"max_align_t"                   @ string offset=2991
.Linfo_string309:
	.asciz	"_Z9BoardInitv"                 @ string offset=3003
.Linfo_string310:
	.asciz	"BoardInit"                     @ string offset=3017
.Linfo_string311:
	.asciz	"state"                         @ string offset=3027
	.ident	"Component: Arm Compiler for Embedded 6.21 Tool: armclang [5ec1fd00]"
	.section	".note.GNU-stack","",%progbits
	.eabi_attribute	30, 1	@ Tag_ABI_optimization_goals
	.ARM_attribute	16, 1	@ Tag_AV_eba
	.section	.debug_line,"",%progbits
.Lline_table_start0:
