	.text
	.syntax unified
	.eabi_attribute	67, "2.09"	@ Tag_conformance
	.cpu	cortex-m55
	.eabi_attribute	6, 21	@ Tag_CPU_arch
	.eabi_attribute	7, 77	@ Tag_CPU_arch_profile
	.eabi_attribute	8, 0	@ Tag_ARM_ISA_use
	.eabi_attribute	9, 3	@ Tag_THUMB_ISA_use
	.fpu	fpv5-d16
	.eabi_attribute	36, 1	@ Tag_FP_HP_extension
	.eabi_attribute	48, 2	@ Tag_MVE_arch
	.eabi_attribute	46, 1	@ Tag_DSP_extension
	.eabi_attribute	34, 1	@ Tag_CPU_unaligned_access
	.eabi_attribute	17, 1	@ Tag_ABI_PCS_GOT_use
	.eabi_attribute	20, 2	@ Tag_ABI_FP_denormal
	.eabi_attribute	21, 0	@ Tag_ABI_FP_exceptions
	.eabi_attribute	23, 1	@ Tag_ABI_FP_number_model
	.eabi_attribute	24, 1	@ Tag_ABI_align_needed
	.eabi_attribute	25, 1	@ Tag_ABI_align_preserved
	.eabi_attribute	28, 1	@ Tag_ABI_VFP_args
	.eabi_attribute	38, 1	@ Tag_ABI_FP_16bit_format
	.eabi_attribute	18, 2	@ Tag_ABI_PCS_wchar_t
	.eabi_attribute	26, 1	@ Tag_ABI_enum_size
	.eabi_attribute	14, 0	@ Tag_ABI_PCS_R9_use
	.file	"ControllerFunctions.c"
	.file	1 "C:\\Users\\rohankoshy\\Downloads\\en-us--M55M1_Series_BSP_CMSIS_V3.01.003\\SampleCode\\NuEdgeWise\\PoseLandmark_YOLOv8n\\KEIL" "../../../../Library/CMSIS/DSP/Include\\arm_math_types.h"
	.file	2 "C:\\Keil_v5\\ARM\\ARMCLANG\\Bin\\..\\include" "stdint.h"
	.section	.text.arm_pid_init_f32,"ax",%progbits
	.hidden	arm_pid_init_f32                @ -- Begin function arm_pid_init_f32
	.globl	arm_pid_init_f32
	.p2align	2
	.type	arm_pid_init_f32,%function
	.code	16                              @ @arm_pid_init_f32
	.thumb_func
arm_pid_init_f32:
.Lfunc_begin0:
	.fnstart
	.cfi_sections .debug_frame
	.cfi_startproc
@ %bb.0:
	@DEBUG_VALUE: arm_pid_init_f32:S <- $r0
	@DEBUG_VALUE: arm_pid_init_f32:resetStateFlag <- $r1
	.file	3 "C:/Keil_v5/Packs/ARM/CMSIS-DSP/1.15.0/Source/ControllerFunctions" "arm_pid_init_f32.c"
	.loc	3 56 14 prologue_end            @ C:/Keil_v5/Packs/ARM/CMSIS-DSP/1.15.0/Source/ControllerFunctions/arm_pid_init_f32.c:56:14
	vldr	s0, [r0, #24]
	.loc	3 56 22 is_stmt 0               @ C:/Keil_v5/Packs/ARM/CMSIS-DSP/1.15.0/Source/ControllerFunctions/arm_pid_init_f32.c:56:22
	vldr	s2, [r0, #28]
	.loc	3 56 30                         @ C:/Keil_v5/Packs/ARM/CMSIS-DSP/1.15.0/Source/ControllerFunctions/arm_pid_init_f32.c:56:30
	vldr	s4, [r0, #32]
	.loc	3 56 17                         @ C:/Keil_v5/Packs/ARM/CMSIS-DSP/1.15.0/Source/ControllerFunctions/arm_pid_init_f32.c:56:17
	vadd.f32	s2, s0, s2
	vmov.f32	s6, #2.000000e+00
	.loc	3 56 25                         @ C:/Keil_v5/Packs/ARM/CMSIS-DSP/1.15.0/Source/ControllerFunctions/arm_pid_init_f32.c:56:25
	vadd.f32	s2, s2, s4
	.loc	3 59 20 is_stmt 1               @ C:/Keil_v5/Packs/ARM/CMSIS-DSP/1.15.0/Source/ControllerFunctions/arm_pid_init_f32.c:59:20
	vfnma.f32	s0, s4, s6
	.loc	3 56 9                          @ C:/Keil_v5/Packs/ARM/CMSIS-DSP/1.15.0/Source/ControllerFunctions/arm_pid_init_f32.c:56:9
	vstr	s2, [r0]
	.loc	3 59 9                          @ C:/Keil_v5/Packs/ARM/CMSIS-DSP/1.15.0/Source/ControllerFunctions/arm_pid_init_f32.c:59:9
	vstr	s0, [r0, #4]
	.loc	3 65 7                          @ C:/Keil_v5/Packs/ARM/CMSIS-DSP/1.15.0/Source/ControllerFunctions/arm_pid_init_f32.c:65:7
	cmp	r1, #0
	.loc	3 62 9                          @ C:/Keil_v5/Packs/ARM/CMSIS-DSP/1.15.0/Source/ControllerFunctions/arm_pid_init_f32.c:62:9
	vstr	s4, [r0, #8]
	ittt	ne
	movne	r1, #0
.Ltmp0:
	@DEBUG_VALUE: arm_pid_init_f32:resetStateFlag <- [DW_OP_LLVM_entry_value 1] $r1
	.loc	3 68 5                          @ C:/Keil_v5/Packs/ARM/CMSIS-DSP/1.15.0/Source/ControllerFunctions/arm_pid_init_f32.c:68:5
	strdne	r1, r1, [r0, #12]
	strne	r1, [r0, #20]
.Ltmp1:
	.loc	3 71 1                          @ C:/Keil_v5/Packs/ARM/CMSIS-DSP/1.15.0/Source/ControllerFunctions/arm_pid_init_f32.c:71:1
	bx	lr
.Ltmp2:
.Lfunc_end0:
	.size	arm_pid_init_f32, .Lfunc_end0-arm_pid_init_f32
	.cfi_endproc
	.cantunwind
	.fnend
                                        @ -- End function
	.section	.text.arm_pid_init_q15,"ax",%progbits
	.hidden	arm_pid_init_q15                @ -- Begin function arm_pid_init_q15
	.globl	arm_pid_init_q15
	.p2align	2
	.type	arm_pid_init_q15,%function
	.code	16                              @ @arm_pid_init_q15
	.thumb_func
arm_pid_init_q15:
.Lfunc_begin1:
	.file	4 "C:/Keil_v5/Packs/ARM/CMSIS-DSP/1.15.0/Source/ControllerFunctions" "arm_pid_init_q15.c"
	.loc	4 54 0                          @ C:/Keil_v5/Packs/ARM/CMSIS-DSP/1.15.0/Source/ControllerFunctions/arm_pid_init_q15.c:54:0
	.fnstart
	.cfi_startproc
@ %bb.0:
	@DEBUG_VALUE: arm_pid_init_q15:S <- $r0
	@DEBUG_VALUE: arm_pid_init_q15:resetStateFlag <- $r1
	.save	{r7, lr}
	push	{r7, lr}
	.cfi_def_cfa_offset 8
	.cfi_offset lr, -4
	.cfi_offset r7, -8
.Ltmp3:
	.loc	4 59 32 prologue_end            @ C:/Keil_v5/Packs/ARM/CMSIS-DSP/1.15.0/Source/ControllerFunctions/arm_pid_init_q15.c:59:32
	ldrsh.w	r2, [r0, #14]
	.loc	4 59 39 is_stmt 0               @ C:/Keil_v5/Packs/ARM/CMSIS-DSP/1.15.0/Source/ControllerFunctions/arm_pid_init_q15.c:59:39
	ldrsh.w	r12, [r0, #16]
	.loc	4 59 47                         @ C:/Keil_v5/Packs/ARM/CMSIS-DSP/1.15.0/Source/ControllerFunctions/arm_pid_init_q15.c:59:47
	ldrsh.w	r3, [r0, #18]
	.loc	4 59 20                         @ C:/Keil_v5/Packs/ARM/CMSIS-DSP/1.15.0/Source/ControllerFunctions/arm_pid_init_q15.c:59:20
	qadd16	r12, r2, r12
.Ltmp4:
	.loc	4 64 11 is_stmt 1               @ C:/Keil_v5/Packs/ARM/CMSIS-DSP/1.15.0/Source/ControllerFunctions/arm_pid_init_q15.c:64:11
	qadd16	lr, r3, r3
.Ltmp5:
	.loc	4 59 11                         @ C:/Keil_v5/Packs/ARM/CMSIS-DSP/1.15.0/Source/ControllerFunctions/arm_pid_init_q15.c:59:11
	qadd16	r12, r12, r3
.Ltmp6:
	.loc	4 64 11                         @ C:/Keil_v5/Packs/ARM/CMSIS-DSP/1.15.0/Source/ControllerFunctions/arm_pid_init_q15.c:64:11
	qadd16	r2, lr, r2
.Ltmp7:
	.loc	4 59 9                          @ C:/Keil_v5/Packs/ARM/CMSIS-DSP/1.15.0/Source/ControllerFunctions/arm_pid_init_q15.c:59:9
	strh.w	r12, [r0]
.Ltmp8:
	.loc	4 64 11                         @ C:/Keil_v5/Packs/ARM/CMSIS-DSP/1.15.0/Source/ControllerFunctions/arm_pid_init_q15.c:64:11
	rsbs	r2, r2, #0
.Ltmp9:
	@DEBUG_VALUE: __ARG2 <- $r3
	@DEBUG_VALUE: __ARG1 <- $r2
	@APP
	pkhbt	r2, r2, r3, lsl #16
	@NO_APP
.Ltmp10:
	@DEBUG_VALUE: __RES <- $r2
	.loc	4 85 7                          @ C:/Keil_v5/Packs/ARM/CMSIS-DSP/1.15.0/Source/ControllerFunctions/arm_pid_init_q15.c:85:7
	cmp	r1, #0
	.loc	4 64 9                          @ C:/Keil_v5/Packs/ARM/CMSIS-DSP/1.15.0/Source/ControllerFunctions/arm_pid_init_q15.c:64:9
	str	r2, [r0, #4]
	ittt	ne
	movne	r1, #0
.Ltmp11:
	@DEBUG_VALUE: arm_pid_init_q15:resetStateFlag <- [DW_OP_LLVM_entry_value 1] $r1
	.loc	4 88 5                          @ C:/Keil_v5/Packs/ARM/CMSIS-DSP/1.15.0/Source/ControllerFunctions/arm_pid_init_q15.c:88:5
	strhne	r1, [r0, #12]
	strne	r1, [r0, #8]
.Ltmp12:
	.loc	4 91 1 epilogue_begin           @ C:/Keil_v5/Packs/ARM/CMSIS-DSP/1.15.0/Source/ControllerFunctions/arm_pid_init_q15.c:91:1
	pop	{r7, pc}
.Ltmp13:
.Lfunc_end1:
	.size	arm_pid_init_q15, .Lfunc_end1-arm_pid_init_q15
	.cfi_endproc
	.cantunwind
	.fnend
                                        @ -- End function
	.section	.text.arm_pid_init_q31,"ax",%progbits
	.hidden	arm_pid_init_q31                @ -- Begin function arm_pid_init_q31
	.globl	arm_pid_init_q31
	.p2align	2
	.type	arm_pid_init_q31,%function
	.code	16                              @ @arm_pid_init_q31
	.thumb_func
arm_pid_init_q31:
.Lfunc_begin2:
	.fnstart
	.cfi_startproc
@ %bb.0:
	@DEBUG_VALUE: arm_pid_init_q31:S <- $r0
	@DEBUG_VALUE: arm_pid_init_q31:resetStateFlag <- $r1
	.file	5 "C:/Keil_v5/Packs/ARM/CMSIS-DSP/1.15.0/Source/ControllerFunctions" "arm_pid_init_q31.c"
	.loc	5 59 28 prologue_end            @ C:/Keil_v5/Packs/ARM/CMSIS-DSP/1.15.0/Source/ControllerFunctions/arm_pid_init_q31.c:59:28
	ldrd	r2, r12, [r0, #24]
	.loc	5 59 43 is_stmt 0               @ C:/Keil_v5/Packs/ARM/CMSIS-DSP/1.15.0/Source/ControllerFunctions/arm_pid_init_q31.c:59:43
	ldr	r3, [r0, #32]
	.loc	5 82 7 is_stmt 1                @ C:/Keil_v5/Packs/ARM/CMSIS-DSP/1.15.0/Source/ControllerFunctions/arm_pid_init_q31.c:82:7
	cmp	r1, #0
	.loc	5 79 9                          @ C:/Keil_v5/Packs/ARM/CMSIS-DSP/1.15.0/Source/ControllerFunctions/arm_pid_init_q31.c:79:9
	str	r3, [r0, #8]
	.loc	5 59 18                         @ C:/Keil_v5/Packs/ARM/CMSIS-DSP/1.15.0/Source/ControllerFunctions/arm_pid_init_q31.c:59:18
	qadd	r12, r2, r12
	.loc	5 62 12                         @ C:/Keil_v5/Packs/ARM/CMSIS-DSP/1.15.0/Source/ControllerFunctions/arm_pid_init_q31.c:62:12
	qdadd	r2, r2, r3
	.loc	5 59 11                         @ C:/Keil_v5/Packs/ARM/CMSIS-DSP/1.15.0/Source/ControllerFunctions/arm_pid_init_q31.c:59:11
	qadd	r12, r12, r3
	.loc	5 62 11                         @ C:/Keil_v5/Packs/ARM/CMSIS-DSP/1.15.0/Source/ControllerFunctions/arm_pid_init_q31.c:62:11
	rsb.w	r2, r2, #0
	.loc	5 59 9                          @ C:/Keil_v5/Packs/ARM/CMSIS-DSP/1.15.0/Source/ControllerFunctions/arm_pid_init_q31.c:59:9
	strd	r12, r2, [r0]
	ittt	ne
	movne	r1, #0
.Ltmp14:
	@DEBUG_VALUE: arm_pid_init_q31:resetStateFlag <- [DW_OP_LLVM_entry_value 1] $r1
	.loc	5 85 5                          @ C:/Keil_v5/Packs/ARM/CMSIS-DSP/1.15.0/Source/ControllerFunctions/arm_pid_init_q31.c:85:5
	strdne	r1, r1, [r0, #12]
	strne	r1, [r0, #20]
.Ltmp15:
	.loc	5 88 1                          @ C:/Keil_v5/Packs/ARM/CMSIS-DSP/1.15.0/Source/ControllerFunctions/arm_pid_init_q31.c:88:1
	bx	lr
.Ltmp16:
.Lfunc_end2:
	.size	arm_pid_init_q31, .Lfunc_end2-arm_pid_init_q31
	.cfi_endproc
	.cantunwind
	.fnend
                                        @ -- End function
	.section	.text.arm_pid_reset_f32,"ax",%progbits
	.hidden	arm_pid_reset_f32               @ -- Begin function arm_pid_reset_f32
	.globl	arm_pid_reset_f32
	.p2align	2
	.type	arm_pid_reset_f32,%function
	.code	16                              @ @arm_pid_reset_f32
	.thumb_func
arm_pid_reset_f32:
.Lfunc_begin3:
	.file	6 "C:/Keil_v5/Packs/ARM/CMSIS-DSP/1.15.0/Source/ControllerFunctions" "arm_pid_reset_f32.c"
	.loc	6 47 0                          @ C:/Keil_v5/Packs/ARM/CMSIS-DSP/1.15.0/Source/ControllerFunctions/arm_pid_reset_f32.c:47:0
	.fnstart
	.cfi_startproc
@ %bb.0:
	@DEBUG_VALUE: arm_pid_reset_f32:S <- $r0
	movs	r1, #0
.Ltmp17:
	.loc	6 49 3 prologue_end             @ C:/Keil_v5/Packs/ARM/CMSIS-DSP/1.15.0/Source/ControllerFunctions/arm_pid_reset_f32.c:49:3
	strd	r1, r1, [r0, #12]
	str	r1, [r0, #20]
	.loc	6 50 1                          @ C:/Keil_v5/Packs/ARM/CMSIS-DSP/1.15.0/Source/ControllerFunctions/arm_pid_reset_f32.c:50:1
	bx	lr
.Ltmp18:
.Lfunc_end3:
	.size	arm_pid_reset_f32, .Lfunc_end3-arm_pid_reset_f32
	.cfi_endproc
	.cantunwind
	.fnend
                                        @ -- End function
	.section	.text.arm_pid_reset_q15,"ax",%progbits
	.hidden	arm_pid_reset_q15               @ -- Begin function arm_pid_reset_q15
	.globl	arm_pid_reset_q15
	.p2align	2
	.type	arm_pid_reset_q15,%function
	.code	16                              @ @arm_pid_reset_q15
	.thumb_func
arm_pid_reset_q15:
.Lfunc_begin4:
	.file	7 "C:/Keil_v5/Packs/ARM/CMSIS-DSP/1.15.0/Source/ControllerFunctions" "arm_pid_reset_q15.c"
	.loc	7 47 0                          @ C:/Keil_v5/Packs/ARM/CMSIS-DSP/1.15.0/Source/ControllerFunctions/arm_pid_reset_q15.c:47:0
	.fnstart
	.cfi_startproc
@ %bb.0:
	@DEBUG_VALUE: arm_pid_reset_q15:S <- $r0
	movs	r1, #0
.Ltmp19:
	.loc	7 49 3 prologue_end             @ C:/Keil_v5/Packs/ARM/CMSIS-DSP/1.15.0/Source/ControllerFunctions/arm_pid_reset_q15.c:49:3
	strh	r1, [r0, #12]
	str	r1, [r0, #8]
	.loc	7 50 1                          @ C:/Keil_v5/Packs/ARM/CMSIS-DSP/1.15.0/Source/ControllerFunctions/arm_pid_reset_q15.c:50:1
	bx	lr
.Ltmp20:
.Lfunc_end4:
	.size	arm_pid_reset_q15, .Lfunc_end4-arm_pid_reset_q15
	.cfi_endproc
	.cantunwind
	.fnend
                                        @ -- End function
	.section	.text.arm_pid_reset_q31,"ax",%progbits
	.hidden	arm_pid_reset_q31               @ -- Begin function arm_pid_reset_q31
	.globl	arm_pid_reset_q31
	.p2align	2
	.type	arm_pid_reset_q31,%function
	.code	16                              @ @arm_pid_reset_q31
	.thumb_func
arm_pid_reset_q31:
.Lfunc_begin5:
	.file	8 "C:/Keil_v5/Packs/ARM/CMSIS-DSP/1.15.0/Source/ControllerFunctions" "arm_pid_reset_q31.c"
	.loc	8 47 0                          @ C:/Keil_v5/Packs/ARM/CMSIS-DSP/1.15.0/Source/ControllerFunctions/arm_pid_reset_q31.c:47:0
	.fnstart
	.cfi_startproc
@ %bb.0:
	@DEBUG_VALUE: arm_pid_reset_q31:S <- $r0
	movs	r1, #0
.Ltmp21:
	.loc	8 49 3 prologue_end             @ C:/Keil_v5/Packs/ARM/CMSIS-DSP/1.15.0/Source/ControllerFunctions/arm_pid_reset_q31.c:49:3
	strd	r1, r1, [r0, #12]
	str	r1, [r0, #20]
	.loc	8 50 1                          @ C:/Keil_v5/Packs/ARM/CMSIS-DSP/1.15.0/Source/ControllerFunctions/arm_pid_reset_q31.c:50:1
	bx	lr
.Ltmp22:
.Lfunc_end5:
	.size	arm_pid_reset_q31, .Lfunc_end5-arm_pid_reset_q31
	.cfi_endproc
	.cantunwind
	.fnend
                                        @ -- End function
	.section	.text.arm_sin_cos_f32,"ax",%progbits
	.hidden	arm_sin_cos_f32                 @ -- Begin function arm_sin_cos_f32
	.globl	arm_sin_cos_f32
	.p2align	2
	.type	arm_sin_cos_f32,%function
	.code	16                              @ @arm_sin_cos_f32
	.thumb_func
arm_sin_cos_f32:
.Lfunc_begin6:
	.file	9 "C:/Keil_v5/Packs/ARM/CMSIS-DSP/1.15.0/Source/ControllerFunctions" "arm_sin_cos_f32.c"
	.loc	9 49 0                          @ C:/Keil_v5/Packs/ARM/CMSIS-DSP/1.15.0/Source/ControllerFunctions/arm_sin_cos_f32.c:49:0
	.fnstart
	.cfi_startproc
@ %bb.0:
	@DEBUG_VALUE: arm_sin_cos_f32:theta <- $s0
	@DEBUG_VALUE: arm_sin_cos_f32:pSinVal <- $r0
	@DEBUG_VALUE: arm_sin_cos_f32:pCosVal <- $r1
	.save	{r7, lr}
	push	{r7, lr}
	.cfi_def_cfa_offset 8
	.cfi_offset lr, -4
	.cfi_offset r7, -8
	vldr	s2, .LCPI6_0
.Ltmp23:
	.loc	9 76 9 prologue_end             @ C:/Keil_v5/Packs/ARM/CMSIS-DSP/1.15.0/Source/ControllerFunctions/arm_sin_cos_f32.c:76:9
	movw	r12, :lower16:sinTable_f32
	.loc	9 58 14                         @ C:/Keil_v5/Packs/ARM/CMSIS-DSP/1.15.0/Source/ControllerFunctions/arm_sin_cos_f32.c:58:14
	vmul.f32	s4, s0, s2
.Ltmp24:
	@DEBUG_VALUE: arm_sin_cos_f32:in <- $s4
	.loc	9 60 7                          @ C:/Keil_v5/Packs/ARM/CMSIS-DSP/1.15.0/Source/ControllerFunctions/arm_sin_cos_f32.c:60:7
	vnmul.f32	s2, s0, s2
	vcmp.f32	s4, #0
	vmrs	APSR_nzcv, fpscr
	it	lt
	vmovlt.f32	s4, s2
.Ltmp25:
	@DEBUG_VALUE: arm_sin_cos_f32:in <- $s4
	.loc	9 65 13                         @ C:/Keil_v5/Packs/ARM/CMSIS-DSP/1.15.0/Source/ControllerFunctions/arm_sin_cos_f32.c:65:13
	vrintz.f32	s2, s4
	.loc	9 76 9                          @ C:/Keil_v5/Packs/ARM/CMSIS-DSP/1.15.0/Source/ControllerFunctions/arm_sin_cos_f32.c:76:9
	movt	r12, :upper16:sinTable_f32
	.loc	9 65 11                         @ C:/Keil_v5/Packs/ARM/CMSIS-DSP/1.15.0/Source/ControllerFunctions/arm_sin_cos_f32.c:65:11
	vsub.f32	s2, s4, s2
.Ltmp26:
	@DEBUG_VALUE: arm_sin_cos_f32:in <- $s2
	.loc	9 0 11 is_stmt 0                @ C:/Keil_v5/Packs/ARM/CMSIS-DSP/1.15.0/Source/ControllerFunctions/arm_sin_cos_f32.c:0:11
	vldr	s4, .LCPI6_1
	vmov.f32	s7, #2.000000e+00
.Ltmp27:
	@DEBUG_VALUE: arm_sin_cos_f32:d2 <- $s6
	@DEBUG_VALUE: arm_sin_cos_f32:f2 <- $s8
	@DEBUG_VALUE: arm_sin_cos_f32:f1 <- $s10
	@DEBUG_VALUE: arm_sin_cos_f32:d1 <- $s4
	.loc	9 68 44 is_stmt 1               @ C:/Keil_v5/Packs/ARM/CMSIS-DSP/1.15.0/Source/ControllerFunctions/arm_sin_cos_f32.c:68:44
	vmul.f32	s2, s2, s4
.Ltmp28:
	@DEBUG_VALUE: arm_sin_cos_f32:findex <- $s2
	.loc	9 0 44 is_stmt 0                @ C:/Keil_v5/Packs/ARM/CMSIS-DSP/1.15.0/Source/ControllerFunctions/arm_sin_cos_f32.c:0:44
	vmov.f32	s1, #-2.000000e+00
	.loc	9 69 13 is_stmt 1               @ C:/Keil_v5/Packs/ARM/CMSIS-DSP/1.15.0/Source/ControllerFunctions/arm_sin_cos_f32.c:69:13
	vcvt.u32.f32	s4, s2
.Ltmp29:
	.loc	9 0 13 is_stmt 0                @ C:/Keil_v5/Packs/ARM/CMSIS-DSP/1.15.0/Source/ControllerFunctions/arm_sin_cos_f32.c:0:13
	vldr	s5, .LCPI6_2
	.loc	9 69 13                         @ C:/Keil_v5/Packs/ARM/CMSIS-DSP/1.15.0/Source/ControllerFunctions/arm_sin_cos_f32.c:69:13
	vmov	r2, s4
	.loc	9 70 20 is_stmt 1               @ C:/Keil_v5/Packs/ARM/CMSIS-DSP/1.15.0/Source/ControllerFunctions/arm_sin_cos_f32.c:70:20
	add.w	r3, r2, #128
.Ltmp30:
	@DEBUG_VALUE: arm_sin_cos_f32:indexS <- [DW_OP_constu 511, DW_OP_and, DW_OP_stack_value] $r2
	.loc	9 69 31                         @ C:/Keil_v5/Packs/ARM/CMSIS-DSP/1.15.0/Source/ControllerFunctions/arm_sin_cos_f32.c:69:31
	bfc	r2, #9, #23
.Ltmp31:
	.loc	9 73 20                         @ C:/Keil_v5/Packs/ARM/CMSIS-DSP/1.15.0/Source/ControllerFunctions/arm_sin_cos_f32.c:73:20
	vmov	s4, r2
	.loc	9 70 50                         @ C:/Keil_v5/Packs/ARM/CMSIS-DSP/1.15.0/Source/ControllerFunctions/arm_sin_cos_f32.c:70:50
	bfc	r3, #9, #23
.Ltmp32:
	@DEBUG_VALUE: arm_sin_cos_f32:indexC <- $r3
	.loc	9 78 9                          @ C:/Keil_v5/Packs/ARM/CMSIS-DSP/1.15.0/Source/ControllerFunctions/arm_sin_cos_f32.c:78:9
	add.w	lr, r12, r2, lsl #2
.Ltmp33:
	@DEBUG_VALUE: arm_sin_cos_f32:d1 <- undef
	.loc	9 73 20                         @ C:/Keil_v5/Packs/ARM/CMSIS-DSP/1.15.0/Source/ControllerFunctions/arm_sin_cos_f32.c:73:20
	vcvt.f32.u32	s4, s4
	.loc	9 76 9                          @ C:/Keil_v5/Packs/ARM/CMSIS-DSP/1.15.0/Source/ControllerFunctions/arm_sin_cos_f32.c:76:9
	add.w	r2, r12, r3, lsl #2
.Ltmp34:
	@DEBUG_VALUE: arm_sin_cos_f32:f2 <- undef
	@DEBUG_VALUE: arm_sin_cos_f32:f1 <- undef
	.loc	9 73 18                         @ C:/Keil_v5/Packs/ARM/CMSIS-DSP/1.15.0/Source/ControllerFunctions/arm_sin_cos_f32.c:73:18
	vsub.f32	s2, s2, s4
.Ltmp35:
	@DEBUG_VALUE: arm_sin_cos_f32:fract <- $s2
	.loc	9 76 9                          @ C:/Keil_v5/Packs/ARM/CMSIS-DSP/1.15.0/Source/ControllerFunctions/arm_sin_cos_f32.c:76:9
	vldr	s4, [r2]
.Ltmp36:
	@DEBUG_VALUE: arm_sin_cos_f32:f1 <- $s4
	.loc	9 77 9                          @ C:/Keil_v5/Packs/ARM/CMSIS-DSP/1.15.0/Source/ControllerFunctions/arm_sin_cos_f32.c:77:9
	vldr	s6, [r2, #4]
.Ltmp37:
	@DEBUG_VALUE: arm_sin_cos_f32:f2 <- $s6
	.loc	9 79 9                          @ C:/Keil_v5/Packs/ARM/CMSIS-DSP/1.15.0/Source/ControllerFunctions/arm_sin_cos_f32.c:79:9
	vldr	s8, [lr, #4]
	.loc	9 78 9                          @ C:/Keil_v5/Packs/ARM/CMSIS-DSP/1.15.0/Source/ControllerFunctions/arm_sin_cos_f32.c:78:9
	vldr	s10, [lr]
	.loc	9 79 8                          @ C:/Keil_v5/Packs/ARM/CMSIS-DSP/1.15.0/Source/ControllerFunctions/arm_sin_cos_f32.c:79:8
	vneg.f32	s12, s8
.Ltmp38:
	@DEBUG_VALUE: arm_sin_cos_f32:Dn <- 1.227185e-02
	@DEBUG_VALUE: arm_sin_cos_f32:d2 <- $s12
	.loc	9 82 11                         @ C:/Keil_v5/Packs/ARM/CMSIS-DSP/1.15.0/Source/ControllerFunctions/arm_sin_cos_f32.c:82:11
	vsub.f32	s14, s6, s4
.Ltmp39:
	@DEBUG_VALUE: arm_sin_cos_f32:Df <- $s14
	.loc	9 98 11                         @ C:/Keil_v5/Packs/ARM/CMSIS-DSP/1.15.0/Source/ControllerFunctions/arm_sin_cos_f32.c:98:11
	vsub.f32	s9, s8, s10
	.loc	9 85 39                         @ C:/Keil_v5/Packs/ARM/CMSIS-DSP/1.15.0/Source/ControllerFunctions/arm_sin_cos_f32.c:85:39
	vfma.f32	s8, s10, s7
	.loc	9 84 19                         @ C:/Keil_v5/Packs/ARM/CMSIS-DSP/1.15.0/Source/ControllerFunctions/arm_sin_cos_f32.c:84:19
	vsub.f32	s12, s12, s10
.Ltmp40:
	.loc	9 84 25 is_stmt 0               @ C:/Keil_v5/Packs/ARM/CMSIS-DSP/1.15.0/Source/ControllerFunctions/arm_sin_cos_f32.c:84:25
	vmul.f32	s3, s14, s1
	.loc	9 85 33 is_stmt 1               @ C:/Keil_v5/Packs/ARM/CMSIS-DSP/1.15.0/Source/ControllerFunctions/arm_sin_cos_f32.c:85:33
	vmul.f32	s8, s8, s5
	.loc	9 84 25                         @ C:/Keil_v5/Packs/ARM/CMSIS-DSP/1.15.0/Source/ControllerFunctions/arm_sin_cos_f32.c:84:25
	vfma.f32	s3, s12, s5
.Ltmp41:
	@DEBUG_VALUE: arm_sin_cos_f32:temp <- $s3
	.loc	9 0 25 is_stmt 0                @ C:/Keil_v5/Packs/ARM/CMSIS-DSP/1.15.0/Source/ControllerFunctions/arm_sin_cos_f32.c:0:25
	vmov.f32	s12, #3.000000e+00
	.loc	9 85 33 is_stmt 1               @ C:/Keil_v5/Packs/ARM/CMSIS-DSP/1.15.0/Source/ControllerFunctions/arm_sin_cos_f32.c:85:33
	vfma.f32	s8, s14, s12
	vldr	s14, .LCPI6_3
.Ltmp42:
	.loc	9 85 23 is_stmt 0               @ C:/Keil_v5/Packs/ARM/CMSIS-DSP/1.15.0/Source/ControllerFunctions/arm_sin_cos_f32.c:85:23
	vfma.f32	s8, s2, s3
.Ltmp43:
	@DEBUG_VALUE: arm_sin_cos_f32:temp <- $s8
	.loc	9 86 28 is_stmt 1               @ C:/Keil_v5/Packs/ARM/CMSIS-DSP/1.15.0/Source/ControllerFunctions/arm_sin_cos_f32.c:86:28
	vmul.f32	s3, s10, s14
	.loc	9 99 25                         @ C:/Keil_v5/Packs/ARM/CMSIS-DSP/1.15.0/Source/ControllerFunctions/arm_sin_cos_f32.c:99:25
	vmul.f32	s1, s9, s1
	.loc	9 86 23                         @ C:/Keil_v5/Packs/ARM/CMSIS-DSP/1.15.0/Source/ControllerFunctions/arm_sin_cos_f32.c:86:23
	vfma.f32	s3, s2, s8
.Ltmp44:
	@DEBUG_VALUE: arm_sin_cos_f32:temp <- $s3
	.loc	9 99 19                         @ C:/Keil_v5/Packs/ARM/CMSIS-DSP/1.15.0/Source/ControllerFunctions/arm_sin_cos_f32.c:99:19
	vadd.f32	s8, s4, s6
	.loc	9 100 39                        @ C:/Keil_v5/Packs/ARM/CMSIS-DSP/1.15.0/Source/ControllerFunctions/arm_sin_cos_f32.c:100:39
	vfma.f32	s6, s4, s7
.Ltmp45:
	.loc	9 99 25                         @ C:/Keil_v5/Packs/ARM/CMSIS-DSP/1.15.0/Source/ControllerFunctions/arm_sin_cos_f32.c:99:25
	vfma.f32	s1, s8, s5
.Ltmp46:
	@DEBUG_VALUE: arm_sin_cos_f32:temp <- $s1
	.loc	9 100 33                        @ C:/Keil_v5/Packs/ARM/CMSIS-DSP/1.15.0/Source/ControllerFunctions/arm_sin_cos_f32.c:100:33
	vmul.f32	s6, s6, s14
	.loc	9 101 28                        @ C:/Keil_v5/Packs/ARM/CMSIS-DSP/1.15.0/Source/ControllerFunctions/arm_sin_cos_f32.c:101:28
	vmul.f32	s7, s4, s5
	.loc	9 100 33                        @ C:/Keil_v5/Packs/ARM/CMSIS-DSP/1.15.0/Source/ControllerFunctions/arm_sin_cos_f32.c:100:33
	vfma.f32	s6, s9, s12
	.loc	9 89 27                         @ C:/Keil_v5/Packs/ARM/CMSIS-DSP/1.15.0/Source/ControllerFunctions/arm_sin_cos_f32.c:89:27
	vfma.f32	s4, s2, s3
.Ltmp47:
	.loc	9 100 23                        @ C:/Keil_v5/Packs/ARM/CMSIS-DSP/1.15.0/Source/ControllerFunctions/arm_sin_cos_f32.c:100:23
	vfma.f32	s6, s2, s1
.Ltmp48:
	@DEBUG_VALUE: arm_sin_cos_f32:temp <- $s6
	.loc	9 89 12                         @ C:/Keil_v5/Packs/ARM/CMSIS-DSP/1.15.0/Source/ControllerFunctions/arm_sin_cos_f32.c:89:12
	vstr	s4, [r1]
.Ltmp49:
	@DEBUG_VALUE: arm_sin_cos_f32:Df <- undef
	.loc	9 101 23                        @ C:/Keil_v5/Packs/ARM/CMSIS-DSP/1.15.0/Source/ControllerFunctions/arm_sin_cos_f32.c:101:23
	vfma.f32	s7, s2, s6
.Ltmp50:
	@DEBUG_VALUE: arm_sin_cos_f32:temp <- $s7
	.loc	9 104 27                        @ C:/Keil_v5/Packs/ARM/CMSIS-DSP/1.15.0/Source/ControllerFunctions/arm_sin_cos_f32.c:104:27
	vmov.f32	s4, s10
	vfma.f32	s4, s2, s7
	.loc	9 106 7                         @ C:/Keil_v5/Packs/ARM/CMSIS-DSP/1.15.0/Source/ControllerFunctions/arm_sin_cos_f32.c:106:7
	vcmp.f32	s0, #0
	vfnma.f32	s10, s2, s7
	vmrs	APSR_nzcv, fpscr
	it	lt
	vmovlt.f32	s4, s10
	.loc	9 0 0 is_stmt 0                 @ C:/Keil_v5/Packs/ARM/CMSIS-DSP/1.15.0/Source/ControllerFunctions/arm_sin_cos_f32.c:0:0
	vstr	s4, [r0]
	.loc	9 110 1 epilogue_begin is_stmt 1 @ C:/Keil_v5/Packs/ARM/CMSIS-DSP/1.15.0/Source/ControllerFunctions/arm_sin_cos_f32.c:110:1
	pop	{r7, pc}
.Ltmp51:
	.p2align	2
@ %bb.1:
	.loc	9 0 1 is_stmt 0                 @ C:/Keil_v5/Packs/ARM/CMSIS-DSP/1.15.0/Source/ControllerFunctions/arm_sin_cos_f32.c:0:1
.LCPI6_0:
	.long	0x3b360b61                      @ float 0.00277777785
.LCPI6_1:
	.long	0x44000000                      @ float 512
.LCPI6_2:
	.long	0x3c490fdb                      @ float 0.0122718466
.LCPI6_3:
	.long	0xbc490fdb                      @ float -0.0122718466
.Lfunc_end6:
	.size	arm_sin_cos_f32, .Lfunc_end6-arm_sin_cos_f32
	.cfi_endproc
	.cantunwind
	.fnend
                                        @ -- End function
	.section	.text.arm_sin_cos_q31,"ax",%progbits
	.hidden	arm_sin_cos_q31                 @ -- Begin function arm_sin_cos_q31
	.globl	arm_sin_cos_q31
	.p2align	2
	.type	arm_sin_cos_q31,%function
	.code	16                              @ @arm_sin_cos_q31
	.thumb_func
arm_sin_cos_q31:
.Lfunc_begin7:
	.file	10 "C:/Keil_v5/Packs/ARM/CMSIS-DSP/1.15.0/Source/ControllerFunctions" "arm_sin_cos_q31.c"
	.loc	10 55 0 is_stmt 1               @ C:/Keil_v5/Packs/ARM/CMSIS-DSP/1.15.0/Source/ControllerFunctions/arm_sin_cos_q31.c:55:0
	.fnstart
	.cfi_startproc
@ %bb.0:
	@DEBUG_VALUE: arm_sin_cos_q31:theta <- $r0
	@DEBUG_VALUE: arm_sin_cos_q31:pSinVal <- $r1
	@DEBUG_VALUE: arm_sin_cos_q31:pCosVal <- $r2
	.save	{r4, r5, r6, r7, r8, r9, r10, r11, lr}
	push.w	{r4, r5, r6, r7, r8, r9, r10, r11, lr}
	.cfi_def_cfa_offset 36
	.cfi_offset lr, -4
	.cfi_offset r11, -8
	.cfi_offset r10, -12
	.cfi_offset r9, -16
	.cfi_offset r8, -20
	.cfi_offset r7, -24
	.cfi_offset r6, -28
	.cfi_offset r5, -32
	.cfi_offset r4, -36
	.pad	#16
	sub	sp, #16
	.cfi_def_cfa_offset 52
	movs	r3, #128
.Ltmp52:
	.loc	10 70 9 prologue_end            @ C:/Keil_v5/Packs/ARM/CMSIS-DSP/1.15.0/Source/ControllerFunctions/arm_sin_cos_q31.c:70:9
	movw	lr, :lower16:sinTable_q31
	.loc	10 64 12                        @ C:/Keil_v5/Packs/ARM/CMSIS-DSP/1.15.0/Source/ControllerFunctions/arm_sin_cos_q31.c:64:12
	add.w	r7, r3, r0, lsr #23
	movw	r3, #65280
	.loc	10 70 9                         @ C:/Keil_v5/Packs/ARM/CMSIS-DSP/1.15.0/Source/ControllerFunctions/arm_sin_cos_q31.c:70:9
	movt	lr, :upper16:sinTable_q31
	movt	r3, #32767
.Ltmp53:
	@DEBUG_VALUE: arm_sin_cos_q31:indexC <- [DW_OP_LLVM_convert 32 7, DW_OP_LLVM_convert 16 7, DW_OP_plus_uconst 128, DW_OP_constu 511, DW_OP_and, DW_OP_stack_value] undef
	.loc	10 67 54                        @ C:/Keil_v5/Packs/ARM/CMSIS-DSP/1.15.0/Source/ControllerFunctions/arm_sin_cos_q31.c:67:54
	and.w	r11, r3, r0, lsl #8
.Ltmp54:
	@DEBUG_VALUE: arm_sin_cos_q31:fract <- $r11
	.loc	10 63 28                        @ C:/Keil_v5/Packs/ARM/CMSIS-DSP/1.15.0/Source/ControllerFunctions/arm_sin_cos_q31.c:63:28
	lsrs	r0, r0, #23
.Ltmp55:
	@DEBUG_VALUE: arm_sin_cos_q31:theta <- [DW_OP_LLVM_entry_value 1] $r0
	@DEBUG_VALUE: arm_sin_cos_q31:indexS <- $r0
	.loc	10 72 9                         @ C:/Keil_v5/Packs/ARM/CMSIS-DSP/1.15.0/Source/ControllerFunctions/arm_sin_cos_q31.c:72:9
	add.w	r4, lr, r0, lsl #2
	ldr.w	r0, [lr, r0, lsl #2]
.Ltmp56:
	.loc	10 73 9                         @ C:/Keil_v5/Packs/ARM/CMSIS-DSP/1.15.0/Source/ControllerFunctions/arm_sin_cos_q31.c:73:9
	ldr	r3, [r4, #4]
	.loc	10 64 12                        @ C:/Keil_v5/Packs/ARM/CMSIS-DSP/1.15.0/Source/ControllerFunctions/arm_sin_cos_q31.c:64:12
	bfc	r7, #9, #23
	.loc	10 72 8                         @ C:/Keil_v5/Packs/ARM/CMSIS-DSP/1.15.0/Source/ControllerFunctions/arm_sin_cos_q31.c:72:8
	str	r3, [sp, #8]                    @ 4-byte Spill
	rsb.w	r8, r0, #0
.Ltmp57:
	@DEBUG_VALUE: arm_sin_cos_q31:d1 <- $r8
	.loc	10 73 8                         @ C:/Keil_v5/Packs/ARM/CMSIS-DSP/1.15.0/Source/ControllerFunctions/arm_sin_cos_q31.c:73:8
	rsbs	r6, r3, #0
.Ltmp58:
	@DEBUG_VALUE: arm_sin_cos_q31:Dn <- 26353589
	@DEBUG_VALUE: arm_sin_cos_q31:d2 <- $r6
	.loc	10 0 8 is_stmt 0                @ C:/Keil_v5/Packs/ARM/CMSIS-DSP/1.15.0/Source/ControllerFunctions/arm_sin_cos_q31.c:0:8
	movw	r3, #8117
	.loc	10 70 9 is_stmt 1               @ C:/Keil_v5/Packs/ARM/CMSIS-DSP/1.15.0/Source/ControllerFunctions/arm_sin_cos_q31.c:70:9
	add.w	r12, lr, r7, lsl #2
	.loc	10 73 9                         @ C:/Keil_v5/Packs/ARM/CMSIS-DSP/1.15.0/Source/ControllerFunctions/arm_sin_cos_q31.c:73:9
	str	r0, [sp, #12]                   @ 4-byte Spill
	.loc	10 78 28                        @ C:/Keil_v5/Packs/ARM/CMSIS-DSP/1.15.0/Source/ControllerFunctions/arm_sin_cos_q31.c:78:28
	asrs	r4, r6, #31
	.loc	10 78 26 is_stmt 0              @ C:/Keil_v5/Packs/ARM/CMSIS-DSP/1.15.0/Source/ControllerFunctions/arm_sin_cos_q31.c:78:26
	adds.w	r0, r6, r8
	movt	r3, #402
	adc.w	r9, r4, r8, asr #31
	.loc	10 70 9 is_stmt 1               @ C:/Keil_v5/Packs/ARM/CMSIS-DSP/1.15.0/Source/ControllerFunctions/arm_sin_cos_q31.c:70:9
	ldr.w	r10, [lr, r7, lsl #2]
.Ltmp59:
	@DEBUG_VALUE: arm_sin_cos_q31:f1 <- $r10
	.loc	10 78 13                        @ C:/Keil_v5/Packs/ARM/CMSIS-DSP/1.15.0/Source/ControllerFunctions/arm_sin_cos_q31.c:78:13
	umull	r4, r7, r0, r3
.Ltmp60:
	@DEBUG_VALUE: arm_sin_cos_q31:temp <- [DW_OP_LLVM_fragment 0 32] $r4
	.loc	10 71 9                         @ C:/Keil_v5/Packs/ARM/CMSIS-DSP/1.15.0/Source/ControllerFunctions/arm_sin_cos_q31.c:71:9
	ldr.w	r5, [r12, #4]
.Ltmp61:
	@DEBUG_VALUE: arm_sin_cos_q31:f2 <- $r5
	.loc	10 78 13                        @ C:/Keil_v5/Packs/ARM/CMSIS-DSP/1.15.0/Source/ControllerFunctions/arm_sin_cos_q31.c:78:13
	mla	r12, r9, r3, r7
.Ltmp62:
	@DEBUG_VALUE: arm_sin_cos_q31:temp <- [DW_OP_LLVM_fragment 32 32] $r12
	.loc	10 76 11                        @ C:/Keil_v5/Packs/ARM/CMSIS-DSP/1.15.0/Source/ControllerFunctions/arm_sin_cos_q31.c:76:11
	sub.w	r7, r5, r10
.Ltmp63:
	@DEBUG_VALUE: arm_sin_cos_q31:Df <- $r7
	.loc	10 79 15                        @ C:/Keil_v5/Packs/ARM/CMSIS-DSP/1.15.0/Source/ControllerFunctions/arm_sin_cos_q31.c:79:15
	sub.w	r3, r12, r7
.Ltmp64:
	@DEBUG_VALUE: arm_sin_cos_q31:temp <- [DW_OP_LLVM_fragment 32 32] $r3
	.loc	10 80 31                        @ C:/Keil_v5/Packs/ARM/CMSIS-DSP/1.15.0/Source/ControllerFunctions/arm_sin_cos_q31.c:80:31
	asrl	r4, r3, #31
.Ltmp65:
	.loc	10 78 16                        @ C:/Keil_v5/Packs/ARM/CMSIS-DSP/1.15.0/Source/ControllerFunctions/arm_sin_cos_q31.c:78:16
	asr.w	r9, r8, #31
	.loc	10 80 23                        @ C:/Keil_v5/Packs/ARM/CMSIS-DSP/1.15.0/Source/ControllerFunctions/arm_sin_cos_q31.c:80:23
	umull	r0, r4, r4, r11
.Ltmp66:
	@DEBUG_VALUE: arm_sin_cos_q31:temp <- [DW_OP_LLVM_fragment 0 32] $r0
	.loc	10 0 23 is_stmt 0               @ C:/Keil_v5/Packs/ARM/CMSIS-DSP/1.15.0/Source/ControllerFunctions/arm_sin_cos_q31.c:0:23
	str	r0, [sp, #4]                    @ 4-byte Spill
.Ltmp67:
	@DEBUG_VALUE: arm_sin_cos_q31:temp <- [DW_OP_plus_uconst 4, DW_OP_LLVM_fragment 0 32] [$sp+0]
	@DEBUG_VALUE: arm_sin_cos_q31:temp <- [DW_OP_plus_uconst 4, DW_OP_LLVM_fragment 0 32] [$sp+0]
	mov.w	r0, #-2147483648
	.loc	10 81 33 is_stmt 1              @ C:/Keil_v5/Packs/ARM/CMSIS-DSP/1.15.0/Source/ControllerFunctions/arm_sin_cos_q31.c:81:33
	umull	r12, lr, r7, r0
	.loc	10 80 23                        @ C:/Keil_v5/Packs/ARM/CMSIS-DSP/1.15.0/Source/ControllerFunctions/arm_sin_cos_q31.c:80:23
	mla	r0, r3, r11, r4
.Ltmp68:
	@DEBUG_VALUE: arm_sin_cos_q31:temp <- [DW_OP_LLVM_fragment 32 32] $r0
	.loc	10 0 23 is_stmt 0               @ C:/Keil_v5/Packs/ARM/CMSIS-DSP/1.15.0/Source/ControllerFunctions/arm_sin_cos_q31.c:0:23
	movw	r4, #57419
	.loc	10 81 33 is_stmt 1              @ C:/Keil_v5/Packs/ARM/CMSIS-DSP/1.15.0/Source/ControllerFunctions/arm_sin_cos_q31.c:81:33
	add.w	r3, lr, r7
	str	r0, [sp]                        @ 4-byte Spill
.Ltmp69:
	@DEBUG_VALUE: arm_sin_cos_q31:temp <- [DW_OP_LLVM_fragment 32 32] [$sp+0]
	@DEBUG_VALUE: arm_sin_cos_q31:temp <- [DW_OP_LLVM_fragment 32 32] [$sp+0]
	.loc	10 81 59 is_stmt 0              @ C:/Keil_v5/Packs/ARM/CMSIS-DSP/1.15.0/Source/ControllerFunctions/arm_sin_cos_q31.c:81:59
	mov	r0, r8
	lsll	r0, r9, #1
	.loc	10 81 33                        @ C:/Keil_v5/Packs/ARM/CMSIS-DSP/1.15.0/Source/ControllerFunctions/arm_sin_cos_q31.c:81:33
	and	r7, r7, #-2147483648
.Ltmp70:
	.loc	10 81 46                        @ C:/Keil_v5/Packs/ARM/CMSIS-DSP/1.15.0/Source/ControllerFunctions/arm_sin_cos_q31.c:81:46
	adds	r0, r0, r6
	movt	r4, #65133
	.loc	10 81 33                        @ C:/Keil_v5/Packs/ARM/CMSIS-DSP/1.15.0/Source/ControllerFunctions/arm_sin_cos_q31.c:81:33
	add	r7, r3
	.loc	10 81 66                        @ C:/Keil_v5/Packs/ARM/CMSIS-DSP/1.15.0/Source/ControllerFunctions/arm_sin_cos_q31.c:81:66
	umull	r3, lr, r0, r4
	.loc	10 81 46                        @ C:/Keil_v5/Packs/ARM/CMSIS-DSP/1.15.0/Source/ControllerFunctions/arm_sin_cos_q31.c:81:46
	adc.w	r6, r9, r6, asr #31
.Ltmp71:
	.loc	10 81 66                        @ C:/Keil_v5/Packs/ARM/CMSIS-DSP/1.15.0/Source/ControllerFunctions/arm_sin_cos_q31.c:81:66
	sub.w	r0, lr, r0
	mov	lr, r4
	mla	r0, r6, r4, r0
	.loc	10 81 40                        @ C:/Keil_v5/Packs/ARM/CMSIS-DSP/1.15.0/Source/ControllerFunctions/arm_sin_cos_q31.c:81:40
	adds.w	r3, r3, r12
	movw	r12, #8117
	adcs	r0, r7
	.loc	10 81 15                        @ C:/Keil_v5/Packs/ARM/CMSIS-DSP/1.15.0/Source/ControllerFunctions/arm_sin_cos_q31.c:81:15
	ldr	r7, [sp, #4]                    @ 4-byte Reload
.Ltmp72:
	@DEBUG_VALUE: arm_sin_cos_q31:temp <- [DW_OP_LLVM_fragment 0 32] $r7
	.loc	10 0 15                         @ C:/Keil_v5/Packs/ARM/CMSIS-DSP/1.15.0/Source/ControllerFunctions/arm_sin_cos_q31.c:0:15
	movt	r12, #402
	.loc	10 81 15                        @ C:/Keil_v5/Packs/ARM/CMSIS-DSP/1.15.0/Source/ControllerFunctions/arm_sin_cos_q31.c:81:15
	adds	r6, r3, r7
.Ltmp73:
	@DEBUG_VALUE: arm_sin_cos_q31:temp <- [DW_OP_LLVM_fragment 0 32] $r6
	ldr	r3, [sp]                        @ 4-byte Reload
.Ltmp74:
	@DEBUG_VALUE: arm_sin_cos_q31:temp <- [DW_OP_LLVM_fragment 32 32] $r3
	.loc	10 71 9 is_stmt 1               @ C:/Keil_v5/Packs/ARM/CMSIS-DSP/1.15.0/Source/ControllerFunctions/arm_sin_cos_q31.c:71:9
	asr.w	r4, r5, #31
	.loc	10 81 15                        @ C:/Keil_v5/Packs/ARM/CMSIS-DSP/1.15.0/Source/ControllerFunctions/arm_sin_cos_q31.c:81:15
	adcs	r3, r0
.Ltmp75:
	@DEBUG_VALUE: arm_sin_cos_q31:temp <- [DW_OP_LLVM_fragment 32 32] $r3
	.loc	10 82 31                        @ C:/Keil_v5/Packs/ARM/CMSIS-DSP/1.15.0/Source/ControllerFunctions/arm_sin_cos_q31.c:82:31
	asrl	r6, r3, #31
.Ltmp76:
	.loc	10 70 9                         @ C:/Keil_v5/Packs/ARM/CMSIS-DSP/1.15.0/Source/ControllerFunctions/arm_sin_cos_q31.c:70:9
	asr.w	r9, r10, #31
	.loc	10 82 23                        @ C:/Keil_v5/Packs/ARM/CMSIS-DSP/1.15.0/Source/ControllerFunctions/arm_sin_cos_q31.c:82:23
	umull	r6, r0, r6, r11
.Ltmp77:
	@DEBUG_VALUE: arm_sin_cos_q31:temp <- [DW_OP_LLVM_fragment 0 32] $r6
	mla	r3, r3, r11, r0
.Ltmp78:
	@DEBUG_VALUE: arm_sin_cos_q31:temp <- [DW_OP_LLVM_fragment 32 32] $r3
	.loc	10 83 15                        @ C:/Keil_v5/Packs/ARM/CMSIS-DSP/1.15.0/Source/ControllerFunctions/arm_sin_cos_q31.c:83:15
	smlal	r6, r3, r8, r12
.Ltmp79:
	@DEBUG_VALUE: arm_sin_cos_q31:temp <- [DW_OP_LLVM_fragment 32 32] $r3
	@DEBUG_VALUE: arm_sin_cos_q31:temp <- [DW_OP_LLVM_fragment 0 32] $r6
	.loc	10 0 15 is_stmt 0               @ C:/Keil_v5/Packs/ARM/CMSIS-DSP/1.15.0/Source/ControllerFunctions/arm_sin_cos_q31.c:0:15
	mov	r8, lr
.Ltmp80:
	.loc	10 84 31 is_stmt 1              @ C:/Keil_v5/Packs/ARM/CMSIS-DSP/1.15.0/Source/ControllerFunctions/arm_sin_cos_q31.c:84:31
	asrl	r6, r3, #31
.Ltmp81:
	.loc	10 84 23 is_stmt 0              @ C:/Keil_v5/Packs/ARM/CMSIS-DSP/1.15.0/Source/ControllerFunctions/arm_sin_cos_q31.c:84:23
	umull	r6, r0, r6, r11
.Ltmp82:
	@DEBUG_VALUE: arm_sin_cos_q31:temp <- [DW_OP_LLVM_fragment 0 32] $r6
	mla	r3, r3, r11, r0
.Ltmp83:
	@DEBUG_VALUE: arm_sin_cos_q31:temp <- [DW_OP_LLVM_fragment 32 32] $r3
	.loc	10 87 36 is_stmt 1              @ C:/Keil_v5/Packs/ARM/CMSIS-DSP/1.15.0/Source/ControllerFunctions/arm_sin_cos_q31.c:87:36
	asrl	r6, r3, #31
.Ltmp84:
	.loc	10 87 43 is_stmt 0              @ C:/Keil_v5/Packs/ARM/CMSIS-DSP/1.15.0/Source/ControllerFunctions/arm_sin_cos_q31.c:87:43
	adds.w	r7, r6, r10
	adc.w	r3, r3, r10, asr #31
.Ltmp85:
	@DEBUG_VALUE: clip_q63_to_q31:x <- [DW_OP_LLVM_fragment 32 32] $r3
	@DEBUG_VALUE: clip_q63_to_q31:x <- [DW_OP_LLVM_fragment 0 32] $r7
	.file	11 "C:\\Users\\rohankoshy\\Downloads\\en-us--M55M1_Series_BSP_CMSIS_V3.01.003\\SampleCode\\NuEdgeWise\\PoseLandmark_YOLOv8n\\KEIL" "../../../../Library/CMSIS/DSP/Include\\dsp/none.h"
	.loc	11 139 12 is_stmt 1             @ ../../../../Library/CMSIS/DSP/Include\dsp/none.h:139:12
	rsbs.w	r0, r7, #-2147483648
	mov.w	r0, #-1
	sbcs.w	r6, r0, r3
	cset	r6, lt
	cmp	r6, #0
	csel	r3, r3, r0, ne
.Ltmp86:
	mov.w	r0, #-2147483648
	csel	r6, r7, r0, ne
	mvn	r7, #-2147483648
.Ltmp87:
	subs	r0, r6, r7
	sbcs	r0, r3, #0
	mov	r3, r12
	csel	r0, r6, r7, lt
.Ltmp88:
	.loc	10 96 26                        @ C:/Keil_v5/Packs/ARM/CMSIS-DSP/1.15.0/Source/ControllerFunctions/arm_sin_cos_q31.c:96:26
	str	r0, [sp, #4]                    @ 4-byte Spill
	.loc	10 99 59                        @ C:/Keil_v5/Packs/ARM/CMSIS-DSP/1.15.0/Source/ControllerFunctions/arm_sin_cos_q31.c:99:59
	mov	r6, r10
	.loc	10 96 26                        @ C:/Keil_v5/Packs/ARM/CMSIS-DSP/1.15.0/Source/ControllerFunctions/arm_sin_cos_q31.c:96:26
	adds.w	r0, r5, r10
	adc.w	r4, r4, r10, asr #31
	.loc	10 96 13 is_stmt 0              @ C:/Keil_v5/Packs/ARM/CMSIS-DSP/1.15.0/Source/ControllerFunctions/arm_sin_cos_q31.c:96:13
	umull	r12, r0, r0, r12
.Ltmp89:
	@DEBUG_VALUE: arm_sin_cos_q31:temp <- [DW_OP_LLVM_fragment 0 32] $r12
	.loc	10 99 59 is_stmt 1              @ C:/Keil_v5/Packs/ARM/CMSIS-DSP/1.15.0/Source/ControllerFunctions/arm_sin_cos_q31.c:99:59
	lsll	r6, r9, #1
	.loc	10 96 13                        @ C:/Keil_v5/Packs/ARM/CMSIS-DSP/1.15.0/Source/ControllerFunctions/arm_sin_cos_q31.c:96:13
	mla	r0, r4, r3, r0
.Ltmp90:
	@DEBUG_VALUE: arm_sin_cos_q31:temp <- [DW_OP_LLVM_fragment 32 32] $r0
	.loc	10 99 46                        @ C:/Keil_v5/Packs/ARM/CMSIS-DSP/1.15.0/Source/ControllerFunctions/arm_sin_cos_q31.c:99:46
	adds	r4, r6, r5
	.loc	10 99 66 is_stmt 0              @ C:/Keil_v5/Packs/ARM/CMSIS-DSP/1.15.0/Source/ControllerFunctions/arm_sin_cos_q31.c:99:66
	umull	r7, r3, r4, lr
	.loc	10 99 46                        @ C:/Keil_v5/Packs/ARM/CMSIS-DSP/1.15.0/Source/ControllerFunctions/arm_sin_cos_q31.c:99:46
	adc.w	r6, r9, r5, asr #31
	.loc	10 99 66                        @ C:/Keil_v5/Packs/ARM/CMSIS-DSP/1.15.0/Source/ControllerFunctions/arm_sin_cos_q31.c:99:66
	subs	r3, r3, r4
	.loc	10 95 11 is_stmt 1              @ C:/Keil_v5/Packs/ARM/CMSIS-DSP/1.15.0/Source/ControllerFunctions/arm_sin_cos_q31.c:95:11
	ldrd	r4, lr, [sp, #8]                @ 8-byte Folded Reload
	.loc	10 99 66                        @ C:/Keil_v5/Packs/ARM/CMSIS-DSP/1.15.0/Source/ControllerFunctions/arm_sin_cos_q31.c:99:66
	mla	r9, r6, r8, r3
	mov.w	r8, #-2147483648
	.loc	10 95 11                        @ C:/Keil_v5/Packs/ARM/CMSIS-DSP/1.15.0/Source/ControllerFunctions/arm_sin_cos_q31.c:95:11
	sub.w	r4, r4, lr
.Ltmp91:
	@DEBUG_VALUE: arm_sin_cos_q31:Df <- $r4
	.loc	10 97 15                        @ C:/Keil_v5/Packs/ARM/CMSIS-DSP/1.15.0/Source/ControllerFunctions/arm_sin_cos_q31.c:97:15
	subs	r5, r0, r4
.Ltmp92:
	@DEBUG_VALUE: arm_sin_cos_q31:temp <- [DW_OP_LLVM_fragment 32 32] $r5
	.loc	10 99 33                        @ C:/Keil_v5/Packs/ARM/CMSIS-DSP/1.15.0/Source/ControllerFunctions/arm_sin_cos_q31.c:99:33
	mov.w	r0, #-2147483648
	.loc	10 98 31                        @ C:/Keil_v5/Packs/ARM/CMSIS-DSP/1.15.0/Source/ControllerFunctions/arm_sin_cos_q31.c:98:31
	asrl	r12, r5, #31
.Ltmp93:
	.loc	10 99 33                        @ C:/Keil_v5/Packs/ARM/CMSIS-DSP/1.15.0/Source/ControllerFunctions/arm_sin_cos_q31.c:99:33
	umull	r0, r3, r4, r0
	.loc	10 98 23                        @ C:/Keil_v5/Packs/ARM/CMSIS-DSP/1.15.0/Source/ControllerFunctions/arm_sin_cos_q31.c:98:23
	umull	r12, r6, r12, r11
.Ltmp94:
	@DEBUG_VALUE: arm_sin_cos_q31:temp <- [DW_OP_LLVM_fragment 0 32] $r12
	.loc	10 99 33                        @ C:/Keil_v5/Packs/ARM/CMSIS-DSP/1.15.0/Source/ControllerFunctions/arm_sin_cos_q31.c:99:33
	add	r3, r4
	and	r4, r4, #-2147483648
.Ltmp95:
	.loc	10 98 23                        @ C:/Keil_v5/Packs/ARM/CMSIS-DSP/1.15.0/Source/ControllerFunctions/arm_sin_cos_q31.c:98:23
	mla	r5, r5, r11, r6
.Ltmp96:
	@DEBUG_VALUE: arm_sin_cos_q31:temp <- [DW_OP_LLVM_fragment 32 32] $r5
	.loc	10 99 33                        @ C:/Keil_v5/Packs/ARM/CMSIS-DSP/1.15.0/Source/ControllerFunctions/arm_sin_cos_q31.c:99:33
	add	r3, r4
	.loc	10 99 40 is_stmt 0              @ C:/Keil_v5/Packs/ARM/CMSIS-DSP/1.15.0/Source/ControllerFunctions/arm_sin_cos_q31.c:99:40
	adds	r0, r0, r7
	mov.w	r7, #-1
	adc.w	r3, r3, r9
	.loc	10 99 15                        @ C:/Keil_v5/Packs/ARM/CMSIS-DSP/1.15.0/Source/ControllerFunctions/arm_sin_cos_q31.c:99:15
	adds.w	r0, r0, r12
.Ltmp97:
	@DEBUG_VALUE: arm_sin_cos_q31:temp <- [DW_OP_LLVM_fragment 0 32] $r0
	adcs	r3, r5
.Ltmp98:
	@DEBUG_VALUE: arm_sin_cos_q31:temp <- [DW_OP_LLVM_fragment 32 32] $r3
	.loc	10 100 31 is_stmt 1             @ C:/Keil_v5/Packs/ARM/CMSIS-DSP/1.15.0/Source/ControllerFunctions/arm_sin_cos_q31.c:100:31
	asrl	r0, r3, #31
.Ltmp99:
	.loc	10 100 23 is_stmt 0             @ C:/Keil_v5/Packs/ARM/CMSIS-DSP/1.15.0/Source/ControllerFunctions/arm_sin_cos_q31.c:100:23
	umull	r6, r0, r0, r11
.Ltmp100:
	@DEBUG_VALUE: arm_sin_cos_q31:temp <- [DW_OP_LLVM_fragment 0 32] $r6
	mla	r3, r3, r11, r0
.Ltmp101:
	@DEBUG_VALUE: arm_sin_cos_q31:temp <- [DW_OP_LLVM_fragment 32 32] $r3
	.loc	10 101 15 is_stmt 1             @ C:/Keil_v5/Packs/ARM/CMSIS-DSP/1.15.0/Source/ControllerFunctions/arm_sin_cos_q31.c:101:15
	movw	r0, #8117
	movt	r0, #402
	smlal	r6, r3, r10, r0
.Ltmp102:
	@DEBUG_VALUE: arm_sin_cos_q31:temp <- [DW_OP_LLVM_fragment 32 32] $r3
	@DEBUG_VALUE: arm_sin_cos_q31:temp <- [DW_OP_LLVM_fragment 0 32] $r6
	.loc	10 102 31                       @ C:/Keil_v5/Packs/ARM/CMSIS-DSP/1.15.0/Source/ControllerFunctions/arm_sin_cos_q31.c:102:31
	asrl	r6, r3, #31
.Ltmp103:
	.loc	10 102 23 is_stmt 0             @ C:/Keil_v5/Packs/ARM/CMSIS-DSP/1.15.0/Source/ControllerFunctions/arm_sin_cos_q31.c:102:23
	umull	r6, r0, r6, r11
.Ltmp104:
	@DEBUG_VALUE: arm_sin_cos_q31:temp <- [DW_OP_LLVM_fragment 0 32] $r6
	mla	r3, r3, r11, r0
.Ltmp105:
	@DEBUG_VALUE: arm_sin_cos_q31:temp <- [DW_OP_LLVM_fragment 32 32] $r3
	.loc	10 87 12 is_stmt 1              @ C:/Keil_v5/Packs/ARM/CMSIS-DSP/1.15.0/Source/ControllerFunctions/arm_sin_cos_q31.c:87:12
	ldr	r0, [sp, #4]                    @ 4-byte Reload
	.loc	10 105 36                       @ C:/Keil_v5/Packs/ARM/CMSIS-DSP/1.15.0/Source/ControllerFunctions/arm_sin_cos_q31.c:105:36
	asrl	r6, r3, #31
.Ltmp106:
	.loc	10 87 12                        @ C:/Keil_v5/Packs/ARM/CMSIS-DSP/1.15.0/Source/ControllerFunctions/arm_sin_cos_q31.c:87:12
	str	r0, [r2]
.Ltmp107:
	@DEBUG_VALUE: arm_sin_cos_q31:f2 <- undef
	@DEBUG_VALUE: arm_sin_cos_q31:f1 <- $lr
	@DEBUG_VALUE: arm_sin_cos_q31:d2 <- undef
	@DEBUG_VALUE: arm_sin_cos_q31:d1 <- undef
	.loc	10 105 43                       @ C:/Keil_v5/Packs/ARM/CMSIS-DSP/1.15.0/Source/ControllerFunctions/arm_sin_cos_q31.c:105:43
	adds.w	r0, r6, lr
	adc.w	r2, r3, lr, asr #31
.Ltmp108:
	@DEBUG_VALUE: arm_sin_cos_q31:pCosVal <- [DW_OP_LLVM_entry_value 1] $r2
	@DEBUG_VALUE: clip_q63_to_q31:x <- [DW_OP_LLVM_fragment 32 32] $r2
	@DEBUG_VALUE: clip_q63_to_q31:x <- [DW_OP_LLVM_fragment 0 32] $r0
	.loc	11 139 12                       @ ../../../../Library/CMSIS/DSP/Include\dsp/none.h:139:12
	rsbs.w	r3, r0, #-2147483648
	sbcs.w	r3, r7, r2
	cset	r3, lt
	cmp	r3, #0
	csel	r2, r2, r7, ne
.Ltmp109:
	csel	r0, r0, r8, ne
.Ltmp110:
	.loc	11 0 12 is_stmt 0               @ ../../../../Library/CMSIS/DSP/Include\dsp/none.h:0:12
	mvn	r7, #-2147483648
	.loc	11 139 12                       @ ../../../../Library/CMSIS/DSP/Include\dsp/none.h:139:12
	subs	r3, r0, r7
	sbcs	r2, r2, #0
	csel	r0, r0, r7, lt
.Ltmp111:
	.loc	10 105 12 is_stmt 1             @ C:/Keil_v5/Packs/ARM/CMSIS-DSP/1.15.0/Source/ControllerFunctions/arm_sin_cos_q31.c:105:12
	str	r0, [r1]
	.loc	10 106 1 epilogue_begin         @ C:/Keil_v5/Packs/ARM/CMSIS-DSP/1.15.0/Source/ControllerFunctions/arm_sin_cos_q31.c:106:1
	add	sp, #16
	pop.w	{r4, r5, r6, r7, r8, r9, r10, r11, pc}
.Ltmp112:
.Lfunc_end7:
	.size	arm_sin_cos_q31, .Lfunc_end7-arm_sin_cos_q31
	.cfi_endproc
	.cantunwind
	.fnend
                                        @ -- End function
	.file	12 "C:\\Users\\rohankoshy\\Downloads\\en-us--M55M1_Series_BSP_CMSIS_V3.01.003\\SampleCode\\NuEdgeWise\\PoseLandmark_YOLOv8n\\KEIL" "../../../../Library/CMSIS/DSP/Include\\dsp/controller_functions.h"
	.section	.debug_loc,"",%progbits
.Ldebug_loc0:
	.long	-1
	.long	.Lfunc_begin0                   @   base address
	.long	.Lfunc_begin0-.Lfunc_begin0
	.long	.Ltmp0-.Lfunc_begin0
	.short	1                               @ Loc expr size
	.byte	81                              @ DW_OP_reg1
	.long	.Ltmp0-.Lfunc_begin0
	.long	.Lfunc_end0-.Lfunc_begin0
	.short	4                               @ Loc expr size
	.byte	243                             @ DW_OP_GNU_entry_value
	.byte	1                               @ 1
	.byte	81                              @ DW_OP_reg1
	.byte	159                             @ DW_OP_stack_value
	.long	0
	.long	0
.Ldebug_loc1:
	.long	-1
	.long	.Lfunc_begin1                   @   base address
	.long	.Lfunc_begin1-.Lfunc_begin1
	.long	.Ltmp11-.Lfunc_begin1
	.short	1                               @ Loc expr size
	.byte	81                              @ DW_OP_reg1
	.long	.Ltmp11-.Lfunc_begin1
	.long	.Lfunc_end1-.Lfunc_begin1
	.short	4                               @ Loc expr size
	.byte	243                             @ DW_OP_GNU_entry_value
	.byte	1                               @ 1
	.byte	81                              @ DW_OP_reg1
	.byte	159                             @ DW_OP_stack_value
	.long	0
	.long	0
.Ldebug_loc2:
	.long	-1
	.long	.Lfunc_begin1                   @   base address
	.long	.Ltmp9-.Lfunc_begin1
	.long	.Lfunc_end1-.Lfunc_begin1
	.short	1                               @ Loc expr size
	.byte	83                              @ DW_OP_reg3
	.long	0
	.long	0
.Ldebug_loc3:
	.long	-1
	.long	.Lfunc_begin1                   @   base address
	.long	.Ltmp9-.Lfunc_begin1
	.long	.Ltmp10-.Lfunc_begin1
	.short	1                               @ Loc expr size
	.byte	82                              @ DW_OP_reg2
	.long	0
	.long	0
.Ldebug_loc4:
	.long	-1
	.long	.Lfunc_begin2                   @   base address
	.long	.Lfunc_begin2-.Lfunc_begin2
	.long	.Ltmp14-.Lfunc_begin2
	.short	1                               @ Loc expr size
	.byte	81                              @ DW_OP_reg1
	.long	.Ltmp14-.Lfunc_begin2
	.long	.Lfunc_end2-.Lfunc_begin2
	.short	4                               @ Loc expr size
	.byte	243                             @ DW_OP_GNU_entry_value
	.byte	1                               @ 1
	.byte	81                              @ DW_OP_reg1
	.byte	159                             @ DW_OP_stack_value
	.long	0
	.long	0
.Ldebug_loc5:
	.long	-1
	.long	.Lfunc_begin6                   @   base address
	.long	.Ltmp24-.Lfunc_begin6
	.long	.Ltmp26-.Lfunc_begin6
	.short	3                               @ Loc expr size
	.byte	144                             @ super-register DW_OP_regx
	.byte	130                             @ 258
	.byte	2                               @ 
	.long	.Ltmp26-.Lfunc_begin6
	.long	.Ltmp28-.Lfunc_begin6
	.short	3                               @ Loc expr size
	.byte	144                             @ super-register DW_OP_regx
	.byte	129                             @ 257
	.byte	2                               @ 
	.long	0
	.long	0
.Ldebug_loc6:
	.long	-1
	.long	.Lfunc_begin6                   @   base address
	.long	.Ltmp27-.Lfunc_begin6
	.long	.Ltmp37-.Lfunc_begin6
	.short	3                               @ Loc expr size
	.byte	144                             @ super-register DW_OP_regx
	.byte	131                             @ 259
	.byte	2                               @ 
	.long	.Ltmp38-.Lfunc_begin6
	.long	.Ltmp40-.Lfunc_begin6
	.short	3                               @ Loc expr size
	.byte	144                             @ super-register DW_OP_regx
	.byte	134                             @ 262
	.byte	2                               @ 
	.long	0
	.long	0
.Ldebug_loc7:
	.long	-1
	.long	.Lfunc_begin6                   @   base address
	.long	.Ltmp27-.Lfunc_begin6
	.long	.Ltmp34-.Lfunc_begin6
	.short	3                               @ Loc expr size
	.byte	144                             @ super-register DW_OP_regx
	.byte	132                             @ 260
	.byte	2                               @ 
	.long	.Ltmp37-.Lfunc_begin6
	.long	.Ltmp45-.Lfunc_begin6
	.short	3                               @ Loc expr size
	.byte	144                             @ super-register DW_OP_regx
	.byte	131                             @ 259
	.byte	2                               @ 
	.long	0
	.long	0
.Ldebug_loc8:
	.long	-1
	.long	.Lfunc_begin6                   @   base address
	.long	.Ltmp27-.Lfunc_begin6
	.long	.Ltmp34-.Lfunc_begin6
	.short	3                               @ Loc expr size
	.byte	144                             @ super-register DW_OP_regx
	.byte	133                             @ 261
	.byte	2                               @ 
	.long	.Ltmp36-.Lfunc_begin6
	.long	.Ltmp47-.Lfunc_begin6
	.short	3                               @ Loc expr size
	.byte	144                             @ super-register DW_OP_regx
	.byte	130                             @ 258
	.byte	2                               @ 
	.long	0
	.long	0
.Ldebug_loc9:
	.long	-1
	.long	.Lfunc_begin6                   @   base address
	.long	.Ltmp27-.Lfunc_begin6
	.long	.Ltmp29-.Lfunc_begin6
	.short	3                               @ Loc expr size
	.byte	144                             @ super-register DW_OP_regx
	.byte	130                             @ 258
	.byte	2                               @ 
	.long	0
	.long	0
.Ldebug_loc10:
	.long	-1
	.long	.Lfunc_begin6                   @   base address
	.long	.Ltmp28-.Lfunc_begin6
	.long	.Ltmp35-.Lfunc_begin6
	.short	3                               @ Loc expr size
	.byte	144                             @ super-register DW_OP_regx
	.byte	129                             @ 257
	.byte	2                               @ 
	.long	0
	.long	0
.Ldebug_loc11:
	.long	-1
	.long	.Lfunc_begin6                   @   base address
	.long	.Ltmp30-.Lfunc_begin6
	.long	.Ltmp31-.Lfunc_begin6
	.short	7                               @ Loc expr size
	.byte	114                             @ DW_OP_breg2
	.byte	0                               @ 0
	.byte	16                              @ DW_OP_constu
	.byte	255                             @ 511
	.byte	3                               @ 
	.byte	26                              @ DW_OP_and
	.byte	159                             @ DW_OP_stack_value
	.long	0
	.long	0
.Ldebug_loc12:
	.long	-1
	.long	.Lfunc_begin6                   @   base address
	.long	.Ltmp32-.Lfunc_begin6
	.long	.Ltmp51-.Lfunc_begin6
	.short	1                               @ Loc expr size
	.byte	83                              @ DW_OP_reg3
	.long	0
	.long	0
.Ldebug_loc13:
	.long	-1
	.long	.Lfunc_begin6                   @   base address
	.long	.Ltmp35-.Lfunc_begin6
	.long	.Ltmp51-.Lfunc_begin6
	.short	3                               @ Loc expr size
	.byte	144                             @ super-register DW_OP_regx
	.byte	129                             @ 257
	.byte	2                               @ 
	.long	0
	.long	0
.Ldebug_loc14:
	.long	-1
	.long	.Lfunc_begin6                   @   base address
	.long	.Ltmp38-.Lfunc_begin6
	.long	.Ltmp51-.Lfunc_begin6
	.short	6                               @ Loc expr size
	.byte	158                             @ DW_OP_implicit_value
	.byte	4                               @ 4
	.byte	219                             @ Û
	.byte	15 @ 
	.byte	73                              @ I
	.byte	60                              @ <
	.long	0
	.long	0
.Ldebug_loc15:
	.long	-1
	.long	.Lfunc_begin6                   @   base address
	.long	.Ltmp39-.Lfunc_begin6
	.long	.Ltmp42-.Lfunc_begin6
	.short	3                               @ Loc expr size
	.byte	144                             @ super-register DW_OP_regx
	.byte	135                             @ 263
	.byte	2                               @ 
	.long	0
	.long	0
.Ldebug_loc16:
	.long	-1
	.long	.Lfunc_begin6                   @   base address
	.long	.Ltmp41-.Lfunc_begin6
	.long	.Ltmp43-.Lfunc_begin6
	.short	6                               @ Loc expr size
	.byte	144                             @ super-register DW_OP_regx
	.byte	129                             @ 257
	.byte	2                               @ 
	.byte	157                             @ DW_OP_bit_piece
	.byte	32                              @ 32
	.byte	32                              @ 32
	.long	.Ltmp43-.Lfunc_begin6
	.long	.Ltmp44-.Lfunc_begin6
	.short	3                               @ Loc expr size
	.byte	144                             @ super-register DW_OP_regx
	.byte	132                             @ 260
	.byte	2                               @ 
	.long	.Ltmp44-.Lfunc_begin6
	.long	.Ltmp46-.Lfunc_begin6
	.short	6                               @ Loc expr size
	.byte	144                             @ super-register DW_OP_regx
	.byte	129                             @ 257
	.byte	2                               @ 
	.byte	157                             @ DW_OP_bit_piece
	.byte	32                              @ 32
	.byte	32                              @ 32
	.long	.Ltmp46-.Lfunc_begin6
	.long	.Ltmp48-.Lfunc_begin6
	.short	6                               @ Loc expr size
	.byte	144                             @ super-register DW_OP_regx
	.byte	128                             @ 256
	.byte	2                               @ 
	.byte	157                             @ DW_OP_bit_piece
	.byte	32                              @ 32
	.byte	32                              @ 32
	.long	.Ltmp48-.Lfunc_begin6
	.long	.Ltmp50-.Lfunc_begin6
	.short	3                               @ Loc expr size
	.byte	144                             @ super-register DW_OP_regx
	.byte	131                             @ 259
	.byte	2                               @ 
	.long	.Ltmp50-.Lfunc_begin6
	.long	.Ltmp51-.Lfunc_begin6
	.short	6                               @ Loc expr size
	.byte	144                             @ super-register DW_OP_regx
	.byte	131                             @ 259
	.byte	2                               @ 
	.byte	157                             @ DW_OP_bit_piece
	.byte	32                              @ 32
	.byte	32                              @ 32
	.long	0
	.long	0
.Ldebug_loc17:
	.long	-1
	.long	.Lfunc_begin7                   @   base address
	.long	.Lfunc_begin7-.Lfunc_begin7
	.long	.Ltmp55-.Lfunc_begin7
	.short	1                               @ Loc expr size
	.byte	80                              @ DW_OP_reg0
	.long	.Ltmp55-.Lfunc_begin7
	.long	.Lfunc_end7-.Lfunc_begin7
	.short	4                               @ Loc expr size
	.byte	243                             @ DW_OP_GNU_entry_value
	.byte	1                               @ 1
	.byte	80                              @ DW_OP_reg0
	.byte	159                             @ DW_OP_stack_value
	.long	0
	.long	0
.Ldebug_loc18:
	.long	-1
	.long	.Lfunc_begin7                   @   base address
	.long	.Lfunc_begin7-.Lfunc_begin7
	.long	.Ltmp108-.Lfunc_begin7
	.short	1                               @ Loc expr size
	.byte	82                              @ DW_OP_reg2
	.long	.Ltmp108-.Lfunc_begin7
	.long	.Lfunc_end7-.Lfunc_begin7
	.short	4                               @ Loc expr size
	.byte	243                             @ DW_OP_GNU_entry_value
	.byte	1                               @ 1
	.byte	82                              @ DW_OP_reg2
	.byte	159                             @ DW_OP_stack_value
	.long	0
	.long	0
.Ldebug_loc19:
	.long	-1
	.long	.Lfunc_begin7                   @   base address
	.long	.Ltmp54-.Lfunc_begin7
	.long	.Ltmp112-.Lfunc_begin7
	.short	1                               @ Loc expr size
	.byte	91                              @ DW_OP_reg11
	.long	0
	.long	0
.Ldebug_loc20:
	.long	-1
	.long	.Lfunc_begin7                   @   base address
	.long	.Ltmp55-.Lfunc_begin7
	.long	.Ltmp56-.Lfunc_begin7
	.short	1                               @ Loc expr size
	.byte	80                              @ DW_OP_reg0
	.long	0
	.long	0
.Ldebug_loc21:
	.long	-1
	.long	.Lfunc_begin7                   @   base address
	.long	.Ltmp57-.Lfunc_begin7
	.long	.Ltmp80-.Lfunc_begin7
	.short	1                               @ Loc expr size
	.byte	88                              @ DW_OP_reg8
	.long	0
	.long	0
.Ldebug_loc22:
	.long	-1
	.long	.Lfunc_begin7                   @   base address
	.long	.Ltmp58-.Lfunc_begin7
	.long	.Lfunc_end7-.Lfunc_begin7
	.short	6                               @ Loc expr size
	.byte	16                              @ DW_OP_constu
	.byte	181                             @ 26353589
	.byte	191                             @ 
	.byte	200                             @ 
	.byte	12                              @ 
	.byte	159                             @ DW_OP_stack_value
	.long	0
	.long	0
.Ldebug_loc23:
	.long	-1
	.long	.Lfunc_begin7                   @   base address
	.long	.Ltmp58-.Lfunc_begin7
	.long	.Ltmp71-.Lfunc_begin7
	.short	1                               @ Loc expr size
	.byte	86                              @ DW_OP_reg6
	.long	0
	.long	0
.Ldebug_loc24:
	.long	-1
	.long	.Lfunc_begin7                   @   base address
	.long	.Ltmp59-.Lfunc_begin7
	.long	.Ltmp107-.Lfunc_begin7
	.short	1                               @ Loc expr size
	.byte	90                              @ DW_OP_reg10
	.long	.Ltmp107-.Lfunc_begin7
	.long	.Lfunc_end7-.Lfunc_begin7
	.short	1                               @ Loc expr size
	.byte	94                              @ DW_OP_reg14
	.long	0
	.long	0
.Ldebug_loc25:
	.long	-1
	.long	.Lfunc_begin7                   @   base address
	.long	.Ltmp60-.Lfunc_begin7
	.long	.Ltmp62-.Lfunc_begin7
	.short	3                               @ Loc expr size
	.byte	84                              @ DW_OP_reg4
	.byte	147                             @ DW_OP_piece
	.byte	4                               @ 4
	.long	.Ltmp62-.Lfunc_begin7
	.long	.Ltmp64-.Lfunc_begin7
	.short	6                               @ Loc expr size
	.byte	84                              @ DW_OP_reg4
	.byte	147                             @ DW_OP_piece
	.byte	4                               @ 4
	.byte	92                              @ DW_OP_reg12
	.byte	147                             @ DW_OP_piece
	.byte	4                               @ 4
	.long	.Ltmp64-.Lfunc_begin7
	.long	.Ltmp65-.Lfunc_begin7
	.short	6                               @ Loc expr size
	.byte	84                              @ DW_OP_reg4
	.byte	147                             @ DW_OP_piece
	.byte	4                               @ 4
	.byte	83                              @ DW_OP_reg3
	.byte	147                             @ DW_OP_piece
	.byte	4                               @ 4
	.long	.Ltmp66-.Lfunc_begin7
	.long	.Ltmp67-.Lfunc_begin7
	.short	3                               @ Loc expr size
	.byte	80                              @ DW_OP_reg0
	.byte	147                             @ DW_OP_piece
	.byte	4                               @ 4
	.long	.Ltmp67-.Lfunc_begin7
	.long	.Ltmp68-.Lfunc_begin7
	.short	4                               @ Loc expr size
	.byte	125                             @ DW_OP_breg13
	.byte	4                               @ 4
	.byte	147                             @ DW_OP_piece
	.byte	4                               @ 4
	.long	.Ltmp68-.Lfunc_begin7
	.long	.Ltmp69-.Lfunc_begin7
	.short	7                               @ Loc expr size
	.byte	125                             @ DW_OP_breg13
	.byte	4                               @ 4
	.byte	147                             @ DW_OP_piece
	.byte	4                               @ 4
	.byte	80                              @ DW_OP_reg0
	.byte	147                             @ DW_OP_piece
	.byte	4                               @ 4
	.long	.Ltmp69-.Lfunc_begin7
	.long	.Ltmp72-.Lfunc_begin7
	.short	8                               @ Loc expr size
	.byte	125                             @ DW_OP_breg13
	.byte	4                               @ 4
	.byte	147                             @ DW_OP_piece
	.byte	4                               @ 4
	.byte	125                             @ DW_OP_breg13
	.byte	0                               @ 0
	.byte	147                             @ DW_OP_piece
	.byte	4                               @ 4
	.long	.Ltmp72-.Lfunc_begin7
	.long	.Ltmp73-.Lfunc_begin7
	.short	7                               @ Loc expr size
	.byte	87                              @ DW_OP_reg7
	.byte	147                             @ DW_OP_piece
	.byte	4                               @ 4
	.byte	125                             @ DW_OP_breg13
	.byte	0                               @ 0
	.byte	147                             @ DW_OP_piece
	.byte	4                               @ 4
	.long	.Ltmp73-.Lfunc_begin7
	.long	.Ltmp74-.Lfunc_begin7
	.short	7                               @ Loc expr size
	.byte	86                              @ DW_OP_reg6
	.byte	147                             @ DW_OP_piece
	.byte	4                               @ 4
	.byte	125                             @ DW_OP_breg13
	.byte	0                               @ 0
	.byte	147                             @ DW_OP_piece
	.byte	4                               @ 4
	.long	.Ltmp74-.Lfunc_begin7
	.long	.Ltmp76-.Lfunc_begin7
	.short	6                               @ Loc expr size
	.byte	86                              @ DW_OP_reg6
	.byte	147                             @ DW_OP_piece
	.byte	4                               @ 4
	.byte	83                              @ DW_OP_reg3
	.byte	147                             @ DW_OP_piece
	.byte	4                               @ 4
	.long	.Ltmp77-.Lfunc_begin7
	.long	.Ltmp78-.Lfunc_begin7
	.short	3                               @ Loc expr size
	.byte	86                              @ DW_OP_reg6
	.byte	147                             @ DW_OP_piece
	.byte	4                               @ 4
	.long	.Ltmp78-.Lfunc_begin7
	.long	.Ltmp81-.Lfunc_begin7
	.short	6                               @ Loc expr size
	.byte	86                              @ DW_OP_reg6
	.byte	147                             @ DW_OP_piece
	.byte	4                               @ 4
	.byte	83                              @ DW_OP_reg3
	.byte	147                             @ DW_OP_piece
	.byte	4                               @ 4
	.long	.Ltmp82-.Lfunc_begin7
	.long	.Ltmp83-.Lfunc_begin7
	.short	3                               @ Loc expr size
	.byte	86                              @ DW_OP_reg6
	.byte	147                             @ DW_OP_piece
	.byte	4                               @ 4
	.long	.Ltmp83-.Lfunc_begin7
	.long	.Ltmp84-.Lfunc_begin7
	.short	6                               @ Loc expr size
	.byte	86                              @ DW_OP_reg6
	.byte	147                             @ DW_OP_piece
	.byte	4                               @ 4
	.byte	83                              @ DW_OP_reg3
	.byte	147                             @ DW_OP_piece
	.byte	4                               @ 4
	.long	.Ltmp89-.Lfunc_begin7
	.long	.Ltmp90-.Lfunc_begin7
	.short	3                               @ Loc expr size
	.byte	92                              @ DW_OP_reg12
	.byte	147                             @ DW_OP_piece
	.byte	4                               @ 4
	.long	.Ltmp90-.Lfunc_begin7
	.long	.Ltmp92-.Lfunc_begin7
	.short	6                               @ Loc expr size
	.byte	92                              @ DW_OP_reg12
	.byte	147                             @ DW_OP_piece
	.byte	4                               @ 4
	.byte	80                              @ DW_OP_reg0
	.byte	147                             @ DW_OP_piece
	.byte	4                               @ 4
	.long	.Ltmp92-.Lfunc_begin7
	.long	.Ltmp93-.Lfunc_begin7
	.short	6                               @ Loc expr size
	.byte	92                              @ DW_OP_reg12
	.byte	147                             @ DW_OP_piece
	.byte	4                               @ 4
	.byte	85                              @ DW_OP_reg5
	.byte	147                             @ DW_OP_piece
	.byte	4                               @ 4
	.long	.Ltmp94-.Lfunc_begin7
	.long	.Ltmp96-.Lfunc_begin7
	.short	3                               @ Loc expr size
	.byte	92                              @ DW_OP_reg12
	.byte	147                             @ DW_OP_piece
	.byte	4                               @ 4
	.long	.Ltmp96-.Lfunc_begin7
	.long	.Ltmp97-.Lfunc_begin7
	.short	6                               @ Loc expr size
	.byte	92                              @ DW_OP_reg12
	.byte	147                             @ DW_OP_piece
	.byte	4                               @ 4
	.byte	85                              @ DW_OP_reg5
	.byte	147                             @ DW_OP_piece
	.byte	4                               @ 4
	.long	.Ltmp97-.Lfunc_begin7
	.long	.Ltmp98-.Lfunc_begin7
	.short	6                               @ Loc expr size
	.byte	80                              @ DW_OP_reg0
	.byte	147                             @ DW_OP_piece
	.byte	4                               @ 4
	.byte	85                              @ DW_OP_reg5
	.byte	147                             @ DW_OP_piece
	.byte	4                               @ 4
	.long	.Ltmp98-.Lfunc_begin7
	.long	.Ltmp99-.Lfunc_begin7
	.short	6                               @ Loc expr size
	.byte	80                              @ DW_OP_reg0
	.byte	147                             @ DW_OP_piece
	.byte	4                               @ 4
	.byte	83                              @ DW_OP_reg3
	.byte	147                             @ DW_OP_piece
	.byte	4                               @ 4
	.long	.Ltmp100-.Lfunc_begin7
	.long	.Ltmp101-.Lfunc_begin7
	.short	3                               @ Loc expr size
	.byte	86                              @ DW_OP_reg6
	.byte	147                             @ DW_OP_piece
	.byte	4                               @ 4
	.long	.Ltmp101-.Lfunc_begin7
	.long	.Ltmp103-.Lfunc_begin7
	.short	6                               @ Loc expr size
	.byte	86                              @ DW_OP_reg6
	.byte	147                             @ DW_OP_piece
	.byte	4                               @ 4
	.byte	83                              @ DW_OP_reg3
	.byte	147                             @ DW_OP_piece
	.byte	4                               @ 4
	.long	.Ltmp104-.Lfunc_begin7
	.long	.Ltmp105-.Lfunc_begin7
	.short	3                               @ Loc expr size
	.byte	86                              @ DW_OP_reg6
	.byte	147                             @ DW_OP_piece
	.byte	4                               @ 4
	.long	.Ltmp105-.Lfunc_begin7
	.long	.Ltmp106-.Lfunc_begin7
	.short	6                               @ Loc expr size
	.byte	86                              @ DW_OP_reg6
	.byte	147                             @ DW_OP_piece
	.byte	4                               @ 4
	.byte	83                              @ DW_OP_reg3
	.byte	147                             @ DW_OP_piece
	.byte	4                               @ 4
	.long	0
	.long	0
.Ldebug_loc26:
	.long	-1
	.long	.Lfunc_begin7                   @   base address
	.long	.Ltmp61-.Lfunc_begin7
	.long	.Ltmp92-.Lfunc_begin7
	.short	1                               @ Loc expr size
	.byte	85                              @ DW_OP_reg5
	.long	0
	.long	0
.Ldebug_loc27:
	.long	-1
	.long	.Lfunc_begin7                   @   base address
	.long	.Ltmp63-.Lfunc_begin7
	.long	.Ltmp70-.Lfunc_begin7
	.short	1                               @ Loc expr size
	.byte	87                              @ DW_OP_reg7
	.long	.Ltmp91-.Lfunc_begin7
	.long	.Ltmp95-.Lfunc_begin7
	.short	1                               @ Loc expr size
	.byte	84                              @ DW_OP_reg4
	.long	0
	.long	0
.Ldebug_loc28:
	.long	-1
	.long	.Lfunc_begin7                   @   base address
	.long	.Ltmp85-.Lfunc_begin7
	.long	.Ltmp86-.Lfunc_begin7
	.short	6                               @ Loc expr size
	.byte	87                              @ DW_OP_reg7
	.byte	147                             @ DW_OP_piece
	.byte	4                               @ 4
	.byte	83                              @ DW_OP_reg3
	.byte	147                             @ DW_OP_piece
	.byte	4                               @ 4
	.long	.Ltmp86-.Lfunc_begin7
	.long	.Ltmp87-.Lfunc_begin7
	.short	3                               @ Loc expr size
	.byte	87                              @ DW_OP_reg7
	.byte	147                             @ DW_OP_piece
	.byte	4                               @ 4
	.long	0
	.long	0
.Ldebug_loc29:
	.long	-1
	.long	.Lfunc_begin7                   @   base address
	.long	.Ltmp108-.Lfunc_begin7
	.long	.Ltmp109-.Lfunc_begin7
	.short	6                               @ Loc expr size
	.byte	80                              @ DW_OP_reg0
	.byte	147                             @ DW_OP_piece
	.byte	4                               @ 4
	.byte	82                              @ DW_OP_reg2
	.byte	147                             @ DW_OP_piece
	.byte	4                               @ 4
	.long	.Ltmp109-.Lfunc_begin7
	.long	.Ltmp110-.Lfunc_begin7
	.short	3                               @ Loc expr size
	.byte	80                              @ DW_OP_reg0
	.byte	147                             @ DW_OP_piece
	.byte	4                               @ 4
	.long	0
	.long	0
	.section	.debug_abbrev,"",%progbits
	.byte	1                               @ Abbreviation Code
	.byte	17                              @ DW_TAG_compile_unit
	.byte	1                               @ DW_CHILDREN_yes
	.byte	37                              @ DW_AT_producer
	.byte	14                              @ DW_FORM_strp
	.byte	19                              @ DW_AT_language
	.byte	5                               @ DW_FORM_data2
	.byte	3                               @ DW_AT_name
	.byte	14                              @ DW_FORM_strp
	.byte	16                              @ DW_AT_stmt_list
	.byte	23                              @ DW_FORM_sec_offset
	.byte	27                              @ DW_AT_comp_dir
	.byte	14                              @ DW_FORM_strp
	.byte	17                              @ DW_AT_low_pc
	.byte	1                               @ DW_FORM_addr
	.byte	85                              @ DW_AT_ranges
	.byte	23                              @ DW_FORM_sec_offset
	.byte	0                               @ EOM(1)
	.byte	0                               @ EOM(2)
	.byte	2                               @ Abbreviation Code
	.byte	22                              @ DW_TAG_typedef
	.byte	0                               @ DW_CHILDREN_no
	.byte	73                              @ DW_AT_type
	.byte	19                              @ DW_FORM_ref4
	.byte	3                               @ DW_AT_name
	.byte	14                              @ DW_FORM_strp
	.byte	58                              @ DW_AT_decl_file
	.byte	11                              @ DW_FORM_data1
	.byte	59                              @ DW_AT_decl_line
	.byte	5                               @ DW_FORM_data2
	.byte	0                               @ EOM(1)
	.byte	0                               @ EOM(2)
	.byte	3                               @ Abbreviation Code
	.byte	36                              @ DW_TAG_base_type
	.byte	0                               @ DW_CHILDREN_no
	.byte	3                               @ DW_AT_name
	.byte	14                              @ DW_FORM_strp
	.byte	62                              @ DW_AT_encoding
	.byte	11                              @ DW_FORM_data1
	.byte	11                              @ DW_AT_byte_size
	.byte	11                              @ DW_FORM_data1
	.byte	0                               @ EOM(1)
	.byte	0                               @ EOM(2)
	.byte	4                               @ Abbreviation Code
	.byte	22                              @ DW_TAG_typedef
	.byte	0                               @ DW_CHILDREN_no
	.byte	73                              @ DW_AT_type
	.byte	19                              @ DW_FORM_ref4
	.byte	3                               @ DW_AT_name
	.byte	14                              @ DW_FORM_strp
	.byte	58                              @ DW_AT_decl_file
	.byte	11                              @ DW_FORM_data1
	.byte	59                              @ DW_AT_decl_line
	.byte	11                              @ DW_FORM_data1
	.byte	0                               @ EOM(1)
	.byte	0                               @ EOM(2)
	.byte	5                               @ Abbreviation Code
	.byte	46                              @ DW_TAG_subprogram
	.byte	1                               @ DW_CHILDREN_yes
	.byte	17                              @ DW_AT_low_pc
	.byte	1                               @ DW_FORM_addr
	.byte	18                              @ DW_AT_high_pc
	.byte	6                               @ DW_FORM_data4
	.byte	64                              @ DW_AT_frame_base
	.byte	24                              @ DW_FORM_exprloc
	.ascii	"\227B"                         @ DW_AT_GNU_all_call_sites
	.byte	25                              @ DW_FORM_flag_present
	.byte	3                               @ DW_AT_name
	.byte	14                              @ DW_FORM_strp
	.byte	58                              @ DW_AT_decl_file
	.byte	11                              @ DW_FORM_data1
	.byte	59                              @ DW_AT_decl_line
	.byte	11                              @ DW_FORM_data1
	.byte	39                              @ DW_AT_prototyped
	.byte	25                              @ DW_FORM_flag_present
	.byte	63                              @ DW_AT_external
	.byte	25                              @ DW_FORM_flag_present
	.byte	0                               @ EOM(1)
	.byte	0                               @ EOM(2)
	.byte	6                               @ Abbreviation Code
	.byte	5                               @ DW_TAG_formal_parameter
	.byte	0                               @ DW_CHILDREN_no
	.byte	2                               @ DW_AT_location
	.byte	24                              @ DW_FORM_exprloc
	.byte	3                               @ DW_AT_name
	.byte	14                              @ DW_FORM_strp
	.byte	58                              @ DW_AT_decl_file
	.byte	11                              @ DW_FORM_data1
	.byte	59                              @ DW_AT_decl_line
	.byte	11                              @ DW_FORM_data1
	.byte	73                              @ DW_AT_type
	.byte	19                              @ DW_FORM_ref4
	.byte	0                               @ EOM(1)
	.byte	0                               @ EOM(2)
	.byte	7                               @ Abbreviation Code
	.byte	5                               @ DW_TAG_formal_parameter
	.byte	0                               @ DW_CHILDREN_no
	.byte	2                               @ DW_AT_location
	.byte	23                              @ DW_FORM_sec_offset
	.byte	3                               @ DW_AT_name
	.byte	14                              @ DW_FORM_strp
	.byte	58                              @ DW_AT_decl_file
	.byte	11                              @ DW_FORM_data1
	.byte	59                              @ DW_AT_decl_line
	.byte	11                              @ DW_FORM_data1
	.byte	73                              @ DW_AT_type
	.byte	19                              @ DW_FORM_ref4
	.byte	0                               @ EOM(1)
	.byte	0                               @ EOM(2)
	.byte	8                               @ Abbreviation Code
	.byte	11                              @ DW_TAG_lexical_block
	.byte	1                               @ DW_CHILDREN_yes
	.byte	85                              @ DW_AT_ranges
	.byte	23                              @ DW_FORM_sec_offset
	.byte	0                               @ EOM(1)
	.byte	0                               @ EOM(2)
	.byte	9                               @ Abbreviation Code
	.byte	52                              @ DW_TAG_variable
	.byte	0                               @ DW_CHILDREN_no
	.byte	2                               @ DW_AT_location
	.byte	23                              @ DW_FORM_sec_offset
	.byte	3                               @ DW_AT_name
	.byte	14                              @ DW_FORM_strp
	.byte	58                              @ DW_AT_decl_file
	.byte	11                              @ DW_FORM_data1
	.byte	59                              @ DW_AT_decl_line
	.byte	11                              @ DW_FORM_data1
	.byte	73                              @ DW_AT_type
	.byte	19                              @ DW_FORM_ref4
	.byte	0                               @ EOM(1)
	.byte	0                               @ EOM(2)
	.byte	10                              @ Abbreviation Code
	.byte	52                              @ DW_TAG_variable
	.byte	0                               @ DW_CHILDREN_no
	.byte	3                               @ DW_AT_name
	.byte	14                              @ DW_FORM_strp
	.byte	58                              @ DW_AT_decl_file
	.byte	11                              @ DW_FORM_data1
	.byte	59                              @ DW_AT_decl_line
	.byte	11                              @ DW_FORM_data1
	.byte	73                              @ DW_AT_type
	.byte	19                              @ DW_FORM_ref4
	.byte	0                               @ EOM(1)
	.byte	0                               @ EOM(2)
	.byte	11                              @ Abbreviation Code
	.byte	46                              @ DW_TAG_subprogram
	.byte	1                               @ DW_CHILDREN_yes
	.byte	3                               @ DW_AT_name
	.byte	14                              @ DW_FORM_strp
	.byte	58                              @ DW_AT_decl_file
	.byte	11                              @ DW_FORM_data1
	.byte	59                              @ DW_AT_decl_line
	.byte	11                              @ DW_FORM_data1
	.byte	39                              @ DW_AT_prototyped
	.byte	25                              @ DW_FORM_flag_present
	.byte	73                              @ DW_AT_type
	.byte	19                              @ DW_FORM_ref4
	.byte	32                              @ DW_AT_inline
	.byte	11                              @ DW_FORM_data1
	.byte	0                               @ EOM(1)
	.byte	0                               @ EOM(2)
	.byte	12                              @ Abbreviation Code
	.byte	5                               @ DW_TAG_formal_parameter
	.byte	0                               @ DW_CHILDREN_no
	.byte	3                               @ DW_AT_name
	.byte	14                              @ DW_FORM_strp
	.byte	58                              @ DW_AT_decl_file
	.byte	11                              @ DW_FORM_data1
	.byte	59                              @ DW_AT_decl_line
	.byte	11                              @ DW_FORM_data1
	.byte	73                              @ DW_AT_type
	.byte	19                              @ DW_FORM_ref4
	.byte	0                               @ EOM(1)
	.byte	0                               @ EOM(2)
	.byte	13                              @ Abbreviation Code
	.byte	29                              @ DW_TAG_inlined_subroutine
	.byte	1                               @ DW_CHILDREN_yes
	.byte	49                              @ DW_AT_abstract_origin
	.byte	19                              @ DW_FORM_ref4
	.byte	17                              @ DW_AT_low_pc
	.byte	1                               @ DW_FORM_addr
	.byte	18                              @ DW_AT_high_pc
	.byte	6                               @ DW_FORM_data4
	.byte	88                              @ DW_AT_call_file
	.byte	11                              @ DW_FORM_data1
	.byte	89                              @ DW_AT_call_line
	.byte	11                              @ DW_FORM_data1
	.byte	87                              @ DW_AT_call_column
	.byte	11                              @ DW_FORM_data1
	.byte	0                               @ EOM(1)
	.byte	0                               @ EOM(2)
	.byte	14                              @ Abbreviation Code
	.byte	5                               @ DW_TAG_formal_parameter
	.byte	0                               @ DW_CHILDREN_no
	.byte	2                               @ DW_AT_location
	.byte	23                              @ DW_FORM_sec_offset
	.byte	49                              @ DW_AT_abstract_origin
	.byte	19                              @ DW_FORM_ref4
	.byte	0                               @ EOM(1)
	.byte	0                               @ EOM(2)
	.byte	15                              @ Abbreviation Code
	.byte	15                              @ DW_TAG_pointer_type
	.byte	0                               @ DW_CHILDREN_no
	.byte	73                              @ DW_AT_type
	.byte	19                              @ DW_FORM_ref4
	.byte	0                               @ EOM(1)
	.byte	0                               @ EOM(2)
	.byte	16                              @ Abbreviation Code
	.byte	19                              @ DW_TAG_structure_type
	.byte	1                               @ DW_CHILDREN_yes
	.byte	11                              @ DW_AT_byte_size
	.byte	11                              @ DW_FORM_data1
	.byte	58                              @ DW_AT_decl_file
	.byte	11                              @ DW_FORM_data1
	.byte	59                              @ DW_AT_decl_line
	.byte	11                              @ DW_FORM_data1
	.byte	0                               @ EOM(1)
	.byte	0                               @ EOM(2)
	.byte	17                              @ Abbreviation Code
	.byte	13                              @ DW_TAG_member
	.byte	0                               @ DW_CHILDREN_no
	.byte	3                               @ DW_AT_name
	.byte	14                              @ DW_FORM_strp
	.byte	73                              @ DW_AT_type
	.byte	19                              @ DW_FORM_ref4
	.byte	58                              @ DW_AT_decl_file
	.byte	11                              @ DW_FORM_data1
	.byte	59                              @ DW_AT_decl_line
	.byte	11                              @ DW_FORM_data1
	.byte	56                              @ DW_AT_data_member_location
	.byte	11                              @ DW_FORM_data1
	.byte	0                               @ EOM(1)
	.byte	0                               @ EOM(2)
	.byte	18                              @ Abbreviation Code
	.byte	1                               @ DW_TAG_array_type
	.byte	1                               @ DW_CHILDREN_yes
	.byte	73                              @ DW_AT_type
	.byte	19                              @ DW_FORM_ref4
	.byte	0                               @ EOM(1)
	.byte	0                               @ EOM(2)
	.byte	19                              @ Abbreviation Code
	.byte	33                              @ DW_TAG_subrange_type
	.byte	0                               @ DW_CHILDREN_no
	.byte	73                              @ DW_AT_type
	.byte	19                              @ DW_FORM_ref4
	.byte	55                              @ DW_AT_count
	.byte	11                              @ DW_FORM_data1
	.byte	0                               @ EOM(1)
	.byte	0                               @ EOM(2)
	.byte	20                              @ Abbreviation Code
	.byte	36                              @ DW_TAG_base_type
	.byte	0                               @ DW_CHILDREN_no
	.byte	3                               @ DW_AT_name
	.byte	14                              @ DW_FORM_strp
	.byte	11                              @ DW_AT_byte_size
	.byte	11                              @ DW_FORM_data1
	.byte	62                              @ DW_AT_encoding
	.byte	11                              @ DW_FORM_data1
	.byte	0                               @ EOM(1)
	.byte	0                               @ EOM(2)
	.byte	0                               @ EOM(3)
	.section	.debug_info,"",%progbits
.Lcu_begin0:
	.long	.Ldebug_info_end0-.Ldebug_info_start0 @ Length of Unit
.Ldebug_info_start0:
	.short	4                               @ DWARF version number
	.long	.debug_abbrev                   @ Offset Into Abbrev. Section
	.byte	4                               @ Address Size (in bytes)
	.byte	1                               @ Abbrev [1] 0xb:0x531 DW_TAG_compile_unit
	.long	.Linfo_string0                  @ DW_AT_producer
	.short	29                              @ DW_AT_language
	.long	.Linfo_string1                  @ DW_AT_name
	.long	.Lline_table_start0             @ DW_AT_stmt_list
	.long	.Linfo_string2                  @ DW_AT_comp_dir
	.long	0                               @ DW_AT_low_pc
	.long	.Ldebug_ranges1                 @ DW_AT_ranges
	.byte	2                               @ Abbrev [2] 0x26:0xc DW_TAG_typedef
	.long	50                              @ DW_AT_type
	.long	.Linfo_string4                  @ DW_AT_name
	.byte	1                               @ DW_AT_decl_file
	.short	334                             @ DW_AT_decl_line
	.byte	3                               @ Abbrev [3] 0x32:0x7 DW_TAG_base_type
	.long	.Linfo_string3                  @ DW_AT_name
	.byte	4                               @ DW_AT_encoding
	.byte	4                               @ DW_AT_byte_size
	.byte	4                               @ Abbrev [4] 0x39:0xb DW_TAG_typedef
	.long	68                              @ DW_AT_type
	.long	.Linfo_string6                  @ DW_AT_name
	.byte	2                               @ DW_AT_decl_file
	.byte	58                              @ DW_AT_decl_line
	.byte	3                               @ Abbrev [3] 0x44:0x7 DW_TAG_base_type
	.long	.Linfo_string5                  @ DW_AT_name
	.byte	5                               @ DW_AT_encoding
	.byte	4                               @ DW_AT_byte_size
	.byte	4                               @ Abbrev [4] 0x4b:0xb DW_TAG_typedef
	.long	86                              @ DW_AT_type
	.long	.Linfo_string8                  @ DW_AT_name
	.byte	2                               @ DW_AT_decl_file
	.byte	63                              @ DW_AT_decl_line
	.byte	3                               @ Abbrev [3] 0x56:0x7 DW_TAG_base_type
	.long	.Linfo_string7                  @ DW_AT_name
	.byte	7                               @ DW_AT_encoding
	.byte	2                               @ DW_AT_byte_size
	.byte	4                               @ Abbrev [4] 0x5d:0xb DW_TAG_typedef
	.long	104                             @ DW_AT_type
	.long	.Linfo_string10                 @ DW_AT_name
	.byte	2                               @ DW_AT_decl_file
	.byte	64                              @ DW_AT_decl_line
	.byte	3                               @ Abbrev [3] 0x68:0x7 DW_TAG_base_type
	.long	.Linfo_string9                  @ DW_AT_name
	.byte	7                               @ DW_AT_encoding
	.byte	4                               @ DW_AT_byte_size
	.byte	2                               @ Abbrev [2] 0x6f:0xc DW_TAG_typedef
	.long	123                             @ DW_AT_type
	.long	.Linfo_string13                 @ DW_AT_name
	.byte	1                               @ DW_AT_decl_file
	.short	328                             @ DW_AT_decl_line
	.byte	4                               @ Abbrev [4] 0x7b:0xb DW_TAG_typedef
	.long	134                             @ DW_AT_type
	.long	.Linfo_string12                 @ DW_AT_name
	.byte	2                               @ DW_AT_decl_file
	.byte	59                              @ DW_AT_decl_line
	.byte	3                               @ Abbrev [3] 0x86:0x7 DW_TAG_base_type
	.long	.Linfo_string11                 @ DW_AT_name
	.byte	5                               @ DW_AT_encoding
	.byte	8                               @ DW_AT_byte_size
	.byte	2                               @ Abbrev [2] 0x8d:0xc DW_TAG_typedef
	.long	57                              @ DW_AT_type
	.long	.Linfo_string14                 @ DW_AT_name
	.byte	1                               @ DW_AT_decl_file
	.short	323                             @ DW_AT_decl_line
	.byte	5                               @ Abbrev [5] 0x99:0x2e DW_TAG_subprogram
	.long	.Lfunc_begin0                   @ DW_AT_low_pc
	.long	.Lfunc_end0-.Lfunc_begin0       @ DW_AT_high_pc
	.byte	1                               @ DW_AT_frame_base
	.byte	93
                                        @ DW_AT_GNU_all_call_sites
	.long	.Linfo_string17                 @ DW_AT_name
	.byte	3                               @ DW_AT_decl_file
	.byte	51                              @ DW_AT_decl_line
                                        @ DW_AT_prototyped
                                        @ DW_AT_external
	.byte	6                               @ Abbrev [6] 0xaa:0xd DW_TAG_formal_parameter
	.byte	1                               @ DW_AT_location
	.byte	80
	.long	.Linfo_string25                 @ DW_AT_name
	.byte	3                               @ DW_AT_decl_file
	.byte	52                              @ DW_AT_decl_line
	.long	953                             @ DW_AT_type
	.byte	7                               @ Abbrev [7] 0xb7:0xf DW_TAG_formal_parameter
	.long	.Ldebug_loc0                    @ DW_AT_location
	.long	.Linfo_string35                 @ DW_AT_name
	.byte	3                               @ DW_AT_decl_file
	.byte	53                              @ DW_AT_decl_line
	.long	57                              @ DW_AT_type
	.byte	0                               @ End Of Children Mark
	.byte	5                               @ Abbrev [5] 0xc7:0x5d DW_TAG_subprogram
	.long	.Lfunc_begin1                   @ DW_AT_low_pc
	.long	.Lfunc_end1-.Lfunc_begin1       @ DW_AT_high_pc
	.byte	1                               @ DW_AT_frame_base
	.byte	93
                                        @ DW_AT_GNU_all_call_sites
	.long	.Linfo_string18                 @ DW_AT_name
	.byte	4                               @ DW_AT_decl_file
	.byte	51                              @ DW_AT_decl_line
                                        @ DW_AT_prototyped
                                        @ DW_AT_external
	.byte	6                               @ Abbrev [6] 0xd8:0xd DW_TAG_formal_parameter
	.byte	1                               @ DW_AT_location
	.byte	80
	.long	.Linfo_string25                 @ DW_AT_name
	.byte	4                               @ DW_AT_decl_file
	.byte	52                              @ DW_AT_decl_line
	.long	1077                            @ DW_AT_type
	.byte	7                               @ Abbrev [7] 0xe5:0xf DW_TAG_formal_parameter
	.long	.Ldebug_loc1                    @ DW_AT_location
	.long	.Linfo_string35                 @ DW_AT_name
	.byte	4                               @ DW_AT_decl_file
	.byte	53                              @ DW_AT_decl_line
	.long	57                              @ DW_AT_type
	.byte	8                               @ Abbrev [8] 0xf4:0x2f DW_TAG_lexical_block
	.long	.Ldebug_ranges0                 @ DW_AT_ranges
	.byte	9                               @ Abbrev [9] 0xf9:0xf DW_TAG_variable
	.long	.Ldebug_loc2                    @ DW_AT_location
	.long	.Linfo_string40                 @ DW_AT_name
	.byte	4                               @ DW_AT_decl_file
	.byte	64                              @ DW_AT_decl_line
	.long	93                              @ DW_AT_type
	.byte	9                               @ Abbrev [9] 0x108:0xf DW_TAG_variable
	.long	.Ldebug_loc3                    @ DW_AT_location
	.long	.Linfo_string41                 @ DW_AT_name
	.byte	4                               @ DW_AT_decl_file
	.byte	64                              @ DW_AT_decl_line
	.long	93                              @ DW_AT_type
	.byte	10                              @ Abbrev [10] 0x117:0xb DW_TAG_variable
	.long	.Linfo_string42                 @ DW_AT_name
	.byte	4                               @ DW_AT_decl_file
	.byte	64                              @ DW_AT_decl_line
	.long	93                              @ DW_AT_type
	.byte	0                               @ End Of Children Mark
	.byte	0                               @ End Of Children Mark
	.byte	5                               @ Abbrev [5] 0x124:0x2e DW_TAG_subprogram
	.long	.Lfunc_begin2                   @ DW_AT_low_pc
	.long	.Lfunc_end2-.Lfunc_begin2       @ DW_AT_high_pc
	.byte	1                               @ DW_AT_frame_base
	.byte	93
                                        @ DW_AT_GNU_all_call_sites
	.long	.Linfo_string19                 @ DW_AT_name
	.byte	5                               @ DW_AT_decl_file
	.byte	51                              @ DW_AT_decl_line
                                        @ DW_AT_prototyped
                                        @ DW_AT_external
	.byte	6                               @ Abbrev [6] 0x135:0xd DW_TAG_formal_parameter
	.byte	1                               @ DW_AT_location
	.byte	80
	.long	.Linfo_string25                 @ DW_AT_name
	.byte	5                               @ DW_AT_decl_file
	.byte	52                              @ DW_AT_decl_line
	.long	1212                            @ DW_AT_type
	.byte	7                               @ Abbrev [7] 0x142:0xf DW_TAG_formal_parameter
	.long	.Ldebug_loc4                    @ DW_AT_location
	.long	.Linfo_string35                 @ DW_AT_name
	.byte	5                               @ DW_AT_decl_file
	.byte	53                              @ DW_AT_decl_line
	.long	57                              @ DW_AT_type
	.byte	0                               @ End Of Children Mark
	.byte	5                               @ Abbrev [5] 0x152:0x1f DW_TAG_subprogram
	.long	.Lfunc_begin3                   @ DW_AT_low_pc
	.long	.Lfunc_end3-.Lfunc_begin3       @ DW_AT_high_pc
	.byte	1                               @ DW_AT_frame_base
	.byte	93
                                        @ DW_AT_GNU_all_call_sites
	.long	.Linfo_string20                 @ DW_AT_name
	.byte	6                               @ DW_AT_decl_file
	.byte	45                              @ DW_AT_decl_line
                                        @ DW_AT_prototyped
                                        @ DW_AT_external
	.byte	6                               @ Abbrev [6] 0x163:0xd DW_TAG_formal_parameter
	.byte	1                               @ DW_AT_location
	.byte	80
	.long	.Linfo_string25                 @ DW_AT_name
	.byte	6                               @ DW_AT_decl_file
	.byte	46                              @ DW_AT_decl_line
	.long	953                             @ DW_AT_type
	.byte	0                               @ End Of Children Mark
	.byte	5                               @ Abbrev [5] 0x171:0x1f DW_TAG_subprogram
	.long	.Lfunc_begin4                   @ DW_AT_low_pc
	.long	.Lfunc_end4-.Lfunc_begin4       @ DW_AT_high_pc
	.byte	1                               @ DW_AT_frame_base
	.byte	93
                                        @ DW_AT_GNU_all_call_sites
	.long	.Linfo_string21                 @ DW_AT_name
	.byte	7                               @ DW_AT_decl_file
	.byte	45                              @ DW_AT_decl_line
                                        @ DW_AT_prototyped
                                        @ DW_AT_external
	.byte	6                               @ Abbrev [6] 0x182:0xd DW_TAG_formal_parameter
	.byte	1                               @ DW_AT_location
	.byte	80
	.long	.Linfo_string25                 @ DW_AT_name
	.byte	7                               @ DW_AT_decl_file
	.byte	46                              @ DW_AT_decl_line
	.long	1077                            @ DW_AT_type
	.byte	0                               @ End Of Children Mark
	.byte	5                               @ Abbrev [5] 0x190:0x1f DW_TAG_subprogram
	.long	.Lfunc_begin5                   @ DW_AT_low_pc
	.long	.Lfunc_end5-.Lfunc_begin5       @ DW_AT_high_pc
	.byte	1                               @ DW_AT_frame_base
	.byte	93
                                        @ DW_AT_GNU_all_call_sites
	.long	.Linfo_string22                 @ DW_AT_name
	.byte	8                               @ DW_AT_decl_file
	.byte	45                              @ DW_AT_decl_line
                                        @ DW_AT_prototyped
                                        @ DW_AT_external
	.byte	6                               @ Abbrev [6] 0x1a1:0xd DW_TAG_formal_parameter
	.byte	1                               @ DW_AT_location
	.byte	80
	.long	.Linfo_string25                 @ DW_AT_name
	.byte	8                               @ DW_AT_decl_file
	.byte	46                              @ DW_AT_decl_line
	.long	1212                            @ DW_AT_type
	.byte	0                               @ End Of Children Mark
	.byte	5                               @ Abbrev [5] 0x1af:0xef DW_TAG_subprogram
	.long	.Lfunc_begin6                   @ DW_AT_low_pc
	.long	.Lfunc_end6-.Lfunc_begin6       @ DW_AT_high_pc
	.byte	1                               @ DW_AT_frame_base
	.byte	93
                                        @ DW_AT_GNU_all_call_sites
	.long	.Linfo_string23                 @ DW_AT_name
	.byte	9                               @ DW_AT_decl_file
	.byte	45                              @ DW_AT_decl_line
                                        @ DW_AT_prototyped
                                        @ DW_AT_external
	.byte	6                               @ Abbrev [6] 0x1c0:0xf DW_TAG_formal_parameter
	.byte	3                               @ DW_AT_location
	.byte	144
	.ascii	"\200\002"
	.long	.Linfo_string44                 @ DW_AT_name
	.byte	9                               @ DW_AT_decl_file
	.byte	46                              @ DW_AT_decl_line
	.long	38                              @ DW_AT_type
	.byte	6                               @ Abbrev [6] 0x1cf:0xd DW_TAG_formal_parameter
	.byte	1                               @ DW_AT_location
	.byte	80
	.long	.Linfo_string45                 @ DW_AT_name
	.byte	9                               @ DW_AT_decl_file
	.byte	47                              @ DW_AT_decl_line
	.long	1329                            @ DW_AT_type
	.byte	6                               @ Abbrev [6] 0x1dc:0xd DW_TAG_formal_parameter
	.byte	1                               @ DW_AT_location
	.byte	81
	.long	.Linfo_string46                 @ DW_AT_name
	.byte	9                               @ DW_AT_decl_file
	.byte	48                              @ DW_AT_decl_line
	.long	1329                            @ DW_AT_type
	.byte	9                               @ Abbrev [9] 0x1e9:0xf DW_TAG_variable
	.long	.Ldebug_loc5                    @ DW_AT_location
	.long	.Linfo_string47                 @ DW_AT_name
	.byte	9                               @ DW_AT_decl_file
	.byte	50                              @ DW_AT_decl_line
	.long	38                              @ DW_AT_type
	.byte	9                               @ Abbrev [9] 0x1f8:0xf DW_TAG_variable
	.long	.Ldebug_loc6                    @ DW_AT_location
	.long	.Linfo_string48                 @ DW_AT_name
	.byte	9                               @ DW_AT_decl_file
	.byte	52                              @ DW_AT_decl_line
	.long	38                              @ DW_AT_type
	.byte	9                               @ Abbrev [9] 0x207:0xf DW_TAG_variable
	.long	.Ldebug_loc7                    @ DW_AT_location
	.long	.Linfo_string49                 @ DW_AT_name
	.byte	9                               @ DW_AT_decl_file
	.byte	52                              @ DW_AT_decl_line
	.long	38                              @ DW_AT_type
	.byte	9                               @ Abbrev [9] 0x216:0xf DW_TAG_variable
	.long	.Ldebug_loc8                    @ DW_AT_location
	.long	.Linfo_string50                 @ DW_AT_name
	.byte	9                               @ DW_AT_decl_file
	.byte	52                              @ DW_AT_decl_line
	.long	38                              @ DW_AT_type
	.byte	9                               @ Abbrev [9] 0x225:0xf DW_TAG_variable
	.long	.Ldebug_loc9                    @ DW_AT_location
	.long	.Linfo_string51                 @ DW_AT_name
	.byte	9                               @ DW_AT_decl_file
	.byte	52                              @ DW_AT_decl_line
	.long	38                              @ DW_AT_type
	.byte	9                               @ Abbrev [9] 0x234:0xf DW_TAG_variable
	.long	.Ldebug_loc10                   @ DW_AT_location
	.long	.Linfo_string52                 @ DW_AT_name
	.byte	9                               @ DW_AT_decl_file
	.byte	54                              @ DW_AT_decl_line
	.long	38                              @ DW_AT_type
	.byte	9                               @ Abbrev [9] 0x243:0xf DW_TAG_variable
	.long	.Ldebug_loc11                   @ DW_AT_location
	.long	.Linfo_string53                 @ DW_AT_name
	.byte	9                               @ DW_AT_decl_file
	.byte	51                              @ DW_AT_decl_line
	.long	75                              @ DW_AT_type
	.byte	9                               @ Abbrev [9] 0x252:0xf DW_TAG_variable
	.long	.Ldebug_loc12                   @ DW_AT_location
	.long	.Linfo_string54                 @ DW_AT_name
	.byte	9                               @ DW_AT_decl_file
	.byte	51                              @ DW_AT_decl_line
	.long	75                              @ DW_AT_type
	.byte	9                               @ Abbrev [9] 0x261:0xf DW_TAG_variable
	.long	.Ldebug_loc13                   @ DW_AT_location
	.long	.Linfo_string55                 @ DW_AT_name
	.byte	9                               @ DW_AT_decl_file
	.byte	50                              @ DW_AT_decl_line
	.long	38                              @ DW_AT_type
	.byte	9                               @ Abbrev [9] 0x270:0xf DW_TAG_variable
	.long	.Ldebug_loc14                   @ DW_AT_location
	.long	.Linfo_string56                 @ DW_AT_name
	.byte	9                               @ DW_AT_decl_file
	.byte	53                              @ DW_AT_decl_line
	.long	38                              @ DW_AT_type
	.byte	9                               @ Abbrev [9] 0x27f:0xf DW_TAG_variable
	.long	.Ldebug_loc15                   @ DW_AT_location
	.long	.Linfo_string57                 @ DW_AT_name
	.byte	9                               @ DW_AT_decl_file
	.byte	53                              @ DW_AT_decl_line
	.long	38                              @ DW_AT_type
	.byte	9                               @ Abbrev [9] 0x28e:0xf DW_TAG_variable
	.long	.Ldebug_loc16                   @ DW_AT_location
	.long	.Linfo_string58                 @ DW_AT_name
	.byte	9                               @ DW_AT_decl_file
	.byte	54                              @ DW_AT_decl_line
	.long	38                              @ DW_AT_type
	.byte	0                               @ End Of Children Mark
	.byte	11                              @ Abbrev [11] 0x29e:0x18 DW_TAG_subprogram
	.long	.Linfo_string15                 @ DW_AT_name
	.byte	11                              @ DW_AT_decl_file
	.byte	136                             @ DW_AT_decl_line
                                        @ DW_AT_prototyped
	.long	141                             @ DW_AT_type
	.byte	1                               @ DW_AT_inline
	.byte	12                              @ Abbrev [12] 0x2aa:0xb DW_TAG_formal_parameter
	.long	.Linfo_string16                 @ DW_AT_name
	.byte	11                              @ DW_AT_decl_file
	.byte	137                             @ DW_AT_decl_line
	.long	111                             @ DW_AT_type
	.byte	0                               @ End Of Children Mark
	.byte	5                               @ Abbrev [5] 0x2b6:0x103 DW_TAG_subprogram
	.long	.Lfunc_begin7                   @ DW_AT_low_pc
	.long	.Lfunc_end7-.Lfunc_begin7       @ DW_AT_high_pc
	.byte	1                               @ DW_AT_frame_base
	.byte	93
                                        @ DW_AT_GNU_all_call_sites
	.long	.Linfo_string24                 @ DW_AT_name
	.byte	10                              @ DW_AT_decl_file
	.byte	51                              @ DW_AT_decl_line
                                        @ DW_AT_prototyped
                                        @ DW_AT_external
	.byte	7                               @ Abbrev [7] 0x2c7:0xf DW_TAG_formal_parameter
	.long	.Ldebug_loc17                   @ DW_AT_location
	.long	.Linfo_string44                 @ DW_AT_name
	.byte	10                              @ DW_AT_decl_file
	.byte	52                              @ DW_AT_decl_line
	.long	141                             @ DW_AT_type
	.byte	6                               @ Abbrev [6] 0x2d6:0xd DW_TAG_formal_parameter
	.byte	1                               @ DW_AT_location
	.byte	81
	.long	.Linfo_string45                 @ DW_AT_name
	.byte	10                              @ DW_AT_decl_file
	.byte	53                              @ DW_AT_decl_line
	.long	1334                            @ DW_AT_type
	.byte	7                               @ Abbrev [7] 0x2e3:0xf DW_TAG_formal_parameter
	.long	.Ldebug_loc18                   @ DW_AT_location
	.long	.Linfo_string46                 @ DW_AT_name
	.byte	10                              @ DW_AT_decl_file
	.byte	54                              @ DW_AT_decl_line
	.long	1334                            @ DW_AT_type
	.byte	9                               @ Abbrev [9] 0x2f2:0xf DW_TAG_variable
	.long	.Ldebug_loc19                   @ DW_AT_location
	.long	.Linfo_string55                 @ DW_AT_name
	.byte	10                              @ DW_AT_decl_file
	.byte	56                              @ DW_AT_decl_line
	.long	141                             @ DW_AT_type
	.byte	9                               @ Abbrev [9] 0x301:0xf DW_TAG_variable
	.long	.Ldebug_loc20                   @ DW_AT_location
	.long	.Linfo_string53                 @ DW_AT_name
	.byte	10                              @ DW_AT_decl_file
	.byte	57                              @ DW_AT_decl_line
	.long	75                              @ DW_AT_type
	.byte	9                               @ Abbrev [9] 0x310:0xf DW_TAG_variable
	.long	.Ldebug_loc21                   @ DW_AT_location
	.long	.Linfo_string51                 @ DW_AT_name
	.byte	10                              @ DW_AT_decl_file
	.byte	58                              @ DW_AT_decl_line
	.long	141                             @ DW_AT_type
	.byte	9                               @ Abbrev [9] 0x31f:0xf DW_TAG_variable
	.long	.Ldebug_loc22                   @ DW_AT_location
	.long	.Linfo_string56                 @ DW_AT_name
	.byte	10                              @ DW_AT_decl_file
	.byte	59                              @ DW_AT_decl_line
	.long	141                             @ DW_AT_type
	.byte	9                               @ Abbrev [9] 0x32e:0xf DW_TAG_variable
	.long	.Ldebug_loc23                   @ DW_AT_location
	.long	.Linfo_string48                 @ DW_AT_name
	.byte	10                              @ DW_AT_decl_file
	.byte	58                              @ DW_AT_decl_line
	.long	141                             @ DW_AT_type
	.byte	9                               @ Abbrev [9] 0x33d:0xf DW_TAG_variable
	.long	.Ldebug_loc24                   @ DW_AT_location
	.long	.Linfo_string50                 @ DW_AT_name
	.byte	10                              @ DW_AT_decl_file
	.byte	58                              @ DW_AT_decl_line
	.long	141                             @ DW_AT_type
	.byte	9                               @ Abbrev [9] 0x34c:0xf DW_TAG_variable
	.long	.Ldebug_loc25                   @ DW_AT_location
	.long	.Linfo_string58                 @ DW_AT_name
	.byte	10                              @ DW_AT_decl_file
	.byte	60                              @ DW_AT_decl_line
	.long	111                             @ DW_AT_type
	.byte	9                               @ Abbrev [9] 0x35b:0xf DW_TAG_variable
	.long	.Ldebug_loc26                   @ DW_AT_location
	.long	.Linfo_string49                 @ DW_AT_name
	.byte	10                              @ DW_AT_decl_file
	.byte	58                              @ DW_AT_decl_line
	.long	141                             @ DW_AT_type
	.byte	9                               @ Abbrev [9] 0x36a:0xf DW_TAG_variable
	.long	.Ldebug_loc27                   @ DW_AT_location
	.long	.Linfo_string57                 @ DW_AT_name
	.byte	10                              @ DW_AT_decl_file
	.byte	59                              @ DW_AT_decl_line
	.long	141                             @ DW_AT_type
	.byte	10                              @ Abbrev [10] 0x379:0xb DW_TAG_variable
	.long	.Linfo_string54                 @ DW_AT_name
	.byte	10                              @ DW_AT_decl_file
	.byte	57                              @ DW_AT_decl_line
	.long	75                              @ DW_AT_type
	.byte	13                              @ Abbrev [13] 0x384:0x1a DW_TAG_inlined_subroutine
	.long	670                             @ DW_AT_abstract_origin
	.long	.Ltmp85                         @ DW_AT_low_pc
	.long	.Ltmp88-.Ltmp85                 @ DW_AT_high_pc
	.byte	10                              @ DW_AT_call_file
	.byte	87                              @ DW_AT_call_line
	.byte	14                              @ DW_AT_call_column
	.byte	14                              @ Abbrev [14] 0x394:0x9 DW_TAG_formal_parameter
	.long	.Ldebug_loc28                   @ DW_AT_location
	.long	682                             @ DW_AT_abstract_origin
	.byte	0                               @ End Of Children Mark
	.byte	13                              @ Abbrev [13] 0x39e:0x1a DW_TAG_inlined_subroutine
	.long	670                             @ DW_AT_abstract_origin
	.long	.Ltmp108                        @ DW_AT_low_pc
	.long	.Ltmp111-.Ltmp108               @ DW_AT_high_pc
	.byte	10                              @ DW_AT_call_file
	.byte	105                             @ DW_AT_call_line
	.byte	14                              @ DW_AT_call_column
	.byte	14                              @ Abbrev [14] 0x3ae:0x9 DW_TAG_formal_parameter
	.long	.Ldebug_loc29                   @ DW_AT_location
	.long	682                             @ DW_AT_abstract_origin
	.byte	0                               @ End Of Children Mark
	.byte	0                               @ End Of Children Mark
	.byte	15                              @ Abbrev [15] 0x3b9:0x5 DW_TAG_pointer_type
	.long	958                             @ DW_AT_type
	.byte	4                               @ Abbrev [4] 0x3be:0xb DW_TAG_typedef
	.long	969                             @ DW_AT_type
	.long	.Linfo_string34                 @ DW_AT_name
	.byte	12                              @ DW_AT_decl_file
	.byte	218                             @ DW_AT_decl_line
	.byte	16                              @ Abbrev [16] 0x3c9:0x59 DW_TAG_structure_type
	.byte	36                              @ DW_AT_byte_size
	.byte	12                              @ DW_AT_decl_file
	.byte	209                             @ DW_AT_decl_line
	.byte	17                              @ Abbrev [17] 0x3cd:0xc DW_TAG_member
	.long	.Linfo_string26                 @ DW_AT_name
	.long	38                              @ DW_AT_type
	.byte	12                              @ DW_AT_decl_file
	.byte	211                             @ DW_AT_decl_line
	.byte	0                               @ DW_AT_data_member_location
	.byte	17                              @ Abbrev [17] 0x3d9:0xc DW_TAG_member
	.long	.Linfo_string27                 @ DW_AT_name
	.long	38                              @ DW_AT_type
	.byte	12                              @ DW_AT_decl_file
	.byte	212                             @ DW_AT_decl_line
	.byte	4                               @ DW_AT_data_member_location
	.byte	17                              @ Abbrev [17] 0x3e5:0xc DW_TAG_member
	.long	.Linfo_string28                 @ DW_AT_name
	.long	38                              @ DW_AT_type
	.byte	12                              @ DW_AT_decl_file
	.byte	213                             @ DW_AT_decl_line
	.byte	8                               @ DW_AT_data_member_location
	.byte	17                              @ Abbrev [17] 0x3f1:0xc DW_TAG_member
	.long	.Linfo_string29                 @ DW_AT_name
	.long	1058                            @ DW_AT_type
	.byte	12                              @ DW_AT_decl_file
	.byte	214                             @ DW_AT_decl_line
	.byte	12                              @ DW_AT_data_member_location
	.byte	17                              @ Abbrev [17] 0x3fd:0xc DW_TAG_member
	.long	.Linfo_string31                 @ DW_AT_name
	.long	38                              @ DW_AT_type
	.byte	12                              @ DW_AT_decl_file
	.byte	215                             @ DW_AT_decl_line
	.byte	24                              @ DW_AT_data_member_location
	.byte	17                              @ Abbrev [17] 0x409:0xc DW_TAG_member
	.long	.Linfo_string32                 @ DW_AT_name
	.long	38                              @ DW_AT_type
	.byte	12                              @ DW_AT_decl_file
	.byte	216                             @ DW_AT_decl_line
	.byte	28                              @ DW_AT_data_member_location
	.byte	17                              @ Abbrev [17] 0x415:0xc DW_TAG_member
	.long	.Linfo_string33                 @ DW_AT_name
	.long	38                              @ DW_AT_type
	.byte	12                              @ DW_AT_decl_file
	.byte	217                             @ DW_AT_decl_line
	.byte	32                              @ DW_AT_data_member_location
	.byte	0                               @ End Of Children Mark
	.byte	18                              @ Abbrev [18] 0x422:0xc DW_TAG_array_type
	.long	38                              @ DW_AT_type
	.byte	19                              @ Abbrev [19] 0x427:0x6 DW_TAG_subrange_type
	.long	1070                            @ DW_AT_type
	.byte	3                               @ DW_AT_count
	.byte	0                               @ End Of Children Mark
	.byte	20                              @ Abbrev [20] 0x42e:0x7 DW_TAG_base_type
	.long	.Linfo_string30                 @ DW_AT_name
	.byte	8                               @ DW_AT_byte_size
	.byte	7                               @ DW_AT_encoding
	.byte	15                              @ Abbrev [15] 0x435:0x5 DW_TAG_pointer_type
	.long	1082                            @ DW_AT_type
	.byte	4                               @ Abbrev [4] 0x43a:0xb DW_TAG_typedef
	.long	1093                            @ DW_AT_type
	.long	.Linfo_string39                 @ DW_AT_name
	.byte	12                              @ DW_AT_decl_file
	.byte	188                             @ DW_AT_decl_line
	.byte	16                              @ Abbrev [16] 0x445:0x4d DW_TAG_structure_type
	.byte	20                              @ DW_AT_byte_size
	.byte	12                              @ DW_AT_decl_file
	.byte	175                             @ DW_AT_decl_line
	.byte	17                              @ Abbrev [17] 0x449:0xc DW_TAG_member
	.long	.Linfo_string26                 @ DW_AT_name
	.long	1170                            @ DW_AT_type
	.byte	12                              @ DW_AT_decl_file
	.byte	177                             @ DW_AT_decl_line
	.byte	0                               @ DW_AT_data_member_location
	.byte	17                              @ Abbrev [17] 0x455:0xc DW_TAG_member
	.long	.Linfo_string27                 @ DW_AT_name
	.long	141                             @ DW_AT_type
	.byte	12                              @ DW_AT_decl_file
	.byte	182                             @ DW_AT_decl_line
	.byte	4                               @ DW_AT_data_member_location
	.byte	17                              @ Abbrev [17] 0x461:0xc DW_TAG_member
	.long	.Linfo_string29                 @ DW_AT_name
	.long	1200                            @ DW_AT_type
	.byte	12                              @ DW_AT_decl_file
	.byte	184                             @ DW_AT_decl_line
	.byte	8                               @ DW_AT_data_member_location
	.byte	17                              @ Abbrev [17] 0x46d:0xc DW_TAG_member
	.long	.Linfo_string31                 @ DW_AT_name
	.long	1170                            @ DW_AT_type
	.byte	12                              @ DW_AT_decl_file
	.byte	185                             @ DW_AT_decl_line
	.byte	14                              @ DW_AT_data_member_location
	.byte	17                              @ Abbrev [17] 0x479:0xc DW_TAG_member
	.long	.Linfo_string32                 @ DW_AT_name
	.long	1170                            @ DW_AT_type
	.byte	12                              @ DW_AT_decl_file
	.byte	186                             @ DW_AT_decl_line
	.byte	16                              @ DW_AT_data_member_location
	.byte	17                              @ Abbrev [17] 0x485:0xc DW_TAG_member
	.long	.Linfo_string33                 @ DW_AT_name
	.long	1170                            @ DW_AT_type
	.byte	12                              @ DW_AT_decl_file
	.byte	187                             @ DW_AT_decl_line
	.byte	18                              @ DW_AT_data_member_location
	.byte	0                               @ End Of Children Mark
	.byte	2                               @ Abbrev [2] 0x492:0xc DW_TAG_typedef
	.long	1182                            @ DW_AT_type
	.long	.Linfo_string38                 @ DW_AT_name
	.byte	1                               @ DW_AT_decl_file
	.short	318                             @ DW_AT_decl_line
	.byte	4                               @ Abbrev [4] 0x49e:0xb DW_TAG_typedef
	.long	1193                            @ DW_AT_type
	.long	.Linfo_string37                 @ DW_AT_name
	.byte	2                               @ DW_AT_decl_file
	.byte	57                              @ DW_AT_decl_line
	.byte	3                               @ Abbrev [3] 0x4a9:0x7 DW_TAG_base_type
	.long	.Linfo_string36                 @ DW_AT_name
	.byte	5                               @ DW_AT_encoding
	.byte	2                               @ DW_AT_byte_size
	.byte	18                              @ Abbrev [18] 0x4b0:0xc DW_TAG_array_type
	.long	1170                            @ DW_AT_type
	.byte	19                              @ Abbrev [19] 0x4b5:0x6 DW_TAG_subrange_type
	.long	1070                            @ DW_AT_type
	.byte	3                               @ DW_AT_count
	.byte	0                               @ End Of Children Mark
	.byte	15                              @ Abbrev [15] 0x4bc:0x5 DW_TAG_pointer_type
	.long	1217                            @ DW_AT_type
	.byte	4                               @ Abbrev [4] 0x4c1:0xb DW_TAG_typedef
	.long	1228                            @ DW_AT_type
	.long	.Linfo_string43                 @ DW_AT_name
	.byte	12                              @ DW_AT_decl_file
	.byte	203                             @ DW_AT_decl_line
	.byte	16                              @ Abbrev [16] 0x4cc:0x59 DW_TAG_structure_type
	.byte	36                              @ DW_AT_byte_size
	.byte	12                              @ DW_AT_decl_file
	.byte	194                             @ DW_AT_decl_line
	.byte	17                              @ Abbrev [17] 0x4d0:0xc DW_TAG_member
	.long	.Linfo_string26                 @ DW_AT_name
	.long	141                             @ DW_AT_type
	.byte	12                              @ DW_AT_decl_file
	.byte	196                             @ DW_AT_decl_line
	.byte	0                               @ DW_AT_data_member_location
	.byte	17                              @ Abbrev [17] 0x4dc:0xc DW_TAG_member
	.long	.Linfo_string27                 @ DW_AT_name
	.long	141                             @ DW_AT_type
	.byte	12                              @ DW_AT_decl_file
	.byte	197                             @ DW_AT_decl_line
	.byte	4                               @ DW_AT_data_member_location
	.byte	17                              @ Abbrev [17] 0x4e8:0xc DW_TAG_member
	.long	.Linfo_string28                 @ DW_AT_name
	.long	141                             @ DW_AT_type
	.byte	12                              @ DW_AT_decl_file
	.byte	198                             @ DW_AT_decl_line
	.byte	8                               @ DW_AT_data_member_location
	.byte	17                              @ Abbrev [17] 0x4f4:0xc DW_TAG_member
	.long	.Linfo_string29                 @ DW_AT_name
	.long	1317                            @ DW_AT_type
	.byte	12                              @ DW_AT_decl_file
	.byte	199                             @ DW_AT_decl_line
	.byte	12                              @ DW_AT_data_member_location
	.byte	17                              @ Abbrev [17] 0x500:0xc DW_TAG_member
	.long	.Linfo_string31                 @ DW_AT_name
	.long	141                             @ DW_AT_type
	.byte	12                              @ DW_AT_decl_file
	.byte	200                             @ DW_AT_decl_line
	.byte	24                              @ DW_AT_data_member_location
	.byte	17                              @ Abbrev [17] 0x50c:0xc DW_TAG_member
	.long	.Linfo_string32                 @ DW_AT_name
	.long	141                             @ DW_AT_type
	.byte	12                              @ DW_AT_decl_file
	.byte	201                             @ DW_AT_decl_line
	.byte	28                              @ DW_AT_data_member_location
	.byte	17                              @ Abbrev [17] 0x518:0xc DW_TAG_member
	.long	.Linfo_string33                 @ DW_AT_name
	.long	141                             @ DW_AT_type
	.byte	12                              @ DW_AT_decl_file
	.byte	202                             @ DW_AT_decl_line
	.byte	32                              @ DW_AT_data_member_location
	.byte	0                               @ End Of Children Mark
	.byte	18                              @ Abbrev [18] 0x525:0xc DW_TAG_array_type
	.long	141                             @ DW_AT_type
	.byte	19                              @ Abbrev [19] 0x52a:0x6 DW_TAG_subrange_type
	.long	1070                            @ DW_AT_type
	.byte	3                               @ DW_AT_count
	.byte	0                               @ End Of Children Mark
	.byte	15                              @ Abbrev [15] 0x531:0x5 DW_TAG_pointer_type
	.long	38                              @ DW_AT_type
	.byte	15                              @ Abbrev [15] 0x536:0x5 DW_TAG_pointer_type
	.long	141                             @ DW_AT_type
	.byte	0                               @ End Of Children Mark
.Ldebug_info_end0:
	.section	.debug_ranges,"",%progbits
.Ldebug_ranges0:
	.long	.Ltmp4
	.long	.Ltmp5
	.long	.Ltmp6
	.long	.Ltmp7
	.long	.Ltmp8
	.long	.Ltmp10
	.long	0
	.long	0
.Ldebug_ranges1:
	.long	.Lfunc_begin0
	.long	.Lfunc_end0
	.long	.Lfunc_begin1
	.long	.Lfunc_end1
	.long	.Lfunc_begin2
	.long	.Lfunc_end2
	.long	.Lfunc_begin3
	.long	.Lfunc_end3
	.long	.Lfunc_begin4
	.long	.Lfunc_end4
	.long	.Lfunc_begin5
	.long	.Lfunc_end5
	.long	.Lfunc_begin6
	.long	.Lfunc_end6
	.long	.Lfunc_begin7
	.long	.Lfunc_end7
	.long	0
	.long	0
	.section	.debug_str,"MS",%progbits,1
.Linfo_string0:
	.asciz	"Component: Arm Compiler for Embedded 6.21 Tool: armclang [5ec1fd00]" @ string offset=0
.Linfo_string1:
	.asciz	"C:/Keil_v5/Packs/ARM/CMSIS-DSP/1.15.0/Source/ControllerFunctions\\ControllerFunctions.c" @ string offset=68
.Linfo_string2:
	.asciz	"C:\\Users\\rohankoshy\\Downloads\\en-us--M55M1_Series_BSP_CMSIS_V3.01.003\\SampleCode\\NuEdgeWise\\PoseLandmark_YOLOv8n\\KEIL" @ string offset=155
.Linfo_string3:
	.asciz	"float"                         @ string offset=273
.Linfo_string4:
	.asciz	"float32_t"                     @ string offset=279
.Linfo_string5:
	.asciz	"int"                           @ string offset=289
.Linfo_string6:
	.asciz	"int32_t"                       @ string offset=293
.Linfo_string7:
	.asciz	"unsigned short"                @ string offset=301
.Linfo_string8:
	.asciz	"uint16_t"                      @ string offset=316
.Linfo_string9:
	.asciz	"unsigned int"                  @ string offset=325
.Linfo_string10:
	.asciz	"uint32_t"                      @ string offset=338
.Linfo_string11:
	.asciz	"long long"                     @ string offset=347
.Linfo_string12:
	.asciz	"int64_t"                       @ string offset=357
.Linfo_string13:
	.asciz	"q63_t"                         @ string offset=365
.Linfo_string14:
	.asciz	"q31_t"                         @ string offset=371
.Linfo_string15:
	.asciz	"clip_q63_to_q31"               @ string offset=377
.Linfo_string16:
	.asciz	"x"                             @ string offset=393
.Linfo_string17:
	.asciz	"arm_pid_init_f32"              @ string offset=395
.Linfo_string18:
	.asciz	"arm_pid_init_q15"              @ string offset=412
.Linfo_string19:
	.asciz	"arm_pid_init_q31"              @ string offset=429
.Linfo_string20:
	.asciz	"arm_pid_reset_f32"             @ string offset=446
.Linfo_string21:
	.asciz	"arm_pid_reset_q15"             @ string offset=464
.Linfo_string22:
	.asciz	"arm_pid_reset_q31"             @ string offset=482
.Linfo_string23:
	.asciz	"arm_sin_cos_f32"               @ string offset=500
.Linfo_string24:
	.asciz	"arm_sin_cos_q31"               @ string offset=516
.Linfo_string25:
	.asciz	"S"                             @ string offset=532
.Linfo_string26:
	.asciz	"A0"                            @ string offset=534
.Linfo_string27:
	.asciz	"A1"                            @ string offset=537
.Linfo_string28:
	.asciz	"A2"                            @ string offset=540
.Linfo_string29:
	.asciz	"state"                         @ string offset=543
.Linfo_string30:
	.asciz	"__ARRAY_SIZE_TYPE__"           @ string offset=549
.Linfo_string31:
	.asciz	"Kp"                            @ string offset=569
.Linfo_string32:
	.asciz	"Ki"                            @ string offset=572
.Linfo_string33:
	.asciz	"Kd"                            @ string offset=575
.Linfo_string34:
	.asciz	"arm_pid_instance_f32"          @ string offset=578
.Linfo_string35:
	.asciz	"resetStateFlag"                @ string offset=599
.Linfo_string36:
	.asciz	"short"                         @ string offset=614
.Linfo_string37:
	.asciz	"int16_t"                       @ string offset=620
.Linfo_string38:
	.asciz	"q15_t"                         @ string offset=628
.Linfo_string39:
	.asciz	"arm_pid_instance_q15"          @ string offset=634
.Linfo_string40:
	.asciz	"__ARG2"                        @ string offset=655
.Linfo_string41:
	.asciz	"__ARG1"                        @ string offset=662
.Linfo_string42:
	.asciz	"__RES"                         @ string offset=669
.Linfo_string43:
	.asciz	"arm_pid_instance_q31"          @ string offset=675
.Linfo_string44:
	.asciz	"theta"                         @ string offset=696
.Linfo_string45:
	.asciz	"pSinVal"                       @ string offset=702
.Linfo_string46:
	.asciz	"pCosVal"                       @ string offset=710
.Linfo_string47:
	.asciz	"in"                            @ string offset=718
.Linfo_string48:
	.asciz	"d2"                            @ string offset=721
.Linfo_string49:
	.asciz	"f2"                            @ string offset=724
.Linfo_string50:
	.asciz	"f1"                            @ string offset=727
.Linfo_string51:
	.asciz	"d1"                            @ string offset=730
.Linfo_string52:
	.asciz	"findex"                        @ string offset=733
.Linfo_string53:
	.asciz	"indexS"                        @ string offset=740
.Linfo_string54:
	.asciz	"indexC"                        @ string offset=747
.Linfo_string55:
	.asciz	"fract"                         @ string offset=754
.Linfo_string56:
	.asciz	"Dn"                            @ string offset=760
.Linfo_string57:
	.asciz	"Df"                            @ string offset=763
.Linfo_string58:
	.asciz	"temp"                          @ string offset=766
	.ident	"Component: Arm Compiler for Embedded 6.21 Tool: armclang [5ec1fd00]"
	.section	".note.GNU-stack","",%progbits
	.eabi_attribute	30, 1	@ Tag_ABI_optimization_goals
	.ARM_attribute	16, 1	@ Tag_AV_eba
	.section	.debug_line,"",%progbits
.Lline_table_start0:
