	.text
	.syntax unified
	.eabi_attribute	67, "2.09"	@ Tag_conformance
	.cpu	cortex-m55
	.eabi_attribute	6, 21	@ Tag_CPU_arch
	.eabi_attribute	7, 77	@ Tag_CPU_arch_profile
	.eabi_attribute	8, 0	@ Tag_ARM_ISA_use
	.eabi_attribute	9, 3	@ Tag_THUMB_ISA_use
	.fpu	fpv5-d16
	.eabi_attribute	36, 1	@ Tag_FP_HP_extension
	.eabi_attribute	48, 2	@ Tag_MVE_arch
	.eabi_attribute	46, 1	@ Tag_DSP_extension
	.eabi_attribute	34, 1	@ Tag_CPU_unaligned_access
	.eabi_attribute	17, 1	@ Tag_ABI_PCS_GOT_use
	.eabi_attribute	20, 2	@ Tag_ABI_FP_denormal
	.eabi_attribute	21, 0	@ Tag_ABI_FP_exceptions
	.eabi_attribute	23, 1	@ Tag_ABI_FP_number_model
	.eabi_attribute	24, 1	@ Tag_ABI_align_needed
	.eabi_attribute	25, 1	@ Tag_ABI_align_preserved
	.eabi_attribute	28, 1	@ Tag_ABI_VFP_args
	.eabi_attribute	38, 1	@ Tag_ABI_FP_16bit_format
	.eabi_attribute	18, 2	@ Tag_ABI_PCS_wchar_t
	.eabi_attribute	26, 1	@ Tag_ABI_enum_size
	.eabi_attribute	14, 0	@ Tag_ABI_PCS_R9_use
	.file	"DistanceFunctionsF16.c"
	.file	1 "C:\\Keil_v5\\ARM\\ARMCLANG\\Bin\\..\\include" "arm_mve.h"
	.file	2 "C:\\Users\\rohankoshy\\Downloads\\en-us--M55M1_Series_BSP_CMSIS_V3.01.003\\SampleCode\\NuEdgeWise\\PoseLandmark_YOLOv8n\\KEIL" "../../../../Library/CMSIS/DSP/Include\\arm_vec_math_f16.h"
	.file	3 "C:\\Users\\rohankoshy\\Downloads\\en-us--M55M1_Series_BSP_CMSIS_V3.01.003\\SampleCode\\NuEdgeWise\\PoseLandmark_YOLOv8n\\KEIL" "../../../../Library/CMSIS/DSP/Include/arm_math_types.h"
	.file	4 "C:\\Keil_v5\\ARM\\ARMCLANG\\Bin\\..\\include" "stdint.h"
	.section	.text.arm_braycurtis_distance_f16,"ax",%progbits
	.hidden	arm_braycurtis_distance_f16     @ -- Begin function arm_braycurtis_distance_f16
	.globl	arm_braycurtis_distance_f16
	.p2align	2
	.type	arm_braycurtis_distance_f16,%function
	.code	16                              @ @arm_braycurtis_distance_f16
	.thumb_func
arm_braycurtis_distance_f16:
.Lfunc_begin0:
	.file	5 "C:/Keil_v5/Packs/ARM/CMSIS-DSP/1.15.0/Source/DistanceFunctions" "arm_braycurtis_distance_f16.c"
	.loc	5 76 0                          @ C:/Keil_v5/Packs/ARM/CMSIS-DSP/1.15.0/Source/DistanceFunctions/arm_braycurtis_distance_f16.c:76:0
	.fnstart
	.cfi_sections .debug_frame
	.cfi_startproc
@ %bb.0:
	@DEBUG_VALUE: arm_braycurtis_distance_f16:blockSize <- $r2
	@DEBUG_VALUE: arm_braycurtis_distance_f16:pA <- $r0
	@DEBUG_VALUE: arm_braycurtis_distance_f16:pB <- $r1
	.save	{r4, lr}
	push	{r4, lr}
	.cfi_def_cfa_offset 8
	.cfi_offset lr, -4
	.cfi_offset r4, -8
	.vsave	{d8, d9}
	vpush	{d8, d9}
	.cfi_def_cfa_offset 24
	.cfi_offset d9, -16
	.cfi_offset d8, -24
.Ltmp0:
	@DEBUG_VALUE: arm_braycurtis_distance_f16:blkCnt <- [DW_OP_constu 3, DW_OP_shr, DW_OP_stack_value] $r2
	vmov.i32	q1, #0x0
.Ltmp1:
	@DEBUG_VALUE: arm_braycurtis_distance_f16:accumSum <- 0.000000e+00
	@DEBUG_VALUE: arm_braycurtis_distance_f16:accumDiff <- 0.000000e+00
	@DEBUG_VALUE: arm_braycurtis_distance_f16:accumDiffV <- $q1
	@DEBUG_VALUE: arm_braycurtis_distance_f16:accumSumV <- $q1
	.loc	5 85 24 prologue_end            @ C:/Keil_v5/Packs/ARM/CMSIS-DSP/1.15.0/Source/DistanceFunctions/arm_braycurtis_distance_f16.c:85:24
	lsrs	r4, r2, #3
	vmov	q0, q1
	.loc	5 86 5                          @ C:/Keil_v5/Packs/ARM/CMSIS-DSP/1.15.0/Source/DistanceFunctions/arm_braycurtis_distance_f16.c:86:5
	wls	lr, r4, .LBB0_4
.Ltmp2:
@ %bb.1:
	@DEBUG_VALUE: arm_braycurtis_distance_f16:accumSumV <- $q1
	@DEBUG_VALUE: arm_braycurtis_distance_f16:accumDiffV <- $q1
	@DEBUG_VALUE: arm_braycurtis_distance_f16:accumDiff <- 0.000000e+00
	@DEBUG_VALUE: arm_braycurtis_distance_f16:accumSum <- 0.000000e+00
	@DEBUG_VALUE: arm_braycurtis_distance_f16:blkCnt <- [DW_OP_constu 3, DW_OP_shr, DW_OP_stack_value] $r2
	@DEBUG_VALUE: arm_braycurtis_distance_f16:pB <- $r1
	@DEBUG_VALUE: arm_braycurtis_distance_f16:pA <- $r0
	@DEBUG_VALUE: arm_braycurtis_distance_f16:blockSize <- $r2
	@DEBUG_VALUE: arm_braycurtis_distance_f16:blkCnt <- $r4
	.loc	5 0 5 is_stmt 0                 @ C:/Keil_v5/Packs/ARM/CMSIS-DSP/1.15.0/Source/DistanceFunctions/arm_braycurtis_distance_f16.c:0:5
	vmov.i32	q0, #0x0
	.loc	5 86 5                          @ C:/Keil_v5/Packs/ARM/CMSIS-DSP/1.15.0/Source/DistanceFunctions/arm_braycurtis_distance_f16.c:86:5
	add.w	r12, r0, r4, lsl #4
	lsls	r3, r4, #4
	mov	r4, r1
.Ltmp3:
	.loc	5 0 5                           @ C:/Keil_v5/Packs/ARM/CMSIS-DSP/1.15.0/Source/DistanceFunctions/arm_braycurtis_distance_f16.c:0:5
	vmov	q1, q0
.Ltmp4:
	.p2align	2
.LBB0_2:                                @ =>This Inner Loop Header: Depth=1
	@DEBUG_VALUE: arm_braycurtis_distance_f16:accumDiff <- 0.000000e+00
	@DEBUG_VALUE: arm_braycurtis_distance_f16:accumSum <- 0.000000e+00
	@DEBUG_VALUE: arm_braycurtis_distance_f16:pA <- $r0
	@DEBUG_VALUE: arm_braycurtis_distance_f16:blockSize <- $r2
	@DEBUG_VALUE: arm_braycurtis_distance_f16:blkCnt <- undef
	@DEBUG_VALUE: arm_braycurtis_distance_f16:pA <- $r0
	@DEBUG_VALUE: arm_braycurtis_distance_f16:pB <- $r4
	@DEBUG_VALUE: arm_braycurtis_distance_f16:accumSumV <- $q0
	@DEBUG_VALUE: arm_braycurtis_distance_f16:accumDiffV <- $q1
	.loc	5 87 13 is_stmt 1               @ C:/Keil_v5/Packs/ARM/CMSIS-DSP/1.15.0/Source/DistanceFunctions/arm_braycurtis_distance_f16.c:87:13
	vldrh.u16	q2, [r0], #16
.Ltmp5:
	@DEBUG_VALUE: arm_braycurtis_distance_f16:a <- $q2
	.loc	5 88 13                         @ C:/Keil_v5/Packs/ARM/CMSIS-DSP/1.15.0/Source/DistanceFunctions/arm_braycurtis_distance_f16.c:88:13
	vldrh.u16	q3, [r4], #16
.Ltmp6:
	@DEBUG_VALUE: arm_braycurtis_distance_f16:b <- $q3
	.loc	5 90 13                         @ C:/Keil_v5/Packs/ARM/CMSIS-DSP/1.15.0/Source/DistanceFunctions/arm_braycurtis_distance_f16.c:90:13
	vabd.f16	q4, q2, q3
.Ltmp7:
	@DEBUG_VALUE: arm_braycurtis_distance_f16:c <- $q4
	.loc	5 93 13                         @ C:/Keil_v5/Packs/ARM/CMSIS-DSP/1.15.0/Source/DistanceFunctions/arm_braycurtis_distance_f16.c:93:13
	vadd.f16	q2, q2, q3
.Ltmp8:
	@DEBUG_VALUE: arm_braycurtis_distance_f16:c <- $q2
	.loc	5 94 13                         @ C:/Keil_v5/Packs/ARM/CMSIS-DSP/1.15.0/Source/DistanceFunctions/arm_braycurtis_distance_f16.c:94:13
	vabs.f16	q2, q2
.Ltmp9:
	@DEBUG_VALUE: arm_braycurtis_distance_f16:c <- $q2
	.loc	5 91 22                         @ C:/Keil_v5/Packs/ARM/CMSIS-DSP/1.15.0/Source/DistanceFunctions/arm_braycurtis_distance_f16.c:91:22
	vadd.f16	q1, q1, q4
.Ltmp10:
	@DEBUG_VALUE: arm_braycurtis_distance_f16:accumDiffV <- $q1
	.loc	5 95 21                         @ C:/Keil_v5/Packs/ARM/CMSIS-DSP/1.15.0/Source/DistanceFunctions/arm_braycurtis_distance_f16.c:95:21
	vadd.f16	q0, q0, q2
.Ltmp11:
	@DEBUG_VALUE: arm_braycurtis_distance_f16:accumSumV <- $q0
	@DEBUG_VALUE: arm_braycurtis_distance_f16:pB <- $r4
	@DEBUG_VALUE: arm_braycurtis_distance_f16:pA <- $r0
	.loc	5 86 5                          @ C:/Keil_v5/Packs/ARM/CMSIS-DSP/1.15.0/Source/DistanceFunctions/arm_braycurtis_distance_f16.c:86:5
	le	lr, .LBB0_2
.Ltmp12:
@ %bb.3:
	@DEBUG_VALUE: arm_braycurtis_distance_f16:c <- $q2
	@DEBUG_VALUE: arm_braycurtis_distance_f16:b <- $q3
	@DEBUG_VALUE: arm_braycurtis_distance_f16:accumSumV <- $q0
	@DEBUG_VALUE: arm_braycurtis_distance_f16:pB <- $r4
	@DEBUG_VALUE: arm_braycurtis_distance_f16:accumDiffV <- $q1
	@DEBUG_VALUE: arm_braycurtis_distance_f16:accumDiff <- 0.000000e+00
	@DEBUG_VALUE: arm_braycurtis_distance_f16:accumSum <- 0.000000e+00
	@DEBUG_VALUE: arm_braycurtis_distance_f16:pA <- $r0
	@DEBUG_VALUE: arm_braycurtis_distance_f16:blockSize <- $r2
	add	r1, r3
	mov	r0, r12
.Ltmp13:
.LBB0_4:
	@DEBUG_VALUE: arm_braycurtis_distance_f16:accumDiffV <- $q1
	@DEBUG_VALUE: arm_braycurtis_distance_f16:accumDiff <- 0.000000e+00
	@DEBUG_VALUE: arm_braycurtis_distance_f16:accumSum <- 0.000000e+00
	@DEBUG_VALUE: arm_braycurtis_distance_f16:blockSize <- $r2
	.loc	5 102 24                        @ C:/Keil_v5/Packs/ARM/CMSIS-DSP/1.15.0/Source/DistanceFunctions/arm_braycurtis_distance_f16.c:102:24
	ands	r2, r2, #7
.Ltmp14:
	@DEBUG_VALUE: arm_braycurtis_distance_f16:blockSize <- [DW_OP_LLVM_entry_value 1] $r2
	@DEBUG_VALUE: arm_braycurtis_distance_f16:blkCnt <- $r2
	.loc	5 103 9                         @ C:/Keil_v5/Packs/ARM/CMSIS-DSP/1.15.0/Source/DistanceFunctions/arm_braycurtis_distance_f16.c:103:9
	beq	.LBB0_6
.Ltmp15:
@ %bb.5:
	@DEBUG_VALUE: arm_braycurtis_distance_f16:blkCnt <- $r2
	@DEBUG_VALUE: arm_braycurtis_distance_f16:blockSize <- [DW_OP_LLVM_entry_value 1] $r2
	@DEBUG_VALUE: arm_braycurtis_distance_f16:accumDiffV <- $q1
	@DEBUG_VALUE: arm_braycurtis_distance_f16:accumDiff <- 0.000000e+00
	@DEBUG_VALUE: arm_braycurtis_distance_f16:accumSum <- 0.000000e+00
	.loc	5 104 30                        @ C:/Keil_v5/Packs/ARM/CMSIS-DSP/1.15.0/Source/DistanceFunctions/arm_braycurtis_distance_f16.c:104:30
	vctp.16	r2
.Ltmp16:
	@DEBUG_VALUE: p0 <- undef
	.loc	5 106 13                        @ C:/Keil_v5/Packs/ARM/CMSIS-DSP/1.15.0/Source/DistanceFunctions/arm_braycurtis_distance_f16.c:106:13
	vpstt	
	vldrht.u16	q2, [r0]
.Ltmp17:
	@DEBUG_VALUE: arm_braycurtis_distance_f16:a <- $q2
	.loc	5 107 13                        @ C:/Keil_v5/Packs/ARM/CMSIS-DSP/1.15.0/Source/DistanceFunctions/arm_braycurtis_distance_f16.c:107:13
	vldrht.u16	q3, [r1]
.Ltmp18:
	@DEBUG_VALUE: arm_braycurtis_distance_f16:b <- $q3
	.loc	5 109 13                        @ C:/Keil_v5/Packs/ARM/CMSIS-DSP/1.15.0/Source/DistanceFunctions/arm_braycurtis_distance_f16.c:109:13
	vabd.f16	q4, q2, q3
.Ltmp19:
	@DEBUG_VALUE: arm_braycurtis_distance_f16:c <- $q4
	.loc	5 112 13                        @ C:/Keil_v5/Packs/ARM/CMSIS-DSP/1.15.0/Source/DistanceFunctions/arm_braycurtis_distance_f16.c:112:13
	vadd.f16	q2, q2, q3
.Ltmp20:
	@DEBUG_VALUE: arm_braycurtis_distance_f16:c <- $q2
	.loc	5 113 13                        @ C:/Keil_v5/Packs/ARM/CMSIS-DSP/1.15.0/Source/DistanceFunctions/arm_braycurtis_distance_f16.c:113:13
	vabs.f16	q2, q2
.Ltmp21:
	@DEBUG_VALUE: arm_braycurtis_distance_f16:c <- $q2
	.loc	5 110 22                        @ C:/Keil_v5/Packs/ARM/CMSIS-DSP/1.15.0/Source/DistanceFunctions/arm_braycurtis_distance_f16.c:110:22
	vpstt	
	vaddt.f16	q1, q1, q4
.Ltmp22:
	@DEBUG_VALUE: arm_braycurtis_distance_f16:accumDiffV <- $q1
	.loc	5 114 21                        @ C:/Keil_v5/Packs/ARM/CMSIS-DSP/1.15.0/Source/DistanceFunctions/arm_braycurtis_distance_f16.c:114:21
	vaddt.f16	q0, q0, q2
.Ltmp23:
	@DEBUG_VALUE: arm_braycurtis_distance_f16:accumSumV <- $q0
.LBB0_6:
	@DEBUG_VALUE: arm_braycurtis_distance_f16:blkCnt <- $r2
	@DEBUG_VALUE: arm_braycurtis_distance_f16:blockSize <- [DW_OP_LLVM_entry_value 1] $r2
	@DEBUG_VALUE: arm_braycurtis_distance_f16:accumDiffV <- $q1
	@DEBUG_VALUE: arm_braycurtis_distance_f16:accumDiff <- 0.000000e+00
	@DEBUG_VALUE: arm_braycurtis_distance_f16:accumSum <- 0.000000e+00
	@DEBUG_VALUE: arm_braycurtis_distance_f16:accumSumV <- $q0
	@DEBUG_VALUE: arm_braycurtis_distance_f16:accumDiffV <- $q1
	@DEBUG_VALUE: vecAddAcrossF16Mve:in <- $q1
	.file	6 "C:\\Users\\rohankoshy\\Downloads\\en-us--M55M1_Series_BSP_CMSIS_V3.01.003\\SampleCode\\NuEdgeWise\\PoseLandmark_YOLOv8n\\KEIL" "../../../../Library/CMSIS/DSP/Include\\arm_helium_utils.h"
	.loc	6 102 14                        @ ../../../../Library/CMSIS/DSP/Include\arm_helium_utils.h:102:14
	vrev32.16	q2, q1
.Ltmp24:
	@DEBUG_VALUE: vecAddAcrossF16Mve:tmpVec <- $q2
	.loc	6 103 10                        @ ../../../../Library/CMSIS/DSP/Include\arm_helium_utils.h:103:10
	vadd.f16	q1, q1, q2
.Ltmp25:
	@DEBUG_VALUE: vecAddAcrossF16Mve:in <- $q1
	.loc	6 104 28                        @ ../../../../Library/CMSIS/DSP/Include\arm_helium_utils.h:104:28
	vrev64.32	q2, q1
.Ltmp26:
	@DEBUG_VALUE: vecAddAcrossF16Mve:tmpVec <- $q2
	.loc	6 105 10                        @ ../../../../Library/CMSIS/DSP/Include\arm_helium_utils.h:105:10
	vadd.f16	q1, q1, q2
.Ltmp27:
	@DEBUG_VALUE: vecAddAcrossF16Mve:in <- $q1
	.loc	6 102 14                        @ ../../../../Library/CMSIS/DSP/Include\arm_helium_utils.h:102:14
	vrev32.16	q2, q0
.Ltmp28:
	@DEBUG_VALUE: vecAddAcrossF16Mve:tmpVec <- $q2
	.loc	6 103 10                        @ ../../../../Library/CMSIS/DSP/Include\arm_helium_utils.h:103:10
	vadd.f16	q0, q0, q2
.Ltmp29:
	@DEBUG_VALUE: vecAddAcrossF16Mve:in <- $q0
	.loc	6 104 28                        @ ../../../../Library/CMSIS/DSP/Include\arm_helium_utils.h:104:28
	vrev64.32	q2, q0
.Ltmp30:
	@DEBUG_VALUE: vecAddAcrossF16Mve:tmpVec <- $q2
	.loc	6 105 10                        @ ../../../../Library/CMSIS/DSP/Include\arm_helium_utils.h:105:10
	vadd.f16	q0, q0, q2
.Ltmp31:
	@DEBUG_VALUE: vecAddAcrossF16Mve:in <- $q0
	.loc	6 106 43                        @ ../../../../Library/CMSIS/DSP/Include\arm_helium_utils.h:106:43
	vadd.f16	s4, s4, s6
.Ltmp32:
	@DEBUG_VALUE: vecAddAcrossF16Mve:acc <- $s4
	@DEBUG_VALUE: vecAddAcrossF16Mve:in <- undef
	@DEBUG_VALUE: vecAddAcrossF16Mve:in <- $q1
	@DEBUG_VALUE: arm_braycurtis_distance_f16:accumDiff <- $s4
	.loc	6 106 43 is_stmt 0              @ ../../../../Library/CMSIS/DSP/Include\arm_helium_utils.h:106:43
	vadd.f16	s0, s0, s2
.Ltmp33:
	@DEBUG_VALUE: vecAddAcrossF16Mve:acc <- $s0
	@DEBUG_VALUE: arm_braycurtis_distance_f16:accumSum <- $s0
	.loc	5 124 23 is_stmt 1              @ C:/Keil_v5/Packs/ARM/CMSIS-DSP/1.15.0/Source/DistanceFunctions/arm_braycurtis_distance_f16.c:124:23
	vdiv.f16	s0, s4, s0
.Ltmp34:
	.loc	5 124 5 epilogue_begin is_stmt 0 @ C:/Keil_v5/Packs/ARM/CMSIS-DSP/1.15.0/Source/DistanceFunctions/arm_braycurtis_distance_f16.c:124:5
	vpop	{d8, d9}
	pop	{r4, pc}
.Ltmp35:
.Lfunc_end0:
	.size	arm_braycurtis_distance_f16, .Lfunc_end0-arm_braycurtis_distance_f16
	.cfi_endproc
	.cantunwind
	.fnend
                                        @ -- End function
	.section	.text.arm_canberra_distance_f16,"ax",%progbits
	.hidden	arm_canberra_distance_f16       @ -- Begin function arm_canberra_distance_f16
	.globl	arm_canberra_distance_f16
	.p2align	2
	.type	arm_canberra_distance_f16,%function
	.code	16                              @ @arm_canberra_distance_f16
	.thumb_func
arm_canberra_distance_f16:
.Lfunc_begin1:
	.file	7 "C:/Keil_v5/Packs/ARM/CMSIS-DSP/1.15.0/Source/DistanceFunctions" "arm_canberra_distance_f16.c"
	.loc	7 74 0 is_stmt 1                @ C:/Keil_v5/Packs/ARM/CMSIS-DSP/1.15.0/Source/DistanceFunctions/arm_canberra_distance_f16.c:74:0
	.fnstart
	.cfi_startproc
@ %bb.0:
	@DEBUG_VALUE: arm_canberra_distance_f16:blockSize <- $r2
	@DEBUG_VALUE: arm_canberra_distance_f16:pA <- $r0
	@DEBUG_VALUE: arm_canberra_distance_f16:pB <- $r1
	.save	{r4, r5, r6, r7, lr}
	push	{r4, r5, r6, r7, lr}
	.cfi_def_cfa_offset 20
	.cfi_offset lr, -4
	.cfi_offset r7, -8
	.cfi_offset r6, -12
	.cfi_offset r5, -16
	.cfi_offset r4, -20
	.pad	#4
	sub	sp, #4
	.cfi_def_cfa_offset 24
	.vsave	{d8, d9, d10, d11, d12, d13, d14, d15}
	vpush	{d8, d9, d10, d11, d12, d13, d14, d15}
	.cfi_def_cfa_offset 88
	.cfi_offset d15, -32
	.cfi_offset d14, -40
	.cfi_offset d13, -48
	.cfi_offset d12, -56
	.cfi_offset d11, -64
	.cfi_offset d10, -72
	.cfi_offset d9, -80
	.cfi_offset d8, -88
	.pad	#64
	sub	sp, #64
	.cfi_def_cfa_offset 152
.Ltmp36:
	@DEBUG_VALUE: arm_canberra_distance_f16:blkCnt <- [DW_OP_constu 3, DW_OP_shr, DW_OP_stack_value] $r2
	vmov.i32	q0, #0x0
.Ltmp37:
	@DEBUG_VALUE: arm_canberra_distance_f16:accumV <- $q0
	.loc	7 81 24 prologue_end            @ C:/Keil_v5/Packs/ARM/CMSIS-DSP/1.15.0/Source/DistanceFunctions/arm_canberra_distance_f16.c:81:24
	lsrs	r3, r2, #3
.Ltmp38:
	@DEBUG_VALUE: arm_canberra_distance_f16:accum <- 0.000000e+00
	.loc	7 82 5                          @ C:/Keil_v5/Packs/ARM/CMSIS-DSP/1.15.0/Source/DistanceFunctions/arm_canberra_distance_f16.c:82:5
	wls	lr, r3, .LBB1_4
.Ltmp39:
@ %bb.1:
	@DEBUG_VALUE: arm_canberra_distance_f16:accum <- 0.000000e+00
	@DEBUG_VALUE: arm_canberra_distance_f16:accumV <- $q0
	@DEBUG_VALUE: arm_canberra_distance_f16:blkCnt <- [DW_OP_constu 3, DW_OP_shr, DW_OP_stack_value] $r2
	@DEBUG_VALUE: arm_canberra_distance_f16:pB <- $r1
	@DEBUG_VALUE: arm_canberra_distance_f16:pA <- $r0
	@DEBUG_VALUE: arm_canberra_distance_f16:blockSize <- $r2
	@DEBUG_VALUE: arm_canberra_distance_f16:blkCnt <- $r3
	.loc	7 0 5 is_stmt 0                 @ C:/Keil_v5/Packs/ARM/CMSIS-DSP/1.15.0/Source/DistanceFunctions/arm_canberra_distance_f16.c:0:5
	vmov.i16	q0, #0x7c00
.Ltmp40:
	vstrw.32	q0, [sp, #48]                   @ 16-byte Spill
	vmov.i16	q0, #0x3c00
	vstrw.32	q0, [sp, #32]                   @ 16-byte Spill
	vmov.i16	q0, #0x4000
	vstrw.32	q0, [sp, #16]                   @ 16-byte Spill
	vmov.i32	q3, #0x0
	movw	r7, #15782
	movw	r4, #46984
	.loc	7 82 5                          @ C:/Keil_v5/Packs/ARM/CMSIS-DSP/1.15.0/Source/DistanceFunctions/arm_canberra_distance_f16.c:82:5
	add.w	r12, r0, r3, lsl #4
	vdup.16	q0, r7
	vstrw.32	q0, [sp]                        @ 16-byte Spill
	lsls	r3, r3, #4
.Ltmp41:
	.loc	7 0 5                           @ C:/Keil_v5/Packs/ARM/CMSIS-DSP/1.15.0/Source/DistanceFunctions/arm_canberra_distance_f16.c:0:5
	movs	r5, #0
	mov	r6, r1
	vldrw.u32	q0, [sp, #48]           @ 16-byte Reload
.Ltmp42:
	.p2align	2
.LBB1_2:                                @ =>This Inner Loop Header: Depth=1
	@DEBUG_VALUE: arm_canberra_distance_f16:accum <- 0.000000e+00
	@DEBUG_VALUE: arm_canberra_distance_f16:pA <- $r0
	@DEBUG_VALUE: arm_canberra_distance_f16:blockSize <- $r2
	@DEBUG_VALUE: arm_canberra_distance_f16:blkCnt <- undef
	@DEBUG_VALUE: arm_canberra_distance_f16:pA <- $r0
	@DEBUG_VALUE: arm_canberra_distance_f16:pB <- $r6
	@DEBUG_VALUE: arm_canberra_distance_f16:accumV <- $q3
	.loc	7 83 13 is_stmt 1               @ C:/Keil_v5/Packs/ARM/CMSIS-DSP/1.15.0/Source/DistanceFunctions/arm_canberra_distance_f16.c:83:13
	vldrh.u16	q6, [r0], #16
.Ltmp43:
	@DEBUG_VALUE: arm_canberra_distance_f16:a <- $q6
	.loc	7 88 13                         @ C:/Keil_v5/Packs/ARM/CMSIS-DSP/1.15.0/Source/DistanceFunctions/arm_canberra_distance_f16.c:88:13
	vabs.f16	q5, q6
.Ltmp44:
	@DEBUG_VALUE: arm_canberra_distance_f16:a <- $q5
	.loc	7 84 13                         @ C:/Keil_v5/Packs/ARM/CMSIS-DSP/1.15.0/Source/DistanceFunctions/arm_canberra_distance_f16.c:84:13
	vldrh.u16	q7, [r6], #16
.Ltmp45:
	@DEBUG_VALUE: arm_canberra_distance_f16:b <- $q7
	.loc	7 89 13                         @ C:/Keil_v5/Packs/ARM/CMSIS-DSP/1.15.0/Source/DistanceFunctions/arm_canberra_distance_f16.c:89:13
	vabs.f16	q2, q7
.Ltmp46:
	@DEBUG_VALUE: arm_canberra_distance_f16:b <- $q2
	.loc	2 91 17                         @ ../../../../Library/CMSIS/DSP/Include\arm_vec_math_f16.h:91:17
	vldrw.u32	q1, [sp, #32]           @ 16-byte Reload
.Ltmp47:
	.loc	7 90 13                         @ C:/Keil_v5/Packs/ARM/CMSIS-DSP/1.15.0/Source/DistanceFunctions/arm_canberra_distance_f16.c:90:13
	vadd.f16	q5, q5, q2
.Ltmp48:
	@DEBUG_VALUE: arm_canberra_distance_f16:a <- $q5
	@DEBUG_VALUE: vrecip_hiprec_f16:xinv <- $q5
	@DEBUG_VALUE: vrecip_hiprec_f16:ax <- $q5
	@DEBUG_VALUE: vrecip_hiprec_f16:x <- $q5
	.loc	2 91 27                         @ ../../../../Library/CMSIS/DSP/Include\arm_vec_math_f16.h:91:27
	vand	q2, q5, q0
.Ltmp49:
	.loc	2 108 49                        @ ../../../../Library/CMSIS/DSP/Include\arm_vec_math_f16.h:108:49
	vcmp.f16	eq, q5, zr
	.loc	2 91 17                         @ ../../../../Library/CMSIS/DSP/Include\arm_vec_math_f16.h:91:17
	vsub.i16	q2, q1, q2
.Ltmp50:
	@DEBUG_VALUE: vrecip_hiprec_f16:m <- $q2
	.loc	2 93 28                         @ ../../../../Library/CMSIS/DSP/Include\arm_vec_math_f16.h:93:28
	vldrw.u32	q1, [sp]                @ 16-byte Reload
	.loc	2 92 21                         @ ../../../../Library/CMSIS/DSP/Include\arm_vec_math_f16.h:92:21
	vadd.i16	q4, q2, q5
.Ltmp51:
	@DEBUG_VALUE: vrecip_hiprec_f16:xinv <- $q4
	.loc	2 93 28                         @ ../../../../Library/CMSIS/DSP/Include\arm_vec_math_f16.h:93:28
	vfma.f16	q1, q4, r4
.Ltmp52:
	@DEBUG_VALUE: vrecip_hiprec_f16:xinv <- $q1
	.loc	2 0 28 is_stmt 0                @ ../../../../Library/CMSIS/DSP/Include\arm_vec_math_f16.h:0:28
	vldrw.u32	q4, [sp, #16]           @ 16-byte Reload
	.loc	2 94 21 is_stmt 1               @ ../../../../Library/CMSIS/DSP/Include\arm_vec_math_f16.h:94:21
	vadd.i16	q1, q2, q1
.Ltmp53:
	@DEBUG_VALUE: vrecip_hiprec_f16:xinv <- $q1
	.loc	7 86 13                         @ C:/Keil_v5/Packs/ARM/CMSIS-DSP/1.15.0/Source/DistanceFunctions/arm_canberra_distance_f16.c:86:13
	vabd.f16	q6, q6, q7
.Ltmp54:
	@DEBUG_VALUE: arm_canberra_distance_f16:c <- $q6
	.loc	2 96 16                         @ ../../../../Library/CMSIS/DSP/Include\arm_vec_math_f16.h:96:16
	vmov	q2, q4
.Ltmp55:
	vfms.f16	q2, q1, q5
.Ltmp56:
	@DEBUG_VALUE: vrecip_hiprec_f16:b <- $q2
	.loc	2 97 21                         @ ../../../../Library/CMSIS/DSP/Include\arm_vec_math_f16.h:97:21
	vmul.f16	q1, q2, q1
.Ltmp57:
	@DEBUG_VALUE: vrecip_hiprec_f16:xinv <- $q1
	.loc	2 99 16                         @ ../../../../Library/CMSIS/DSP/Include\arm_vec_math_f16.h:99:16
	vmov	q2, q4
.Ltmp58:
	vfms.f16	q2, q1, q5
.Ltmp59:
	@DEBUG_VALUE: vrecip_hiprec_f16:b <- $q2
	.loc	2 100 21                        @ ../../../../Library/CMSIS/DSP/Include\arm_vec_math_f16.h:100:21
	vmul.f16	q1, q1, q2
.Ltmp60:
	@DEBUG_VALUE: vrecip_hiprec_f16:xinv <- $q1
	.loc	2 102 16                        @ ../../../../Library/CMSIS/DSP/Include\arm_vec_math_f16.h:102:16
	vmov	q2, q4
.Ltmp61:
	vfms.f16	q2, q1, q5
.Ltmp62:
	@DEBUG_VALUE: vrecip_hiprec_f16:b <- $q2
	.loc	2 103 21                        @ ../../../../Library/CMSIS/DSP/Include\arm_vec_math_f16.h:103:21
	vmul.f16	q1, q1, q2
.Ltmp63:
	@DEBUG_VALUE: vrecip_hiprec_f16:xinv <- $q1
	.loc	2 105 16                        @ ../../../../Library/CMSIS/DSP/Include\arm_vec_math_f16.h:105:16
	vmov	q2, q4
.Ltmp64:
	vfms.f16	q2, q1, q5
.Ltmp65:
	@DEBUG_VALUE: vrecip_hiprec_f16:b <- $q2
	.loc	2 106 21                        @ ../../../../Library/CMSIS/DSP/Include\arm_vec_math_f16.h:106:21
	vmul.f16	q1, q1, q2
.Ltmp66:
	@DEBUG_VALUE: vrecip_hiprec_f16:xinv <- $q1
	.loc	2 108 14                        @ ../../../../Library/CMSIS/DSP/Include\arm_vec_math_f16.h:108:14
	vpsel	q1, q0, q1
.Ltmp67:
	@DEBUG_VALUE: vrecip_hiprec_f16:xinv <- $q1
	.loc	2 112 14                        @ ../../../../Library/CMSIS/DSP/Include\arm_vec_math_f16.h:112:14
	vmsr	p0, r5
	vpst	
	vnegt.f16	q1, q1
.Ltmp68:
	@DEBUG_VALUE: vrecip_hiprec_f16:xinv <- $q1
	@DEBUG_VALUE: arm_canberra_distance_f16:a <- $q1
	.loc	7 102 13                        @ C:/Keil_v5/Packs/ARM/CMSIS-DSP/1.15.0/Source/DistanceFunctions/arm_canberra_distance_f16.c:102:13
	vmul.f16	q1, q6, q1
.Ltmp69:
	@DEBUG_VALUE: arm_canberra_distance_f16:c <- $q1
	.loc	7 103 18                        @ C:/Keil_v5/Packs/ARM/CMSIS-DSP/1.15.0/Source/DistanceFunctions/arm_canberra_distance_f16.c:103:18
	vadd.f16	q3, q3, q1
.Ltmp70:
	@DEBUG_VALUE: arm_canberra_distance_f16:accumV <- $q3
	@DEBUG_VALUE: arm_canberra_distance_f16:pB <- $r6
	@DEBUG_VALUE: arm_canberra_distance_f16:pA <- $r0
	.loc	7 82 5                          @ C:/Keil_v5/Packs/ARM/CMSIS-DSP/1.15.0/Source/DistanceFunctions/arm_canberra_distance_f16.c:82:5
	le	lr, .LBB1_2
.Ltmp71:
@ %bb.3:
	@DEBUG_VALUE: arm_canberra_distance_f16:c <- $q1
	@DEBUG_VALUE: arm_canberra_distance_f16:accumV <- $q3
	@DEBUG_VALUE: arm_canberra_distance_f16:pB <- $r6
	@DEBUG_VALUE: arm_canberra_distance_f16:accum <- 0.000000e+00
	@DEBUG_VALUE: arm_canberra_distance_f16:pA <- $r0
	@DEBUG_VALUE: arm_canberra_distance_f16:blockSize <- $r2
	add	r1, r3
	mov	r0, r12
.Ltmp72:
	.loc	7 0 5 is_stmt 0                 @ C:/Keil_v5/Packs/ARM/CMSIS-DSP/1.15.0/Source/DistanceFunctions/arm_canberra_distance_f16.c:0:5
	vmov	q0, q3
.Ltmp73:
.LBB1_4:
	@DEBUG_VALUE: arm_canberra_distance_f16:accum <- 0.000000e+00
	@DEBUG_VALUE: arm_canberra_distance_f16:blockSize <- $r2
	.loc	7 110 24 is_stmt 1              @ C:/Keil_v5/Packs/ARM/CMSIS-DSP/1.15.0/Source/DistanceFunctions/arm_canberra_distance_f16.c:110:24
	ands	r2, r2, #7
.Ltmp74:
	@DEBUG_VALUE: arm_canberra_distance_f16:blockSize <- [DW_OP_LLVM_entry_value 1] $r2
	@DEBUG_VALUE: arm_canberra_distance_f16:blkCnt <- $r2
	.loc	7 111 9                         @ C:/Keil_v5/Packs/ARM/CMSIS-DSP/1.15.0/Source/DistanceFunctions/arm_canberra_distance_f16.c:111:9
	beq	.LBB1_6
.Ltmp75:
@ %bb.5:
	@DEBUG_VALUE: arm_canberra_distance_f16:blkCnt <- $r2
	@DEBUG_VALUE: arm_canberra_distance_f16:blockSize <- [DW_OP_LLVM_entry_value 1] $r2
	@DEBUG_VALUE: arm_canberra_distance_f16:accum <- 0.000000e+00
	.loc	7 112 30                        @ C:/Keil_v5/Packs/ARM/CMSIS-DSP/1.15.0/Source/DistanceFunctions/arm_canberra_distance_f16.c:112:30
	vctp.16	r2
.Ltmp76:
	@DEBUG_VALUE: p0 <- undef
	.loc	2 91 27                         @ ../../../../Library/CMSIS/DSP/Include\arm_vec_math_f16.h:91:27
	vmov.i16	q3, #0x7c00
	vstr	p0, [sp, #48]                   @ 4-byte Spill
.Ltmp77:
	.loc	7 114 13                        @ C:/Keil_v5/Packs/ARM/CMSIS-DSP/1.15.0/Source/DistanceFunctions/arm_canberra_distance_f16.c:114:13
	vpst	
	vldrht.u16	q1, [r0]
.Ltmp78:
	@DEBUG_VALUE: arm_canberra_distance_f16:a <- $q1
	.loc	7 119 13                        @ C:/Keil_v5/Packs/ARM/CMSIS-DSP/1.15.0/Source/DistanceFunctions/arm_canberra_distance_f16.c:119:13
	vabs.f16	q4, q1
.Ltmp79:
	@DEBUG_VALUE: arm_canberra_distance_f16:a <- $q4
	.loc	7 115 13                        @ C:/Keil_v5/Packs/ARM/CMSIS-DSP/1.15.0/Source/DistanceFunctions/arm_canberra_distance_f16.c:115:13
	vpst	
	vldrht.u16	q2, [r1]
.Ltmp80:
	@DEBUG_VALUE: arm_canberra_distance_f16:b <- $q2
	.loc	7 120 13                        @ C:/Keil_v5/Packs/ARM/CMSIS-DSP/1.15.0/Source/DistanceFunctions/arm_canberra_distance_f16.c:120:13
	vabs.f16	q5, q2
.Ltmp81:
	@DEBUG_VALUE: arm_canberra_distance_f16:b <- $q5
	.loc	7 121 13                        @ C:/Keil_v5/Packs/ARM/CMSIS-DSP/1.15.0/Source/DistanceFunctions/arm_canberra_distance_f16.c:121:13
	vadd.f16	q4, q4, q5
.Ltmp82:
	@DEBUG_VALUE: vrecip_hiprec_f16:xinv <- $q4
	@DEBUG_VALUE: vrecip_hiprec_f16:ax <- $q4
	@DEBUG_VALUE: vrecip_hiprec_f16:x <- $q4
	@DEBUG_VALUE: arm_canberra_distance_f16:a <- $q4
	.loc	2 91 27                         @ ../../../../Library/CMSIS/DSP/Include\arm_vec_math_f16.h:91:27
	vand	q5, q4, q3
.Ltmp83:
	.loc	2 91 17 is_stmt 0               @ ../../../../Library/CMSIS/DSP/Include\arm_vec_math_f16.h:91:17
	vmov.i16	q6, #0x3c00
	vsub.i16	q5, q6, q5
.Ltmp84:
	@DEBUG_VALUE: vrecip_hiprec_f16:m <- $q5
	.loc	2 92 21 is_stmt 1               @ ../../../../Library/CMSIS/DSP/Include\arm_vec_math_f16.h:92:21
	vadd.i16	q6, q5, q4
.Ltmp85:
	@DEBUG_VALUE: vrecip_hiprec_f16:xinv <- $q6
	.loc	7 117 13                        @ C:/Keil_v5/Packs/ARM/CMSIS-DSP/1.15.0/Source/DistanceFunctions/arm_canberra_distance_f16.c:117:13
	vabd.f16	q1, q1, q2
.Ltmp86:
	@DEBUG_VALUE: arm_canberra_distance_f16:c <- $q1
	.loc	7 0 13 is_stmt 0                @ C:/Keil_v5/Packs/ARM/CMSIS-DSP/1.15.0/Source/DistanceFunctions/arm_canberra_distance_f16.c:0:13
	movw	r0, #15782
	movw	r1, #46984
.Ltmp87:
	.loc	2 93 28 is_stmt 1               @ ../../../../Library/CMSIS/DSP/Include\arm_vec_math_f16.h:93:28
	vdup.16	q7, r0
	vfma.f16	q7, q6, r1
.Ltmp88:
	@DEBUG_VALUE: vrecip_hiprec_f16:xinv <- $q7
	.loc	2 96 16                         @ ../../../../Library/CMSIS/DSP/Include\arm_vec_math_f16.h:96:16
	vmov.i16	q6, #0x4000
	.loc	2 94 21                         @ ../../../../Library/CMSIS/DSP/Include\arm_vec_math_f16.h:94:21
	vadd.i16	q5, q5, q7
.Ltmp89:
	@DEBUG_VALUE: vrecip_hiprec_f16:xinv <- $q5
	.loc	2 96 16                         @ ../../../../Library/CMSIS/DSP/Include\arm_vec_math_f16.h:96:16
	vmov	q7, q6
	vfms.f16	q7, q5, q4
.Ltmp90:
	@DEBUG_VALUE: vrecip_hiprec_f16:b <- $q7
	.loc	2 97 21                         @ ../../../../Library/CMSIS/DSP/Include\arm_vec_math_f16.h:97:21
	vmul.f16	q5, q7, q5
.Ltmp91:
	@DEBUG_VALUE: vrecip_hiprec_f16:xinv <- $q5
	.loc	2 99 16                         @ ../../../../Library/CMSIS/DSP/Include\arm_vec_math_f16.h:99:16
	vmov	q7, q6
.Ltmp92:
	vfms.f16	q7, q5, q4
.Ltmp93:
	@DEBUG_VALUE: vrecip_hiprec_f16:b <- $q7
	.loc	2 100 21                        @ ../../../../Library/CMSIS/DSP/Include\arm_vec_math_f16.h:100:21
	vmul.f16	q5, q5, q7
.Ltmp94:
	@DEBUG_VALUE: vrecip_hiprec_f16:xinv <- $q5
	.loc	2 102 16                        @ ../../../../Library/CMSIS/DSP/Include\arm_vec_math_f16.h:102:16
	vmov	q7, q6
.Ltmp95:
	vfms.f16	q7, q5, q4
.Ltmp96:
	@DEBUG_VALUE: vrecip_hiprec_f16:b <- $q7
	.loc	2 103 21                        @ ../../../../Library/CMSIS/DSP/Include\arm_vec_math_f16.h:103:21
	vmul.f16	q5, q5, q7
.Ltmp97:
	@DEBUG_VALUE: vrecip_hiprec_f16:xinv <- $q5
	.loc	2 105 16                        @ ../../../../Library/CMSIS/DSP/Include\arm_vec_math_f16.h:105:16
	vfms.f16	q6, q5, q4
.Ltmp98:
	@DEBUG_VALUE: vrecip_hiprec_f16:b <- $q6
	.loc	2 106 21                        @ ../../../../Library/CMSIS/DSP/Include\arm_vec_math_f16.h:106:21
	vmul.f16	q5, q5, q6
.Ltmp99:
	@DEBUG_VALUE: vrecip_hiprec_f16:xinv <- $q5
	.loc	2 0 21 is_stmt 0                @ ../../../../Library/CMSIS/DSP/Include\arm_vec_math_f16.h:0:21
	movs	r0, #0
	.loc	2 108 14 is_stmt 1              @ ../../../../Library/CMSIS/DSP/Include\arm_vec_math_f16.h:108:14
	vpt.f16	eq, q4, zr
	vmovt	q5, q3
.Ltmp100:
	@DEBUG_VALUE: vrecip_hiprec_f16:xinv <- $q5
	.loc	2 112 14                        @ ../../../../Library/CMSIS/DSP/Include\arm_vec_math_f16.h:112:14
	vmsr	p0, r0
	vpst	
	vnegt.f16	q5, q5
.Ltmp101:
	@DEBUG_VALUE: vrecip_hiprec_f16:xinv <- $q5
	@DEBUG_VALUE: arm_canberra_distance_f16:a <- $q5
	.loc	7 133 13                        @ C:/Keil_v5/Packs/ARM/CMSIS-DSP/1.15.0/Source/DistanceFunctions/arm_canberra_distance_f16.c:133:13
	vmul.f16	q1, q1, q5
.Ltmp102:
	@DEBUG_VALUE: arm_canberra_distance_f16:c <- $q1
	.loc	7 134 18                        @ C:/Keil_v5/Packs/ARM/CMSIS-DSP/1.15.0/Source/DistanceFunctions/arm_canberra_distance_f16.c:134:18
	vldr	p0, [sp, #48]                   @ 4-byte Reload
	vpst	
	vaddt.f16	q0, q0, q1
.Ltmp103:
	@DEBUG_VALUE: arm_canberra_distance_f16:accumV <- $q0
.LBB1_6:
	@DEBUG_VALUE: arm_canberra_distance_f16:blkCnt <- $r2
	@DEBUG_VALUE: arm_canberra_distance_f16:blockSize <- [DW_OP_LLVM_entry_value 1] $r2
	@DEBUG_VALUE: arm_canberra_distance_f16:accum <- 0.000000e+00
	@DEBUG_VALUE: arm_canberra_distance_f16:accumV <- $q0
	@DEBUG_VALUE: vecAddAcrossF16Mve:in <- $q0
	.loc	6 102 14                        @ ../../../../Library/CMSIS/DSP/Include\arm_helium_utils.h:102:14
	vrev32.16	q1, q0
.Ltmp104:
	@DEBUG_VALUE: vecAddAcrossF16Mve:tmpVec <- $q1
	.loc	6 103 10                        @ ../../../../Library/CMSIS/DSP/Include\arm_helium_utils.h:103:10
	vadd.f16	q0, q0, q1
.Ltmp105:
	@DEBUG_VALUE: vecAddAcrossF16Mve:in <- $q0
	.loc	6 104 28                        @ ../../../../Library/CMSIS/DSP/Include\arm_helium_utils.h:104:28
	vrev64.32	q1, q0
.Ltmp106:
	@DEBUG_VALUE: vecAddAcrossF16Mve:tmpVec <- $q1
	.loc	6 105 10                        @ ../../../../Library/CMSIS/DSP/Include\arm_helium_utils.h:105:10
	vadd.f16	q0, q0, q1
.Ltmp107:
	@DEBUG_VALUE: vecAddAcrossF16Mve:in <- $q0
	.loc	6 106 43                        @ ../../../../Library/CMSIS/DSP/Include\arm_helium_utils.h:106:43
	vadd.f16	s0, s0, s2
.Ltmp108:
	@DEBUG_VALUE: vecAddAcrossF16Mve:acc <- $s0
	@DEBUG_VALUE: arm_canberra_distance_f16:accum <- $s0
	.loc	7 139 5 epilogue_begin          @ C:/Keil_v5/Packs/ARM/CMSIS-DSP/1.15.0/Source/DistanceFunctions/arm_canberra_distance_f16.c:139:5
	add	sp, #64
	vpop	{d8, d9, d10, d11, d12, d13, d14, d15}
	add	sp, #4
	pop	{r4, r5, r6, r7, pc}
.Ltmp109:
.Lfunc_end1:
	.size	arm_canberra_distance_f16, .Lfunc_end1-arm_canberra_distance_f16
	.cfi_endproc
	.file	8 "C:\\Users\\rohankoshy\\Downloads\\en-us--M55M1_Series_BSP_CMSIS_V3.01.003\\SampleCode\\NuEdgeWise\\PoseLandmark_YOLOv8n\\KEIL" "../../../../Library/CMSIS/DSP/Include\\arm_math_types_f16.h"
	.cantunwind
	.fnend
                                        @ -- End function
	.section	.text.arm_chebyshev_distance_f16,"ax",%progbits
	.hidden	arm_chebyshev_distance_f16      @ -- Begin function arm_chebyshev_distance_f16
	.globl	arm_chebyshev_distance_f16
	.p2align	2
	.type	arm_chebyshev_distance_f16,%function
	.code	16                              @ @arm_chebyshev_distance_f16
	.thumb_func
arm_chebyshev_distance_f16:
.Lfunc_begin2:
	.file	9 "C:/Keil_v5/Packs/ARM/CMSIS-DSP/1.15.0/Source/DistanceFunctions" "arm_chebyshev_distance_f16.c"
	.loc	9 68 0                          @ C:/Keil_v5/Packs/ARM/CMSIS-DSP/1.15.0/Source/DistanceFunctions/arm_chebyshev_distance_f16.c:68:0
	.fnstart
	.cfi_startproc
@ %bb.0:
	@DEBUG_VALUE: arm_chebyshev_distance_f16:blockSize <- $r2
	@DEBUG_VALUE: arm_chebyshev_distance_f16:pA <- $r0
	@DEBUG_VALUE: arm_chebyshev_distance_f16:pB <- $r1
	.save	{r4, lr}
	push	{r4, lr}
	.cfi_def_cfa_offset 8
	.cfi_offset lr, -4
	.cfi_offset r4, -8
.Ltmp110:
	@DEBUG_VALUE: arm_chebyshev_distance_f16:blkCnt <- [DW_OP_constu 3, DW_OP_shr, DW_OP_stack_value] $r2
	vmov.i32	q0, #0x0
.Ltmp111:
	@DEBUG_VALUE: arm_chebyshev_distance_f16:vecDiff <- $q0
	.loc	9 75 24 prologue_end            @ C:/Keil_v5/Packs/ARM/CMSIS-DSP/1.15.0/Source/DistanceFunctions/arm_chebyshev_distance_f16.c:75:24
	lsrs	r4, r2, #3
.Ltmp112:
	@DEBUG_VALUE: arm_chebyshev_distance_f16:maxValue <- 0.000000e+00
	.loc	9 76 5                          @ C:/Keil_v5/Packs/ARM/CMSIS-DSP/1.15.0/Source/DistanceFunctions/arm_chebyshev_distance_f16.c:76:5
	wls	lr, r4, .LBB2_4
.Ltmp113:
@ %bb.1:
	@DEBUG_VALUE: arm_chebyshev_distance_f16:maxValue <- 0.000000e+00
	@DEBUG_VALUE: arm_chebyshev_distance_f16:vecDiff <- $q0
	@DEBUG_VALUE: arm_chebyshev_distance_f16:blkCnt <- [DW_OP_constu 3, DW_OP_shr, DW_OP_stack_value] $r2
	@DEBUG_VALUE: arm_chebyshev_distance_f16:pB <- $r1
	@DEBUG_VALUE: arm_chebyshev_distance_f16:pA <- $r0
	@DEBUG_VALUE: arm_chebyshev_distance_f16:blockSize <- $r2
	@DEBUG_VALUE: arm_chebyshev_distance_f16:blkCnt <- $r4
	.loc	9 0 5 is_stmt 0                 @ C:/Keil_v5/Packs/ARM/CMSIS-DSP/1.15.0/Source/DistanceFunctions/arm_chebyshev_distance_f16.c:0:5
	vmov.i32	q0, #0x0
.Ltmp114:
	.loc	9 76 5                          @ C:/Keil_v5/Packs/ARM/CMSIS-DSP/1.15.0/Source/DistanceFunctions/arm_chebyshev_distance_f16.c:76:5
	add.w	r12, r0, r4, lsl #4
	lsls	r3, r4, #4
	mov	r4, r1
.Ltmp115:
	.p2align	2
.LBB2_2:                                @ =>This Inner Loop Header: Depth=1
	@DEBUG_VALUE: arm_chebyshev_distance_f16:maxValue <- 0.000000e+00
	@DEBUG_VALUE: arm_chebyshev_distance_f16:pA <- $r0
	@DEBUG_VALUE: arm_chebyshev_distance_f16:blockSize <- $r2
	@DEBUG_VALUE: arm_chebyshev_distance_f16:blkCnt <- undef
	@DEBUG_VALUE: arm_chebyshev_distance_f16:pA <- $r0
	@DEBUG_VALUE: arm_chebyshev_distance_f16:pB <- $r4
	@DEBUG_VALUE: arm_chebyshev_distance_f16:vecDiff <- $q0
	.loc	9 77 16 is_stmt 1               @ C:/Keil_v5/Packs/ARM/CMSIS-DSP/1.15.0/Source/DistanceFunctions/arm_chebyshev_distance_f16.c:77:16
	vldrh.u16	q1, [r0], #16
.Ltmp116:
	@DEBUG_VALUE: arm_chebyshev_distance_f16:vecA <- $q1
	@DEBUG_VALUE: arm_chebyshev_distance_f16:pA <- $r0
	.loc	9 79 16                         @ C:/Keil_v5/Packs/ARM/CMSIS-DSP/1.15.0/Source/DistanceFunctions/arm_chebyshev_distance_f16.c:79:16
	vldrh.u16	q2, [r4], #16
.Ltmp117:
	@DEBUG_VALUE: arm_chebyshev_distance_f16:vecB <- $q2
	@DEBUG_VALUE: arm_chebyshev_distance_f16:pB <- $r4
	.loc	9 84 28                         @ C:/Keil_v5/Packs/ARM/CMSIS-DSP/1.15.0/Source/DistanceFunctions/arm_chebyshev_distance_f16.c:84:28
	vsub.f16	q1, q1, q2
.Ltmp118:
	.loc	9 84 19 is_stmt 0               @ C:/Keil_v5/Packs/ARM/CMSIS-DSP/1.15.0/Source/DistanceFunctions/arm_chebyshev_distance_f16.c:84:19
	vmaxnma.f16	q0, q1
.Ltmp119:
	@DEBUG_VALUE: arm_chebyshev_distance_f16:vecDiff <- $q0
	.loc	9 76 5 is_stmt 1                @ C:/Keil_v5/Packs/ARM/CMSIS-DSP/1.15.0/Source/DistanceFunctions/arm_chebyshev_distance_f16.c:76:5
	le	lr, .LBB2_2
.Ltmp120:
@ %bb.3:
	@DEBUG_VALUE: arm_chebyshev_distance_f16:vecB <- $q2
	@DEBUG_VALUE: arm_chebyshev_distance_f16:pB <- $r4
	@DEBUG_VALUE: arm_chebyshev_distance_f16:maxValue <- 0.000000e+00
	@DEBUG_VALUE: arm_chebyshev_distance_f16:vecDiff <- $q0
	@DEBUG_VALUE: arm_chebyshev_distance_f16:pA <- $r0
	@DEBUG_VALUE: arm_chebyshev_distance_f16:blockSize <- $r2
	add	r1, r3
	mov	r0, r12
.Ltmp121:
.LBB2_4:
	@DEBUG_VALUE: arm_chebyshev_distance_f16:maxValue <- 0.000000e+00
	@DEBUG_VALUE: arm_chebyshev_distance_f16:vecDiff <- $q0
	@DEBUG_VALUE: arm_chebyshev_distance_f16:blockSize <- $r2
	.loc	9 94 24                         @ C:/Keil_v5/Packs/ARM/CMSIS-DSP/1.15.0/Source/DistanceFunctions/arm_chebyshev_distance_f16.c:94:24
	ands	r2, r2, #7
.Ltmp122:
	@DEBUG_VALUE: arm_chebyshev_distance_f16:blockSize <- [DW_OP_LLVM_entry_value 1] $r2
	@DEBUG_VALUE: arm_chebyshev_distance_f16:blkCnt <- $r2
	.loc	9 95 9                          @ C:/Keil_v5/Packs/ARM/CMSIS-DSP/1.15.0/Source/DistanceFunctions/arm_chebyshev_distance_f16.c:95:9
	beq	.LBB2_6
.Ltmp123:
@ %bb.5:
	@DEBUG_VALUE: arm_chebyshev_distance_f16:blkCnt <- $r2
	@DEBUG_VALUE: arm_chebyshev_distance_f16:blockSize <- [DW_OP_LLVM_entry_value 1] $r2
	@DEBUG_VALUE: arm_chebyshev_distance_f16:maxValue <- 0.000000e+00
	@DEBUG_VALUE: arm_chebyshev_distance_f16:vecDiff <- $q0
	.loc	9 96 30                         @ C:/Keil_v5/Packs/ARM/CMSIS-DSP/1.15.0/Source/DistanceFunctions/arm_chebyshev_distance_f16.c:96:30
	vctp.16	r2
.Ltmp124:
	@DEBUG_VALUE: p0 <- undef
	.loc	9 98 16                         @ C:/Keil_v5/Packs/ARM/CMSIS-DSP/1.15.0/Source/DistanceFunctions/arm_chebyshev_distance_f16.c:98:16
	vpstt	
	vldrht.u16	q1, [r0]
.Ltmp125:
	@DEBUG_VALUE: arm_chebyshev_distance_f16:vecA <- $q1
	.loc	9 99 16                         @ C:/Keil_v5/Packs/ARM/CMSIS-DSP/1.15.0/Source/DistanceFunctions/arm_chebyshev_distance_f16.c:99:16
	vldrht.u16	q2, [r1]
.Ltmp126:
	@DEBUG_VALUE: arm_chebyshev_distance_f16:vecB <- $q2
	.loc	9 105 39                        @ C:/Keil_v5/Packs/ARM/CMSIS-DSP/1.15.0/Source/DistanceFunctions/arm_chebyshev_distance_f16.c:105:39
	vsub.f16	q1, q1, q2
.Ltmp127:
	.loc	9 105 19 is_stmt 0              @ C:/Keil_v5/Packs/ARM/CMSIS-DSP/1.15.0/Source/DistanceFunctions/arm_chebyshev_distance_f16.c:105:19
	vpst	
	vmaxnmat.f16	q0, q1
.Ltmp128:
	@DEBUG_VALUE: arm_chebyshev_distance_f16:vecDiff <- $q0
.LBB2_6:
	@DEBUG_VALUE: arm_chebyshev_distance_f16:blkCnt <- $r2
	@DEBUG_VALUE: arm_chebyshev_distance_f16:blockSize <- [DW_OP_LLVM_entry_value 1] $r2
	@DEBUG_VALUE: arm_chebyshev_distance_f16:maxValue <- 0.000000e+00
	@DEBUG_VALUE: arm_chebyshev_distance_f16:vecDiff <- $q0
	@DEBUG_VALUE: arm_chebyshev_distance_f16:vecDiff <- $q0
	.loc	9 0 19                          @ C:/Keil_v5/Packs/ARM/CMSIS-DSP/1.15.0/Source/DistanceFunctions/arm_chebyshev_distance_f16.c:0:19
	vldr.16	s4, .LCPI2_0
	.loc	9 110 12 is_stmt 1              @ C:/Keil_v5/Packs/ARM/CMSIS-DSP/1.15.0/Source/DistanceFunctions/arm_chebyshev_distance_f16.c:110:12
	vmov	r0, s4
	vmaxnmav.f16	r0, q0
	vmov	s0, r0
.Ltmp129:
	.loc	9 110 5 epilogue_begin is_stmt 0 @ C:/Keil_v5/Packs/ARM/CMSIS-DSP/1.15.0/Source/DistanceFunctions/arm_chebyshev_distance_f16.c:110:5
	pop	{r4, pc}
.Ltmp130:
	.p2align	1
@ %bb.7:
	.loc	9 0 5                           @ C:/Keil_v5/Packs/ARM/CMSIS-DSP/1.15.0/Source/DistanceFunctions/arm_chebyshev_distance_f16.c:0:5
.LCPI2_0:
	.short	0x0000                          @ half 0
.Lfunc_end2:
	.size	arm_chebyshev_distance_f16, .Lfunc_end2-arm_chebyshev_distance_f16
	.cfi_endproc
	.cantunwind
	.fnend
                                        @ -- End function
	.section	.text.arm_cityblock_distance_f16,"ax",%progbits
	.hidden	arm_cityblock_distance_f16      @ -- Begin function arm_cityblock_distance_f16
	.globl	arm_cityblock_distance_f16
	.p2align	2
	.type	arm_cityblock_distance_f16,%function
	.code	16                              @ @arm_cityblock_distance_f16
	.thumb_func
arm_cityblock_distance_f16:
.Lfunc_begin3:
	.file	10 "C:/Keil_v5/Packs/ARM/CMSIS-DSP/1.15.0/Source/DistanceFunctions" "arm_cityblock_distance_f16.c"
	.loc	10 67 0 is_stmt 1               @ C:/Keil_v5/Packs/ARM/CMSIS-DSP/1.15.0/Source/DistanceFunctions/arm_cityblock_distance_f16.c:67:0
	.fnstart
	.cfi_startproc
@ %bb.0:
	@DEBUG_VALUE: arm_cityblock_distance_f16:blockSize <- $r2
	@DEBUG_VALUE: arm_cityblock_distance_f16:pA <- $r0
	@DEBUG_VALUE: arm_cityblock_distance_f16:pB <- $r1
	.save	{r4, lr}
	push	{r4, lr}
	.cfi_def_cfa_offset 8
	.cfi_offset lr, -4
	.cfi_offset r4, -8
.Ltmp131:
	@DEBUG_VALUE: arm_cityblock_distance_f16:blkCnt <- [DW_OP_constu 3, DW_OP_shr, DW_OP_stack_value] $r2
	vmov.i32	q0, #0x0
.Ltmp132:
	@DEBUG_VALUE: arm_cityblock_distance_f16:accumV <- $q0
	.loc	10 73 24 prologue_end           @ C:/Keil_v5/Packs/ARM/CMSIS-DSP/1.15.0/Source/DistanceFunctions/arm_cityblock_distance_f16.c:73:24
	lsrs	r4, r2, #3
	.loc	10 74 5                         @ C:/Keil_v5/Packs/ARM/CMSIS-DSP/1.15.0/Source/DistanceFunctions/arm_cityblock_distance_f16.c:74:5
	wls	lr, r4, .LBB3_4
.Ltmp133:
@ %bb.1:
	@DEBUG_VALUE: arm_cityblock_distance_f16:accumV <- $q0
	@DEBUG_VALUE: arm_cityblock_distance_f16:blkCnt <- [DW_OP_constu 3, DW_OP_shr, DW_OP_stack_value] $r2
	@DEBUG_VALUE: arm_cityblock_distance_f16:pB <- $r1
	@DEBUG_VALUE: arm_cityblock_distance_f16:pA <- $r0
	@DEBUG_VALUE: arm_cityblock_distance_f16:blockSize <- $r2
	@DEBUG_VALUE: arm_cityblock_distance_f16:blkCnt <- $r4
	.loc	10 0 5 is_stmt 0                @ C:/Keil_v5/Packs/ARM/CMSIS-DSP/1.15.0/Source/DistanceFunctions/arm_cityblock_distance_f16.c:0:5
	vmov.i32	q0, #0x0
.Ltmp134:
	.loc	10 74 5                         @ C:/Keil_v5/Packs/ARM/CMSIS-DSP/1.15.0/Source/DistanceFunctions/arm_cityblock_distance_f16.c:74:5
	add.w	r12, r0, r4, lsl #4
	lsls	r3, r4, #4
	mov	r4, r1
.Ltmp135:
	.p2align	2
.LBB3_2:                                @ =>This Inner Loop Header: Depth=1
	@DEBUG_VALUE: arm_cityblock_distance_f16:pA <- $r0
	@DEBUG_VALUE: arm_cityblock_distance_f16:blockSize <- $r2
	@DEBUG_VALUE: arm_cityblock_distance_f16:blkCnt <- undef
	@DEBUG_VALUE: arm_cityblock_distance_f16:pA <- $r0
	@DEBUG_VALUE: arm_cityblock_distance_f16:pB <- $r4
	@DEBUG_VALUE: arm_cityblock_distance_f16:accumV <- $q0
	.loc	10 75 13 is_stmt 1              @ C:/Keil_v5/Packs/ARM/CMSIS-DSP/1.15.0/Source/DistanceFunctions/arm_cityblock_distance_f16.c:75:13
	vldrh.u16	q1, [r0], #16
.Ltmp136:
	@DEBUG_VALUE: arm_cityblock_distance_f16:a <- $q1
	.loc	10 76 13                        @ C:/Keil_v5/Packs/ARM/CMSIS-DSP/1.15.0/Source/DistanceFunctions/arm_cityblock_distance_f16.c:76:13
	vldrh.u16	q2, [r4], #16
.Ltmp137:
	@DEBUG_VALUE: arm_cityblock_distance_f16:b <- $q2
	.loc	10 78 17                        @ C:/Keil_v5/Packs/ARM/CMSIS-DSP/1.15.0/Source/DistanceFunctions/arm_cityblock_distance_f16.c:78:17
	vabd.f16	q1, q1, q2
.Ltmp138:
	@DEBUG_VALUE: arm_cityblock_distance_f16:tempV <- $q1
	.loc	10 79 18                        @ C:/Keil_v5/Packs/ARM/CMSIS-DSP/1.15.0/Source/DistanceFunctions/arm_cityblock_distance_f16.c:79:18
	vadd.f16	q0, q0, q1
.Ltmp139:
	@DEBUG_VALUE: arm_cityblock_distance_f16:accumV <- $q0
	@DEBUG_VALUE: arm_cityblock_distance_f16:pB <- $r4
	@DEBUG_VALUE: arm_cityblock_distance_f16:pA <- $r0
	.loc	10 74 5                         @ C:/Keil_v5/Packs/ARM/CMSIS-DSP/1.15.0/Source/DistanceFunctions/arm_cityblock_distance_f16.c:74:5
	le	lr, .LBB3_2
.Ltmp140:
@ %bb.3:
	@DEBUG_VALUE: arm_cityblock_distance_f16:tempV <- $q1
	@DEBUG_VALUE: arm_cityblock_distance_f16:b <- $q2
	@DEBUG_VALUE: arm_cityblock_distance_f16:pB <- $r4
	@DEBUG_VALUE: arm_cityblock_distance_f16:accumV <- $q0
	@DEBUG_VALUE: arm_cityblock_distance_f16:pA <- $r0
	@DEBUG_VALUE: arm_cityblock_distance_f16:blockSize <- $r2
	add	r1, r3
	mov	r0, r12
.Ltmp141:
.LBB3_4:
	@DEBUG_VALUE: arm_cityblock_distance_f16:accumV <- $q0
	@DEBUG_VALUE: arm_cityblock_distance_f16:blockSize <- $r2
	.loc	10 90 24                        @ C:/Keil_v5/Packs/ARM/CMSIS-DSP/1.15.0/Source/DistanceFunctions/arm_cityblock_distance_f16.c:90:24
	ands	r2, r2, #7
.Ltmp142:
	@DEBUG_VALUE: arm_cityblock_distance_f16:blockSize <- [DW_OP_LLVM_entry_value 1] $r2
	@DEBUG_VALUE: arm_cityblock_distance_f16:blkCnt <- $r2
	.loc	10 91 9                         @ C:/Keil_v5/Packs/ARM/CMSIS-DSP/1.15.0/Source/DistanceFunctions/arm_cityblock_distance_f16.c:91:9
	beq	.LBB3_6
.Ltmp143:
@ %bb.5:
	@DEBUG_VALUE: arm_cityblock_distance_f16:blkCnt <- $r2
	@DEBUG_VALUE: arm_cityblock_distance_f16:blockSize <- [DW_OP_LLVM_entry_value 1] $r2
	@DEBUG_VALUE: arm_cityblock_distance_f16:accumV <- $q0
	.loc	10 92 30                        @ C:/Keil_v5/Packs/ARM/CMSIS-DSP/1.15.0/Source/DistanceFunctions/arm_cityblock_distance_f16.c:92:30
	vctp.16	r2
.Ltmp144:
	@DEBUG_VALUE: p0 <- undef
	.loc	10 94 13                        @ C:/Keil_v5/Packs/ARM/CMSIS-DSP/1.15.0/Source/DistanceFunctions/arm_cityblock_distance_f16.c:94:13
	vpstt	
	vldrht.u16	q1, [r0]
.Ltmp145:
	@DEBUG_VALUE: arm_cityblock_distance_f16:a <- $q1
	.loc	10 95 13                        @ C:/Keil_v5/Packs/ARM/CMSIS-DSP/1.15.0/Source/DistanceFunctions/arm_cityblock_distance_f16.c:95:13
	vldrht.u16	q2, [r1]
.Ltmp146:
	@DEBUG_VALUE: arm_cityblock_distance_f16:b <- $q2
	.loc	10 97 17                        @ C:/Keil_v5/Packs/ARM/CMSIS-DSP/1.15.0/Source/DistanceFunctions/arm_cityblock_distance_f16.c:97:17
	vabd.f16	q1, q1, q2
.Ltmp147:
	@DEBUG_VALUE: arm_cityblock_distance_f16:tempV <- $q1
	.loc	10 98 18                        @ C:/Keil_v5/Packs/ARM/CMSIS-DSP/1.15.0/Source/DistanceFunctions/arm_cityblock_distance_f16.c:98:18
	vpst	
	vaddt.f16	q0, q0, q1
.Ltmp148:
	@DEBUG_VALUE: arm_cityblock_distance_f16:accumV <- $q0
.LBB3_6:
	@DEBUG_VALUE: arm_cityblock_distance_f16:blkCnt <- $r2
	@DEBUG_VALUE: arm_cityblock_distance_f16:blockSize <- [DW_OP_LLVM_entry_value 1] $r2
	@DEBUG_VALUE: arm_cityblock_distance_f16:accumV <- $q0
	@DEBUG_VALUE: arm_cityblock_distance_f16:accumV <- $q0
	@DEBUG_VALUE: vecAddAcrossF16Mve:in <- $q0
	.loc	6 102 14                        @ ../../../../Library/CMSIS/DSP/Include\arm_helium_utils.h:102:14
	vrev32.16	q1, q0
.Ltmp149:
	@DEBUG_VALUE: vecAddAcrossF16Mve:tmpVec <- $q1
	.loc	6 103 10                        @ ../../../../Library/CMSIS/DSP/Include\arm_helium_utils.h:103:10
	vadd.f16	q0, q0, q1
.Ltmp150:
	@DEBUG_VALUE: vecAddAcrossF16Mve:in <- $q0
	.loc	6 104 28                        @ ../../../../Library/CMSIS/DSP/Include\arm_helium_utils.h:104:28
	vrev64.32	q1, q0
.Ltmp151:
	@DEBUG_VALUE: vecAddAcrossF16Mve:tmpVec <- $q1
	.loc	6 105 10                        @ ../../../../Library/CMSIS/DSP/Include\arm_helium_utils.h:105:10
	vadd.f16	q0, q0, q1
.Ltmp152:
	@DEBUG_VALUE: vecAddAcrossF16Mve:in <- $q0
	.loc	6 106 43                        @ ../../../../Library/CMSIS/DSP/Include\arm_helium_utils.h:106:43
	vadd.f16	s0, s0, s2
.Ltmp153:
	@DEBUG_VALUE: vecAddAcrossF16Mve:acc <- $s0
	.loc	10 101 5 epilogue_begin         @ C:/Keil_v5/Packs/ARM/CMSIS-DSP/1.15.0/Source/DistanceFunctions/arm_cityblock_distance_f16.c:101:5
	pop	{r4, pc}
.Ltmp154:
.Lfunc_end3:
	.size	arm_cityblock_distance_f16, .Lfunc_end3-arm_cityblock_distance_f16
	.cfi_endproc
	.cantunwind
	.fnend
                                        @ -- End function
	.section	.text.arm_correlation_distance_f16,"ax",%progbits
	.hidden	arm_correlation_distance_f16    @ -- Begin function arm_correlation_distance_f16
	.globl	arm_correlation_distance_f16
	.p2align	2
	.type	arm_correlation_distance_f16,%function
	.code	16                              @ @arm_correlation_distance_f16
	.thumb_func
arm_correlation_distance_f16:
.Lfunc_begin4:
	.file	11 "C:/Keil_v5/Packs/ARM/CMSIS-DSP/1.15.0/Source/DistanceFunctions" "arm_correlation_distance_f16.c"
	.loc	11 67 0                         @ C:/Keil_v5/Packs/ARM/CMSIS-DSP/1.15.0/Source/DistanceFunctions/arm_correlation_distance_f16.c:67:0
	.fnstart
	.cfi_startproc
@ %bb.0:
	@DEBUG_VALUE: arm_correlation_distance_f16:pA <- $r0
	@DEBUG_VALUE: arm_correlation_distance_f16:pB <- $r1
	@DEBUG_VALUE: arm_correlation_distance_f16:blockSize <- $r2
	.save	{r4, r5, r6, lr}
	push	{r4, r5, r6, lr}
	.cfi_def_cfa_offset 16
	.cfi_offset lr, -4
	.cfi_offset r6, -8
	.cfi_offset r5, -12
	.cfi_offset r4, -16
	.pad	#16
	sub	sp, #16
	.cfi_def_cfa_offset 32
	mov	r4, r2
.Ltmp155:
	@DEBUG_VALUE: arm_correlation_distance_f16:blockSize <- $r4
	@DEBUG_VALUE: arm_correlation_distance_f16:blockSize <- $r4
	mov	r5, r1
.Ltmp156:
	@DEBUG_VALUE: arm_correlation_distance_f16:pB <- $r5
	@DEBUG_VALUE: arm_correlation_distance_f16:pB <- $r5
	add.w	r2, sp, #14
.Ltmp157:
	.loc	11 70 5 prologue_end            @ C:/Keil_v5/Packs/ARM/CMSIS-DSP/1.15.0/Source/DistanceFunctions/arm_correlation_distance_f16.c:70:5
	mov	r1, r4
	mov	r6, r0
.Ltmp158:
	@DEBUG_VALUE: arm_correlation_distance_f16:pA <- $r6
	bl	arm_mean_f16
.Ltmp159:
	.loc	11 0 5 is_stmt 0                @ C:/Keil_v5/Packs/ARM/CMSIS-DSP/1.15.0/Source/DistanceFunctions/arm_correlation_distance_f16.c:0:5
	add	r2, sp, #12
	.loc	11 71 5 is_stmt 1               @ C:/Keil_v5/Packs/ARM/CMSIS-DSP/1.15.0/Source/DistanceFunctions/arm_correlation_distance_f16.c:71:5
	mov	r0, r5
	mov	r1, r4
	bl	arm_mean_f16
.Ltmp160:
	.loc	11 73 35                        @ C:/Keil_v5/Packs/ARM/CMSIS-DSP/1.15.0/Source/DistanceFunctions/arm_correlation_distance_f16.c:73:35
	vldr.16	s0, [sp, #14]
	.loc	11 73 5 is_stmt 0               @ C:/Keil_v5/Packs/ARM/CMSIS-DSP/1.15.0/Source/DistanceFunctions/arm_correlation_distance_f16.c:73:5
	mov	r1, r6
	mov	r2, r4
	.loc	11 73 24                        @ C:/Keil_v5/Packs/ARM/CMSIS-DSP/1.15.0/Source/DistanceFunctions/arm_correlation_distance_f16.c:73:24
	vneg.f16	s0, s0
	.loc	11 73 5                         @ C:/Keil_v5/Packs/ARM/CMSIS-DSP/1.15.0/Source/DistanceFunctions/arm_correlation_distance_f16.c:73:5
	vmov.f16	r0, s0
	vmov	s0, r0
	mov	r0, r6
	bl	arm_offset_f16
.Ltmp161:
	.loc	11 74 35 is_stmt 1              @ C:/Keil_v5/Packs/ARM/CMSIS-DSP/1.15.0/Source/DistanceFunctions/arm_correlation_distance_f16.c:74:35
	vldr.16	s0, [sp, #12]
	.loc	11 74 5 is_stmt 0               @ C:/Keil_v5/Packs/ARM/CMSIS-DSP/1.15.0/Source/DistanceFunctions/arm_correlation_distance_f16.c:74:5
	mov	r1, r5
	mov	r2, r4
	.loc	11 74 24                        @ C:/Keil_v5/Packs/ARM/CMSIS-DSP/1.15.0/Source/DistanceFunctions/arm_correlation_distance_f16.c:74:24
	vneg.f16	s0, s0
	.loc	11 74 5                         @ C:/Keil_v5/Packs/ARM/CMSIS-DSP/1.15.0/Source/DistanceFunctions/arm_correlation_distance_f16.c:74:5
	vmov.f16	r0, s0
	vmov	s0, r0
	mov	r0, r5
	bl	arm_offset_f16
.Ltmp162:
	.loc	11 0 5                          @ C:/Keil_v5/Packs/ARM/CMSIS-DSP/1.15.0/Source/DistanceFunctions/arm_correlation_distance_f16.c:0:5
	add.w	r2, sp, #10
	.loc	11 76 5 is_stmt 1               @ C:/Keil_v5/Packs/ARM/CMSIS-DSP/1.15.0/Source/DistanceFunctions/arm_correlation_distance_f16.c:76:5
	mov	r0, r6
	mov	r1, r4
	bl	arm_power_f16
.Ltmp163:
	.loc	11 0 5 is_stmt 0                @ C:/Keil_v5/Packs/ARM/CMSIS-DSP/1.15.0/Source/DistanceFunctions/arm_correlation_distance_f16.c:0:5
	add	r2, sp, #8
	.loc	11 77 5 is_stmt 1               @ C:/Keil_v5/Packs/ARM/CMSIS-DSP/1.15.0/Source/DistanceFunctions/arm_correlation_distance_f16.c:77:5
	mov	r0, r5
	mov	r1, r4
	bl	arm_power_f16
.Ltmp164:
	.loc	11 0 5 is_stmt 0                @ C:/Keil_v5/Packs/ARM/CMSIS-DSP/1.15.0/Source/DistanceFunctions/arm_correlation_distance_f16.c:0:5
	add.w	r3, sp, #6
	.loc	11 79 5 is_stmt 1               @ C:/Keil_v5/Packs/ARM/CMSIS-DSP/1.15.0/Source/DistanceFunctions/arm_correlation_distance_f16.c:79:5
	mov	r0, r6
	mov	r1, r5
	mov	r2, r4
	bl	arm_dot_prod_f16
.Ltmp165:
	.loc	11 81 27                        @ C:/Keil_v5/Packs/ARM/CMSIS-DSP/1.15.0/Source/DistanceFunctions/arm_correlation_distance_f16.c:81:27
	vmov	s2, r4
.Ltmp166:
	@DEBUG_VALUE: arm_correlation_distance_f16:blockSize <- $s2
	.loc	11 82 22                        @ C:/Keil_v5/Packs/ARM/CMSIS-DSP/1.15.0/Source/DistanceFunctions/arm_correlation_distance_f16.c:82:22
	vldr.16	s4, [sp, #10]
	.loc	11 81 27                        @ C:/Keil_v5/Packs/ARM/CMSIS-DSP/1.15.0/Source/DistanceFunctions/arm_correlation_distance_f16.c:81:27
	vcvt.f16.u32	s2, s2
.Ltmp167:
	.loc	11 83 22                        @ C:/Keil_v5/Packs/ARM/CMSIS-DSP/1.15.0/Source/DistanceFunctions/arm_correlation_distance_f16.c:83:22
	vldr.16	s6, [sp, #8]
	.loc	11 82 27                        @ C:/Keil_v5/Packs/ARM/CMSIS-DSP/1.15.0/Source/DistanceFunctions/arm_correlation_distance_f16.c:82:27
	vdiv.f16	s4, s4, s2
	.loc	11 83 27                        @ C:/Keil_v5/Packs/ARM/CMSIS-DSP/1.15.0/Source/DistanceFunctions/arm_correlation_distance_f16.c:83:27
	vdiv.f16	s6, s6, s2
	.loc	11 81 21                        @ C:/Keil_v5/Packs/ARM/CMSIS-DSP/1.15.0/Source/DistanceFunctions/arm_correlation_distance_f16.c:81:21
	vldr.16	s0, [sp, #6]
	.loc	11 81 25 is_stmt 0              @ C:/Keil_v5/Packs/ARM/CMSIS-DSP/1.15.0/Source/DistanceFunctions/arm_correlation_distance_f16.c:81:25
	vdiv.f16	s0, s0, s2
	.loc	11 82 10 is_stmt 1              @ C:/Keil_v5/Packs/ARM/CMSIS-DSP/1.15.0/Source/DistanceFunctions/arm_correlation_distance_f16.c:82:10
	vstr.16	s4, [sp, #10]
	@DEBUG_VALUE: arm_sqrt_f16:in <- $s2
	.loc	11 85 33                        @ C:/Keil_v5/Packs/ARM/CMSIS-DSP/1.15.0/Source/DistanceFunctions/arm_correlation_distance_f16.c:85:33
	vmul.f16	s2, s4, s6
	.loc	11 83 10                        @ C:/Keil_v5/Packs/ARM/CMSIS-DSP/1.15.0/Source/DistanceFunctions/arm_correlation_distance_f16.c:83:10
	vstr.16	s6, [sp, #8]
.Ltmp168:
	.file	12 "C:\\Users\\rohankoshy\\Downloads\\en-us--M55M1_Series_BSP_CMSIS_V3.01.003\\SampleCode\\NuEdgeWise\\PoseLandmark_YOLOv8n\\KEIL" "../../../../Library/CMSIS/DSP/Include\\dsp/fast_math_functions.h"
	.loc	12 238 9                        @ ../../../../Library/CMSIS/DSP/Include\dsp/fast_math_functions.h:238:9
	vcmp.f16	s2, #0
	vmrs	APSR_nzcv, fpscr
.Ltmp169:
	.loc	11 81 9                         @ C:/Keil_v5/Packs/ARM/CMSIS-DSP/1.15.0/Source/DistanceFunctions/arm_correlation_distance_f16.c:81:9
	vstr.16	s0, [sp, #6]
.Ltmp170:
	.loc	12 238 9                        @ ../../../../Library/CMSIS/DSP/Include\dsp/fast_math_functions.h:238:9
	bge	.LBB4_2
.Ltmp171:
@ %bb.1:
	@DEBUG_VALUE: arm_correlation_distance_f16:pA <- $r6
	@DEBUG_VALUE: arm_correlation_distance_f16:pB <- $r5
	.loc	12 0 9 is_stmt 0                @ ../../../../Library/CMSIS/DSP/Include\dsp/fast_math_functions.h:0:9
	vldr.16	s2, .LCPI4_0
	b	.LBB4_3
.Ltmp172:
.LBB4_2:
	@DEBUG_VALUE: arm_correlation_distance_f16:pA <- $r6
	@DEBUG_VALUE: arm_correlation_distance_f16:pB <- $r5
	.file	13 "C:\\Users\\rohankoshy\\Downloads\\en-us--M55M1_Series_BSP_CMSIS_V3.01.003\\SampleCode\\NuEdgeWise\\PoseLandmark_YOLOv8n\\KEIL" "../../../../Library/CMSIS/DSP/Include\\dsp/fast_math_functions_f16.h"
	.loc	13 65 25 is_stmt 1              @ ../../../../Library/CMSIS/DSP/Include\dsp/fast_math_functions_f16.h:65:25
	vcvtb.f32.f16	s0, s2
.Ltmp173:
	@DEBUG_VALUE: __sqrtf:f <- $s0
	@DEBUG_VALUE: _sqrtf:__x <- $s0
	@DEBUG_VALUE: arm_sqrt_f32:in <- $s0
	.file	14 "C:\\Keil_v5\\ARM\\ARMCLANG\\Bin\\..\\include" "math.h"
	.loc	14 415 7                        @ C:\Keil_v5\ARM\ARMCLANG\Bin\..\include\math.h:415:7
	@APP
	vsqrt.f32	s0, s0
	@NO_APP
.Ltmp174:
	@DEBUG_VALUE: __sqrtf:f <- $s0
	.loc	13 66 11                        @ ../../../../Library/CMSIS/DSP/Include\dsp/fast_math_functions_f16.h:66:11
	vcvtb.f16.f32	s2, s0
.Ltmp175:
	.loc	11 87 31                        @ C:/Keil_v5/Packs/ARM/CMSIS-DSP/1.15.0/Source/DistanceFunctions/arm_correlation_distance_f16.c:87:31
	vldr.16	s0, [sp, #6]
.Ltmp176:
.LBB4_3:
	@DEBUG_VALUE: arm_correlation_distance_f16:pA <- $r6
	@DEBUG_VALUE: arm_correlation_distance_f16:pB <- $r5
	@DEBUG_VALUE: arm_sqrt_f16:r <- undef
	@DEBUG_VALUE: arm_sqrt_f16:status <- undef
	@DEBUG_VALUE: arm_correlation_distance_f16:tmp <- $s2
	.loc	11 87 35 is_stmt 0              @ C:/Keil_v5/Packs/ARM/CMSIS-DSP/1.15.0/Source/DistanceFunctions/arm_correlation_distance_f16.c:87:35
	vdiv.f16	s0, s0, s2
	vmov.f16	s2, #1.000000e+00
.Ltmp177:
	.loc	11 87 19                        @ C:/Keil_v5/Packs/ARM/CMSIS-DSP/1.15.0/Source/DistanceFunctions/arm_correlation_distance_f16.c:87:19
	vsub.f16	s0, s2, s0
	.loc	11 87 5 epilogue_begin          @ C:/Keil_v5/Packs/ARM/CMSIS-DSP/1.15.0/Source/DistanceFunctions/arm_correlation_distance_f16.c:87:5
	add	sp, #16
	pop	{r4, r5, r6, pc}
.Ltmp178:
	.p2align	1
@ %bb.4:
	.loc	11 0 5                          @ C:/Keil_v5/Packs/ARM/CMSIS-DSP/1.15.0/Source/DistanceFunctions/arm_correlation_distance_f16.c:0:5
.LCPI4_0:
	.short	0x0000                          @ half 0
.Lfunc_end4:
	.size	arm_correlation_distance_f16, .Lfunc_end4-arm_correlation_distance_f16
	.cfi_endproc
	.cantunwind
	.fnend
                                        @ -- End function
	.section	.text.arm_cosine_distance_f16,"ax",%progbits
	.hidden	arm_cosine_distance_f16         @ -- Begin function arm_cosine_distance_f16
	.globl	arm_cosine_distance_f16
	.p2align	2
	.type	arm_cosine_distance_f16,%function
	.code	16                              @ @arm_cosine_distance_f16
	.thumb_func
arm_cosine_distance_f16:
.Lfunc_begin5:
	.file	15 "C:/Keil_v5/Packs/ARM/CMSIS-DSP/1.15.0/Source/DistanceFunctions" "arm_cosine_distance_f16.c"
	.loc	15 68 0 is_stmt 1               @ C:/Keil_v5/Packs/ARM/CMSIS-DSP/1.15.0/Source/DistanceFunctions/arm_cosine_distance_f16.c:68:0
	.fnstart
	.cfi_startproc
@ %bb.0:
	@DEBUG_VALUE: arm_cosine_distance_f16:pA <- $r0
	@DEBUG_VALUE: arm_cosine_distance_f16:pB <- $r1
	@DEBUG_VALUE: arm_cosine_distance_f16:blockSize <- $r2
	.save	{r4, r5, r6, lr}
	push	{r4, r5, r6, lr}
	.cfi_def_cfa_offset 16
	.cfi_offset lr, -4
	.cfi_offset r6, -8
	.cfi_offset r5, -12
	.cfi_offset r4, -16
	.pad	#8
	sub	sp, #8
	.cfi_def_cfa_offset 24
	mov	r4, r2
.Ltmp179:
	@DEBUG_VALUE: arm_cosine_distance_f16:blockSize <- $r4
	@DEBUG_VALUE: arm_cosine_distance_f16:blockSize <- $r4
	mov	r5, r1
.Ltmp180:
	@DEBUG_VALUE: arm_cosine_distance_f16:pB <- $r5
	@DEBUG_VALUE: arm_cosine_distance_f16:pB <- $r5
	add.w	r2, sp, #6
.Ltmp181:
	.loc	15 71 5 prologue_end            @ C:/Keil_v5/Packs/ARM/CMSIS-DSP/1.15.0/Source/DistanceFunctions/arm_cosine_distance_f16.c:71:5
	mov	r1, r4
	mov	r6, r0
.Ltmp182:
	@DEBUG_VALUE: arm_cosine_distance_f16:pA <- $r6
	bl	arm_power_f16
.Ltmp183:
	.loc	15 0 5 is_stmt 0                @ C:/Keil_v5/Packs/ARM/CMSIS-DSP/1.15.0/Source/DistanceFunctions/arm_cosine_distance_f16.c:0:5
	add	r2, sp, #4
	.loc	15 72 5 is_stmt 1               @ C:/Keil_v5/Packs/ARM/CMSIS-DSP/1.15.0/Source/DistanceFunctions/arm_cosine_distance_f16.c:72:5
	mov	r0, r5
	mov	r1, r4
	bl	arm_power_f16
.Ltmp184:
	.loc	15 0 5 is_stmt 0                @ C:/Keil_v5/Packs/ARM/CMSIS-DSP/1.15.0/Source/DistanceFunctions/arm_cosine_distance_f16.c:0:5
	add.w	r3, sp, #2
	.loc	15 74 5 is_stmt 1               @ C:/Keil_v5/Packs/ARM/CMSIS-DSP/1.15.0/Source/DistanceFunctions/arm_cosine_distance_f16.c:74:5
	mov	r0, r6
	mov	r1, r5
	mov	r2, r4
	bl	arm_dot_prod_f16
.Ltmp185:
	.loc	15 76 28                        @ C:/Keil_v5/Packs/ARM/CMSIS-DSP/1.15.0/Source/DistanceFunctions/arm_cosine_distance_f16.c:76:28
	vldr.16	s0, [sp, #6]
	.loc	15 76 45 is_stmt 0              @ C:/Keil_v5/Packs/ARM/CMSIS-DSP/1.15.0/Source/DistanceFunctions/arm_cosine_distance_f16.c:76:45
	vldr.16	s2, [sp, #4]
	.loc	15 76 33                        @ C:/Keil_v5/Packs/ARM/CMSIS-DSP/1.15.0/Source/DistanceFunctions/arm_cosine_distance_f16.c:76:33
	vmul.f16	s0, s0, s2
.Ltmp186:
	@DEBUG_VALUE: arm_sqrt_f16:in <- $s0
	.loc	12 238 9 is_stmt 1              @ ../../../../Library/CMSIS/DSP/Include\dsp/fast_math_functions.h:238:9
	vcmp.f16	s0, #0
	vmrs	APSR_nzcv, fpscr
	bge	.LBB5_2
.Ltmp187:
@ %bb.1:
	@DEBUG_VALUE: arm_sqrt_f16:in <- $s0
	@DEBUG_VALUE: arm_cosine_distance_f16:pA <- $r6
	@DEBUG_VALUE: arm_cosine_distance_f16:pB <- $r5
	@DEBUG_VALUE: arm_cosine_distance_f16:blockSize <- $r4
	.loc	12 0 9 is_stmt 0                @ ../../../../Library/CMSIS/DSP/Include\dsp/fast_math_functions.h:0:9
	vldr.16	s0, .LCPI5_0
.Ltmp188:
	b	.LBB5_3
.Ltmp189:
.LBB5_2:
	@DEBUG_VALUE: arm_sqrt_f16:in <- $s0
	@DEBUG_VALUE: arm_cosine_distance_f16:pA <- $r6
	@DEBUG_VALUE: arm_cosine_distance_f16:pB <- $r5
	@DEBUG_VALUE: arm_cosine_distance_f16:blockSize <- $r4
	.loc	13 65 25 is_stmt 1              @ ../../../../Library/CMSIS/DSP/Include\dsp/fast_math_functions_f16.h:65:25
	vcvtb.f32.f16	s0, s0
.Ltmp190:
	@DEBUG_VALUE: __sqrtf:f <- $s0
	@DEBUG_VALUE: _sqrtf:__x <- $s0
	@DEBUG_VALUE: arm_sqrt_f32:in <- $s0
	.loc	14 415 7                        @ C:\Keil_v5\ARM\ARMCLANG\Bin\..\include\math.h:415:7
	@APP
	vsqrt.f32	s0, s0
	@NO_APP
.Ltmp191:
	@DEBUG_VALUE: __sqrtf:f <- $s0
	.loc	13 66 11                        @ ../../../../Library/CMSIS/DSP/Include\dsp/fast_math_functions_f16.h:66:11
	vcvtb.f16.f32	s0, s0
.Ltmp192:
.LBB5_3:
	@DEBUG_VALUE: arm_cosine_distance_f16:pA <- $r6
	@DEBUG_VALUE: arm_cosine_distance_f16:pB <- $r5
	@DEBUG_VALUE: arm_cosine_distance_f16:blockSize <- $r4
	@DEBUG_VALUE: arm_sqrt_f16:r <- undef
	@DEBUG_VALUE: arm_sqrt_f16:status <- undef
	@DEBUG_VALUE: arm_cosine_distance_f16:tmp <- $s0
	.loc	15 77 31                        @ C:/Keil_v5/Packs/ARM/CMSIS-DSP/1.15.0/Source/DistanceFunctions/arm_cosine_distance_f16.c:77:31
	vldr.16	s2, [sp, #2]
	.loc	15 77 35 is_stmt 0              @ C:/Keil_v5/Packs/ARM/CMSIS-DSP/1.15.0/Source/DistanceFunctions/arm_cosine_distance_f16.c:77:35
	vdiv.f16	s0, s2, s0
.Ltmp193:
	.loc	15 0 35                         @ C:/Keil_v5/Packs/ARM/CMSIS-DSP/1.15.0/Source/DistanceFunctions/arm_cosine_distance_f16.c:0:35
	vmov.f16	s2, #1.000000e+00
	.loc	15 77 19                        @ C:/Keil_v5/Packs/ARM/CMSIS-DSP/1.15.0/Source/DistanceFunctions/arm_cosine_distance_f16.c:77:19
	vsub.f16	s0, s2, s0
	.loc	15 77 5 epilogue_begin          @ C:/Keil_v5/Packs/ARM/CMSIS-DSP/1.15.0/Source/DistanceFunctions/arm_cosine_distance_f16.c:77:5
	add	sp, #8
	pop	{r4, r5, r6, pc}
.Ltmp194:
	.p2align	1
@ %bb.4:
	.loc	15 0 5                          @ C:/Keil_v5/Packs/ARM/CMSIS-DSP/1.15.0/Source/DistanceFunctions/arm_cosine_distance_f16.c:0:5
.LCPI5_0:
	.short	0x0000                          @ half 0
.Lfunc_end5:
	.size	arm_cosine_distance_f16, .Lfunc_end5-arm_cosine_distance_f16
	.cfi_endproc
	.cantunwind
	.fnend
                                        @ -- End function
	.section	.text.arm_euclidean_distance_f16,"ax",%progbits
	.hidden	arm_euclidean_distance_f16      @ -- Begin function arm_euclidean_distance_f16
	.globl	arm_euclidean_distance_f16
	.p2align	2
	.type	arm_euclidean_distance_f16,%function
	.code	16                              @ @arm_euclidean_distance_f16
	.thumb_func
arm_euclidean_distance_f16:
.Lfunc_begin6:
	.file	16 "C:/Keil_v5/Packs/ARM/CMSIS-DSP/1.15.0/Source/DistanceFunctions" "arm_euclidean_distance_f16.c"
	.loc	16 68 0 is_stmt 1               @ C:/Keil_v5/Packs/ARM/CMSIS-DSP/1.15.0/Source/DistanceFunctions/arm_euclidean_distance_f16.c:68:0
	.fnstart
	.cfi_startproc
@ %bb.0:
	@DEBUG_VALUE: arm_euclidean_distance_f16:blockSize <- $r2
	@DEBUG_VALUE: arm_euclidean_distance_f16:pA <- $r0
	@DEBUG_VALUE: arm_euclidean_distance_f16:pB <- $r1
	.save	{r4, lr}
	push	{r4, lr}
	.cfi_def_cfa_offset 8
	.cfi_offset lr, -4
	.cfi_offset r4, -8
.Ltmp195:
	@DEBUG_VALUE: arm_euclidean_distance_f16:blkCnt <- [DW_OP_constu 3, DW_OP_shr, DW_OP_stack_value] $r2
	vmov.i32	q0, #0x0
.Ltmp196:
	@DEBUG_VALUE: arm_euclidean_distance_f16:accumV <- $q0
	.loc	16 75 24 prologue_end           @ C:/Keil_v5/Packs/ARM/CMSIS-DSP/1.15.0/Source/DistanceFunctions/arm_euclidean_distance_f16.c:75:24
	lsrs	r4, r2, #3
	.loc	16 76 5                         @ C:/Keil_v5/Packs/ARM/CMSIS-DSP/1.15.0/Source/DistanceFunctions/arm_euclidean_distance_f16.c:76:5
	wls	lr, r4, .LBB6_4
.Ltmp197:
@ %bb.1:
	@DEBUG_VALUE: arm_euclidean_distance_f16:accumV <- $q0
	@DEBUG_VALUE: arm_euclidean_distance_f16:blkCnt <- [DW_OP_constu 3, DW_OP_shr, DW_OP_stack_value] $r2
	@DEBUG_VALUE: arm_euclidean_distance_f16:pB <- $r1
	@DEBUG_VALUE: arm_euclidean_distance_f16:pA <- $r0
	@DEBUG_VALUE: arm_euclidean_distance_f16:blockSize <- $r2
	@DEBUG_VALUE: arm_euclidean_distance_f16:blkCnt <- $r4
	.loc	16 0 5 is_stmt 0                @ C:/Keil_v5/Packs/ARM/CMSIS-DSP/1.15.0/Source/DistanceFunctions/arm_euclidean_distance_f16.c:0:5
	vmov.i32	q0, #0x0
.Ltmp198:
	.loc	16 76 5                         @ C:/Keil_v5/Packs/ARM/CMSIS-DSP/1.15.0/Source/DistanceFunctions/arm_euclidean_distance_f16.c:76:5
	add.w	r12, r0, r4, lsl #4
	lsls	r3, r4, #4
	mov	r4, r1
.Ltmp199:
	.p2align	2
.LBB6_2:                                @ =>This Inner Loop Header: Depth=1
	@DEBUG_VALUE: arm_euclidean_distance_f16:pA <- $r0
	@DEBUG_VALUE: arm_euclidean_distance_f16:blockSize <- $r2
	@DEBUG_VALUE: arm_euclidean_distance_f16:blkCnt <- undef
	@DEBUG_VALUE: arm_euclidean_distance_f16:pA <- $r0
	@DEBUG_VALUE: arm_euclidean_distance_f16:pB <- $r4
	@DEBUG_VALUE: arm_euclidean_distance_f16:accumV <- $q0
	.loc	16 77 13 is_stmt 1              @ C:/Keil_v5/Packs/ARM/CMSIS-DSP/1.15.0/Source/DistanceFunctions/arm_euclidean_distance_f16.c:77:13
	vldrh.u16	q1, [r0], #16
.Ltmp200:
	@DEBUG_VALUE: arm_euclidean_distance_f16:a <- $q1
	.loc	16 78 13                        @ C:/Keil_v5/Packs/ARM/CMSIS-DSP/1.15.0/Source/DistanceFunctions/arm_euclidean_distance_f16.c:78:13
	vldrh.u16	q2, [r4], #16
.Ltmp201:
	@DEBUG_VALUE: arm_euclidean_distance_f16:b <- $q2
	.loc	16 80 17                        @ C:/Keil_v5/Packs/ARM/CMSIS-DSP/1.15.0/Source/DistanceFunctions/arm_euclidean_distance_f16.c:80:17
	vsub.f16	q1, q1, q2
.Ltmp202:
	@DEBUG_VALUE: arm_euclidean_distance_f16:tempV <- $q1
	.loc	16 81 18                        @ C:/Keil_v5/Packs/ARM/CMSIS-DSP/1.15.0/Source/DistanceFunctions/arm_euclidean_distance_f16.c:81:18
	vfma.f16	q0, q1, q1
.Ltmp203:
	@DEBUG_VALUE: arm_euclidean_distance_f16:accumV <- $q0
	@DEBUG_VALUE: arm_euclidean_distance_f16:pB <- $r4
	@DEBUG_VALUE: arm_euclidean_distance_f16:pA <- $r0
	.loc	16 76 5                         @ C:/Keil_v5/Packs/ARM/CMSIS-DSP/1.15.0/Source/DistanceFunctions/arm_euclidean_distance_f16.c:76:5
	le	lr, .LBB6_2
.Ltmp204:
@ %bb.3:
	@DEBUG_VALUE: arm_euclidean_distance_f16:tempV <- $q1
	@DEBUG_VALUE: arm_euclidean_distance_f16:b <- $q2
	@DEBUG_VALUE: arm_euclidean_distance_f16:pB <- $r4
	@DEBUG_VALUE: arm_euclidean_distance_f16:accumV <- $q0
	@DEBUG_VALUE: arm_euclidean_distance_f16:pA <- $r0
	@DEBUG_VALUE: arm_euclidean_distance_f16:blockSize <- $r2
	add	r1, r3
	mov	r0, r12
.Ltmp205:
.LBB6_4:
	@DEBUG_VALUE: arm_euclidean_distance_f16:accumV <- $q0
	@DEBUG_VALUE: arm_euclidean_distance_f16:blockSize <- $r2
	.loc	16 92 24                        @ C:/Keil_v5/Packs/ARM/CMSIS-DSP/1.15.0/Source/DistanceFunctions/arm_euclidean_distance_f16.c:92:24
	ands	r2, r2, #7
.Ltmp206:
	@DEBUG_VALUE: arm_euclidean_distance_f16:blockSize <- [DW_OP_LLVM_entry_value 1] $r2
	@DEBUG_VALUE: arm_euclidean_distance_f16:blkCnt <- $r2
	.loc	16 93 9                         @ C:/Keil_v5/Packs/ARM/CMSIS-DSP/1.15.0/Source/DistanceFunctions/arm_euclidean_distance_f16.c:93:9
	beq	.LBB6_6
.Ltmp207:
@ %bb.5:
	@DEBUG_VALUE: arm_euclidean_distance_f16:blkCnt <- $r2
	@DEBUG_VALUE: arm_euclidean_distance_f16:blockSize <- [DW_OP_LLVM_entry_value 1] $r2
	@DEBUG_VALUE: arm_euclidean_distance_f16:accumV <- $q0
	.loc	16 94 30                        @ C:/Keil_v5/Packs/ARM/CMSIS-DSP/1.15.0/Source/DistanceFunctions/arm_euclidean_distance_f16.c:94:30
	vctp.16	r2
.Ltmp208:
	@DEBUG_VALUE: p0 <- undef
	.loc	16 96 13                        @ C:/Keil_v5/Packs/ARM/CMSIS-DSP/1.15.0/Source/DistanceFunctions/arm_euclidean_distance_f16.c:96:13
	vpstt	
	vldrht.u16	q1, [r0]
.Ltmp209:
	@DEBUG_VALUE: arm_euclidean_distance_f16:a <- $q1
	.loc	16 97 13                        @ C:/Keil_v5/Packs/ARM/CMSIS-DSP/1.15.0/Source/DistanceFunctions/arm_euclidean_distance_f16.c:97:13
	vldrht.u16	q2, [r1]
.Ltmp210:
	@DEBUG_VALUE: arm_euclidean_distance_f16:b <- $q2
	.loc	16 99 17                        @ C:/Keil_v5/Packs/ARM/CMSIS-DSP/1.15.0/Source/DistanceFunctions/arm_euclidean_distance_f16.c:99:17
	vsub.f16	q1, q1, q2
.Ltmp211:
	@DEBUG_VALUE: arm_euclidean_distance_f16:tempV <- $q1
	.loc	16 100 18                       @ C:/Keil_v5/Packs/ARM/CMSIS-DSP/1.15.0/Source/DistanceFunctions/arm_euclidean_distance_f16.c:100:18
	vpst	
	vfmat.f16	q0, q1, q1
.Ltmp212:
	@DEBUG_VALUE: arm_euclidean_distance_f16:accumV <- $q0
.LBB6_6:
	@DEBUG_VALUE: arm_euclidean_distance_f16:blkCnt <- $r2
	@DEBUG_VALUE: arm_euclidean_distance_f16:blockSize <- [DW_OP_LLVM_entry_value 1] $r2
	@DEBUG_VALUE: arm_euclidean_distance_f16:accumV <- $q0
	@DEBUG_VALUE: arm_euclidean_distance_f16:accumV <- $q0
	@DEBUG_VALUE: vecAddAcrossF16Mve:in <- $q0
	.loc	6 102 14                        @ ../../../../Library/CMSIS/DSP/Include\arm_helium_utils.h:102:14
	vrev32.16	q1, q0
.Ltmp213:
	@DEBUG_VALUE: vecAddAcrossF16Mve:tmpVec <- $q1
	.loc	6 103 10                        @ ../../../../Library/CMSIS/DSP/Include\arm_helium_utils.h:103:10
	vadd.f16	q0, q0, q1
.Ltmp214:
	@DEBUG_VALUE: vecAddAcrossF16Mve:in <- $q0
	.loc	6 104 28                        @ ../../../../Library/CMSIS/DSP/Include\arm_helium_utils.h:104:28
	vrev64.32	q1, q0
.Ltmp215:
	@DEBUG_VALUE: vecAddAcrossF16Mve:tmpVec <- $q1
	.loc	6 105 10                        @ ../../../../Library/CMSIS/DSP/Include\arm_helium_utils.h:105:10
	vadd.f16	q0, q0, q1
.Ltmp216:
	@DEBUG_VALUE: vecAddAcrossF16Mve:in <- $q0
	.loc	6 106 43                        @ ../../../../Library/CMSIS/DSP/Include\arm_helium_utils.h:106:43
	vadd.f16	s0, s0, s2
.Ltmp217:
	@DEBUG_VALUE: arm_sqrt_f32:pOut <- undef
	@DEBUG_VALUE: arm_sqrt_f32:in <- undef
	@DEBUG_VALUE: arm_sqrt_f16:pOut <- undef
	@DEBUG_VALUE: arm_sqrt_f16:in <- $s0
	@DEBUG_VALUE: vecAddAcrossF16Mve:acc <- $s0
	.loc	12 238 9                        @ ../../../../Library/CMSIS/DSP/Include\dsp/fast_math_functions.h:238:9
	vcmp.f16	s0, #0
	vmrs	APSR_nzcv, fpscr
	bge	.LBB6_8
.Ltmp218:
@ %bb.7:
	@DEBUG_VALUE: arm_euclidean_distance_f16:blkCnt <- $r2
	@DEBUG_VALUE: arm_euclidean_distance_f16:blockSize <- [DW_OP_LLVM_entry_value 1] $r2
	.loc	12 0 9 is_stmt 0                @ ../../../../Library/CMSIS/DSP/Include\dsp/fast_math_functions.h:0:9
	vldr.16	s0, .LCPI6_0
	@DEBUG_VALUE: arm_sqrt_f16:r <- undef
	@DEBUG_VALUE: arm_sqrt_f16:status <- undef
.Ltmp219:
	@DEBUG_VALUE: arm_euclidean_distance_f16:tmp <- $s0
	.loc	16 104 5 epilogue_begin is_stmt 1 @ C:/Keil_v5/Packs/ARM/CMSIS-DSP/1.15.0/Source/DistanceFunctions/arm_euclidean_distance_f16.c:104:5
	pop	{r4, pc}
.Ltmp220:
.LBB6_8:
	@DEBUG_VALUE: arm_sqrt_f16:in <- $s0
	@DEBUG_VALUE: arm_euclidean_distance_f16:blkCnt <- $r2
	@DEBUG_VALUE: arm_euclidean_distance_f16:blockSize <- [DW_OP_LLVM_entry_value 1] $r2
	.loc	13 65 25                        @ ../../../../Library/CMSIS/DSP/Include\dsp/fast_math_functions_f16.h:65:25
	vcvtb.f32.f16	s0, s0
.Ltmp221:
	@DEBUG_VALUE: __sqrtf:f <- $s0
	@DEBUG_VALUE: _sqrtf:__x <- $s0
	@DEBUG_VALUE: arm_sqrt_f32:in <- $s0
	.loc	14 415 7                        @ C:\Keil_v5\ARM\ARMCLANG\Bin\..\include\math.h:415:7
	@APP
	vsqrt.f32	s0, s0
	@NO_APP
.Ltmp222:
	@DEBUG_VALUE: __sqrtf:f <- $s0
	.loc	13 66 11                        @ ../../../../Library/CMSIS/DSP/Include\dsp/fast_math_functions_f16.h:66:11
	vcvtb.f16.f32	s0, s0
.Ltmp223:
	@DEBUG_VALUE: arm_sqrt_f16:r <- undef
	@DEBUG_VALUE: arm_sqrt_f16:status <- undef
	@DEBUG_VALUE: arm_euclidean_distance_f16:tmp <- $s0
	.loc	16 104 5 epilogue_begin         @ C:/Keil_v5/Packs/ARM/CMSIS-DSP/1.15.0/Source/DistanceFunctions/arm_euclidean_distance_f16.c:104:5
	pop	{r4, pc}
.Ltmp224:
	.p2align	1
@ %bb.9:
	.loc	16 0 5 is_stmt 0                @ C:/Keil_v5/Packs/ARM/CMSIS-DSP/1.15.0/Source/DistanceFunctions/arm_euclidean_distance_f16.c:0:5
.LCPI6_0:
	.short	0x0000                          @ half 0
.Lfunc_end6:
	.size	arm_euclidean_distance_f16, .Lfunc_end6-arm_euclidean_distance_f16
	.cfi_endproc
	.cantunwind
	.fnend
                                        @ -- End function
	.section	.text.arm_jensenshannon_distance_f16,"ax",%progbits
	.hidden	arm_jensenshannon_distance_f16  @ -- Begin function arm_jensenshannon_distance_f16
	.globl	arm_jensenshannon_distance_f16
	.p2align	2
	.type	arm_jensenshannon_distance_f16,%function
	.code	16                              @ @arm_jensenshannon_distance_f16
	.thumb_func
arm_jensenshannon_distance_f16:
.Lfunc_begin7:
	.file	17 "C:/Keil_v5/Packs/ARM/CMSIS-DSP/1.15.0/Source/DistanceFunctions" "arm_jensenshannon_distance_f16.c"
	.loc	17 68 0 is_stmt 1               @ C:/Keil_v5/Packs/ARM/CMSIS-DSP/1.15.0/Source/DistanceFunctions/arm_jensenshannon_distance_f16.c:68:0
	.fnstart
	.cfi_startproc
@ %bb.0:
	@DEBUG_VALUE: arm_jensenshannon_distance_f16:blockSize <- $r2
	@DEBUG_VALUE: arm_jensenshannon_distance_f16:pA <- $r0
	@DEBUG_VALUE: arm_jensenshannon_distance_f16:pB <- $r1
	.save	{r4, r5, r6, r7, r8, r9, r10, r11, lr}
	push.w	{r4, r5, r6, r7, r8, r9, r10, r11, lr}
	.cfi_def_cfa_offset 36
	.cfi_offset lr, -4
	.cfi_offset r11, -8
	.cfi_offset r10, -12
	.cfi_offset r9, -16
	.cfi_offset r8, -20
	.cfi_offset r7, -24
	.cfi_offset r6, -28
	.cfi_offset r5, -32
	.cfi_offset r4, -36
	.pad	#4
	sub	sp, #4
	.cfi_def_cfa_offset 40
	.vsave	{d8, d9, d10, d11, d12, d13, d14, d15}
	vpush	{d8, d9, d10, d11, d12, d13, d14, d15}
	.cfi_def_cfa_offset 104
	.cfi_offset d15, -48
	.cfi_offset d14, -56
	.cfi_offset d13, -64
	.cfi_offset d12, -72
	.cfi_offset d11, -80
	.cfi_offset d10, -88
	.cfi_offset d9, -96
	.cfi_offset d8, -104
	.pad	#304
	sub	sp, #304
	.cfi_def_cfa_offset 408
.Ltmp225:
	@DEBUG_VALUE: arm_jensenshannon_distance_f16:blkCnt <- [DW_OP_constu 3, DW_OP_shr, DW_OP_stack_value] $r2
	vmov.i32	q7, #0x0
.Ltmp226:
	@DEBUG_VALUE: arm_jensenshannon_distance_f16:accumV <- $q7
	movw	r7, :lower16:__logf_lut_f16
.Ltmp227:
	.loc	17 75 24 prologue_end           @ C:/Keil_v5/Packs/ARM/CMSIS-DSP/1.15.0/Source/DistanceFunctions/arm_jensenshannon_distance_f16.c:75:24
	lsrs	r3, r2, #3
	movt	r7, :upper16:__logf_lut_f16
	.loc	17 76 5                         @ C:/Keil_v5/Packs/ARM/CMSIS-DSP/1.15.0/Source/DistanceFunctions/arm_jensenshannon_distance_f16.c:76:5
	wls	lr, r3, .LBB7_4
.Ltmp228:
@ %bb.1:
	@DEBUG_VALUE: arm_jensenshannon_distance_f16:accumV <- $q7
	@DEBUG_VALUE: arm_jensenshannon_distance_f16:blkCnt <- [DW_OP_constu 3, DW_OP_shr, DW_OP_stack_value] $r2
	@DEBUG_VALUE: arm_jensenshannon_distance_f16:pB <- $r1
	@DEBUG_VALUE: arm_jensenshannon_distance_f16:pA <- $r0
	@DEBUG_VALUE: arm_jensenshannon_distance_f16:blockSize <- $r2
	@DEBUG_VALUE: arm_jensenshannon_distance_f16:blkCnt <- $r3
	.loc	17 0 5 is_stmt 0                @ C:/Keil_v5/Packs/ARM/CMSIS-DSP/1.15.0/Source/DistanceFunctions/arm_jensenshannon_distance_f16.c:0:5
	vldrh.u16	q0, [r7]
	vmov.u16	r6, q0[2]
	vmov.u16	r4, q0[0]
	vdup.16	q1, r4
	vmov.u16	r5, q0[4]
	vstrw.32	q1, [sp, #256]                  @ 16-byte Spill
	vmov.u16	r9, q0[6]
	vdup.16	q1, r5
	vmov.u16	r10, q0[1]
	vstrw.32	q1, [sp, #240]                  @ 16-byte Spill
	vmov.u16	r11, q0[5]
	vmov.u16	r12, q0[3]
	vmov.u16	r8, q0[7]
	vdup.16	q0, r6
	vstrw.32	q0, [sp, #224]                  @ 16-byte Spill
	vdup.16	q0, r9
	vstrw.32	q0, [sp, #208]                  @ 16-byte Spill
	vmov.i16	q0, #0x3800
	vstrw.32	q0, [sp, #72]                   @ 16-byte Spill
	vdup.16	q0, r10
	vstrw.32	q0, [sp, #192]                  @ 16-byte Spill
	vmov.i16	q0, #0x7c00
	vstrw.32	q0, [sp, #56]                   @ 16-byte Spill
	vdup.16	q0, r11
	vstrw.32	q0, [sp, #176]                  @ 16-byte Spill
	vmov.i16	q0, #0x3c00
	vstrw.32	q0, [sp, #40]                   @ 16-byte Spill
	vdup.16	q0, r12
	vstrw.32	q0, [sp, #160]                  @ 16-byte Spill
	vmov.i16	q0, #0x4000
	vstrw.32	q0, [sp, #24]                   @ 16-byte Spill
	vdup.16	q0, r8
	vstrw.32	q0, [sp, #144]                  @ 16-byte Spill
	vmov.i16	q0, #0xfc00
	vstrw.32	q0, [sp, #128]                  @ 16-byte Spill
	vmov.i32	q7, #0x0
.Ltmp229:
	.loc	17 76 5                         @ C:/Keil_v5/Packs/ARM/CMSIS-DSP/1.15.0/Source/DistanceFunctions/arm_jensenshannon_distance_f16.c:76:5
	lsls	r4, r3, #4
	movw	r5, #46984
	add.w	r3, r0, r3, lsl #4
.Ltmp230:
	str	r4, [sp]                        @ 4-byte Spill
	movw	r4, #15782
	str	r3, [sp, #4]                    @ 4-byte Spill
	movw	r6, #65521
	movw	r7, #14732
	mov	r3, r1
	vdup.16	q0, r4
	vstrw.32	q0, [sp, #8]                    @ 16-byte Spill
.Ltmp231:
	.p2align	2
.LBB7_2:                                @ =>This Inner Loop Header: Depth=1
	@DEBUG_VALUE: arm_jensenshannon_distance_f16:pA <- $r0
	@DEBUG_VALUE: arm_jensenshannon_distance_f16:blockSize <- $r2
	@DEBUG_VALUE: arm_jensenshannon_distance_f16:blkCnt <- undef
	@DEBUG_VALUE: arm_jensenshannon_distance_f16:pA <- $r0
	@DEBUG_VALUE: arm_jensenshannon_distance_f16:pB <- $r3
	@DEBUG_VALUE: arm_jensenshannon_distance_f16:accumV <- $q7
	.loc	17 77 13 is_stmt 1              @ C:/Keil_v5/Packs/ARM/CMSIS-DSP/1.15.0/Source/DistanceFunctions/arm_jensenshannon_distance_f16.c:77:13
	vldrh.u16	q2, [r0], #16
.Ltmp232:
	@DEBUG_VALUE: arm_jensenshannon_distance_f16:a <- $q2
	.loc	17 78 13                        @ C:/Keil_v5/Packs/ARM/CMSIS-DSP/1.15.0/Source/DistanceFunctions/arm_jensenshannon_distance_f16.c:78:13
	vldrh.u16	q0, [r3], #16
.Ltmp233:
	@DEBUG_VALUE: arm_jensenshannon_distance_f16:b <- $q0
	.loc	17 80 13                        @ C:/Keil_v5/Packs/ARM/CMSIS-DSP/1.15.0/Source/DistanceFunctions/arm_jensenshannon_distance_f16.c:80:13
	vadd.f16	q1, q2, q0
.Ltmp234:
	@DEBUG_VALUE: arm_jensenshannon_distance_f16:t <- $q1
	.loc	17 0 13 is_stmt 0               @ C:/Keil_v5/Packs/ARM/CMSIS-DSP/1.15.0/Source/DistanceFunctions/arm_jensenshannon_distance_f16.c:0:13
	vstrw.32	q0, [sp, #288]                  @ 16-byte Spill
.Ltmp235:
	@DEBUG_VALUE: arm_jensenshannon_distance_f16:b <- [DW_OP_plus_uconst 288] [$sp+0]
	@DEBUG_VALUE: arm_jensenshannon_distance_f16:b <- [DW_OP_plus_uconst 288] [$sp+0]
	.loc	17 81 13 is_stmt 1              @ C:/Keil_v5/Packs/ARM/CMSIS-DSP/1.15.0/Source/DistanceFunctions/arm_jensenshannon_distance_f16.c:81:13
	vldrw.u32	q0, [sp, #72]           @ 16-byte Reload
	vmul.f16	q1, q1, q0
.Ltmp236:
	@DEBUG_VALUE: vrecip_medprec_f16:x <- $q1
	@DEBUG_VALUE: vrecip_medprec_f16:x <- $q1
	@DEBUG_VALUE: arm_jensenshannon_distance_f16:t <- $q1
	.loc	17 0 13 is_stmt 0               @ C:/Keil_v5/Packs/ARM/CMSIS-DSP/1.15.0/Source/DistanceFunctions/arm_jensenshannon_distance_f16.c:0:13
	vldrw.u32	q0, [sp, #56]           @ 16-byte Reload
.Ltmp237:
	.loc	2 53 26 is_stmt 1               @ ../../../../Library/CMSIS/DSP/Include\arm_vec_math_f16.h:53:26
	vabs.f16	q3, q1
.Ltmp238:
	@DEBUG_VALUE: vrecip_medprec_f16:xinv <- $q3
	@DEBUG_VALUE: vrecip_medprec_f16:ax <- $q3
	.loc	2 0 26 is_stmt 0                @ ../../../../Library/CMSIS/DSP/Include\arm_vec_math_f16.h:0:26
	vstrw.32	q7, [sp, #272]                  @ 16-byte Spill
.Ltmp239:
	@DEBUG_VALUE: arm_jensenshannon_distance_f16:accumV <- [DW_OP_plus_uconst 272] [$sp+0]
	@DEBUG_VALUE: arm_jensenshannon_distance_f16:accumV <- [DW_OP_plus_uconst 272] [$sp+0]
	vmov	q7, q2
.Ltmp240:
	@DEBUG_VALUE: arm_jensenshannon_distance_f16:a <- $q7
	@DEBUG_VALUE: arm_jensenshannon_distance_f16:accumV <- $q7
	vstrw.32	q2, [sp, #112]                  @ 16-byte Spill
	@DEBUG_VALUE: arm_jensenshannon_distance_f16:b <- [DW_OP_plus_uconst 288] [$sp+0]
	.loc	2 57 27 is_stmt 1               @ ../../../../Library/CMSIS/DSP/Include\arm_vec_math_f16.h:57:27
	vand	q4, q3, q0
	.loc	2 57 17 is_stmt 0               @ ../../../../Library/CMSIS/DSP/Include\arm_vec_math_f16.h:57:17
	vldrw.u32	q2, [sp, #40]           @ 16-byte Reload
	vsub.i16	q4, q2, q4
.Ltmp241:
	@DEBUG_VALUE: vrecip_medprec_f16:m <- $q4
	@DEBUG_VALUE: vrecip_medprec_f16:m <- $q4
	.loc	2 59 28 is_stmt 1               @ ../../../../Library/CMSIS/DSP/Include\arm_vec_math_f16.h:59:28
	vldrw.u32	q2, [sp, #8]            @ 16-byte Reload
	.loc	2 58 21                         @ ../../../../Library/CMSIS/DSP/Include\arm_vec_math_f16.h:58:21
	vadd.i16	q6, q4, q3
.Ltmp242:
	@DEBUG_VALUE: vrecip_medprec_f16:xinv <- $q6
	.loc	2 59 28                         @ ../../../../Library/CMSIS/DSP/Include\arm_vec_math_f16.h:59:28
	vfma.f16	q2, q6, r5
.Ltmp243:
	@DEBUG_VALUE: vrecip_medprec_f16:xinv <- $q2
	.loc	2 0 28 is_stmt 0                @ ../../../../Library/CMSIS/DSP/Include\arm_vec_math_f16.h:0:28
	vldrw.u32	q5, [sp, #24]           @ 16-byte Reload
	.loc	2 60 21 is_stmt 1               @ ../../../../Library/CMSIS/DSP/Include\arm_vec_math_f16.h:60:21
	vadd.i16	q2, q4, q2
.Ltmp244:
	@DEBUG_VALUE: vrecip_medprec_f16:xinv <- $q2
	.loc	2 71 49                         @ ../../../../Library/CMSIS/DSP/Include\arm_vec_math_f16.h:71:49
	vcmp.f16	eq, q1, zr
	.loc	2 62 16                         @ ../../../../Library/CMSIS/DSP/Include\arm_vec_math_f16.h:62:16
	vmov	q4, q5
.Ltmp245:
	vfms.f16	q4, q2, q3
.Ltmp246:
	@DEBUG_VALUE: vrecip_medprec_f16:b <- $q4
	.loc	2 63 21                         @ ../../../../Library/CMSIS/DSP/Include\arm_vec_math_f16.h:63:21
	vmul.f16	q2, q4, q2
.Ltmp247:
	@DEBUG_VALUE: vrecip_medprec_f16:xinv <- $q2
	.loc	2 65 16                         @ ../../../../Library/CMSIS/DSP/Include\arm_vec_math_f16.h:65:16
	vmov	q4, q5
.Ltmp248:
	vfms.f16	q4, q2, q3
.Ltmp249:
	@DEBUG_VALUE: vrecip_medprec_f16:b <- $q4
	.loc	2 66 21                         @ ../../../../Library/CMSIS/DSP/Include\arm_vec_math_f16.h:66:21
	vmul.f16	q2, q2, q4
.Ltmp250:
	@DEBUG_VALUE: vrecip_medprec_f16:xinv <- $q2
	.loc	2 68 16                         @ ../../../../Library/CMSIS/DSP/Include\arm_vec_math_f16.h:68:16
	vmov	q4, q5
.Ltmp251:
	vfms.f16	q4, q2, q3
.Ltmp252:
	@DEBUG_VALUE: vrecip_medprec_f16:b <- $q4
	.loc	2 0 16 is_stmt 0                @ ../../../../Library/CMSIS/DSP/Include\arm_vec_math_f16.h:0:16
	vstr	p0, [sp, #96]                   @ 4-byte Spill
	.loc	2 75 38 is_stmt 1               @ ../../../../Library/CMSIS/DSP/Include\arm_vec_math_f16.h:75:38
	vcmp.f16	lt, q1, zr
	vstr	p0, [sp, #92]                   @ 4-byte Spill
	.loc	2 69 21                         @ ../../../../Library/CMSIS/DSP/Include\arm_vec_math_f16.h:69:21
	vmul.f16	q2, q2, q4
.Ltmp253:
	@DEBUG_VALUE: vrecip_medprec_f16:xinv <- $q2
	.loc	2 71 14                         @ ../../../../Library/CMSIS/DSP/Include\arm_vec_math_f16.h:71:14
	vldr	p0, [sp, #96]                   @ 4-byte Reload
	vpsel	q6, q0, q2
.Ltmp254:
	@DEBUG_VALUE: vrecip_medprec_f16:xinv <- $q6
	.loc	2 75 14                         @ ../../../../Library/CMSIS/DSP/Include\arm_vec_math_f16.h:75:14
	vldr	p0, [sp, #92]                   @ 4-byte Reload
.Ltmp255:
	.loc	2 175 15                        @ ../../../../Library/CMSIS/DSP/Include\arm_vec_math_f16.h:175:15
	vldrw.u32	q4, [sp, #256]          @ 16-byte Reload
.Ltmp256:
	.loc	2 75 14                         @ ../../../../Library/CMSIS/DSP/Include\arm_vec_math_f16.h:75:14
	vpst	
	vnegt.f16	q6, q6
.Ltmp257:
	@DEBUG_VALUE: vrecip_medprec_f16:xinv <- $q6
	.loc	2 190 15                        @ ../../../../Library/CMSIS/DSP/Include\arm_vec_math_f16.h:190:15
	vldrw.u32	q3, [sp, #144]          @ 16-byte Reload
.Ltmp258:
	.loc	17 83 16                        @ C:/Keil_v5/Packs/ARM/CMSIS-DSP/1.15.0/Source/DistanceFunctions/arm_jensenshannon_distance_f16.c:83:16
	vmul.f16	q5, q7, q6
.Ltmp259:
	@DEBUG_VALUE: vlogq_f16:r <- $q5
	@DEBUG_VALUE: vlogq_f16:vecIn <- $q5
	@DEBUG_VALUE: arm_jensenshannon_distance_f16:tmpV <- $q5
	@DEBUG_VALUE: arm_jensenshannon_distance_f16:a <- [DW_OP_plus_uconst 112] [$sp+0]
	.loc	2 185 15                        @ ../../../../Library/CMSIS/DSP/Include\arm_vec_math_f16.h:185:15
	vldrw.u32	q7, [sp, #192]          @ 16-byte Reload
.Ltmp260:
	.loc	2 168 5                         @ ../../../../Library/CMSIS/DSP/Include\arm_vec_math_f16.h:168:5
	vshr.s16	q1, q5, #10
.Ltmp261:
	@DEBUG_VALUE: vlogq_f16:n <- undef
	.loc	2 214 62                        @ ../../../../Library/CMSIS/DSP/Include\arm_vec_math_f16.h:214:62
	vcmp.f16	eq, q5, zr
	.loc	2 168 5                         @ ../../../../Library/CMSIS/DSP/Include\arm_vec_math_f16.h:168:5
	vadd.i16	q0, q1, r6
.Ltmp262:
	@DEBUG_VALUE: vlogq_f16:n <- $q0
	.loc	2 0 5 is_stmt 0                 @ ../../../../Library/CMSIS/DSP/Include\arm_vec_math_f16.h:0:5
	vstrw.32	q0, [sp, #96]                   @ 16-byte Spill
.Ltmp263:
	@DEBUG_VALUE: vlogq_f16:n <- [DW_OP_plus_uconst 96] [$sp+0]
	@DEBUG_VALUE: vlogq_f16:n <- [DW_OP_plus_uconst 96] [$sp+0]
	.loc	2 168 5                         @ ../../../../Library/CMSIS/DSP/Include\arm_vec_math_f16.h:168:5
	vshl.i16	q2, q0, #10
	@DEBUG_VALUE: vlogq_f16:n <- [DW_OP_plus_uconst 96] [$sp+0]
	.loc	2 175 15 is_stmt 1              @ ../../../../Library/CMSIS/DSP/Include\arm_vec_math_f16.h:175:15
	vldrw.u32	q0, [sp, #240]          @ 16-byte Reload
	.loc	2 168 5                         @ ../../../../Library/CMSIS/DSP/Include\arm_vec_math_f16.h:168:5
	vsub.i16	q2, q5, q2
.Ltmp264:
	@DEBUG_VALUE: vlogq_f16:vecTmpFlt1 <- $q2
	@DEBUG_VALUE: vlogq_f16:vecExpUnBiased <- [DW_OP_plus_uconst 96] [$sp+0]
	@DEBUG_VALUE: vlogq_f16:r <- $q2
	.loc	2 175 15                        @ ../../../../Library/CMSIS/DSP/Include\arm_vec_math_f16.h:175:15
	vfma.f16	q4, q2, q0
.Ltmp265:
	@DEBUG_VALUE: vlogq_f16:vecAcc1 <- [DW_OP_plus_uconst 224] [$sp+0]
	@DEBUG_VALUE: vlogq_f16:vecAcc0 <- $q4
	.loc	2 180 15                        @ ../../../../Library/CMSIS/DSP/Include\arm_vec_math_f16.h:180:15
	vldrw.u32	q1, [sp, #224]          @ 16-byte Reload
	vldrw.u32	q0, [sp, #208]          @ 16-byte Reload
	vfma.f16	q1, q2, q0
.Ltmp266:
	@DEBUG_VALUE: vlogq_f16:vecAcc2 <- [DW_OP_plus_uconst 192] [$sp+0]
	@DEBUG_VALUE: vlogq_f16:vecAcc1 <- $q1
	@DEBUG_VALUE: arm_jensenshannon_distance_f16:accumV <- [DW_OP_plus_uconst 272] [$sp+0]
	.loc	2 185 15                        @ ../../../../Library/CMSIS/DSP/Include\arm_vec_math_f16.h:185:15
	vldrw.u32	q0, [sp, #176]          @ 16-byte Reload
	vfma.f16	q7, q2, q0
.Ltmp267:
	@DEBUG_VALUE: vlogq_f16:vecAcc3 <- [DW_OP_plus_uconst 160] [$sp+0]
	@DEBUG_VALUE: vlogq_f16:vecAcc2 <- $q7
	.loc	2 190 15                        @ ../../../../Library/CMSIS/DSP/Include\arm_vec_math_f16.h:190:15
	vldrw.u32	q0, [sp, #160]          @ 16-byte Reload
	vfma.f16	q0, q2, q3
.Ltmp268:
	@DEBUG_VALUE: vlogq_f16:vecAcc3 <- $q0
	.loc	2 180 15                        @ ../../../../Library/CMSIS/DSP/Include\arm_vec_math_f16.h:180:15
	vldrw.u32	q5, [sp, #208]          @ 16-byte Reload
.Ltmp269:
	.loc	2 170 29                        @ ../../../../Library/CMSIS/DSP/Include\arm_vec_math_f16.h:170:29
	vmul.f16	q2, q2, q2
.Ltmp270:
	@DEBUG_VALUE: vlogq_f16:vecTmpFlt0 <- $q2
	@DEBUG_VALUE: vlogq_f16:vecAcc0 <- [DW_OP_plus_uconst 256] [$sp+0]
	.loc	2 194 15                        @ ../../../../Library/CMSIS/DSP/Include\arm_vec_math_f16.h:194:15
	vfma.f16	q4, q1, q2
.Ltmp271:
	@DEBUG_VALUE: vlogq_f16:vecAcc0 <- $q4
	.loc	17 87 16                        @ C:/Keil_v5/Packs/ARM/CMSIS-DSP/1.15.0/Source/DistanceFunctions/arm_jensenshannon_distance_f16.c:87:16
	vldrw.u32	q1, [sp, #288]          @ 16-byte Reload
.Ltmp272:
	@DEBUG_VALUE: arm_jensenshannon_distance_f16:b <- $q1
	.loc	2 198 15                        @ ../../../../Library/CMSIS/DSP/Include\arm_vec_math_f16.h:198:15
	vfma.f16	q7, q0, q2
.Ltmp273:
	@DEBUG_VALUE: vlogq_f16:vecAcc2 <- $q7
	.loc	2 202 29                        @ ../../../../Library/CMSIS/DSP/Include\arm_vec_math_f16.h:202:29
	vmul.f16	q0, q2, q2
.Ltmp274:
	@DEBUG_VALUE: vlogq_f16:vecTmpFlt0 <- $q0
	.loc	2 207 15                        @ ../../../../Library/CMSIS/DSP/Include\arm_vec_math_f16.h:207:15
	vfma.f16	q4, q7, q0
.Ltmp275:
	@DEBUG_VALUE: vlogq_f16:vecAcc0 <- $q4
	.loc	2 203 25                        @ ../../../../Library/CMSIS/DSP/Include\arm_vec_math_f16.h:203:25
	vldrw.u32	q0, [sp, #96]           @ 16-byte Reload
.Ltmp276:
	@DEBUG_VALUE: vlogq_f16:vecExpUnBiased <- $q0
	@DEBUG_VALUE: vlogq_f16:n <- $q0
	vcvt.f16.s16	q0, q0
.Ltmp277:
	@DEBUG_VALUE: vlogq_f16:vecExpUnBiasedFlt <- $q0
	.loc	2 0 25 is_stmt 0                @ ../../../../Library/CMSIS/DSP/Include\arm_vec_math_f16.h:0:25
	vldrw.u32	q7, [sp, #272]          @ 16-byte Reload
.Ltmp278:
	@DEBUG_VALUE: arm_jensenshannon_distance_f16:accumV <- $q7
	.loc	17 87 16 is_stmt 1              @ C:/Keil_v5/Packs/ARM/CMSIS-DSP/1.15.0/Source/DistanceFunctions/arm_jensenshannon_distance_f16.c:87:16
	vmul.f16	q3, q1, q6
.Ltmp279:
	@DEBUG_VALUE: vlogq_f16:r <- $q3
	@DEBUG_VALUE: vlogq_f16:vecIn <- $q3
	@DEBUG_VALUE: arm_jensenshannon_distance_f16:tmpV <- $q3
	@DEBUG_VALUE: arm_jensenshannon_distance_f16:b <- [DW_OP_plus_uconst 288] [$sp+0]
	.loc	2 185 15                        @ ../../../../Library/CMSIS/DSP/Include\arm_vec_math_f16.h:185:15
	vldrw.u32	q6, [sp, #176]          @ 16-byte Reload
.Ltmp280:
	.loc	2 212 15                        @ ../../../../Library/CMSIS/DSP/Include\arm_vec_math_f16.h:212:15
	vfma.f16	q4, q0, r7
.Ltmp281:
	@DEBUG_VALUE: vlogq_f16:vecAcc0 <- $q4
	.loc	2 168 5                         @ ../../../../Library/CMSIS/DSP/Include\arm_vec_math_f16.h:168:5
	vshr.s16	q1, q3, #10
.Ltmp282:
	@DEBUG_VALUE: vlogq_f16:n <- undef
	.loc	2 214 15                        @ ../../../../Library/CMSIS/DSP/Include\arm_vec_math_f16.h:214:15
	vldrw.u32	q0, [sp, #128]          @ 16-byte Reload
.Ltmp283:
	.loc	2 168 5                         @ ../../../../Library/CMSIS/DSP/Include\arm_vec_math_f16.h:168:5
	vadd.i16	q1, q1, r6
.Ltmp284:
	@DEBUG_VALUE: vlogq_f16:n <- $q1
	.loc	2 0 5 is_stmt 0                 @ ../../../../Library/CMSIS/DSP/Include\arm_vec_math_f16.h:0:5
	vstrw.32	q1, [sp, #96]                   @ 16-byte Spill
.Ltmp285:
	.loc	2 214 15 is_stmt 1              @ ../../../../Library/CMSIS/DSP/Include\arm_vec_math_f16.h:214:15
	vpsel	q0, q0, q4
.Ltmp286:
	@DEBUG_VALUE: vlogq_f16:vecAcc0 <- $q0
	@DEBUG_VALUE: arm_jensenshannon_distance_f16:tmpV <- $q0
	.loc	17 85 18                        @ C:/Keil_v5/Packs/ARM/CMSIS-DSP/1.15.0/Source/DistanceFunctions/arm_jensenshannon_distance_f16.c:85:18
	vldrw.u32	q4, [sp, #112]          @ 16-byte Reload
.Ltmp287:
	@DEBUG_VALUE: arm_jensenshannon_distance_f16:a <- $q4
	.loc	2 168 5                         @ ../../../../Library/CMSIS/DSP/Include\arm_vec_math_f16.h:168:5
	vshl.i16	q2, q1, #10
.Ltmp288:
	@DEBUG_VALUE: vlogq_f16:n <- [DW_OP_plus_uconst 96] [$sp+0]
	.loc	17 85 18                        @ C:/Keil_v5/Packs/ARM/CMSIS-DSP/1.15.0/Source/DistanceFunctions/arm_jensenshannon_distance_f16.c:85:18
	vfma.f16	q7, q4, q0
.Ltmp289:
	@DEBUG_VALUE: vrecip_medprec_f16:xinv <- undef
	@DEBUG_VALUE: vrecip_medprec_f16:b <- undef
	@DEBUG_VALUE: vrecip_medprec_f16:ax <- undef
	@DEBUG_VALUE: arm_jensenshannon_distance_f16:accumV <- $q7
	.loc	2 168 5                         @ ../../../../Library/CMSIS/DSP/Include\arm_vec_math_f16.h:168:5
	vsub.i16	q0, q3, q2
.Ltmp290:
	@DEBUG_VALUE: vlogq_f16:vecTmpFlt1 <- $q0
	@DEBUG_VALUE: vlogq_f16:vecExpUnBiased <- [DW_OP_plus_uconst 96] [$sp+0]
	@DEBUG_VALUE: vlogq_f16:n <- [DW_OP_plus_uconst 96] [$sp+0]
	.loc	2 175 15                        @ ../../../../Library/CMSIS/DSP/Include\arm_vec_math_f16.h:175:15
	vldrw.u32	q4, [sp, #256]          @ 16-byte Reload
.Ltmp291:
	.loc	2 214 62                        @ ../../../../Library/CMSIS/DSP/Include\arm_vec_math_f16.h:214:62
	vcmp.f16	eq, q3, zr
	.loc	2 175 15                        @ ../../../../Library/CMSIS/DSP/Include\arm_vec_math_f16.h:175:15
	vldrw.u32	q2, [sp, #240]          @ 16-byte Reload
	vfma.f16	q4, q0, q2
.Ltmp292:
	@DEBUG_VALUE: vlogq_f16:vecAcc1 <- [DW_OP_plus_uconst 224] [$sp+0]
	@DEBUG_VALUE: vlogq_f16:vecAcc0 <- $q4
	.loc	2 180 15                        @ ../../../../Library/CMSIS/DSP/Include\arm_vec_math_f16.h:180:15
	vldrw.u32	q2, [sp, #224]          @ 16-byte Reload
	vfma.f16	q2, q0, q5
.Ltmp293:
	@DEBUG_VALUE: vlogq_f16:vecAcc2 <- [DW_OP_plus_uconst 192] [$sp+0]
	@DEBUG_VALUE: vlogq_f16:vecAcc1 <- $q2
	.loc	2 185 15                        @ ../../../../Library/CMSIS/DSP/Include\arm_vec_math_f16.h:185:15
	vldrw.u32	q5, [sp, #192]          @ 16-byte Reload
	vfma.f16	q5, q0, q6
.Ltmp294:
	@DEBUG_VALUE: vlogq_f16:vecAcc3 <- [DW_OP_plus_uconst 160] [$sp+0]
	@DEBUG_VALUE: vlogq_f16:vecAcc2 <- $q5
	.loc	2 190 15                        @ ../../../../Library/CMSIS/DSP/Include\arm_vec_math_f16.h:190:15
	vldrw.u32	q6, [sp, #160]          @ 16-byte Reload
	vldrw.u32	q1, [sp, #144]          @ 16-byte Reload
	vfma.f16	q6, q0, q1
.Ltmp295:
	@DEBUG_VALUE: vlogq_f16:vecAcc3 <- $q6
	.loc	17 89 18                        @ C:/Keil_v5/Packs/ARM/CMSIS-DSP/1.15.0/Source/DistanceFunctions/arm_jensenshannon_distance_f16.c:89:18
	vldrw.u32	q1, [sp, #288]          @ 16-byte Reload
.Ltmp296:
	@DEBUG_VALUE: arm_jensenshannon_distance_f16:b <- $q1
	.loc	2 170 29                        @ ../../../../Library/CMSIS/DSP/Include\arm_vec_math_f16.h:170:29
	vmul.f16	q0, q0, q0
.Ltmp297:
	@DEBUG_VALUE: vlogq_f16:vecTmpFlt0 <- $q0
	@DEBUG_VALUE: vlogq_f16:vecAcc0 <- [DW_OP_plus_uconst 256] [$sp+0]
	.loc	2 194 15                        @ ../../../../Library/CMSIS/DSP/Include\arm_vec_math_f16.h:194:15
	vfma.f16	q4, q2, q0
.Ltmp298:
	@DEBUG_VALUE: vlogq_f16:vecAcc0 <- $q4
	.loc	2 198 15                        @ ../../../../Library/CMSIS/DSP/Include\arm_vec_math_f16.h:198:15
	vfma.f16	q5, q6, q0
.Ltmp299:
	@DEBUG_VALUE: vlogq_f16:vecAcc2 <- $q5
	.loc	2 202 29                        @ ../../../../Library/CMSIS/DSP/Include\arm_vec_math_f16.h:202:29
	vmul.f16	q0, q0, q0
.Ltmp300:
	@DEBUG_VALUE: vlogq_f16:vecTmpFlt0 <- $q0
	.loc	2 207 15                        @ ../../../../Library/CMSIS/DSP/Include\arm_vec_math_f16.h:207:15
	vfma.f16	q4, q5, q0
.Ltmp301:
	@DEBUG_VALUE: vlogq_f16:vecAcc0 <- $q4
	.loc	2 203 25                        @ ../../../../Library/CMSIS/DSP/Include\arm_vec_math_f16.h:203:25
	vldrw.u32	q0, [sp, #96]           @ 16-byte Reload
.Ltmp302:
	@DEBUG_VALUE: vlogq_f16:vecExpUnBiased <- $q0
	@DEBUG_VALUE: vlogq_f16:n <- $q0
	vcvt.f16.s16	q0, q0
.Ltmp303:
	@DEBUG_VALUE: vlogq_f16:vecExpUnBiasedFlt <- $q0
	.loc	2 212 15                        @ ../../../../Library/CMSIS/DSP/Include\arm_vec_math_f16.h:212:15
	vfma.f16	q4, q0, r7
.Ltmp304:
	@DEBUG_VALUE: vlogq_f16:vecAcc0 <- $q4
	.loc	2 214 15                        @ ../../../../Library/CMSIS/DSP/Include\arm_vec_math_f16.h:214:15
	vldrw.u32	q0, [sp, #128]          @ 16-byte Reload
.Ltmp305:
	vpsel	q0, q0, q4
.Ltmp306:
	@DEBUG_VALUE: vlogq_f16:vecAcc0 <- $q0
	@DEBUG_VALUE: arm_jensenshannon_distance_f16:tmpV <- $q0
	.loc	17 89 18                        @ C:/Keil_v5/Packs/ARM/CMSIS-DSP/1.15.0/Source/DistanceFunctions/arm_jensenshannon_distance_f16.c:89:18
	vfma.f16	q7, q1, q0
.Ltmp307:
	@DEBUG_VALUE: arm_jensenshannon_distance_f16:accumV <- $q7
	@DEBUG_VALUE: arm_jensenshannon_distance_f16:pB <- $r3
	@DEBUG_VALUE: arm_jensenshannon_distance_f16:pA <- $r0
	.loc	17 76 5                         @ C:/Keil_v5/Packs/ARM/CMSIS-DSP/1.15.0/Source/DistanceFunctions/arm_jensenshannon_distance_f16.c:76:5
	le	lr, .LBB7_2
.Ltmp308:
@ %bb.3:
	@DEBUG_VALUE: arm_jensenshannon_distance_f16:tmpV <- $q0
	@DEBUG_VALUE: arm_jensenshannon_distance_f16:b <- $q1
	@DEBUG_VALUE: arm_jensenshannon_distance_f16:pB <- $r3
	@DEBUG_VALUE: arm_jensenshannon_distance_f16:accumV <- $q7
	@DEBUG_VALUE: arm_jensenshannon_distance_f16:pA <- $r0
	@DEBUG_VALUE: arm_jensenshannon_distance_f16:blockSize <- $r2
	ldr	r0, [sp]                        @ 4-byte Reload
.Ltmp309:
	.loc	17 0 5 is_stmt 0                @ C:/Keil_v5/Packs/ARM/CMSIS-DSP/1.15.0/Source/DistanceFunctions/arm_jensenshannon_distance_f16.c:0:5
	movw	r7, :lower16:__logf_lut_f16
	movt	r7, :upper16:__logf_lut_f16
	.loc	17 76 5                         @ C:/Keil_v5/Packs/ARM/CMSIS-DSP/1.15.0/Source/DistanceFunctions/arm_jensenshannon_distance_f16.c:76:5
	add	r1, r0
	ldr	r0, [sp, #4]                    @ 4-byte Reload
.Ltmp310:
.LBB7_4:
	@DEBUG_VALUE: arm_jensenshannon_distance_f16:accumV <- $q7
	@DEBUG_VALUE: arm_jensenshannon_distance_f16:blockSize <- $r2
	.loc	17 100 24 is_stmt 1             @ C:/Keil_v5/Packs/ARM/CMSIS-DSP/1.15.0/Source/DistanceFunctions/arm_jensenshannon_distance_f16.c:100:24
	ands	r2, r2, #7
.Ltmp311:
	@DEBUG_VALUE: arm_jensenshannon_distance_f16:blockSize <- [DW_OP_LLVM_entry_value 1] $r2
	@DEBUG_VALUE: arm_jensenshannon_distance_f16:blkCnt <- $r2
	.loc	17 101 9                        @ C:/Keil_v5/Packs/ARM/CMSIS-DSP/1.15.0/Source/DistanceFunctions/arm_jensenshannon_distance_f16.c:101:9
	beq.w	.LBB7_6
.Ltmp312:
@ %bb.5:
	@DEBUG_VALUE: arm_jensenshannon_distance_f16:blkCnt <- $r2
	@DEBUG_VALUE: arm_jensenshannon_distance_f16:blockSize <- [DW_OP_LLVM_entry_value 1] $r2
	@DEBUG_VALUE: arm_jensenshannon_distance_f16:accumV <- $q7
	.loc	17 102 30                       @ C:/Keil_v5/Packs/ARM/CMSIS-DSP/1.15.0/Source/DistanceFunctions/arm_jensenshannon_distance_f16.c:102:30
	vctp.16	r2
.Ltmp313:
	@DEBUG_VALUE: p0 <- undef
	.loc	17 108 13                       @ C:/Keil_v5/Packs/ARM/CMSIS-DSP/1.15.0/Source/DistanceFunctions/arm_jensenshannon_distance_f16.c:108:13
	vmov.i16	q1, #0x3800
	vstr	p0, [sp, #288]                  @ 4-byte Spill
	.loc	17 104 13                       @ C:/Keil_v5/Packs/ARM/CMSIS-DSP/1.15.0/Source/DistanceFunctions/arm_jensenshannon_distance_f16.c:104:13
	vpst	
	vldrht.u16	q2, [r0]
.Ltmp314:
	@DEBUG_VALUE: arm_jensenshannon_distance_f16:a <- $q2
	.loc	17 0 13 is_stmt 0               @ C:/Keil_v5/Packs/ARM/CMSIS-DSP/1.15.0/Source/DistanceFunctions/arm_jensenshannon_distance_f16.c:0:13
	vmov	q6, q2
.Ltmp315:
	@DEBUG_VALUE: arm_jensenshannon_distance_f16:a <- $q6
	.loc	17 105 13 is_stmt 1             @ C:/Keil_v5/Packs/ARM/CMSIS-DSP/1.15.0/Source/DistanceFunctions/arm_jensenshannon_distance_f16.c:105:13
	vpst	
	vldrht.u16	q0, [r1]
.Ltmp316:
	@DEBUG_VALUE: arm_jensenshannon_distance_f16:b <- $q0
	.loc	2 57 17                         @ ../../../../Library/CMSIS/DSP/Include\arm_vec_math_f16.h:57:17
	vmov.i16	q4, #0x3c00
	vstrw.32	q0, [sp, #256]                  @ 16-byte Spill
.Ltmp317:
	@DEBUG_VALUE: arm_jensenshannon_distance_f16:b <- [DW_OP_plus_uconst 256] [$sp+0]
	.loc	17 107 13                       @ C:/Keil_v5/Packs/ARM/CMSIS-DSP/1.15.0/Source/DistanceFunctions/arm_jensenshannon_distance_f16.c:107:13
	vadd.f16	q0, q2, q0
.Ltmp318:
	@DEBUG_VALUE: arm_jensenshannon_distance_f16:t <- $q0
	@DEBUG_VALUE: arm_jensenshannon_distance_f16:b <- $q0
	.loc	17 0 13 is_stmt 0               @ C:/Keil_v5/Packs/ARM/CMSIS-DSP/1.15.0/Source/DistanceFunctions/arm_jensenshannon_distance_f16.c:0:13
	vstrw.32	q2, [sp, #240]                  @ 16-byte Spill
.Ltmp319:
	@DEBUG_VALUE: arm_jensenshannon_distance_f16:b <- [DW_OP_plus_uconst 256] [$sp+0]
	.loc	17 108 13 is_stmt 1             @ C:/Keil_v5/Packs/ARM/CMSIS-DSP/1.15.0/Source/DistanceFunctions/arm_jensenshannon_distance_f16.c:108:13
	vmul.f16	q1, q0, q1
.Ltmp320:
	@DEBUG_VALUE: vrecip_medprec_f16:x <- $q1
	@DEBUG_VALUE: vrecip_medprec_f16:x <- $q1
	@DEBUG_VALUE: arm_jensenshannon_distance_f16:t <- $q1
	.loc	2 57 27                         @ ../../../../Library/CMSIS/DSP/Include\arm_vec_math_f16.h:57:27
	vmov.i16	q2, #0x7c00
	.loc	2 53 26                         @ ../../../../Library/CMSIS/DSP/Include\arm_vec_math_f16.h:53:26
	vabs.f16	q3, q1
.Ltmp321:
	@DEBUG_VALUE: vrecip_medprec_f16:xinv <- $q3
	@DEBUG_VALUE: vrecip_medprec_f16:ax <- $q3
	.loc	2 57 27                         @ ../../../../Library/CMSIS/DSP/Include\arm_vec_math_f16.h:57:27
	vand	q0, q3, q2
	.loc	2 71 49                         @ ../../../../Library/CMSIS/DSP/Include\arm_vec_math_f16.h:71:49
	vcmp.f16	eq, q1, zr
	.loc	2 57 17                         @ ../../../../Library/CMSIS/DSP/Include\arm_vec_math_f16.h:57:17
	vsub.i16	q0, q4, q0
.Ltmp322:
	@DEBUG_VALUE: vrecip_medprec_f16:m <- $q0
	@DEBUG_VALUE: vrecip_medprec_f16:m <- $q0
	.loc	2 0 17 is_stmt 0                @ ../../../../Library/CMSIS/DSP/Include\arm_vec_math_f16.h:0:17
	movw	r0, #15782
	movw	r1, #46984
	.loc	2 58 21 is_stmt 1               @ ../../../../Library/CMSIS/DSP/Include\arm_vec_math_f16.h:58:21
	vadd.i16	q4, q0, q3
.Ltmp323:
	@DEBUG_VALUE: vrecip_medprec_f16:xinv <- $q4
	.loc	2 59 28                         @ ../../../../Library/CMSIS/DSP/Include\arm_vec_math_f16.h:59:28
	vdup.16	q5, r0
	vfma.f16	q5, q4, r1
.Ltmp324:
	@DEBUG_VALUE: vrecip_medprec_f16:xinv <- $q5
	.loc	2 62 16                         @ ../../../../Library/CMSIS/DSP/Include\arm_vec_math_f16.h:62:16
	vmov.i16	q4, #0x4000
	.loc	2 60 21                         @ ../../../../Library/CMSIS/DSP/Include\arm_vec_math_f16.h:60:21
	vadd.i16	q0, q0, q5
.Ltmp325:
	@DEBUG_VALUE: vrecip_medprec_f16:xinv <- $q0
	.loc	2 62 16                         @ ../../../../Library/CMSIS/DSP/Include\arm_vec_math_f16.h:62:16
	vmov	q5, q4
	vfms.f16	q5, q0, q3
.Ltmp326:
	@DEBUG_VALUE: vrecip_medprec_f16:b <- $q5
	.loc	2 63 21                         @ ../../../../Library/CMSIS/DSP/Include\arm_vec_math_f16.h:63:21
	vmul.f16	q0, q5, q0
.Ltmp327:
	@DEBUG_VALUE: vrecip_medprec_f16:xinv <- $q0
	.loc	2 65 16                         @ ../../../../Library/CMSIS/DSP/Include\arm_vec_math_f16.h:65:16
	vmov	q5, q4
.Ltmp328:
	vfms.f16	q5, q0, q3
.Ltmp329:
	@DEBUG_VALUE: vrecip_medprec_f16:b <- $q5
	.loc	2 66 21                         @ ../../../../Library/CMSIS/DSP/Include\arm_vec_math_f16.h:66:21
	vmul.f16	q0, q0, q5
.Ltmp330:
	@DEBUG_VALUE: vrecip_medprec_f16:xinv <- $q0
	.loc	2 68 16                         @ ../../../../Library/CMSIS/DSP/Include\arm_vec_math_f16.h:68:16
	vfms.f16	q4, q0, q3
.Ltmp331:
	@DEBUG_VALUE: vrecip_medprec_f16:b <- $q4
	.loc	2 0 16 is_stmt 0                @ ../../../../Library/CMSIS/DSP/Include\arm_vec_math_f16.h:0:16
	vstr	p0, [sp, #272]                  @ 4-byte Spill
	.loc	2 75 38 is_stmt 1               @ ../../../../Library/CMSIS/DSP/Include\arm_vec_math_f16.h:75:38
	vcmp.f16	lt, q1, zr
.Ltmp332:
	.loc	2 174 27                        @ ../../../../Library/CMSIS/DSP/Include\arm_vec_math_f16.h:174:27
	vldrh.u16	q1, [r7]
.Ltmp333:
	.loc	2 69 21                         @ ../../../../Library/CMSIS/DSP/Include\arm_vec_math_f16.h:69:21
	vmul.f16	q0, q0, q4
.Ltmp334:
	@DEBUG_VALUE: vrecip_medprec_f16:xinv <- $q0
	.loc	2 0 21 is_stmt 0                @ ../../../../Library/CMSIS/DSP/Include\arm_vec_math_f16.h:0:21
	vstr	p0, [sp, #224]                  @ 4-byte Spill
	.loc	2 71 14 is_stmt 1               @ ../../../../Library/CMSIS/DSP/Include\arm_vec_math_f16.h:71:14
	vldr	p0, [sp, #272]                  @ 4-byte Reload
	movw	r12, #65521
.Ltmp335:
	@DEBUG_VALUE: vlogq_f16:n <- undef
	@DEBUG_VALUE: vlogq_f16:r <- $q2
	@DEBUG_VALUE: vlogq_f16:vecIn <- $q2
	vpst	
	vmovt	q0, q2
.Ltmp336:
	@DEBUG_VALUE: vrecip_medprec_f16:xinv <- $q0
	.loc	2 174 15                        @ ../../../../Library/CMSIS/DSP/Include\arm_vec_math_f16.h:174:15
	vmov.u16	r6, q1[0]
.Ltmp337:
	.loc	2 75 14                         @ ../../../../Library/CMSIS/DSP/Include\arm_vec_math_f16.h:75:14
	vldr	p0, [sp, #224]                  @ 4-byte Reload
.Ltmp338:
	.loc	2 184 15                        @ ../../../../Library/CMSIS/DSP/Include\arm_vec_math_f16.h:184:15
	vmov.u16	r4, q1[1]
	vdup.16	q3, r4
.Ltmp339:
	@DEBUG_VALUE: vlogq_f16:vecAcc2 <- $q3
	.loc	2 75 14                         @ ../../../../Library/CMSIS/DSP/Include\arm_vec_math_f16.h:75:14
	vpst	
	vnegt.f16	q0, q0
.Ltmp340:
	@DEBUG_VALUE: vrecip_medprec_f16:xinv <- $q0
	.loc	2 0 14 is_stmt 0                @ ../../../../Library/CMSIS/DSP/Include\arm_vec_math_f16.h:0:14
	vstrw.32	q0, [sp, #208]                  @ 16-byte Spill
.Ltmp341:
	@DEBUG_VALUE: vrecip_medprec_f16:xinv <- [DW_OP_plus_uconst 208] [$sp+0]
	.loc	17 110 16 is_stmt 1             @ C:/Keil_v5/Packs/ARM/CMSIS-DSP/1.15.0/Source/DistanceFunctions/arm_jensenshannon_distance_f16.c:110:16
	vmul.f16	q2, q6, q0
.Ltmp342:
	@DEBUG_VALUE: arm_jensenshannon_distance_f16:tmpV <- $q2
	@DEBUG_VALUE: arm_jensenshannon_distance_f16:a <- [DW_OP_plus_uconst 240] [$sp+0]
	.loc	17 0 16 is_stmt 0               @ C:/Keil_v5/Packs/ARM/CMSIS-DSP/1.15.0/Source/DistanceFunctions/arm_jensenshannon_distance_f16.c:0:16
	vstrw.32	q7, [sp, #272]                  @ 16-byte Spill
.Ltmp343:
	@DEBUG_VALUE: arm_jensenshannon_distance_f16:accumV <- [DW_OP_plus_uconst 272] [$sp+0]
	.loc	2 168 5 is_stmt 1               @ ../../../../Library/CMSIS/DSP/Include\arm_vec_math_f16.h:168:5
	vshr.s16	q0, q2, #10
	.loc	2 175 15                        @ ../../../../Library/CMSIS/DSP/Include\arm_vec_math_f16.h:175:15
	vmov.u16	r0, q1[4]
	.loc	2 168 5                         @ ../../../../Library/CMSIS/DSP/Include\arm_vec_math_f16.h:168:5
	vadd.i16	q0, q0, r12
.Ltmp344:
	@DEBUG_VALUE: vlogq_f16:n <- $q0
	.loc	2 179 15                        @ ../../../../Library/CMSIS/DSP/Include\arm_vec_math_f16.h:179:15
	vmov.u16	r5, q1[2]
	vstrw.32	q0, [sp, #224]                  @ 16-byte Spill
	.loc	2 180 15                        @ ../../../../Library/CMSIS/DSP/Include\arm_vec_math_f16.h:180:15
	vmov.u16	r1, q1[6]
	.loc	2 168 5                         @ ../../../../Library/CMSIS/DSP/Include\arm_vec_math_f16.h:168:5
	vshl.i16	q0, q0, #10
.Ltmp345:
	@DEBUG_VALUE: vlogq_f16:n <- [DW_OP_plus_uconst 224] [$sp+0]
	@DEBUG_VALUE: vlogq_f16:n <- $q0
	.loc	2 185 15                        @ ../../../../Library/CMSIS/DSP/Include\arm_vec_math_f16.h:185:15
	vmov.u16	r2, q1[5]
.Ltmp346:
	.loc	2 168 5                         @ ../../../../Library/CMSIS/DSP/Include\arm_vec_math_f16.h:168:5
	vsub.i16	q7, q2, q0
.Ltmp347:
	@DEBUG_VALUE: vlogq_f16:vecTmpFlt1 <- $q7
	@DEBUG_VALUE: vlogq_f16:vecExpUnBiased <- [DW_OP_plus_uconst 224] [$sp+0]
	@DEBUG_VALUE: vlogq_f16:r <- $q7
	.loc	2 189 15                        @ ../../../../Library/CMSIS/DSP/Include\arm_vec_math_f16.h:189:15
	vmov.u16	r3, q1[3]
	vmov	q0, q2
.Ltmp348:
	@DEBUG_VALUE: vlogq_f16:vecIn <- $q0
	@DEBUG_VALUE: arm_jensenshannon_distance_f16:tmpV <- $q0
	.loc	2 190 15                        @ ../../../../Library/CMSIS/DSP/Include\arm_vec_math_f16.h:190:15
	vmov.u16	r7, q1[7]
	.loc	2 174 15                        @ ../../../../Library/CMSIS/DSP/Include\arm_vec_math_f16.h:174:15
	vdup.16	q1, r6
.Ltmp349:
	@DEBUG_VALUE: vlogq_f16:vecTmpFlt1 <- undef
	@DEBUG_VALUE: vlogq_f16:vecExpUnBiased <- undef
	@DEBUG_VALUE: vlogq_f16:vecAcc0 <- $q1
	.loc	2 214 62                        @ ../../../../Library/CMSIS/DSP/Include\arm_vec_math_f16.h:214:62
	vcmp.f16	eq, q0, zr
	.loc	2 175 15                        @ ../../../../Library/CMSIS/DSP/Include\arm_vec_math_f16.h:175:15
	vmov	q4, q1
.Ltmp350:
	vfma.f16	q4, q7, r0
.Ltmp351:
	@DEBUG_VALUE: vlogq_f16:vecAcc0 <- $q4
	.loc	2 179 15                        @ ../../../../Library/CMSIS/DSP/Include\arm_vec_math_f16.h:179:15
	vdup.16	q6, r5
.Ltmp352:
	@DEBUG_VALUE: vlogq_f16:vecAcc1 <- $q6
	.loc	2 0 15 is_stmt 0                @ ../../../../Library/CMSIS/DSP/Include\arm_vec_math_f16.h:0:15
	vstrw.32	q6, [sp, #176]                  @ 16-byte Spill
.Ltmp353:
	@DEBUG_VALUE: vlogq_f16:vecAcc1 <- [DW_OP_plus_uconst 176] [$sp+0]
	.loc	2 185 15 is_stmt 1              @ ../../../../Library/CMSIS/DSP/Include\arm_vec_math_f16.h:185:15
	vmov	q5, q3
	.loc	2 180 15                        @ ../../../../Library/CMSIS/DSP/Include\arm_vec_math_f16.h:180:15
	vfma.f16	q6, q7, r1
.Ltmp354:
	@DEBUG_VALUE: vlogq_f16:vecAcc1 <- $q6
	.loc	2 189 15                        @ ../../../../Library/CMSIS/DSP/Include\arm_vec_math_f16.h:189:15
	vdup.16	q2, r3
.Ltmp355:
	@DEBUG_VALUE: vlogq_f16:vecAcc3 <- $q2
	.loc	2 185 15                        @ ../../../../Library/CMSIS/DSP/Include\arm_vec_math_f16.h:185:15
	vfma.f16	q5, q7, r2
.Ltmp356:
	@DEBUG_VALUE: vlogq_f16:vecAcc2 <- $q5
	.loc	2 0 15 is_stmt 0                @ ../../../../Library/CMSIS/DSP/Include\arm_vec_math_f16.h:0:15
	vstrw.32	q2, [sp, #192]                  @ 16-byte Spill
.Ltmp357:
	@DEBUG_VALUE: vlogq_f16:vecAcc3 <- [DW_OP_plus_uconst 192] [$sp+0]
	.loc	2 190 15 is_stmt 1              @ ../../../../Library/CMSIS/DSP/Include\arm_vec_math_f16.h:190:15
	vfma.f16	q2, q7, r7
.Ltmp358:
	@DEBUG_VALUE: vlogq_f16:vecAcc3 <- $q2
	.loc	17 114 16                       @ C:/Keil_v5/Packs/ARM/CMSIS-DSP/1.15.0/Source/DistanceFunctions/arm_jensenshannon_distance_f16.c:114:16
	vldrw.u32	q0, [sp, #208]          @ 16-byte Reload
.Ltmp359:
	@DEBUG_VALUE: vrecip_medprec_f16:xinv <- $q0
	@DEBUG_VALUE: arm_jensenshannon_distance_f16:b <- $q2
	.loc	2 170 29                        @ ../../../../Library/CMSIS/DSP/Include\arm_vec_math_f16.h:170:29
	vmul.f16	q7, q7, q7
.Ltmp360:
	@DEBUG_VALUE: vlogq_f16:vecTmpFlt0 <- $q7
	.loc	2 194 15                        @ ../../../../Library/CMSIS/DSP/Include\arm_vec_math_f16.h:194:15
	vfma.f16	q4, q6, q7
.Ltmp361:
	@DEBUG_VALUE: vlogq_f16:vecAcc0 <- $q4
	.loc	2 198 15                        @ ../../../../Library/CMSIS/DSP/Include\arm_vec_math_f16.h:198:15
	vfma.f16	q5, q2, q7
.Ltmp362:
	@DEBUG_VALUE: vlogq_f16:vecAcc2 <- $q5
	.loc	2 202 29                        @ ../../../../Library/CMSIS/DSP/Include\arm_vec_math_f16.h:202:29
	vmul.f16	q2, q7, q7
.Ltmp363:
	@DEBUG_VALUE: vlogq_f16:vecTmpFlt0 <- $q2
	.loc	2 0 29 is_stmt 0                @ ../../../../Library/CMSIS/DSP/Include\arm_vec_math_f16.h:0:29
	vldrw.u32	q7, [sp, #272]          @ 16-byte Reload
.Ltmp364:
	@DEBUG_VALUE: arm_jensenshannon_distance_f16:accumV <- $q7
	.loc	2 207 15 is_stmt 1              @ ../../../../Library/CMSIS/DSP/Include\arm_vec_math_f16.h:207:15
	vfma.f16	q4, q5, q2
.Ltmp365:
	@DEBUG_VALUE: vlogq_f16:vecAcc0 <- $q4
	.loc	2 203 25                        @ ../../../../Library/CMSIS/DSP/Include\arm_vec_math_f16.h:203:25
	vldrw.u32	q2, [sp, #224]          @ 16-byte Reload
.Ltmp366:
	@DEBUG_VALUE: vlogq_f16:vecExpUnBiased <- $q2
	@DEBUG_VALUE: vlogq_f16:n <- $q2
	vcvt.f16.s16	q2, q2
.Ltmp367:
	@DEBUG_VALUE: vlogq_f16:vecExpUnBiasedFlt <- $q2
	.loc	2 0 25 is_stmt 0                @ ../../../../Library/CMSIS/DSP/Include\arm_vec_math_f16.h:0:25
	movw	r6, #14732
	.loc	2 212 15 is_stmt 1              @ ../../../../Library/CMSIS/DSP/Include\arm_vec_math_f16.h:212:15
	vfma.f16	q4, q2, r6
.Ltmp368:
	@DEBUG_VALUE: vlogq_f16:vecAcc0 <- $q4
	.loc	2 71 14                         @ ../../../../Library/CMSIS/DSP/Include\arm_vec_math_f16.h:71:14
	vmov.i16	q2, #0xfc00
.Ltmp369:
	@DEBUG_VALUE: vrecip_medprec_f16:xinv <- [DW_OP_plus_uconst 208] [$sp+0]
	.loc	2 0 14 is_stmt 0                @ ../../../../Library/CMSIS/DSP/Include\arm_vec_math_f16.h:0:14
	vstrw.32	q2, [sp, #224]                  @ 16-byte Spill
.Ltmp370:
	.loc	2 214 15 is_stmt 1              @ ../../../../Library/CMSIS/DSP/Include\arm_vec_math_f16.h:214:15
	vpst	
	vmovt	q4, q2
.Ltmp371:
	@DEBUG_VALUE: vlogq_f16:vecAcc0 <- $q4
	@DEBUG_VALUE: arm_jensenshannon_distance_f16:tmpV <- $q4
	.loc	17 114 16                       @ C:/Keil_v5/Packs/ARM/CMSIS-DSP/1.15.0/Source/DistanceFunctions/arm_jensenshannon_distance_f16.c:114:16
	vldrw.u32	q2, [sp, #256]          @ 16-byte Reload
	vmul.f16	q6, q2, q0
.Ltmp372:
	@DEBUG_VALUE: vlogq_f16:r <- $q6
	@DEBUG_VALUE: vlogq_f16:vecIn <- $q6
	@DEBUG_VALUE: vlogq_f16:vecAcc3 <- [DW_OP_plus_uconst 192] [$sp+0]
	@DEBUG_VALUE: vlogq_f16:vecAcc2 <- $q3
	@DEBUG_VALUE: vlogq_f16:vecAcc1 <- [DW_OP_plus_uconst 176] [$sp+0]
	@DEBUG_VALUE: vlogq_f16:vecAcc0 <- $q1
	@DEBUG_VALUE: arm_jensenshannon_distance_f16:tmpV <- $q6
	@DEBUG_VALUE: arm_jensenshannon_distance_f16:b <- [DW_OP_plus_uconst 256] [$sp+0]
	.loc	2 168 5                         @ ../../../../Library/CMSIS/DSP/Include\arm_vec_math_f16.h:168:5
	vshr.s16	q2, q6, #10
.Ltmp373:
	@DEBUG_VALUE: vlogq_f16:n <- undef
	vadd.i16	q0, q2, r12
.Ltmp374:
	@DEBUG_VALUE: vlogq_f16:n <- $q0
	.loc	17 112 18                       @ C:/Keil_v5/Packs/ARM/CMSIS-DSP/1.15.0/Source/DistanceFunctions/arm_jensenshannon_distance_f16.c:112:18
	vldr	p0, [sp, #288]                  @ 4-byte Reload
.Ltmp375:
	.loc	2 168 5                         @ ../../../../Library/CMSIS/DSP/Include\arm_vec_math_f16.h:168:5
	vshl.i16	q2, q0, #10
.Ltmp376:
	.loc	17 112 18                       @ C:/Keil_v5/Packs/ARM/CMSIS-DSP/1.15.0/Source/DistanceFunctions/arm_jensenshannon_distance_f16.c:112:18
	vldrw.u32	q5, [sp, #240]          @ 16-byte Reload
.Ltmp377:
	@DEBUG_VALUE: arm_jensenshannon_distance_f16:a <- $q5
	vpst	
	vfmat.f16	q7, q5, q4
.Ltmp378:
	@DEBUG_VALUE: vrecip_medprec_f16:xinv <- undef
	@DEBUG_VALUE: vrecip_medprec_f16:b <- undef
	@DEBUG_VALUE: vrecip_medprec_f16:ax <- undef
	@DEBUG_VALUE: arm_jensenshannon_distance_f16:accumV <- $q7
	.loc	2 168 5                         @ ../../../../Library/CMSIS/DSP/Include\arm_vec_math_f16.h:168:5
	vsub.i16	q2, q6, q2
	@DEBUG_VALUE: vlogq_f16:vecAcc3 <- [DW_OP_plus_uconst 192] [$sp+0]
	@DEBUG_VALUE: vlogq_f16:vecAcc1 <- [DW_OP_plus_uconst 176] [$sp+0]
	vldrw.u32	q4, [sp, #176]          @ 16-byte Reload
.Ltmp379:
	@DEBUG_VALUE: vlogq_f16:vecAcc1 <- $q4
	.loc	2 175 15                        @ ../../../../Library/CMSIS/DSP/Include\arm_vec_math_f16.h:175:15
	vfma.f16	q1, q2, r0
.Ltmp380:
	@DEBUG_VALUE: vlogq_f16:vecAcc0 <- $q1
	.loc	2 0 15 is_stmt 0                @ ../../../../Library/CMSIS/DSP/Include\arm_vec_math_f16.h:0:15
	vldrw.u32	q5, [sp, #192]          @ 16-byte Reload
.Ltmp381:
	@DEBUG_VALUE: vlogq_f16:vecAcc3 <- $q5
	.loc	2 180 15 is_stmt 1              @ ../../../../Library/CMSIS/DSP/Include\arm_vec_math_f16.h:180:15
	vfma.f16	q4, q2, r1
.Ltmp382:
	@DEBUG_VALUE: vlogq_f16:vecAcc1 <- $q4
	.loc	2 185 15                        @ ../../../../Library/CMSIS/DSP/Include\arm_vec_math_f16.h:185:15
	vfma.f16	q3, q2, r2
.Ltmp383:
	@DEBUG_VALUE: vlogq_f16:vecAcc2 <- $q3
	.loc	2 190 15                        @ ../../../../Library/CMSIS/DSP/Include\arm_vec_math_f16.h:190:15
	vfma.f16	q5, q2, r7
.Ltmp384:
	@DEBUG_VALUE: vlogq_f16:vecAcc3 <- $q5
	.loc	2 170 29                        @ ../../../../Library/CMSIS/DSP/Include\arm_vec_math_f16.h:170:29
	vmul.f16	q2, q2, q2
.Ltmp385:
	@DEBUG_VALUE: vlogq_f16:vecTmpFlt0 <- $q2
	.loc	2 194 15                        @ ../../../../Library/CMSIS/DSP/Include\arm_vec_math_f16.h:194:15
	vfma.f16	q1, q4, q2
.Ltmp386:
	@DEBUG_VALUE: vlogq_f16:vecAcc0 <- $q1
	.loc	2 198 15                        @ ../../../../Library/CMSIS/DSP/Include\arm_vec_math_f16.h:198:15
	vfma.f16	q3, q5, q2
.Ltmp387:
	@DEBUG_VALUE: vlogq_f16:vecAcc2 <- $q3
	.loc	2 202 29                        @ ../../../../Library/CMSIS/DSP/Include\arm_vec_math_f16.h:202:29
	vmul.f16	q2, q2, q2
.Ltmp388:
	@DEBUG_VALUE: vlogq_f16:vecTmpFlt0 <- $q2
	.loc	2 207 15                        @ ../../../../Library/CMSIS/DSP/Include\arm_vec_math_f16.h:207:15
	vfma.f16	q1, q3, q2
.Ltmp389:
	@DEBUG_VALUE: vlogq_f16:vecAcc0 <- $q1
	.loc	2 203 25                        @ ../../../../Library/CMSIS/DSP/Include\arm_vec_math_f16.h:203:25
	vcvt.f16.s16	q0, q0
.Ltmp390:
	@DEBUG_VALUE: vlogq_f16:vecExpUnBiasedFlt <- $q0
	.loc	2 212 15                        @ ../../../../Library/CMSIS/DSP/Include\arm_vec_math_f16.h:212:15
	vfma.f16	q1, q0, r6
.Ltmp391:
	@DEBUG_VALUE: vlogq_f16:vecAcc0 <- $q1
	.loc	2 214 15                        @ ../../../../Library/CMSIS/DSP/Include\arm_vec_math_f16.h:214:15
	vldrw.u32	q0, [sp, #224]          @ 16-byte Reload
.Ltmp392:
	vpt.f16	eq, q6, zr
	vmovt	q1, q0
.Ltmp393:
	@DEBUG_VALUE: vlogq_f16:vecAcc0 <- $q1
	@DEBUG_VALUE: arm_jensenshannon_distance_f16:tmpV <- $q1
	.loc	17 116 18                       @ C:/Keil_v5/Packs/ARM/CMSIS-DSP/1.15.0/Source/DistanceFunctions/arm_jensenshannon_distance_f16.c:116:18
	vldr	p0, [sp, #288]                  @ 4-byte Reload
	vldrw.u32	q0, [sp, #256]          @ 16-byte Reload
.Ltmp394:
	@DEBUG_VALUE: arm_jensenshannon_distance_f16:b <- $q0
	vpst	
	vfmat.f16	q7, q0, q1
.Ltmp395:
.LBB7_6:
	@DEBUG_VALUE: arm_jensenshannon_distance_f16:blockSize <- [DW_OP_LLVM_entry_value 1] $r2
	@DEBUG_VALUE: arm_jensenshannon_distance_f16:accumV <- $q7
	@DEBUG_VALUE: vecAddAcrossF16Mve:in <- $q7
	.loc	6 102 14                        @ ../../../../Library/CMSIS/DSP/Include\arm_helium_utils.h:102:14
	vrev32.16	q0, q7
.Ltmp396:
	@DEBUG_VALUE: vecAddAcrossF16Mve:tmpVec <- $q0
	.loc	6 103 10                        @ ../../../../Library/CMSIS/DSP/Include\arm_helium_utils.h:103:10
	vadd.f16	q0, q7, q0
.Ltmp397:
	@DEBUG_VALUE: vecAddAcrossF16Mve:in <- $q0
	.loc	6 104 28                        @ ../../../../Library/CMSIS/DSP/Include\arm_helium_utils.h:104:28
	vrev64.32	q1, q0
.Ltmp398:
	@DEBUG_VALUE: vecAddAcrossF16Mve:tmpVec <- $q1
	.loc	6 105 10                        @ ../../../../Library/CMSIS/DSP/Include\arm_helium_utils.h:105:10
	vadd.f16	q0, q0, q1
.Ltmp399:
	@DEBUG_VALUE: vecAddAcrossF16Mve:in <- $q0
	.loc	6 106 43                        @ ../../../../Library/CMSIS/DSP/Include\arm_helium_utils.h:106:43
	vadd.f16	s0, s0, s2
.Ltmp400:
	@DEBUG_VALUE: vecAddAcrossF16Mve:acc <- $s0
	.loc	6 0 43 is_stmt 0                @ ../../../../Library/CMSIS/DSP/Include\arm_helium_utils.h:0:43
	vmov.f16	s2, #5.000000e-01
.Ltmp401:
	.loc	17 120 55 is_stmt 1             @ C:/Keil_v5/Packs/ARM/CMSIS-DSP/1.15.0/Source/DistanceFunctions/arm_jensenshannon_distance_f16.c:120:55
	vmul.f16	s0, s0, s2
.Ltmp402:
	@DEBUG_VALUE: arm_sqrt_f32:pOut <- undef
	@DEBUG_VALUE: arm_sqrt_f32:in <- undef
	@DEBUG_VALUE: arm_sqrt_f16:pOut <- undef
	@DEBUG_VALUE: arm_sqrt_f16:in <- $s0
	.loc	12 238 9                        @ ../../../../Library/CMSIS/DSP/Include\dsp/fast_math_functions.h:238:9
	vcmp.f16	s0, #0
	vmrs	APSR_nzcv, fpscr
	bge	.LBB7_8
.Ltmp403:
@ %bb.7:
	@DEBUG_VALUE: arm_sqrt_f16:in <- $s0
	@DEBUG_VALUE: vecAddAcrossF16Mve:tmpVec <- $q1
	@DEBUG_VALUE: arm_jensenshannon_distance_f16:blockSize <- [DW_OP_LLVM_entry_value 1] $r2
	@DEBUG_VALUE: arm_jensenshannon_distance_f16:accumV <- $q7
	.loc	12 0 9 is_stmt 0                @ ../../../../Library/CMSIS/DSP/Include\dsp/fast_math_functions.h:0:9
	vldr.16	s0, .LCPI7_0
.Ltmp404:
	b	.LBB7_9
.Ltmp405:
.LBB7_8:
	@DEBUG_VALUE: arm_sqrt_f16:in <- $s0
	@DEBUG_VALUE: arm_jensenshannon_distance_f16:blockSize <- [DW_OP_LLVM_entry_value 1] $r2
	@DEBUG_VALUE: arm_jensenshannon_distance_f16:accumV <- $q7
	.loc	13 65 25 is_stmt 1              @ ../../../../Library/CMSIS/DSP/Include\dsp/fast_math_functions_f16.h:65:25
	vcvtb.f32.f16	s0, s0
.Ltmp406:
	@DEBUG_VALUE: __sqrtf:f <- $s0
	@DEBUG_VALUE: _sqrtf:__x <- $s0
	@DEBUG_VALUE: arm_sqrt_f32:in <- $s0
	.loc	14 415 7                        @ C:\Keil_v5\ARM\ARMCLANG\Bin\..\include\math.h:415:7
	@APP
	vsqrt.f32	s0, s0
	@NO_APP
.Ltmp407:
	@DEBUG_VALUE: __sqrtf:f <- $s0
	.loc	13 66 11                        @ ../../../../Library/CMSIS/DSP/Include\dsp/fast_math_functions_f16.h:66:11
	vcvtb.f16.f32	s0, s0
.Ltmp408:
.LBB7_9:
	@DEBUG_VALUE: arm_jensenshannon_distance_f16:blockSize <- [DW_OP_LLVM_entry_value 1] $r2
	@DEBUG_VALUE: arm_jensenshannon_distance_f16:accumV <- $q7
	@DEBUG_VALUE: arm_sqrt_f16:r <- undef
	@DEBUG_VALUE: arm_sqrt_f16:status <- undef
	@DEBUG_VALUE: arm_jensenshannon_distance_f16:tmp <- $s0
	.loc	17 121 5 epilogue_begin         @ C:/Keil_v5/Packs/ARM/CMSIS-DSP/1.15.0/Source/DistanceFunctions/arm_jensenshannon_distance_f16.c:121:5
	add	sp, #304
	vpop	{d8, d9, d10, d11, d12, d13, d14, d15}
.Ltmp409:
	add	sp, #4
	pop.w	{r4, r5, r6, r7, r8, r9, r10, r11, pc}
.Ltmp410:
	.p2align	1
@ %bb.10:
	.loc	17 0 5 is_stmt 0                @ C:/Keil_v5/Packs/ARM/CMSIS-DSP/1.15.0/Source/DistanceFunctions/arm_jensenshannon_distance_f16.c:0:5
.LCPI7_0:
	.short	0x0000                          @ half 0
.Lfunc_end7:
	.size	arm_jensenshannon_distance_f16, .Lfunc_end7-arm_jensenshannon_distance_f16
	.cfi_endproc
	.cantunwind
	.fnend
                                        @ -- End function
	.section	.text.arm_minkowski_distance_f16,"ax",%progbits
	.hidden	arm_minkowski_distance_f16      @ -- Begin function arm_minkowski_distance_f16
	.globl	arm_minkowski_distance_f16
	.p2align	2
	.type	arm_minkowski_distance_f16,%function
	.code	16                              @ @arm_minkowski_distance_f16
	.thumb_func
arm_minkowski_distance_f16:
.Lfunc_begin8:
	.file	18 "C:/Keil_v5/Packs/ARM/CMSIS-DSP/1.15.0/Source/DistanceFunctions" "arm_minkowski_distance_f16.c"
	.loc	18 70 0 is_stmt 1               @ C:/Keil_v5/Packs/ARM/CMSIS-DSP/1.15.0/Source/DistanceFunctions/arm_minkowski_distance_f16.c:70:0
	.fnstart
	.cfi_startproc
@ %bb.0:
	@DEBUG_VALUE: arm_minkowski_distance_f16:order <- $r2
	@DEBUG_VALUE: arm_minkowski_distance_f16:blockSize <- $r3
	@DEBUG_VALUE: arm_minkowski_distance_f16:pA <- $r0
	@DEBUG_VALUE: arm_minkowski_distance_f16:pB <- $r1
	.save	{r4, r5, r6, r7, r8, r9, r10, r11, lr}
	push.w	{r4, r5, r6, r7, r8, r9, r10, r11, lr}
	.cfi_def_cfa_offset 36
	.cfi_offset lr, -4
	.cfi_offset r11, -8
	.cfi_offset r10, -12
	.cfi_offset r9, -16
	.cfi_offset r8, -20
	.cfi_offset r7, -24
	.cfi_offset r6, -28
	.cfi_offset r5, -32
	.cfi_offset r4, -36
	.pad	#4
	sub	sp, #4
	.cfi_def_cfa_offset 40
	.vsave	{d8, d9, d10, d11, d12, d13, d14, d15}
	vpush	{d8, d9, d10, d11, d12, d13, d14, d15}
	.cfi_def_cfa_offset 104
	.cfi_offset d15, -48
	.cfi_offset d14, -56
	.cfi_offset d13, -64
	.cfi_offset d12, -72
	.cfi_offset d11, -80
	.cfi_offset d10, -88
	.cfi_offset d9, -96
	.cfi_offset d8, -104
	.pad	#312
	sub	sp, #312
	.cfi_def_cfa_offset 416
.Ltmp411:
	@DEBUG_VALUE: arm_minkowski_distance_f16:blkCnt <- [DW_OP_constu 3, DW_OP_shr, DW_OP_stack_value] $r3
	vmov.i32	q1, #0x0
.Ltmp412:
	@DEBUG_VALUE: arm_minkowski_distance_f16:sumV <- $q1
	movw	r4, :lower16:__logf_lut_f16
	movw	r8, :lower16:exp_tab_f16
	mov	r12, r1
.Ltmp413:
	@DEBUG_VALUE: arm_minkowski_distance_f16:pB <- $r12
	.loc	18 76 24 prologue_end           @ C:/Keil_v5/Packs/ARM/CMSIS-DSP/1.15.0/Source/DistanceFunctions/arm_minkowski_distance_f16.c:76:24
	lsrs	r1, r3, #3
	movt	r4, :upper16:__logf_lut_f16
	movt	r8, :upper16:exp_tab_f16
	.loc	18 77 5                         @ C:/Keil_v5/Packs/ARM/CMSIS-DSP/1.15.0/Source/DistanceFunctions/arm_minkowski_distance_f16.c:77:5
	wls	lr, r1, .LBB8_4
.Ltmp414:
@ %bb.1:
	@DEBUG_VALUE: arm_minkowski_distance_f16:pB <- $r12
	@DEBUG_VALUE: arm_minkowski_distance_f16:sumV <- $q1
	@DEBUG_VALUE: arm_minkowski_distance_f16:blkCnt <- [DW_OP_constu 3, DW_OP_shr, DW_OP_stack_value] $r3
	@DEBUG_VALUE: arm_minkowski_distance_f16:pA <- $r0
	@DEBUG_VALUE: arm_minkowski_distance_f16:blockSize <- $r3
	@DEBUG_VALUE: arm_minkowski_distance_f16:order <- $r2
	@DEBUG_VALUE: arm_minkowski_distance_f16:blkCnt <- $r1
	.loc	18 0 5 is_stmt 0                @ C:/Keil_v5/Packs/ARM/CMSIS-DSP/1.15.0/Source/DistanceFunctions/arm_minkowski_distance_f16.c:0:5
	vldrh.u16	q0, [r4]
	vmov.u16	r4, q0[0]
	vdup.16	q1, r4
.Ltmp415:
	vmov.u16	r5, q0[4]
	vstrw.32	q1, [sp, #280]                  @ 16-byte Spill
	vmov.u16	r6, q0[2]
	vdup.16	q1, r5
	vmov.u16	r9, q0[1]
	vstrw.32	q1, [sp, #264]                  @ 16-byte Spill
	vdup.16	q1, r6
	vmov.u16	r7, q0[6]
	vstrw.32	q1, [sp, #248]                  @ 16-byte Spill
	vmov.u16	r10, q0[5]
	vdup.16	q1, r9
	vmov.u16	r11, q0[3]
	vstrw.32	q1, [sp, #216]                  @ 16-byte Spill
	vmov.u16	r6, q0[7]
	vdup.16	q0, r7
	vstrw.32	q0, [sp, #232]                  @ 16-byte Spill
	vdup.16	q1, r10
	vldrh.u16	q0, [r8]
	vmov.u16	r7, q0[0]
	vstrw.32	q1, [sp, #200]                  @ 16-byte Spill
	vdup.16	q1, r11
	vstrw.32	q1, [sp, #184]                  @ 16-byte Spill
	vmov.u16	r9, q0[6]
	vdup.16	q1, r6
	vmov.u16	r4, q0[4]
	vstrw.32	q1, [sp, #168]                  @ 16-byte Spill
	vmov.u16	r5, q0[2]
	vdup.16	q1, r7
	vmov.u16	r6, q0[1]
	vstrw.32	q1, [sp, #152]                  @ 16-byte Spill
	vmov.u16	r7, q0[5]
	vdup.16	q1, r4
	vmov.u16	r8, q0[3]
	vstrw.32	q1, [sp, #136]                  @ 16-byte Spill
	vmov.u16	r10, q0[7]
	vdup.16	q0, r9
	vstrw.32	q0, [sp, #104]                  @ 16-byte Spill
	vdup.16	q1, r5
	vstrw.32	q1, [sp, #120]                  @ 16-byte Spill
	vdup.16	q1, r6
	vstrw.32	q1, [sp, #88]                   @ 16-byte Spill
	vdup.16	q1, r7
	vstrw.32	q1, [sp, #72]                   @ 16-byte Spill
	vmov.i32	q1, #0x0
	vmov	s0, r2
	.loc	18 77 5                         @ C:/Keil_v5/Packs/ARM/CMSIS-DSP/1.15.0/Source/DistanceFunctions/arm_minkowski_distance_f16.c:77:5
	lsl.w	r9, r1, #4
	movw	r11, #65521
	vcvt.f32.s32	s0, s0
	add.w	r1, r0, r1, lsl #4
.Ltmp416:
	.loc	18 0 5                          @ C:/Keil_v5/Packs/ARM/CMSIS-DSP/1.15.0/Source/DistanceFunctions/arm_minkowski_distance_f16.c:0:5
	vcvtb.f16.f32	s0, s0
	str	r1, [sp, #4]                    @ 4-byte Spill
	movw	r5, #14732
	vmov.f16	r7, s0
	vdup.16	q0, r8
	vstrw.32	q0, [sp, #56]                   @ 16-byte Spill
	vdup.16	q0, r10
	vstrw.32	q0, [sp, #40]                   @ 16-byte Spill
	vmov.i16	q0, #0xfc00
	vstrw.32	q0, [sp, #24]                   @ 16-byte Spill
	vmvn.i16	q0, #0xd
	vstrw.32	q0, [sp, #8]                    @ 16-byte Spill
	movw	r6, #15813
	movw	r4, #47500
	mov	r1, r12
.Ltmp417:
	.p2align	2
.LBB8_2:                                @ =>This Inner Loop Header: Depth=1
	@DEBUG_VALUE: arm_minkowski_distance_f16:pA <- $r0
	@DEBUG_VALUE: arm_minkowski_distance_f16:blockSize <- $r3
	@DEBUG_VALUE: arm_minkowski_distance_f16:order <- $r2
	@DEBUG_VALUE: arm_minkowski_distance_f16:blkCnt <- undef
	@DEBUG_VALUE: arm_minkowski_distance_f16:pA <- $r0
	@DEBUG_VALUE: arm_minkowski_distance_f16:pB <- $r1
	@DEBUG_VALUE: arm_minkowski_distance_f16:sumV <- $q1
	.loc	18 78 13 is_stmt 1              @ C:/Keil_v5/Packs/ARM/CMSIS-DSP/1.15.0/Source/DistanceFunctions/arm_minkowski_distance_f16.c:78:13
	vldrh.u16	q5, [r0], #16
.Ltmp418:
	@DEBUG_VALUE: arm_minkowski_distance_f16:a <- $q5
	.loc	18 0 13 is_stmt 0               @ C:/Keil_v5/Packs/ARM/CMSIS-DSP/1.15.0/Source/DistanceFunctions/arm_minkowski_distance_f16.c:0:13
	vmov	q7, q1
.Ltmp419:
	@DEBUG_VALUE: arm_minkowski_distance_f16:sumV <- $q7
	@DEBUG_VALUE: arm_minkowski_distance_f16:sumV <- $q7
	@DEBUG_VALUE: arm_minkowski_distance_f16:sumV <- $q7
	.loc	18 79 13 is_stmt 1              @ C:/Keil_v5/Packs/ARM/CMSIS-DSP/1.15.0/Source/DistanceFunctions/arm_minkowski_distance_f16.c:79:13
	vldrh.u16	q6, [r1], #16
.Ltmp420:
	@DEBUG_VALUE: arm_minkowski_distance_f16:b <- $q6
	.loc	18 81 16                        @ C:/Keil_v5/Packs/ARM/CMSIS-DSP/1.15.0/Source/DistanceFunctions/arm_minkowski_distance_f16.c:81:16
	vabd.f16	q5, q5, q6
.Ltmp421:
	@DEBUG_VALUE: vlogq_f16:r <- $q5
	@DEBUG_VALUE: vpowq_f16:n <- undef
	@DEBUG_VALUE: vlogq_f16:vecIn <- $q5
	@DEBUG_VALUE: vpowq_f16:val <- $q5
	@DEBUG_VALUE: arm_minkowski_distance_f16:tmpV <- $q5
	.loc	2 168 5                         @ ../../../../Library/CMSIS/DSP/Include\arm_vec_math_f16.h:168:5
	vshr.s16	q6, q5, #10
.Ltmp422:
	@DEBUG_VALUE: vlogq_f16:n <- undef
	.loc	2 175 15                        @ ../../../../Library/CMSIS/DSP/Include\arm_vec_math_f16.h:175:15
	vldrw.u32	q2, [sp, #264]          @ 16-byte Reload
	.loc	2 168 5                         @ ../../../../Library/CMSIS/DSP/Include\arm_vec_math_f16.h:168:5
	vadd.i16	q0, q6, r11
.Ltmp423:
	@DEBUG_VALUE: vlogq_f16:n <- $q0
	.loc	2 0 5 is_stmt 0                 @ ../../../../Library/CMSIS/DSP/Include\arm_vec_math_f16.h:0:5
	vstrw.32	q0, [sp, #296]                  @ 16-byte Spill
.Ltmp424:
	@DEBUG_VALUE: vlogq_f16:n <- [DW_OP_plus_uconst 296] [$sp+0]
	@DEBUG_VALUE: vlogq_f16:n <- [DW_OP_plus_uconst 296] [$sp+0]
	.loc	2 168 5                         @ ../../../../Library/CMSIS/DSP/Include\arm_vec_math_f16.h:168:5
	vshl.i16	q6, q0, #10
	@DEBUG_VALUE: vlogq_f16:n <- [DW_OP_plus_uconst 296] [$sp+0]
	.loc	2 180 15 is_stmt 1              @ ../../../../Library/CMSIS/DSP/Include\arm_vec_math_f16.h:180:15
	vldrw.u32	q3, [sp, #232]          @ 16-byte Reload
	.loc	2 168 5                         @ ../../../../Library/CMSIS/DSP/Include\arm_vec_math_f16.h:168:5
	vsub.i16	q0, q5, q6
.Ltmp425:
	@DEBUG_VALUE: vlogq_f16:vecTmpFlt1 <- $q0
	@DEBUG_VALUE: vlogq_f16:vecExpUnBiased <- [DW_OP_plus_uconst 296] [$sp+0]
	@DEBUG_VALUE: vlogq_f16:r <- $q0
	.loc	2 175 15                        @ ../../../../Library/CMSIS/DSP/Include\arm_vec_math_f16.h:175:15
	vldrw.u32	q6, [sp, #280]          @ 16-byte Reload
	vfma.f16	q6, q0, q2
.Ltmp426:
	@DEBUG_VALUE: vlogq_f16:vecAcc1 <- [DW_OP_plus_uconst 248] [$sp+0]
	@DEBUG_VALUE: vlogq_f16:vecAcc0 <- $q6
	.loc	2 180 15                        @ ../../../../Library/CMSIS/DSP/Include\arm_vec_math_f16.h:180:15
	vldrw.u32	q2, [sp, #248]          @ 16-byte Reload
	vfma.f16	q2, q0, q3
.Ltmp427:
	@DEBUG_VALUE: vlogq_f16:vecAcc2 <- [DW_OP_plus_uconst 216] [$sp+0]
	@DEBUG_VALUE: vlogq_f16:vecAcc1 <- $q2
	.loc	2 185 15                        @ ../../../../Library/CMSIS/DSP/Include\arm_vec_math_f16.h:185:15
	vldrw.u32	q3, [sp, #216]          @ 16-byte Reload
	.loc	2 214 62                        @ ../../../../Library/CMSIS/DSP/Include\arm_vec_math_f16.h:214:62
	vcmp.f16	eq, q5, zr
	.loc	2 185 15                        @ ../../../../Library/CMSIS/DSP/Include\arm_vec_math_f16.h:185:15
	vldrw.u32	q4, [sp, #200]          @ 16-byte Reload
	vfma.f16	q3, q0, q4
.Ltmp428:
	@DEBUG_VALUE: vlogq_f16:vecAcc3 <- [DW_OP_plus_uconst 184] [$sp+0]
	@DEBUG_VALUE: vlogq_f16:vecAcc2 <- $q3
	.loc	2 190 15                        @ ../../../../Library/CMSIS/DSP/Include\arm_vec_math_f16.h:190:15
	vldrw.u32	q4, [sp, #184]          @ 16-byte Reload
	vldrw.u32	q1, [sp, #168]          @ 16-byte Reload
	vfma.f16	q4, q0, q1
.Ltmp429:
	@DEBUG_VALUE: vlogq_f16:vecAcc3 <- $q4
	.loc	2 135 29                        @ ../../../../Library/CMSIS/DSP/Include\arm_vec_math_f16.h:135:29
	vldrw.u32	q5, [sp, #152]          @ 16-byte Reload
.Ltmp430:
	.loc	2 170 29                        @ ../../../../Library/CMSIS/DSP/Include\arm_vec_math_f16.h:170:29
	vmul.f16	q0, q0, q0
.Ltmp431:
	@DEBUG_VALUE: vlogq_f16:vecTmpFlt0 <- $q0
	@DEBUG_VALUE: vlogq_f16:vecAcc0 <- [DW_OP_plus_uconst 280] [$sp+0]
	.loc	2 0 29 is_stmt 0                @ ../../../../Library/CMSIS/DSP/Include\arm_vec_math_f16.h:0:29
	vmov	q1, q7
.Ltmp432:
	@DEBUG_VALUE: arm_minkowski_distance_f16:sumV <- $q1
	.loc	2 194 15 is_stmt 1              @ ../../../../Library/CMSIS/DSP/Include\arm_vec_math_f16.h:194:15
	vfma.f16	q6, q2, q0
.Ltmp433:
	@DEBUG_VALUE: vlogq_f16:vecAcc0 <- $q6
	.loc	2 138 29                        @ ../../../../Library/CMSIS/DSP/Include\arm_vec_math_f16.h:138:29
	vldrw.u32	q7, [sp, #40]           @ 16-byte Reload
.Ltmp434:
	.loc	2 198 15                        @ ../../../../Library/CMSIS/DSP/Include\arm_vec_math_f16.h:198:15
	vfma.f16	q3, q4, q0
.Ltmp435:
	@DEBUG_VALUE: vlogq_f16:vecAcc2 <- $q3
	.loc	2 137 29                        @ ../../../../Library/CMSIS/DSP/Include\arm_vec_math_f16.h:137:29
	vldrw.u32	q4, [sp, #72]           @ 16-byte Reload
.Ltmp436:
	.loc	2 202 29                        @ ../../../../Library/CMSIS/DSP/Include\arm_vec_math_f16.h:202:29
	vmul.f16	q0, q0, q0
.Ltmp437:
	@DEBUG_VALUE: vlogq_f16:vecTmpFlt0 <- $q0
	.loc	2 207 15                        @ ../../../../Library/CMSIS/DSP/Include\arm_vec_math_f16.h:207:15
	vfma.f16	q6, q3, q0
.Ltmp438:
	@DEBUG_VALUE: vlogq_f16:vecAcc0 <- $q6
	.loc	2 203 25                        @ ../../../../Library/CMSIS/DSP/Include\arm_vec_math_f16.h:203:25
	vldrw.u32	q0, [sp, #296]          @ 16-byte Reload
.Ltmp439:
	@DEBUG_VALUE: vlogq_f16:vecExpUnBiased <- $q0
	@DEBUG_VALUE: vlogq_f16:n <- $q0
	vcvt.f16.s16	q0, q0
.Ltmp440:
	@DEBUG_VALUE: vlogq_f16:vecExpUnBiasedFlt <- $q0
	.loc	2 136 29                        @ ../../../../Library/CMSIS/DSP/Include\arm_vec_math_f16.h:136:29
	vldrw.u32	q3, [sp, #104]          @ 16-byte Reload
.Ltmp441:
	.loc	2 212 15                        @ ../../../../Library/CMSIS/DSP/Include\arm_vec_math_f16.h:212:15
	vfma.f16	q6, q0, r5
.Ltmp442:
	@DEBUG_VALUE: vlogq_f16:vecAcc0 <- $q6
	.loc	2 214 15                        @ ../../../../Library/CMSIS/DSP/Include\arm_vec_math_f16.h:214:15
	vldrw.u32	q0, [sp, #24]           @ 16-byte Reload
.Ltmp443:
	vpsel	q0, q0, q6
.Ltmp444:
	@DEBUG_VALUE: vlogq_f16:vecAcc0 <- $q0
	.loc	2 250 22                        @ ../../../../Library/CMSIS/DSP/Include\arm_vec_math_f16.h:250:22
	vmul.f16	q0, q0, r7
.Ltmp445:
	@DEBUG_VALUE: vexpq_f16:x <- $q0
	.loc	2 222 39                        @ ../../../../Library/CMSIS/DSP/Include\arm_vec_math_f16.h:222:39
	vmul.f16	q6, q0, r6
	.loc	2 223 40                        @ ../../../../Library/CMSIS/DSP/Include\arm_vec_math_f16.h:223:40
	vrintz.f16	q2, q6
.Ltmp446:
	.loc	2 223 27 is_stmt 0              @ ../../../../Library/CMSIS/DSP/Include\arm_vec_math_f16.h:223:27
	vfma.f16	q0, q2, r4
.Ltmp447:
	@DEBUG_VALUE: vtaylor_polyq_f16:x <- $q0
	@DEBUG_VALUE: vexpq_f16:val <- $q0
	.loc	2 135 29 is_stmt 1              @ ../../../../Library/CMSIS/DSP/Include\arm_vec_math_f16.h:135:29
	vldrw.u32	q2, [sp, #136]          @ 16-byte Reload
	vfma.f16	q5, q2, q0
.Ltmp448:
	@DEBUG_VALUE: vtaylor_polyq_f16:A <- $q5
	.loc	2 136 29                        @ ../../../../Library/CMSIS/DSP/Include\arm_vec_math_f16.h:136:29
	vldrw.u32	q2, [sp, #120]          @ 16-byte Reload
	vfma.f16	q2, q3, q0
.Ltmp449:
	@DEBUG_VALUE: vtaylor_polyq_f16:B <- $q2
	.loc	2 137 29                        @ ../../../../Library/CMSIS/DSP/Include\arm_vec_math_f16.h:137:29
	vldrw.u32	q3, [sp, #88]           @ 16-byte Reload
	vfma.f16	q3, q4, q0
.Ltmp450:
	@DEBUG_VALUE: vtaylor_polyq_f16:C <- $q3
	.loc	2 138 29                        @ ../../../../Library/CMSIS/DSP/Include\arm_vec_math_f16.h:138:29
	vldrw.u32	q4, [sp, #56]           @ 16-byte Reload
	vfma.f16	q4, q7, q0
.Ltmp451:
	@DEBUG_VALUE: vtaylor_polyq_f16:D <- $q4
	.loc	2 139 30                        @ ../../../../Library/CMSIS/DSP/Include\arm_vec_math_f16.h:139:30
	vmul.f16	q0, q0, q0
.Ltmp452:
	@DEBUG_VALUE: vtaylor_polyq_f16:x2 <- $q0
	.loc	2 141 58                        @ ../../../../Library/CMSIS/DSP/Include\arm_vec_math_f16.h:141:58
	vfma.f16	q3, q4, q0
.Ltmp453:
	.loc	2 141 37 is_stmt 0              @ ../../../../Library/CMSIS/DSP/Include\arm_vec_math_f16.h:141:37
	vfma.f16	q5, q2, q0
.Ltmp454:
	.loc	2 222 25 is_stmt 1              @ ../../../../Library/CMSIS/DSP/Include\arm_vec_math_f16.h:222:25
	vcvt.s16.f16	q2, q6
.Ltmp455:
	@DEBUG_VALUE: vexpq_f16:m <- $q2
	.loc	2 140 30                        @ ../../../../Library/CMSIS/DSP/Include\arm_vec_math_f16.h:140:30
	vmul.f16	q0, q0, q0
.Ltmp456:
	@DEBUG_VALUE: vtaylor_polyq_f16:x4 <- $q0
	@DEBUG_VALUE: vtaylor_polyq_f16:x2 <- $q0
	.loc	2 141 31                        @ ../../../../Library/CMSIS/DSP/Include\arm_vec_math_f16.h:141:31
	vfma.f16	q5, q3, q0
.Ltmp457:
	@DEBUG_VALUE: vexpq_f16:poly <- $q5
	@DEBUG_VALUE: vtaylor_polyq_f16:res <- $q5
	.loc	2 229 58                        @ ../../../../Library/CMSIS/DSP/Include\arm_vec_math_f16.h:229:58
	vqshl.s16	q0, q2, #10
.Ltmp458:
	.loc	2 231 40                        @ ../../../../Library/CMSIS/DSP/Include\arm_vec_math_f16.h:231:40
	vldrw.u32	q3, [sp, #8]            @ 16-byte Reload
	.loc	2 229 27                        @ ../../../../Library/CMSIS/DSP/Include\arm_vec_math_f16.h:229:27
	vqadd.s16	q0, q5, q0
.Ltmp459:
	@DEBUG_VALUE: vexpq_f16:poly <- $q0
	.loc	2 231 40                        @ ../../../../Library/CMSIS/DSP/Include\arm_vec_math_f16.h:231:40
	vcmp.s16	gt, q3, q2
.Ltmp460:
	@DEBUG_VALUE: vexpq_f16:poly <- undef
	@DEBUG_VALUE: arm_minkowski_distance_f16:tmpV <- undef
	.loc	18 83 16                        @ C:/Keil_v5/Packs/ARM/CMSIS-DSP/1.15.0/Source/DistanceFunctions/arm_minkowski_distance_f16.c:83:16
	vadd.f16	q0, q1, q0
	vpsel	q1, q1, q0
.Ltmp461:
	@DEBUG_VALUE: vtaylor_polyq_f16:coeffs <- undef
	@DEBUG_VALUE: arm_minkowski_distance_f16:sumV <- $q1
	@DEBUG_VALUE: arm_minkowski_distance_f16:pB <- $r1
	@DEBUG_VALUE: arm_minkowski_distance_f16:pA <- $r0
	.loc	18 77 5                         @ C:/Keil_v5/Packs/ARM/CMSIS-DSP/1.15.0/Source/DistanceFunctions/arm_minkowski_distance_f16.c:77:5
	le	lr, .LBB8_2
.Ltmp462:
@ %bb.3:
	@DEBUG_VALUE: arm_minkowski_distance_f16:sumV <- $q1
	@DEBUG_VALUE: arm_minkowski_distance_f16:pB <- $r1
	@DEBUG_VALUE: arm_minkowski_distance_f16:pA <- $r0
	@DEBUG_VALUE: arm_minkowski_distance_f16:blockSize <- $r3
	@DEBUG_VALUE: arm_minkowski_distance_f16:order <- $r2
	.loc	18 0 5 is_stmt 0                @ C:/Keil_v5/Packs/ARM/CMSIS-DSP/1.15.0/Source/DistanceFunctions/arm_minkowski_distance_f16.c:0:5
	ldr	r0, [sp, #4]                    @ 4-byte Reload
.Ltmp463:
	movw	r8, :lower16:exp_tab_f16
	movw	r4, :lower16:__logf_lut_f16
	.loc	18 77 5                         @ C:/Keil_v5/Packs/ARM/CMSIS-DSP/1.15.0/Source/DistanceFunctions/arm_minkowski_distance_f16.c:77:5
	add	r12, r9
	movt	r8, :upper16:exp_tab_f16
	movt	r4, :upper16:__logf_lut_f16
.Ltmp464:
.LBB8_4:
	@DEBUG_VALUE: arm_minkowski_distance_f16:sumV <- $q1
	@DEBUG_VALUE: arm_minkowski_distance_f16:blockSize <- $r3
	@DEBUG_VALUE: arm_minkowski_distance_f16:order <- $r2
	.loc	18 94 24 is_stmt 1              @ C:/Keil_v5/Packs/ARM/CMSIS-DSP/1.15.0/Source/DistanceFunctions/arm_minkowski_distance_f16.c:94:24
	ands	r1, r3, #7
.Ltmp465:
	@DEBUG_VALUE: arm_minkowski_distance_f16:blkCnt <- $r1
	.loc	18 95 9                         @ C:/Keil_v5/Packs/ARM/CMSIS-DSP/1.15.0/Source/DistanceFunctions/arm_minkowski_distance_f16.c:95:9
	beq.w	.LBB8_6
.Ltmp466:
@ %bb.5:
	@DEBUG_VALUE: arm_minkowski_distance_f16:blkCnt <- $r1
	@DEBUG_VALUE: arm_minkowski_distance_f16:sumV <- $q1
	@DEBUG_VALUE: arm_minkowski_distance_f16:blockSize <- $r3
	@DEBUG_VALUE: arm_minkowski_distance_f16:order <- $r2
	.loc	18 96 30                        @ C:/Keil_v5/Packs/ARM/CMSIS-DSP/1.15.0/Source/DistanceFunctions/arm_minkowski_distance_f16.c:96:30
	vctp.16	r1
.Ltmp467:
	@DEBUG_VALUE: p0 <- undef
	.loc	18 0 30 is_stmt 0               @ C:/Keil_v5/Packs/ARM/CMSIS-DSP/1.15.0/Source/DistanceFunctions/arm_minkowski_distance_f16.c:0:30
	vstr	p0, [sp, #296]                  @ 4-byte Spill
	.loc	18 98 13 is_stmt 1              @ C:/Keil_v5/Packs/ARM/CMSIS-DSP/1.15.0/Source/DistanceFunctions/arm_minkowski_distance_f16.c:98:13
	vpstt	
	vldrht.u16	q0, [r0]
.Ltmp468:
	@DEBUG_VALUE: arm_minkowski_distance_f16:a <- $q0
	.loc	18 99 13                        @ C:/Keil_v5/Packs/ARM/CMSIS-DSP/1.15.0/Source/DistanceFunctions/arm_minkowski_distance_f16.c:99:13
	vldrht.u16	q2, [r12]
.Ltmp469:
	@DEBUG_VALUE: arm_minkowski_distance_f16:b <- $q2
	.loc	18 101 16                       @ C:/Keil_v5/Packs/ARM/CMSIS-DSP/1.15.0/Source/DistanceFunctions/arm_minkowski_distance_f16.c:101:16
	vabd.f16	q0, q0, q2
.Ltmp470:
	@DEBUG_VALUE: arm_minkowski_distance_f16:tmpV <- $q0
	.loc	2 168 5                         @ ../../../../Library/CMSIS/DSP/Include\arm_vec_math_f16.h:168:5
	vshr.s16	q3, q0, #10
	.loc	2 174 27                        @ ../../../../Library/CMSIS/DSP/Include\arm_vec_math_f16.h:174:27
	vldrh.u16	q2, [r4]
.Ltmp471:
	.loc	2 174 15 is_stmt 0              @ ../../../../Library/CMSIS/DSP/Include\arm_vec_math_f16.h:174:15
	vmov.u16	r12, q2[0]
	movw	r7, #65521
.Ltmp472:
	@DEBUG_VALUE: vlogq_f16:n <- undef
	.loc	2 168 5 is_stmt 1               @ ../../../../Library/CMSIS/DSP/Include\arm_vec_math_f16.h:168:5
	vadd.i16	q3, q3, r7
.Ltmp473:
	@DEBUG_VALUE: vlogq_f16:n <- $q3
	.loc	2 179 15                        @ ../../../../Library/CMSIS/DSP/Include\arm_vec_math_f16.h:179:15
	vmov.u16	r3, q2[2]
.Ltmp474:
	@DEBUG_VALUE: arm_minkowski_distance_f16:blockSize <- [DW_OP_LLVM_entry_value 1] $r3
	.loc	2 168 5                         @ ../../../../Library/CMSIS/DSP/Include\arm_vec_math_f16.h:168:5
	vshl.i16	q4, q3, #10
	.loc	2 184 15                        @ ../../../../Library/CMSIS/DSP/Include\arm_vec_math_f16.h:184:15
	vmov.u16	r5, q2[1]
	.loc	2 168 5                         @ ../../../../Library/CMSIS/DSP/Include\arm_vec_math_f16.h:168:5
	vsub.i16	q4, q0, q4
.Ltmp475:
	@DEBUG_VALUE: vlogq_f16:vecTmpFlt1 <- $q4
	@DEBUG_VALUE: vlogq_f16:vecExpUnBiased <- $q3
	@DEBUG_VALUE: vlogq_f16:r <- $q4
	.loc	2 189 15                        @ ../../../../Library/CMSIS/DSP/Include\arm_vec_math_f16.h:189:15
	vmov.u16	r4, q2[3]
	.loc	2 179 15                        @ ../../../../Library/CMSIS/DSP/Include\arm_vec_math_f16.h:179:15
	vdup.16	q5, r3
.Ltmp476:
	@DEBUG_VALUE: vlogq_f16:vecAcc1 <- $q5
	.loc	2 175 15                        @ ../../../../Library/CMSIS/DSP/Include\arm_vec_math_f16.h:175:15
	vmov.u16	r1, q2[4]
.Ltmp477:
	.loc	2 184 15                        @ ../../../../Library/CMSIS/DSP/Include\arm_vec_math_f16.h:184:15
	vdup.16	q6, r5
.Ltmp478:
	@DEBUG_VALUE: vlogq_f16:vecAcc2 <- $q6
	.loc	2 180 15                        @ ../../../../Library/CMSIS/DSP/Include\arm_vec_math_f16.h:180:15
	vmov.u16	r6, q2[6]
	.loc	2 189 15                        @ ../../../../Library/CMSIS/DSP/Include\arm_vec_math_f16.h:189:15
	vdup.16	q7, r4
.Ltmp479:
	@DEBUG_VALUE: vlogq_f16:vecAcc3 <- $q7
	.loc	2 185 15                        @ ../../../../Library/CMSIS/DSP/Include\arm_vec_math_f16.h:185:15
	vmov.u16	r7, q2[5]
	.loc	2 190 15                        @ ../../../../Library/CMSIS/DSP/Include\arm_vec_math_f16.h:190:15
	vmov.u16	r0, q2[7]
	.loc	2 174 15                        @ ../../../../Library/CMSIS/DSP/Include\arm_vec_math_f16.h:174:15
	vdup.16	q2, r12
.Ltmp480:
	@DEBUG_VALUE: vlogq_f16:vecAcc0 <- $q2
	.loc	2 175 15                        @ ../../../../Library/CMSIS/DSP/Include\arm_vec_math_f16.h:175:15
	vfma.f16	q2, q4, r1
.Ltmp481:
	@DEBUG_VALUE: vlogq_f16:vecAcc0 <- $q2
	.loc	2 180 15                        @ ../../../../Library/CMSIS/DSP/Include\arm_vec_math_f16.h:180:15
	vfma.f16	q5, q4, r6
.Ltmp482:
	@DEBUG_VALUE: vlogq_f16:vecAcc1 <- $q5
	.loc	2 185 15                        @ ../../../../Library/CMSIS/DSP/Include\arm_vec_math_f16.h:185:15
	vfma.f16	q6, q4, r7
.Ltmp483:
	@DEBUG_VALUE: vlogq_f16:vecAcc2 <- $q6
	.loc	2 190 15                        @ ../../../../Library/CMSIS/DSP/Include\arm_vec_math_f16.h:190:15
	vfma.f16	q7, q4, r0
.Ltmp484:
	@DEBUG_VALUE: vlogq_f16:vecAcc3 <- $q7
	.loc	2 170 29                        @ ../../../../Library/CMSIS/DSP/Include\arm_vec_math_f16.h:170:29
	vmul.f16	q4, q4, q4
.Ltmp485:
	@DEBUG_VALUE: vlogq_f16:vecTmpFlt0 <- $q4
	.loc	2 194 15                        @ ../../../../Library/CMSIS/DSP/Include\arm_vec_math_f16.h:194:15
	vfma.f16	q2, q5, q4
.Ltmp486:
	@DEBUG_VALUE: vlogq_f16:vecAcc0 <- $q2
	.loc	2 198 15                        @ ../../../../Library/CMSIS/DSP/Include\arm_vec_math_f16.h:198:15
	vfma.f16	q6, q7, q4
.Ltmp487:
	@DEBUG_VALUE: vlogq_f16:vecAcc2 <- $q6
	.loc	2 202 29                        @ ../../../../Library/CMSIS/DSP/Include\arm_vec_math_f16.h:202:29
	vmul.f16	q4, q4, q4
.Ltmp488:
	@DEBUG_VALUE: vlogq_f16:vecTmpFlt0 <- $q4
	.loc	2 214 62                        @ ../../../../Library/CMSIS/DSP/Include\arm_vec_math_f16.h:214:62
	vcmp.f16	eq, q0, zr
.Ltmp489:
	.loc	18 102 44                       @ C:/Keil_v5/Packs/ARM/CMSIS-DSP/1.15.0/Source/DistanceFunctions/arm_minkowski_distance_f16.c:102:44
	vmov	s0, r2
.Ltmp490:
	.loc	2 207 15                        @ ../../../../Library/CMSIS/DSP/Include\arm_vec_math_f16.h:207:15
	vfma.f16	q2, q6, q4
.Ltmp491:
	@DEBUG_VALUE: vlogq_f16:vecAcc0 <- $q2
	.loc	2 203 25                        @ ../../../../Library/CMSIS/DSP/Include\arm_vec_math_f16.h:203:25
	vcvt.f16.s16	q3, q3
.Ltmp492:
	@DEBUG_VALUE: vlogq_f16:vecExpUnBiasedFlt <- $q3
	.loc	18 102 44                       @ C:/Keil_v5/Packs/ARM/CMSIS-DSP/1.15.0/Source/DistanceFunctions/arm_minkowski_distance_f16.c:102:44
	vcvt.f32.s32	s0, s0
	movw	r0, #14732
.Ltmp493:
	.loc	2 212 15                        @ ../../../../Library/CMSIS/DSP/Include\arm_vec_math_f16.h:212:15
	vfma.f16	q2, q3, r0
.Ltmp494:
	@DEBUG_VALUE: vlogq_f16:vecAcc0 <- $q2
	.loc	2 214 15                        @ ../../../../Library/CMSIS/DSP/Include\arm_vec_math_f16.h:214:15
	vmov.i16	q3, #0xfc00
.Ltmp495:
	.loc	18 102 44                       @ C:/Keil_v5/Packs/ARM/CMSIS-DSP/1.15.0/Source/DistanceFunctions/arm_minkowski_distance_f16.c:102:44
	vcvtb.f16.f32	s2, s0
.Ltmp496:
	.loc	2 214 15                        @ ../../../../Library/CMSIS/DSP/Include\arm_vec_math_f16.h:214:15
	vpst	
	vmovt	q2, q3
.Ltmp497:
	@DEBUG_VALUE: vlogq_f16:vecAcc0 <- $q2
	.loc	18 102 32                       @ C:/Keil_v5/Packs/ARM/CMSIS-DSP/1.15.0/Source/DistanceFunctions/arm_minkowski_distance_f16.c:102:32
	vmov.f16	r0, s2
.Ltmp498:
	@DEBUG_VALUE: vpowq_f16:n <- undef
	@DEBUG_VALUE: vlogq_f16:vecIn <- undef
	@DEBUG_VALUE: vpowq_f16:val <- undef
	@DEBUG_VALUE: vlogq_f16:r <- undef
	.loc	2 250 22                        @ ../../../../Library/CMSIS/DSP/Include\arm_vec_math_f16.h:250:22
	vmul.f16	q3, q2, r0
	movw	r0, #15813
.Ltmp499:
	@DEBUG_VALUE: vexpq_f16:x <- $q3
	.loc	2 222 39                        @ ../../../../Library/CMSIS/DSP/Include\arm_vec_math_f16.h:222:39
	vmul.f16	q2, q3, r0
	.loc	2 223 40                        @ ../../../../Library/CMSIS/DSP/Include\arm_vec_math_f16.h:223:40
	vrintz.f16	q4, q2
.Ltmp500:
	.loc	2 0 40 is_stmt 0                @ ../../../../Library/CMSIS/DSP/Include\arm_vec_math_f16.h:0:40
	movw	r0, #47500
	.loc	2 223 27                        @ ../../../../Library/CMSIS/DSP/Include\arm_vec_math_f16.h:223:27
	vfma.f16	q3, q4, r0
.Ltmp501:
	@DEBUG_VALUE: vtaylor_polyq_f16:coeffs <- $r8
	@DEBUG_VALUE: vtaylor_polyq_f16:x <- $q3
	@DEBUG_VALUE: vexpq_f16:val <- $q3
	.loc	2 135 63 is_stmt 1              @ ../../../../Library/CMSIS/DSP/Include\arm_vec_math_f16.h:135:63
	vldrh.u16	q4, [r8]
	.loc	2 135 29 is_stmt 0              @ ../../../../Library/CMSIS/DSP/Include\arm_vec_math_f16.h:135:29
	vmov.u16	r0, q4[0]
	.loc	2 136 29 is_stmt 1              @ ../../../../Library/CMSIS/DSP/Include\arm_vec_math_f16.h:136:29
	vmov.u16	r2, q4[2]
.Ltmp502:
	@DEBUG_VALUE: arm_minkowski_distance_f16:order <- [DW_OP_LLVM_entry_value 1] $r2
	vdup.16	q5, r2
.Ltmp503:
	.loc	2 137 29                        @ ../../../../Library/CMSIS/DSP/Include\arm_vec_math_f16.h:137:29
	vmov.u16	r7, q4[1]
	vdup.16	q6, r7
.Ltmp504:
	.loc	2 138 29                        @ ../../../../Library/CMSIS/DSP/Include\arm_vec_math_f16.h:138:29
	vmov.u16	r5, q4[3]
	vdup.16	q7, r5
.Ltmp505:
	.loc	2 135 36                        @ ../../../../Library/CMSIS/DSP/Include\arm_vec_math_f16.h:135:36
	vmov.u16	r1, q4[4]
	.loc	2 136 36                        @ ../../../../Library/CMSIS/DSP/Include\arm_vec_math_f16.h:136:36
	vmov.u16	r3, q4[6]
	.loc	2 137 36                        @ ../../../../Library/CMSIS/DSP/Include\arm_vec_math_f16.h:137:36
	vmov.u16	r6, q4[5]
	.loc	2 138 36                        @ ../../../../Library/CMSIS/DSP/Include\arm_vec_math_f16.h:138:36
	vmov.u16	r4, q4[7]
	.loc	2 135 29                        @ ../../../../Library/CMSIS/DSP/Include\arm_vec_math_f16.h:135:29
	vdup.16	q4, r0
	vfma.f16	q4, q3, r1
.Ltmp506:
	@DEBUG_VALUE: vtaylor_polyq_f16:A <- $q4
	.loc	2 136 29                        @ ../../../../Library/CMSIS/DSP/Include\arm_vec_math_f16.h:136:29
	vfma.f16	q5, q3, r3
.Ltmp507:
	@DEBUG_VALUE: vtaylor_polyq_f16:B <- $q5
	.loc	2 137 29                        @ ../../../../Library/CMSIS/DSP/Include\arm_vec_math_f16.h:137:29
	vfma.f16	q6, q3, r6
.Ltmp508:
	@DEBUG_VALUE: vtaylor_polyq_f16:C <- $q6
	.loc	2 138 29                        @ ../../../../Library/CMSIS/DSP/Include\arm_vec_math_f16.h:138:29
	vfma.f16	q7, q3, r4
.Ltmp509:
	@DEBUG_VALUE: vtaylor_polyq_f16:D <- $q7
	.loc	2 139 30                        @ ../../../../Library/CMSIS/DSP/Include\arm_vec_math_f16.h:139:30
	vmul.f16	q3, q3, q3
.Ltmp510:
	@DEBUG_VALUE: vtaylor_polyq_f16:x2 <- $q3
	.loc	2 141 58                        @ ../../../../Library/CMSIS/DSP/Include\arm_vec_math_f16.h:141:58
	vfma.f16	q6, q7, q3
.Ltmp511:
	.loc	2 141 37 is_stmt 0              @ ../../../../Library/CMSIS/DSP/Include\arm_vec_math_f16.h:141:37
	vfma.f16	q4, q5, q3
.Ltmp512:
	.loc	2 231 40 is_stmt 1              @ ../../../../Library/CMSIS/DSP/Include\arm_vec_math_f16.h:231:40
	vmvn.i16	q5, #0xd
.Ltmp513:
	.loc	2 222 25                        @ ../../../../Library/CMSIS/DSP/Include\arm_vec_math_f16.h:222:25
	vcvt.s16.f16	q2, q2
.Ltmp514:
	@DEBUG_VALUE: vexpq_f16:m <- $q2
	.loc	2 140 30                        @ ../../../../Library/CMSIS/DSP/Include\arm_vec_math_f16.h:140:30
	vmul.f16	q3, q3, q3
.Ltmp515:
	@DEBUG_VALUE: vtaylor_polyq_f16:x4 <- $q3
	@DEBUG_VALUE: vtaylor_polyq_f16:x2 <- $q3
	.loc	2 141 31                        @ ../../../../Library/CMSIS/DSP/Include\arm_vec_math_f16.h:141:31
	vfma.f16	q4, q6, q3
.Ltmp516:
	@DEBUG_VALUE: vexpq_f16:poly <- $q4
	@DEBUG_VALUE: vtaylor_polyq_f16:res <- $q4
	.loc	2 229 58                        @ ../../../../Library/CMSIS/DSP/Include\arm_vec_math_f16.h:229:58
	vqshl.s16	q3, q2, #10
.Ltmp517:
	.loc	2 229 27 is_stmt 0              @ ../../../../Library/CMSIS/DSP/Include\arm_vec_math_f16.h:229:27
	vqadd.s16	q3, q4, q3
.Ltmp518:
	@DEBUG_VALUE: vexpq_f16:poly <- $q3
	.loc	18 98 13 is_stmt 1              @ C:/Keil_v5/Packs/ARM/CMSIS-DSP/1.15.0/Source/DistanceFunctions/arm_minkowski_distance_f16.c:98:13
	vmov.i32	q4, #0x0
.Ltmp519:
	.loc	2 231 12                        @ ../../../../Library/CMSIS/DSP/Include\arm_vec_math_f16.h:231:12
	vpt.s16	gt, q5, q2
	vmovt	q3, q4
.Ltmp520:
	@DEBUG_VALUE: vexpq_f16:poly <- $q3
	@DEBUG_VALUE: arm_minkowski_distance_f16:tmpV <- $q3
	.loc	18 103 16                       @ C:/Keil_v5/Packs/ARM/CMSIS-DSP/1.15.0/Source/DistanceFunctions/arm_minkowski_distance_f16.c:103:16
	vldr	p0, [sp, #296]                  @ 4-byte Reload
	vpst	
	vaddt.f16	q1, q1, q3
.Ltmp521:
	@DEBUG_VALUE: arm_minkowski_distance_f16:sumV <- $q1
	.loc	18 0 16 is_stmt 0               @ C:/Keil_v5/Packs/ARM/CMSIS-DSP/1.15.0/Source/DistanceFunctions/arm_minkowski_distance_f16.c:0:16
	b	.LBB8_7
.Ltmp522:
.LBB8_6:
	@DEBUG_VALUE: arm_minkowski_distance_f16:blkCnt <- $r1
	@DEBUG_VALUE: arm_minkowski_distance_f16:sumV <- $q1
	@DEBUG_VALUE: arm_minkowski_distance_f16:blockSize <- $r3
	@DEBUG_VALUE: arm_minkowski_distance_f16:order <- $r2
	.loc	18 106 63 is_stmt 1             @ C:/Keil_v5/Packs/ARM/CMSIS-DSP/1.15.0/Source/DistanceFunctions/arm_minkowski_distance_f16.c:106:63
	vmov	s0, r2
	vcvt.f32.s32	s0, s0
.Ltmp523:
.LBB8_7:
	@DEBUG_VALUE: arm_minkowski_distance_f16:sumV <- $q1
	@DEBUG_VALUE: arm_minkowski_distance_f16:sumV <- $q1
	.loc	18 0 63 is_stmt 0               @ C:/Keil_v5/Packs/ARM/CMSIS-DSP/1.15.0/Source/DistanceFunctions/arm_minkowski_distance_f16.c:0:63
	vmov.f32	s2, #1.000000e+00
	.loc	18 106 61                       @ C:/Keil_v5/Packs/ARM/CMSIS-DSP/1.15.0/Source/DistanceFunctions/arm_minkowski_distance_f16.c:106:61
	vdiv.f32	s1, s2, s0
.Ltmp524:
	@DEBUG_VALUE: vecAddAcrossF16Mve:in <- $q1
	.loc	6 102 14 is_stmt 1              @ ../../../../Library/CMSIS/DSP/Include\arm_helium_utils.h:102:14
	vrev32.16	q2, q1
.Ltmp525:
	@DEBUG_VALUE: vecAddAcrossF16Mve:tmpVec <- $q2
	.loc	6 103 10                        @ ../../../../Library/CMSIS/DSP/Include\arm_helium_utils.h:103:10
	vadd.f16	q1, q1, q2
.Ltmp526:
	@DEBUG_VALUE: vecAddAcrossF16Mve:in <- $q1
	.loc	6 104 28                        @ ../../../../Library/CMSIS/DSP/Include\arm_helium_utils.h:104:28
	vrev64.32	q2, q1
.Ltmp527:
	@DEBUG_VALUE: vecAddAcrossF16Mve:tmpVec <- $q2
	.loc	6 105 10                        @ ../../../../Library/CMSIS/DSP/Include\arm_helium_utils.h:105:10
	vadd.f16	q1, q1, q2
.Ltmp528:
	@DEBUG_VALUE: vecAddAcrossF16Mve:in <- $q1
	.loc	6 106 43                        @ ../../../../Library/CMSIS/DSP/Include\arm_helium_utils.h:106:43
	vadd.f16	s0, s4, s6
.Ltmp529:
	@DEBUG_VALUE: vecAddAcrossF16Mve:acc <- $s0
	.loc	18 106 18 is_stmt 0             @ C:/Keil_v5/Packs/ARM/CMSIS-DSP/1.15.0/Source/DistanceFunctions/arm_minkowski_distance_f16.c:106:18
	vcvtb.f32.f16	s0, s0
	.loc	18 106 13                       @ C:/Keil_v5/Packs/ARM/CMSIS-DSP/1.15.0/Source/DistanceFunctions/arm_minkowski_distance_f16.c:106:13
	bl	__hardfp_powf
.Ltmp530:
	.loc	18 106 12                       @ C:/Keil_v5/Packs/ARM/CMSIS-DSP/1.15.0/Source/DistanceFunctions/arm_minkowski_distance_f16.c:106:12
	vcvtb.f16.f32	s0, s0
	.loc	18 106 5 epilogue_begin         @ C:/Keil_v5/Packs/ARM/CMSIS-DSP/1.15.0/Source/DistanceFunctions/arm_minkowski_distance_f16.c:106:5
	add	sp, #312
	vpop	{d8, d9, d10, d11, d12, d13, d14, d15}
	add	sp, #4
	pop.w	{r4, r5, r6, r7, r8, r9, r10, r11, pc}
.Ltmp531:
.Lfunc_end8:
	.size	arm_minkowski_distance_f16, .Lfunc_end8-arm_minkowski_distance_f16
	.cfi_endproc
	.cantunwind
	.fnend
                                        @ -- End function
	.section	.debug_loc,"",%progbits
.Ldebug_loc0:
	.long	-1
	.long	.Lfunc_begin0                   @   base address
	.long	.Lfunc_begin0-.Lfunc_begin0
	.long	.Ltmp14-.Lfunc_begin0
	.short	1                               @ Loc expr size
	.byte	82                              @ DW_OP_reg2
	.long	.Ltmp14-.Lfunc_begin0
	.long	.Lfunc_end0-.Lfunc_begin0
	.short	4                               @ Loc expr size
	.byte	243                             @ DW_OP_GNU_entry_value
	.byte	1                               @ 1
	.byte	82                              @ DW_OP_reg2
	.byte	159                             @ DW_OP_stack_value
	.long	0
	.long	0
.Ldebug_loc1:
	.long	-1
	.long	.Lfunc_begin0                   @   base address
	.long	.Lfunc_begin0-.Lfunc_begin0
	.long	.Ltmp5-.Lfunc_begin0
	.short	1                               @ Loc expr size
	.byte	80                              @ DW_OP_reg0
	.long	.Ltmp11-.Lfunc_begin0
	.long	.Ltmp13-.Lfunc_begin0
	.short	1                               @ Loc expr size
	.byte	80                              @ DW_OP_reg0
	.long	0
	.long	0
.Ldebug_loc2:
	.long	-1
	.long	.Lfunc_begin0                   @   base address
	.long	.Lfunc_begin0-.Lfunc_begin0
	.long	.Ltmp4-.Lfunc_begin0
	.short	1                               @ Loc expr size
	.byte	81                              @ DW_OP_reg1
	.long	.Ltmp4-.Lfunc_begin0
	.long	.Ltmp6-.Lfunc_begin0
	.short	1                               @ Loc expr size
	.byte	84                              @ DW_OP_reg4
	.long	.Ltmp11-.Lfunc_begin0
	.long	.Ltmp13-.Lfunc_begin0
	.short	1                               @ Loc expr size
	.byte	84                              @ DW_OP_reg4
	.long	0
	.long	0
.Ldebug_loc3:
	.long	-1
	.long	.Lfunc_begin0                   @   base address
	.long	.Ltmp0-.Lfunc_begin0
	.long	.Ltmp2-.Lfunc_begin0
	.short	5                               @ Loc expr size
	.byte	114                             @ DW_OP_breg2
	.byte	0                               @ 0
	.byte	51                              @ DW_OP_lit3
	.byte	37                              @ DW_OP_shr
	.byte	159                             @ DW_OP_stack_value
	.long	.Ltmp2-.Lfunc_begin0
	.long	.Ltmp3-.Lfunc_begin0
	.short	1                               @ Loc expr size
	.byte	84                              @ DW_OP_reg4
	.long	.Ltmp14-.Lfunc_begin0
	.long	.Lfunc_end0-.Lfunc_begin0
	.short	1                               @ Loc expr size
	.byte	82                              @ DW_OP_reg2
	.long	0
	.long	0
.Ldebug_loc4:
	.long	-1
	.long	.Lfunc_begin0                   @   base address
	.long	.Ltmp33-.Lfunc_begin0
	.long	.Ltmp34-.Lfunc_begin0
	.short	3                               @ Loc expr size
	.byte	144                             @ super-register DW_OP_regx
	.byte	128                             @ 256
	.byte	2                               @ 
	.long	0
	.long	0
.Ldebug_loc5:
	.long	-1
	.long	.Lfunc_begin0                   @   base address
	.long	.Ltmp32-.Lfunc_begin0
	.long	.Lfunc_end0-.Lfunc_begin0
	.short	3                               @ Loc expr size
	.byte	144                             @ super-register DW_OP_regx
	.byte	130                             @ 258
	.byte	2                               @ 
	.long	0
	.long	0
.Ldebug_loc6:
	.long	-1
	.long	.Lfunc_begin0                   @   base address
	.long	.Ltmp1-.Lfunc_begin0
	.long	.Ltmp25-.Lfunc_begin0
	.short	10                              @ Loc expr size
	.byte	144                             @ sub-register DW_OP_regx
	.byte	130                             @ 258
	.byte	2                               @ 
	.byte	147                             @ DW_OP_piece
	.byte	8                               @ 8
	.byte	144                             @ sub-register DW_OP_regx
	.byte	131                             @ 259
	.byte	2                               @ 
	.byte	147                             @ DW_OP_piece
	.byte	8                               @ 8
	.long	0
	.long	0
.Ldebug_loc7:
	.long	-1
	.long	.Lfunc_begin0                   @   base address
	.long	.Ltmp1-.Lfunc_begin0
	.long	.Ltmp4-.Lfunc_begin0
	.short	10                              @ Loc expr size
	.byte	144                             @ sub-register DW_OP_regx
	.byte	130                             @ 258
	.byte	2                               @ 
	.byte	147                             @ DW_OP_piece
	.byte	8                               @ 8
	.byte	144                             @ sub-register DW_OP_regx
	.byte	131                             @ 259
	.byte	2                               @ 
	.byte	147                             @ DW_OP_piece
	.byte	8                               @ 8
	.long	.Ltmp4-.Lfunc_begin0
	.long	.Ltmp13-.Lfunc_begin0
	.short	10                              @ Loc expr size
	.byte	144                             @ sub-register DW_OP_regx
	.byte	128                             @ 256
	.byte	2                               @ 
	.byte	147                             @ DW_OP_piece
	.byte	8                               @ 8
	.byte	144                             @ sub-register DW_OP_regx
	.byte	129                             @ 257
	.byte	2                               @ 
	.byte	147                             @ DW_OP_piece
	.byte	8                               @ 8
	.long	.Ltmp23-.Lfunc_begin0
	.long	.Ltmp29-.Lfunc_begin0
	.short	10                              @ Loc expr size
	.byte	144                             @ sub-register DW_OP_regx
	.byte	128                             @ 256
	.byte	2                               @ 
	.byte	147                             @ DW_OP_piece
	.byte	8                               @ 8
	.byte	144                             @ sub-register DW_OP_regx
	.byte	129                             @ 257
	.byte	2                               @ 
	.byte	147                             @ DW_OP_piece
	.byte	8                               @ 8
	.long	0
	.long	0
.Ldebug_loc8:
	.long	-1
	.long	.Lfunc_begin0                   @   base address
	.long	.Ltmp5-.Lfunc_begin0
	.long	.Ltmp8-.Lfunc_begin0
	.short	10                              @ Loc expr size
	.byte	144                             @ sub-register DW_OP_regx
	.byte	132                             @ 260
	.byte	2                               @ 
	.byte	147                             @ DW_OP_piece
	.byte	8                               @ 8
	.byte	144                             @ sub-register DW_OP_regx
	.byte	133                             @ 261
	.byte	2                               @ 
	.byte	147                             @ DW_OP_piece
	.byte	8                               @ 8
	.long	.Ltmp17-.Lfunc_begin0
	.long	.Ltmp20-.Lfunc_begin0
	.short	10                              @ Loc expr size
	.byte	144                             @ sub-register DW_OP_regx
	.byte	132                             @ 260
	.byte	2                               @ 
	.byte	147                             @ DW_OP_piece
	.byte	8                               @ 8
	.byte	144                             @ sub-register DW_OP_regx
	.byte	133                             @ 261
	.byte	2                               @ 
	.byte	147                             @ DW_OP_piece
	.byte	8                               @ 8
	.long	0
	.long	0
.Ldebug_loc9:
	.long	-1
	.long	.Lfunc_begin0                   @   base address
	.long	.Ltmp6-.Lfunc_begin0
	.long	.Ltmp13-.Lfunc_begin0
	.short	10                              @ Loc expr size
	.byte	144                             @ sub-register DW_OP_regx
	.byte	134                             @ 262
	.byte	2                               @ 
	.byte	147                             @ DW_OP_piece
	.byte	8                               @ 8
	.byte	144                             @ sub-register DW_OP_regx
	.byte	135                             @ 263
	.byte	2                               @ 
	.byte	147                             @ DW_OP_piece
	.byte	8                               @ 8
	.long	.Ltmp18-.Lfunc_begin0
	.long	.Ltmp23-.Lfunc_begin0
	.short	10                              @ Loc expr size
	.byte	144                             @ sub-register DW_OP_regx
	.byte	134                             @ 262
	.byte	2                               @ 
	.byte	147                             @ DW_OP_piece
	.byte	8                               @ 8
	.byte	144                             @ sub-register DW_OP_regx
	.byte	135                             @ 263
	.byte	2                               @ 
	.byte	147                             @ DW_OP_piece
	.byte	8                               @ 8
	.long	0
	.long	0
.Ldebug_loc10:
	.long	-1
	.long	.Lfunc_begin0                   @   base address
	.long	.Ltmp7-.Lfunc_begin0
	.long	.Ltmp8-.Lfunc_begin0
	.short	10                              @ Loc expr size
	.byte	144                             @ sub-register DW_OP_regx
	.byte	136                             @ 264
	.byte	2                               @ 
	.byte	147                             @ DW_OP_piece
	.byte	8                               @ 8
	.byte	144                             @ sub-register DW_OP_regx
	.byte	137                             @ 265
	.byte	2                               @ 
	.byte	147                             @ DW_OP_piece
	.byte	8                               @ 8
	.long	.Ltmp8-.Lfunc_begin0
	.long	.Ltmp13-.Lfunc_begin0
	.short	10                              @ Loc expr size
	.byte	144                             @ sub-register DW_OP_regx
	.byte	132                             @ 260
	.byte	2                               @ 
	.byte	147                             @ DW_OP_piece
	.byte	8                               @ 8
	.byte	144                             @ sub-register DW_OP_regx
	.byte	133                             @ 261
	.byte	2                               @ 
	.byte	147                             @ DW_OP_piece
	.byte	8                               @ 8
	.long	.Ltmp19-.Lfunc_begin0
	.long	.Ltmp20-.Lfunc_begin0
	.short	10                              @ Loc expr size
	.byte	144                             @ sub-register DW_OP_regx
	.byte	136                             @ 264
	.byte	2                               @ 
	.byte	147                             @ DW_OP_piece
	.byte	8                               @ 8
	.byte	144                             @ sub-register DW_OP_regx
	.byte	137                             @ 265
	.byte	2                               @ 
	.byte	147                             @ DW_OP_piece
	.byte	8                               @ 8
	.long	.Ltmp20-.Lfunc_begin0
	.long	.Ltmp23-.Lfunc_begin0
	.short	10                              @ Loc expr size
	.byte	144                             @ sub-register DW_OP_regx
	.byte	132                             @ 260
	.byte	2                               @ 
	.byte	147                             @ DW_OP_piece
	.byte	8                               @ 8
	.byte	144                             @ sub-register DW_OP_regx
	.byte	133                             @ 261
	.byte	2                               @ 
	.byte	147                             @ DW_OP_piece
	.byte	8                               @ 8
	.long	0
	.long	0
.Ldebug_loc11:
	.long	-1
	.long	.Lfunc_begin0                   @   base address
	.long	.Ltmp24-.Lfunc_begin0
	.long	.Ltmp28-.Lfunc_begin0
	.short	10                              @ Loc expr size
	.byte	144                             @ sub-register DW_OP_regx
	.byte	132                             @ 260
	.byte	2                               @ 
	.byte	147                             @ DW_OP_piece
	.byte	8                               @ 8
	.byte	144                             @ sub-register DW_OP_regx
	.byte	133                             @ 261
	.byte	2                               @ 
	.byte	147                             @ DW_OP_piece
	.byte	8                               @ 8
	.long	0
	.long	0
.Ldebug_loc12:
	.long	-1
	.long	.Lfunc_begin0                   @   base address
	.long	.Ltmp28-.Lfunc_begin0
	.long	.Lfunc_end0-.Lfunc_begin0
	.short	10                              @ Loc expr size
	.byte	144                             @ sub-register DW_OP_regx
	.byte	132                             @ 260
	.byte	2                               @ 
	.byte	147                             @ DW_OP_piece
	.byte	8                               @ 8
	.byte	144                             @ sub-register DW_OP_regx
	.byte	133                             @ 261
	.byte	2                               @ 
	.byte	147                             @ DW_OP_piece
	.byte	8                               @ 8
	.long	0
	.long	0
.Ldebug_loc13:
	.long	-1
	.long	.Lfunc_begin0                   @   base address
	.long	.Ltmp29-.Lfunc_begin0
	.long	.Ltmp31-.Lfunc_begin0
	.short	10                              @ Loc expr size
	.byte	144                             @ sub-register DW_OP_regx
	.byte	128                             @ 256
	.byte	2                               @ 
	.byte	147                             @ DW_OP_piece
	.byte	8                               @ 8
	.byte	144                             @ sub-register DW_OP_regx
	.byte	129                             @ 257
	.byte	2                               @ 
	.byte	147                             @ DW_OP_piece
	.byte	8                               @ 8
	.long	0
	.long	0
.Ldebug_loc14:
	.long	-1
	.long	.Lfunc_begin1                   @   base address
	.long	.Lfunc_begin1-.Lfunc_begin1
	.long	.Ltmp74-.Lfunc_begin1
	.short	1                               @ Loc expr size
	.byte	82                              @ DW_OP_reg2
	.long	.Ltmp74-.Lfunc_begin1
	.long	.Lfunc_end1-.Lfunc_begin1
	.short	4                               @ Loc expr size
	.byte	243                             @ DW_OP_GNU_entry_value
	.byte	1                               @ 1
	.byte	82                              @ DW_OP_reg2
	.byte	159                             @ DW_OP_stack_value
	.long	0
	.long	0
.Ldebug_loc15:
	.long	-1
	.long	.Lfunc_begin1                   @   base address
	.long	.Lfunc_begin1-.Lfunc_begin1
	.long	.Ltmp43-.Lfunc_begin1
	.short	1                               @ Loc expr size
	.byte	80                              @ DW_OP_reg0
	.long	.Ltmp70-.Lfunc_begin1
	.long	.Ltmp72-.Lfunc_begin1
	.short	1                               @ Loc expr size
	.byte	80                              @ DW_OP_reg0
	.long	0
	.long	0
.Ldebug_loc16:
	.long	-1
	.long	.Lfunc_begin1                   @   base address
	.long	.Lfunc_begin1-.Lfunc_begin1
	.long	.Ltmp42-.Lfunc_begin1
	.short	1                               @ Loc expr size
	.byte	81                              @ DW_OP_reg1
	.long	.Ltmp42-.Lfunc_begin1
	.long	.Ltmp45-.Lfunc_begin1
	.short	1                               @ Loc expr size
	.byte	86                              @ DW_OP_reg6
	.long	.Ltmp70-.Lfunc_begin1
	.long	.Ltmp73-.Lfunc_begin1
	.short	1                               @ Loc expr size
	.byte	86                              @ DW_OP_reg6
	.long	0
	.long	0
.Ldebug_loc17:
	.long	-1
	.long	.Lfunc_begin1                   @   base address
	.long	.Ltmp36-.Lfunc_begin1
	.long	.Ltmp39-.Lfunc_begin1
	.short	5                               @ Loc expr size
	.byte	114                             @ DW_OP_breg2
	.byte	0                               @ 0
	.byte	51                              @ DW_OP_lit3
	.byte	37                              @ DW_OP_shr
	.byte	159                             @ DW_OP_stack_value
	.long	.Ltmp39-.Lfunc_begin1
	.long	.Ltmp41-.Lfunc_begin1
	.short	1                               @ Loc expr size
	.byte	83                              @ DW_OP_reg3
	.long	.Ltmp74-.Lfunc_begin1
	.long	.Lfunc_end1-.Lfunc_begin1
	.short	1                               @ Loc expr size
	.byte	82                              @ DW_OP_reg2
	.long	0
	.long	0
.Ldebug_loc18:
	.long	-1
	.long	.Lfunc_begin1                   @   base address
	.long	.Ltmp37-.Lfunc_begin1
	.long	.Ltmp40-.Lfunc_begin1
	.short	10                              @ Loc expr size
	.byte	144                             @ sub-register DW_OP_regx
	.byte	128                             @ 256
	.byte	2                               @ 
	.byte	147                             @ DW_OP_piece
	.byte	8                               @ 8
	.byte	144                             @ sub-register DW_OP_regx
	.byte	129                             @ 257
	.byte	2                               @ 
	.byte	147                             @ DW_OP_piece
	.byte	8                               @ 8
	.long	.Ltmp42-.Lfunc_begin1
	.long	.Ltmp73-.Lfunc_begin1
	.short	10                              @ Loc expr size
	.byte	144                             @ sub-register DW_OP_regx
	.byte	134                             @ 262
	.byte	2                               @ 
	.byte	147                             @ DW_OP_piece
	.byte	8                               @ 8
	.byte	144                             @ sub-register DW_OP_regx
	.byte	135                             @ 263
	.byte	2                               @ 
	.byte	147                             @ DW_OP_piece
	.byte	8                               @ 8
	.long	.Ltmp103-.Lfunc_begin1
	.long	.Ltmp105-.Lfunc_begin1
	.short	10                              @ Loc expr size
	.byte	144                             @ sub-register DW_OP_regx
	.byte	128                             @ 256
	.byte	2                               @ 
	.byte	147                             @ DW_OP_piece
	.byte	8                               @ 8
	.byte	144                             @ sub-register DW_OP_regx
	.byte	129                             @ 257
	.byte	2                               @ 
	.byte	147                             @ DW_OP_piece
	.byte	8                               @ 8
	.long	0
	.long	0
.Ldebug_loc19:
	.long	-1
	.long	.Lfunc_begin1                   @   base address
	.long	.Ltmp108-.Lfunc_begin1
	.long	.Lfunc_end1-.Lfunc_begin1
	.short	3                               @ Loc expr size
	.byte	144                             @ super-register DW_OP_regx
	.byte	128                             @ 256
	.byte	2                               @ 
	.long	0
	.long	0
.Ldebug_loc20:
	.long	-1
	.long	.Lfunc_begin1                   @   base address
	.long	.Ltmp43-.Lfunc_begin1
	.long	.Ltmp44-.Lfunc_begin1
	.short	10                              @ Loc expr size
	.byte	144                             @ sub-register DW_OP_regx
	.byte	140                             @ 268
	.byte	2                               @ 
	.byte	147                             @ DW_OP_piece
	.byte	8                               @ 8
	.byte	144                             @ sub-register DW_OP_regx
	.byte	141                             @ 269
	.byte	2                               @ 
	.byte	147                             @ DW_OP_piece
	.byte	8                               @ 8
	.long	.Ltmp44-.Lfunc_begin1
	.long	.Ltmp68-.Lfunc_begin1
	.short	10                              @ Loc expr size
	.byte	144                             @ sub-register DW_OP_regx
	.byte	138                             @ 266
	.byte	2                               @ 
	.byte	147                             @ DW_OP_piece
	.byte	8                               @ 8
	.byte	144                             @ sub-register DW_OP_regx
	.byte	139                             @ 267
	.byte	2                               @ 
	.byte	147                             @ DW_OP_piece
	.byte	8                               @ 8
	.long	.Ltmp68-.Lfunc_begin1
	.long	.Ltmp69-.Lfunc_begin1
	.short	10                              @ Loc expr size
	.byte	144                             @ sub-register DW_OP_regx
	.byte	130                             @ 258
	.byte	2                               @ 
	.byte	147                             @ DW_OP_piece
	.byte	8                               @ 8
	.byte	144                             @ sub-register DW_OP_regx
	.byte	131                             @ 259
	.byte	2                               @ 
	.byte	147                             @ DW_OP_piece
	.byte	8                               @ 8
	.long	.Ltmp78-.Lfunc_begin1
	.long	.Ltmp79-.Lfunc_begin1
	.short	10                              @ Loc expr size
	.byte	144                             @ sub-register DW_OP_regx
	.byte	130                             @ 258
	.byte	2                               @ 
	.byte	147                             @ DW_OP_piece
	.byte	8                               @ 8
	.byte	144                             @ sub-register DW_OP_regx
	.byte	131                             @ 259
	.byte	2                               @ 
	.byte	147                             @ DW_OP_piece
	.byte	8                               @ 8
	.long	.Ltmp79-.Lfunc_begin1
	.long	.Ltmp101-.Lfunc_begin1
	.short	10                              @ Loc expr size
	.byte	144                             @ sub-register DW_OP_regx
	.byte	136                             @ 264
	.byte	2                               @ 
	.byte	147                             @ DW_OP_piece
	.byte	8                               @ 8
	.byte	144                             @ sub-register DW_OP_regx
	.byte	137                             @ 265
	.byte	2                               @ 
	.byte	147                             @ DW_OP_piece
	.byte	8                               @ 8
	.long	.Ltmp101-.Lfunc_begin1
	.long	.Ltmp103-.Lfunc_begin1
	.short	10                              @ Loc expr size
	.byte	144                             @ sub-register DW_OP_regx
	.byte	138                             @ 266
	.byte	2                               @ 
	.byte	147                             @ DW_OP_piece
	.byte	8                               @ 8
	.byte	144                             @ sub-register DW_OP_regx
	.byte	139                             @ 267
	.byte	2                               @ 
	.byte	147                             @ DW_OP_piece
	.byte	8                               @ 8
	.long	0
	.long	0
.Ldebug_loc21:
	.long	-1
	.long	.Lfunc_begin1                   @   base address
	.long	.Ltmp45-.Lfunc_begin1
	.long	.Ltmp46-.Lfunc_begin1
	.short	10                              @ Loc expr size
	.byte	144                             @ sub-register DW_OP_regx
	.byte	142                             @ 270
	.byte	2                               @ 
	.byte	147                             @ DW_OP_piece
	.byte	8                               @ 8
	.byte	144                             @ sub-register DW_OP_regx
	.byte	143                             @ 271
	.byte	2                               @ 
	.byte	147                             @ DW_OP_piece
	.byte	8                               @ 8
	.long	.Ltmp46-.Lfunc_begin1
	.long	.Ltmp49-.Lfunc_begin1
	.short	10                              @ Loc expr size
	.byte	144                             @ sub-register DW_OP_regx
	.byte	132                             @ 260
	.byte	2                               @ 
	.byte	147                             @ DW_OP_piece
	.byte	8                               @ 8
	.byte	144                             @ sub-register DW_OP_regx
	.byte	133                             @ 261
	.byte	2                               @ 
	.byte	147                             @ DW_OP_piece
	.byte	8                               @ 8
	.long	.Ltmp80-.Lfunc_begin1
	.long	.Ltmp81-.Lfunc_begin1
	.short	10                              @ Loc expr size
	.byte	144                             @ sub-register DW_OP_regx
	.byte	132                             @ 260
	.byte	2                               @ 
	.byte	147                             @ DW_OP_piece
	.byte	8                               @ 8
	.byte	144                             @ sub-register DW_OP_regx
	.byte	133                             @ 261
	.byte	2                               @ 
	.byte	147                             @ DW_OP_piece
	.byte	8                               @ 8
	.long	.Ltmp81-.Lfunc_begin1
	.long	.Ltmp83-.Lfunc_begin1
	.short	10                              @ Loc expr size
	.byte	144                             @ sub-register DW_OP_regx
	.byte	138                             @ 266
	.byte	2                               @ 
	.byte	147                             @ DW_OP_piece
	.byte	8                               @ 8
	.byte	144                             @ sub-register DW_OP_regx
	.byte	139                             @ 267
	.byte	2                               @ 
	.byte	147                             @ DW_OP_piece
	.byte	8                               @ 8
	.long	0
	.long	0
.Ldebug_loc22:
	.long	-1
	.long	.Lfunc_begin1                   @   base address
	.long	.Ltmp48-.Lfunc_begin1
	.long	.Ltmp51-.Lfunc_begin1
	.short	10                              @ Loc expr size
	.byte	144                             @ sub-register DW_OP_regx
	.byte	138                             @ 266
	.byte	2                               @ 
	.byte	147                             @ DW_OP_piece
	.byte	8                               @ 8
	.byte	144                             @ sub-register DW_OP_regx
	.byte	139                             @ 267
	.byte	2                               @ 
	.byte	147                             @ DW_OP_piece
	.byte	8                               @ 8
	.long	.Ltmp51-.Lfunc_begin1
	.long	.Ltmp52-.Lfunc_begin1
	.short	10                              @ Loc expr size
	.byte	144                             @ sub-register DW_OP_regx
	.byte	136                             @ 264
	.byte	2                               @ 
	.byte	147                             @ DW_OP_piece
	.byte	8                               @ 8
	.byte	144                             @ sub-register DW_OP_regx
	.byte	137                             @ 265
	.byte	2                               @ 
	.byte	147                             @ DW_OP_piece
	.byte	8                               @ 8
	.long	.Ltmp52-.Lfunc_begin1
	.long	.Ltmp68-.Lfunc_begin1
	.short	10                              @ Loc expr size
	.byte	144                             @ sub-register DW_OP_regx
	.byte	130                             @ 258
	.byte	2                               @ 
	.byte	147                             @ DW_OP_piece
	.byte	8                               @ 8
	.byte	144                             @ sub-register DW_OP_regx
	.byte	131                             @ 259
	.byte	2                               @ 
	.byte	147                             @ DW_OP_piece
	.byte	8                               @ 8
	.long	0
	.long	0
.Ldebug_loc23:
	.long	-1
	.long	.Lfunc_begin1                   @   base address
	.long	.Ltmp48-.Lfunc_begin1
	.long	.Ltmp71-.Lfunc_begin1
	.short	10                              @ Loc expr size
	.byte	144                             @ sub-register DW_OP_regx
	.byte	138                             @ 266
	.byte	2                               @ 
	.byte	147                             @ DW_OP_piece
	.byte	8                               @ 8
	.byte	144                             @ sub-register DW_OP_regx
	.byte	139                             @ 267
	.byte	2                               @ 
	.byte	147                             @ DW_OP_piece
	.byte	8                               @ 8
	.long	0
	.long	0
.Ldebug_loc24:
	.long	-1
	.long	.Lfunc_begin1                   @   base address
	.long	.Ltmp48-.Lfunc_begin1
	.long	.Ltmp71-.Lfunc_begin1
	.short	10                              @ Loc expr size
	.byte	144                             @ sub-register DW_OP_regx
	.byte	138                             @ 266
	.byte	2                               @ 
	.byte	147                             @ DW_OP_piece
	.byte	8                               @ 8
	.byte	144                             @ sub-register DW_OP_regx
	.byte	139                             @ 267
	.byte	2                               @ 
	.byte	147                             @ DW_OP_piece
	.byte	8                               @ 8
	.long	0
	.long	0
.Ldebug_loc25:
	.long	-1
	.long	.Lfunc_begin1                   @   base address
	.long	.Ltmp50-.Lfunc_begin1
	.long	.Ltmp55-.Lfunc_begin1
	.short	10                              @ Loc expr size
	.byte	144                             @ sub-register DW_OP_regx
	.byte	132                             @ 260
	.byte	2                               @ 
	.byte	147                             @ DW_OP_piece
	.byte	8                               @ 8
	.byte	144                             @ sub-register DW_OP_regx
	.byte	133                             @ 261
	.byte	2                               @ 
	.byte	147                             @ DW_OP_piece
	.byte	8                               @ 8
	.long	0
	.long	0
.Ldebug_loc26:
	.long	-1
	.long	.Lfunc_begin1                   @   base address
	.long	.Ltmp54-.Lfunc_begin1
	.long	.Ltmp69-.Lfunc_begin1
	.short	10                              @ Loc expr size
	.byte	144                             @ sub-register DW_OP_regx
	.byte	140                             @ 268
	.byte	2                               @ 
	.byte	147                             @ DW_OP_piece
	.byte	8                               @ 8
	.byte	144                             @ sub-register DW_OP_regx
	.byte	141                             @ 269
	.byte	2                               @ 
	.byte	147                             @ DW_OP_piece
	.byte	8                               @ 8
	.long	.Ltmp69-.Lfunc_begin1
	.long	.Ltmp73-.Lfunc_begin1
	.short	10                              @ Loc expr size
	.byte	144                             @ sub-register DW_OP_regx
	.byte	130                             @ 258
	.byte	2                               @ 
	.byte	147                             @ DW_OP_piece
	.byte	8                               @ 8
	.byte	144                             @ sub-register DW_OP_regx
	.byte	131                             @ 259
	.byte	2                               @ 
	.byte	147                             @ DW_OP_piece
	.byte	8                               @ 8
	.long	.Ltmp86-.Lfunc_begin1
	.long	.Ltmp103-.Lfunc_begin1
	.short	10                              @ Loc expr size
	.byte	144                             @ sub-register DW_OP_regx
	.byte	130                             @ 258
	.byte	2                               @ 
	.byte	147                             @ DW_OP_piece
	.byte	8                               @ 8
	.byte	144                             @ sub-register DW_OP_regx
	.byte	131                             @ 259
	.byte	2                               @ 
	.byte	147                             @ DW_OP_piece
	.byte	8                               @ 8
	.long	0
	.long	0
.Ldebug_loc27:
	.long	-1
	.long	.Lfunc_begin1                   @   base address
	.long	.Ltmp56-.Lfunc_begin1
	.long	.Ltmp58-.Lfunc_begin1
	.short	10                              @ Loc expr size
	.byte	144                             @ sub-register DW_OP_regx
	.byte	132                             @ 260
	.byte	2                               @ 
	.byte	147                             @ DW_OP_piece
	.byte	8                               @ 8
	.byte	144                             @ sub-register DW_OP_regx
	.byte	133                             @ 261
	.byte	2                               @ 
	.byte	147                             @ DW_OP_piece
	.byte	8                               @ 8
	.long	.Ltmp59-.Lfunc_begin1
	.long	.Ltmp61-.Lfunc_begin1
	.short	10                              @ Loc expr size
	.byte	144                             @ sub-register DW_OP_regx
	.byte	132                             @ 260
	.byte	2                               @ 
	.byte	147                             @ DW_OP_piece
	.byte	8                               @ 8
	.byte	144                             @ sub-register DW_OP_regx
	.byte	133                             @ 261
	.byte	2                               @ 
	.byte	147                             @ DW_OP_piece
	.byte	8                               @ 8
	.long	.Ltmp62-.Lfunc_begin1
	.long	.Ltmp64-.Lfunc_begin1
	.short	10                              @ Loc expr size
	.byte	144                             @ sub-register DW_OP_regx
	.byte	132                             @ 260
	.byte	2                               @ 
	.byte	147                             @ DW_OP_piece
	.byte	8                               @ 8
	.byte	144                             @ sub-register DW_OP_regx
	.byte	133                             @ 261
	.byte	2                               @ 
	.byte	147                             @ DW_OP_piece
	.byte	8                               @ 8
	.long	.Ltmp65-.Lfunc_begin1
	.long	.Ltmp71-.Lfunc_begin1
	.short	10                              @ Loc expr size
	.byte	144                             @ sub-register DW_OP_regx
	.byte	132                             @ 260
	.byte	2                               @ 
	.byte	147                             @ DW_OP_piece
	.byte	8                               @ 8
	.byte	144                             @ sub-register DW_OP_regx
	.byte	133                             @ 261
	.byte	2                               @ 
	.byte	147                             @ DW_OP_piece
	.byte	8                               @ 8
	.long	0
	.long	0
.Ldebug_loc28:
	.long	-1
	.long	.Lfunc_begin1                   @   base address
	.long	.Ltmp82-.Lfunc_begin1
	.long	.Ltmp85-.Lfunc_begin1
	.short	10                              @ Loc expr size
	.byte	144                             @ sub-register DW_OP_regx
	.byte	136                             @ 264
	.byte	2                               @ 
	.byte	147                             @ DW_OP_piece
	.byte	8                               @ 8
	.byte	144                             @ sub-register DW_OP_regx
	.byte	137                             @ 265
	.byte	2                               @ 
	.byte	147                             @ DW_OP_piece
	.byte	8                               @ 8
	.long	.Ltmp85-.Lfunc_begin1
	.long	.Ltmp88-.Lfunc_begin1
	.short	10                              @ Loc expr size
	.byte	144                             @ sub-register DW_OP_regx
	.byte	140                             @ 268
	.byte	2                               @ 
	.byte	147                             @ DW_OP_piece
	.byte	8                               @ 8
	.byte	144                             @ sub-register DW_OP_regx
	.byte	141                             @ 269
	.byte	2                               @ 
	.byte	147                             @ DW_OP_piece
	.byte	8                               @ 8
	.long	.Ltmp88-.Lfunc_begin1
	.long	.Ltmp89-.Lfunc_begin1
	.short	10                              @ Loc expr size
	.byte	144                             @ sub-register DW_OP_regx
	.byte	142                             @ 270
	.byte	2                               @ 
	.byte	147                             @ DW_OP_piece
	.byte	8                               @ 8
	.byte	144                             @ sub-register DW_OP_regx
	.byte	143                             @ 271
	.byte	2                               @ 
	.byte	147                             @ DW_OP_piece
	.byte	8                               @ 8
	.long	.Ltmp89-.Lfunc_begin1
	.long	.Ltmp101-.Lfunc_begin1
	.short	10                              @ Loc expr size
	.byte	144                             @ sub-register DW_OP_regx
	.byte	138                             @ 266
	.byte	2                               @ 
	.byte	147                             @ DW_OP_piece
	.byte	8                               @ 8
	.byte	144                             @ sub-register DW_OP_regx
	.byte	139                             @ 267
	.byte	2                               @ 
	.byte	147                             @ DW_OP_piece
	.byte	8                               @ 8
	.long	0
	.long	0
.Ldebug_loc29:
	.long	-1
	.long	.Lfunc_begin1                   @   base address
	.long	.Ltmp82-.Lfunc_begin1
	.long	.Ltmp103-.Lfunc_begin1
	.short	10                              @ Loc expr size
	.byte	144                             @ sub-register DW_OP_regx
	.byte	136                             @ 264
	.byte	2                               @ 
	.byte	147                             @ DW_OP_piece
	.byte	8                               @ 8
	.byte	144                             @ sub-register DW_OP_regx
	.byte	137                             @ 265
	.byte	2                               @ 
	.byte	147                             @ DW_OP_piece
	.byte	8                               @ 8
	.long	0
	.long	0
.Ldebug_loc30:
	.long	-1
	.long	.Lfunc_begin1                   @   base address
	.long	.Ltmp82-.Lfunc_begin1
	.long	.Ltmp103-.Lfunc_begin1
	.short	10                              @ Loc expr size
	.byte	144                             @ sub-register DW_OP_regx
	.byte	136                             @ 264
	.byte	2                               @ 
	.byte	147                             @ DW_OP_piece
	.byte	8                               @ 8
	.byte	144                             @ sub-register DW_OP_regx
	.byte	137                             @ 265
	.byte	2                               @ 
	.byte	147                             @ DW_OP_piece
	.byte	8                               @ 8
	.long	0
	.long	0
.Ldebug_loc31:
	.long	-1
	.long	.Lfunc_begin1                   @   base address
	.long	.Ltmp84-.Lfunc_begin1
	.long	.Ltmp89-.Lfunc_begin1
	.short	10                              @ Loc expr size
	.byte	144                             @ sub-register DW_OP_regx
	.byte	138                             @ 266
	.byte	2                               @ 
	.byte	147                             @ DW_OP_piece
	.byte	8                               @ 8
	.byte	144                             @ sub-register DW_OP_regx
	.byte	139                             @ 267
	.byte	2                               @ 
	.byte	147                             @ DW_OP_piece
	.byte	8                               @ 8
	.long	0
	.long	0
.Ldebug_loc32:
	.long	-1
	.long	.Lfunc_begin1                   @   base address
	.long	.Ltmp90-.Lfunc_begin1
	.long	.Ltmp92-.Lfunc_begin1
	.short	10                              @ Loc expr size
	.byte	144                             @ sub-register DW_OP_regx
	.byte	142                             @ 270
	.byte	2                               @ 
	.byte	147                             @ DW_OP_piece
	.byte	8                               @ 8
	.byte	144                             @ sub-register DW_OP_regx
	.byte	143                             @ 271
	.byte	2                               @ 
	.byte	147                             @ DW_OP_piece
	.byte	8                               @ 8
	.long	.Ltmp93-.Lfunc_begin1
	.long	.Ltmp95-.Lfunc_begin1
	.short	10                              @ Loc expr size
	.byte	144                             @ sub-register DW_OP_regx
	.byte	142                             @ 270
	.byte	2                               @ 
	.byte	147                             @ DW_OP_piece
	.byte	8                               @ 8
	.byte	144                             @ sub-register DW_OP_regx
	.byte	143                             @ 271
	.byte	2                               @ 
	.byte	147                             @ DW_OP_piece
	.byte	8                               @ 8
	.long	.Ltmp96-.Lfunc_begin1
	.long	.Ltmp98-.Lfunc_begin1
	.short	10                              @ Loc expr size
	.byte	144                             @ sub-register DW_OP_regx
	.byte	142                             @ 270
	.byte	2                               @ 
	.byte	147                             @ DW_OP_piece
	.byte	8                               @ 8
	.byte	144                             @ sub-register DW_OP_regx
	.byte	143                             @ 271
	.byte	2                               @ 
	.byte	147                             @ DW_OP_piece
	.byte	8                               @ 8
	.long	.Ltmp98-.Lfunc_begin1
	.long	.Ltmp103-.Lfunc_begin1
	.short	10                              @ Loc expr size
	.byte	144                             @ sub-register DW_OP_regx
	.byte	140                             @ 268
	.byte	2                               @ 
	.byte	147                             @ DW_OP_piece
	.byte	8                               @ 8
	.byte	144                             @ sub-register DW_OP_regx
	.byte	141                             @ 269
	.byte	2                               @ 
	.byte	147                             @ DW_OP_piece
	.byte	8                               @ 8
	.long	0
	.long	0
.Ldebug_loc33:
	.long	-1
	.long	.Lfunc_begin1                   @   base address
	.long	.Ltmp104-.Lfunc_begin1
	.long	.Lfunc_end1-.Lfunc_begin1
	.short	10                              @ Loc expr size
	.byte	144                             @ sub-register DW_OP_regx
	.byte	130                             @ 258
	.byte	2                               @ 
	.byte	147                             @ DW_OP_piece
	.byte	8                               @ 8
	.byte	144                             @ sub-register DW_OP_regx
	.byte	131                             @ 259
	.byte	2                               @ 
	.byte	147                             @ DW_OP_piece
	.byte	8                               @ 8
	.long	0
	.long	0
.Ldebug_loc34:
	.long	-1
	.long	.Lfunc_begin2                   @   base address
	.long	.Lfunc_begin2-.Lfunc_begin2
	.long	.Ltmp122-.Lfunc_begin2
	.short	1                               @ Loc expr size
	.byte	82                              @ DW_OP_reg2
	.long	.Ltmp122-.Lfunc_begin2
	.long	.Ltmp130-.Lfunc_begin2
	.short	4                               @ Loc expr size
	.byte	243                             @ DW_OP_GNU_entry_value
	.byte	1                               @ 1
	.byte	82                              @ DW_OP_reg2
	.byte	159                             @ DW_OP_stack_value
	.long	0
	.long	0
.Ldebug_loc35:
	.long	-1
	.long	.Lfunc_begin2                   @   base address
	.long	.Lfunc_begin2-.Lfunc_begin2
	.long	.Ltmp121-.Lfunc_begin2
	.short	1                               @ Loc expr size
	.byte	80                              @ DW_OP_reg0
	.long	0
	.long	0
.Ldebug_loc36:
	.long	-1
	.long	.Lfunc_begin2                   @   base address
	.long	.Lfunc_begin2-.Lfunc_begin2
	.long	.Ltmp115-.Lfunc_begin2
	.short	1                               @ Loc expr size
	.byte	81                              @ DW_OP_reg1
	.long	.Ltmp115-.Lfunc_begin2
	.long	.Ltmp121-.Lfunc_begin2
	.short	1                               @ Loc expr size
	.byte	84                              @ DW_OP_reg4
	.long	0
	.long	0
.Ldebug_loc37:
	.long	-1
	.long	.Lfunc_begin2                   @   base address
	.long	.Ltmp110-.Lfunc_begin2
	.long	.Ltmp113-.Lfunc_begin2
	.short	5                               @ Loc expr size
	.byte	114                             @ DW_OP_breg2
	.byte	0                               @ 0
	.byte	51                              @ DW_OP_lit3
	.byte	37                              @ DW_OP_shr
	.byte	159                             @ DW_OP_stack_value
	.long	.Ltmp113-.Lfunc_begin2
	.long	.Ltmp115-.Lfunc_begin2
	.short	1                               @ Loc expr size
	.byte	84                              @ DW_OP_reg4
	.long	.Ltmp122-.Lfunc_begin2
	.long	.Ltmp130-.Lfunc_begin2
	.short	1                               @ Loc expr size
	.byte	82                              @ DW_OP_reg2
	.long	0
	.long	0
.Ldebug_loc38:
	.long	-1
	.long	.Lfunc_begin2                   @   base address
	.long	.Ltmp111-.Lfunc_begin2
	.long	.Ltmp114-.Lfunc_begin2
	.short	10                              @ Loc expr size
	.byte	144                             @ sub-register DW_OP_regx
	.byte	128                             @ 256
	.byte	2                               @ 
	.byte	147                             @ DW_OP_piece
	.byte	8                               @ 8
	.byte	144                             @ sub-register DW_OP_regx
	.byte	129                             @ 257
	.byte	2                               @ 
	.byte	147                             @ DW_OP_piece
	.byte	8                               @ 8
	.long	.Ltmp115-.Lfunc_begin2
	.long	.Ltmp129-.Lfunc_begin2
	.short	10                              @ Loc expr size
	.byte	144                             @ sub-register DW_OP_regx
	.byte	128                             @ 256
	.byte	2                               @ 
	.byte	147                             @ DW_OP_piece
	.byte	8                               @ 8
	.byte	144                             @ sub-register DW_OP_regx
	.byte	129                             @ 257
	.byte	2                               @ 
	.byte	147                             @ DW_OP_piece
	.byte	8                               @ 8
	.long	0
	.long	0
.Ldebug_loc39:
	.long	-1
	.long	.Lfunc_begin2                   @   base address
	.long	.Ltmp116-.Lfunc_begin2
	.long	.Ltmp118-.Lfunc_begin2
	.short	10                              @ Loc expr size
	.byte	144                             @ sub-register DW_OP_regx
	.byte	130                             @ 258
	.byte	2                               @ 
	.byte	147                             @ DW_OP_piece
	.byte	8                               @ 8
	.byte	144                             @ sub-register DW_OP_regx
	.byte	131                             @ 259
	.byte	2                               @ 
	.byte	147                             @ DW_OP_piece
	.byte	8                               @ 8
	.long	.Ltmp125-.Lfunc_begin2
	.long	.Ltmp127-.Lfunc_begin2
	.short	10                              @ Loc expr size
	.byte	144                             @ sub-register DW_OP_regx
	.byte	130                             @ 258
	.byte	2                               @ 
	.byte	147                             @ DW_OP_piece
	.byte	8                               @ 8
	.byte	144                             @ sub-register DW_OP_regx
	.byte	131                             @ 259
	.byte	2                               @ 
	.byte	147                             @ DW_OP_piece
	.byte	8                               @ 8
	.long	0
	.long	0
.Ldebug_loc40:
	.long	-1
	.long	.Lfunc_begin2                   @   base address
	.long	.Ltmp117-.Lfunc_begin2
	.long	.Ltmp121-.Lfunc_begin2
	.short	10                              @ Loc expr size
	.byte	144                             @ sub-register DW_OP_regx
	.byte	132                             @ 260
	.byte	2                               @ 
	.byte	147                             @ DW_OP_piece
	.byte	8                               @ 8
	.byte	144                             @ sub-register DW_OP_regx
	.byte	133                             @ 261
	.byte	2                               @ 
	.byte	147                             @ DW_OP_piece
	.byte	8                               @ 8
	.long	.Ltmp126-.Lfunc_begin2
	.long	.Ltmp128-.Lfunc_begin2
	.short	10                              @ Loc expr size
	.byte	144                             @ sub-register DW_OP_regx
	.byte	132                             @ 260
	.byte	2                               @ 
	.byte	147                             @ DW_OP_piece
	.byte	8                               @ 8
	.byte	144                             @ sub-register DW_OP_regx
	.byte	133                             @ 261
	.byte	2                               @ 
	.byte	147                             @ DW_OP_piece
	.byte	8                               @ 8
	.long	0
	.long	0
.Ldebug_loc41:
	.long	-1
	.long	.Lfunc_begin3                   @   base address
	.long	.Lfunc_begin3-.Lfunc_begin3
	.long	.Ltmp142-.Lfunc_begin3
	.short	1                               @ Loc expr size
	.byte	82                              @ DW_OP_reg2
	.long	.Ltmp142-.Lfunc_begin3
	.long	.Lfunc_end3-.Lfunc_begin3
	.short	4                               @ Loc expr size
	.byte	243                             @ DW_OP_GNU_entry_value
	.byte	1                               @ 1
	.byte	82                              @ DW_OP_reg2
	.byte	159                             @ DW_OP_stack_value
	.long	0
	.long	0
.Ldebug_loc42:
	.long	-1
	.long	.Lfunc_begin3                   @   base address
	.long	.Lfunc_begin3-.Lfunc_begin3
	.long	.Ltmp136-.Lfunc_begin3
	.short	1                               @ Loc expr size
	.byte	80                              @ DW_OP_reg0
	.long	.Ltmp139-.Lfunc_begin3
	.long	.Ltmp141-.Lfunc_begin3
	.short	1                               @ Loc expr size
	.byte	80                              @ DW_OP_reg0
	.long	0
	.long	0
.Ldebug_loc43:
	.long	-1
	.long	.Lfunc_begin3                   @   base address
	.long	.Lfunc_begin3-.Lfunc_begin3
	.long	.Ltmp135-.Lfunc_begin3
	.short	1                               @ Loc expr size
	.byte	81                              @ DW_OP_reg1
	.long	.Ltmp135-.Lfunc_begin3
	.long	.Ltmp137-.Lfunc_begin3
	.short	1                               @ Loc expr size
	.byte	84                              @ DW_OP_reg4
	.long	.Ltmp139-.Lfunc_begin3
	.long	.Ltmp141-.Lfunc_begin3
	.short	1                               @ Loc expr size
	.byte	84                              @ DW_OP_reg4
	.long	0
	.long	0
.Ldebug_loc44:
	.long	-1
	.long	.Lfunc_begin3                   @   base address
	.long	.Ltmp131-.Lfunc_begin3
	.long	.Ltmp133-.Lfunc_begin3
	.short	5                               @ Loc expr size
	.byte	114                             @ DW_OP_breg2
	.byte	0                               @ 0
	.byte	51                              @ DW_OP_lit3
	.byte	37                              @ DW_OP_shr
	.byte	159                             @ DW_OP_stack_value
	.long	.Ltmp133-.Lfunc_begin3
	.long	.Ltmp135-.Lfunc_begin3
	.short	1                               @ Loc expr size
	.byte	84                              @ DW_OP_reg4
	.long	.Ltmp142-.Lfunc_begin3
	.long	.Lfunc_end3-.Lfunc_begin3
	.short	1                               @ Loc expr size
	.byte	82                              @ DW_OP_reg2
	.long	0
	.long	0
.Ldebug_loc45:
	.long	-1
	.long	.Lfunc_begin3                   @   base address
	.long	.Ltmp132-.Lfunc_begin3
	.long	.Ltmp134-.Lfunc_begin3
	.short	10                              @ Loc expr size
	.byte	144                             @ sub-register DW_OP_regx
	.byte	128                             @ 256
	.byte	2                               @ 
	.byte	147                             @ DW_OP_piece
	.byte	8                               @ 8
	.byte	144                             @ sub-register DW_OP_regx
	.byte	129                             @ 257
	.byte	2                               @ 
	.byte	147                             @ DW_OP_piece
	.byte	8                               @ 8
	.long	.Ltmp135-.Lfunc_begin3
	.long	.Ltmp150-.Lfunc_begin3
	.short	10                              @ Loc expr size
	.byte	144                             @ sub-register DW_OP_regx
	.byte	128                             @ 256
	.byte	2                               @ 
	.byte	147                             @ DW_OP_piece
	.byte	8                               @ 8
	.byte	144                             @ sub-register DW_OP_regx
	.byte	129                             @ 257
	.byte	2                               @ 
	.byte	147                             @ DW_OP_piece
	.byte	8                               @ 8
	.long	0
	.long	0
.Ldebug_loc46:
	.long	-1
	.long	.Lfunc_begin3                   @   base address
	.long	.Ltmp136-.Lfunc_begin3
	.long	.Ltmp138-.Lfunc_begin3
	.short	10                              @ Loc expr size
	.byte	144                             @ sub-register DW_OP_regx
	.byte	130                             @ 258
	.byte	2                               @ 
	.byte	147                             @ DW_OP_piece
	.byte	8                               @ 8
	.byte	144                             @ sub-register DW_OP_regx
	.byte	131                             @ 259
	.byte	2                               @ 
	.byte	147                             @ DW_OP_piece
	.byte	8                               @ 8
	.long	.Ltmp145-.Lfunc_begin3
	.long	.Ltmp147-.Lfunc_begin3
	.short	10                              @ Loc expr size
	.byte	144                             @ sub-register DW_OP_regx
	.byte	130                             @ 258
	.byte	2                               @ 
	.byte	147                             @ DW_OP_piece
	.byte	8                               @ 8
	.byte	144                             @ sub-register DW_OP_regx
	.byte	131                             @ 259
	.byte	2                               @ 
	.byte	147                             @ DW_OP_piece
	.byte	8                               @ 8
	.long	0
	.long	0
.Ldebug_loc47:
	.long	-1
	.long	.Lfunc_begin3                   @   base address
	.long	.Ltmp137-.Lfunc_begin3
	.long	.Ltmp141-.Lfunc_begin3
	.short	10                              @ Loc expr size
	.byte	144                             @ sub-register DW_OP_regx
	.byte	132                             @ 260
	.byte	2                               @ 
	.byte	147                             @ DW_OP_piece
	.byte	8                               @ 8
	.byte	144                             @ sub-register DW_OP_regx
	.byte	133                             @ 261
	.byte	2                               @ 
	.byte	147                             @ DW_OP_piece
	.byte	8                               @ 8
	.long	.Ltmp146-.Lfunc_begin3
	.long	.Ltmp148-.Lfunc_begin3
	.short	10                              @ Loc expr size
	.byte	144                             @ sub-register DW_OP_regx
	.byte	132                             @ 260
	.byte	2                               @ 
	.byte	147                             @ DW_OP_piece
	.byte	8                               @ 8
	.byte	144                             @ sub-register DW_OP_regx
	.byte	133                             @ 261
	.byte	2                               @ 
	.byte	147                             @ DW_OP_piece
	.byte	8                               @ 8
	.long	0
	.long	0
.Ldebug_loc48:
	.long	-1
	.long	.Lfunc_begin3                   @   base address
	.long	.Ltmp138-.Lfunc_begin3
	.long	.Ltmp141-.Lfunc_begin3
	.short	10                              @ Loc expr size
	.byte	144                             @ sub-register DW_OP_regx
	.byte	130                             @ 258
	.byte	2                               @ 
	.byte	147                             @ DW_OP_piece
	.byte	8                               @ 8
	.byte	144                             @ sub-register DW_OP_regx
	.byte	131                             @ 259
	.byte	2                               @ 
	.byte	147                             @ DW_OP_piece
	.byte	8                               @ 8
	.long	.Ltmp147-.Lfunc_begin3
	.long	.Ltmp148-.Lfunc_begin3
	.short	10                              @ Loc expr size
	.byte	144                             @ sub-register DW_OP_regx
	.byte	130                             @ 258
	.byte	2                               @ 
	.byte	147                             @ DW_OP_piece
	.byte	8                               @ 8
	.byte	144                             @ sub-register DW_OP_regx
	.byte	131                             @ 259
	.byte	2                               @ 
	.byte	147                             @ DW_OP_piece
	.byte	8                               @ 8
	.long	0
	.long	0
.Ldebug_loc49:
	.long	-1
	.long	.Lfunc_begin3                   @   base address
	.long	.Ltmp149-.Lfunc_begin3
	.long	.Lfunc_end3-.Lfunc_begin3
	.short	10                              @ Loc expr size
	.byte	144                             @ sub-register DW_OP_regx
	.byte	130                             @ 258
	.byte	2                               @ 
	.byte	147                             @ DW_OP_piece
	.byte	8                               @ 8
	.byte	144                             @ sub-register DW_OP_regx
	.byte	131                             @ 259
	.byte	2                               @ 
	.byte	147                             @ DW_OP_piece
	.byte	8                               @ 8
	.long	0
	.long	0
.Ldebug_loc50:
	.long	-1
	.long	.Lfunc_begin4                   @   base address
	.long	.Lfunc_begin4-.Lfunc_begin4
	.long	.Ltmp158-.Lfunc_begin4
	.short	1                               @ Loc expr size
	.byte	80                              @ DW_OP_reg0
	.long	.Ltmp158-.Lfunc_begin4
	.long	.Ltmp178-.Lfunc_begin4
	.short	1                               @ Loc expr size
	.byte	86                              @ DW_OP_reg6
	.long	0
	.long	0
.Ldebug_loc51:
	.long	-1
	.long	.Lfunc_begin4                   @   base address
	.long	.Lfunc_begin4-.Lfunc_begin4
	.long	.Ltmp156-.Lfunc_begin4
	.short	1                               @ Loc expr size
	.byte	81                              @ DW_OP_reg1
	.long	.Ltmp156-.Lfunc_begin4
	.long	.Ltmp178-.Lfunc_begin4
	.short	1                               @ Loc expr size
	.byte	85                              @ DW_OP_reg5
	.long	0
	.long	0
.Ldebug_loc52:
	.long	-1
	.long	.Lfunc_begin4                   @   base address
	.long	.Lfunc_begin4-.Lfunc_begin4
	.long	.Ltmp155-.Lfunc_begin4
	.short	1                               @ Loc expr size
	.byte	82                              @ DW_OP_reg2
	.long	.Ltmp155-.Lfunc_begin4
	.long	.Ltmp166-.Lfunc_begin4
	.short	1                               @ Loc expr size
	.byte	84                              @ DW_OP_reg4
	.long	.Ltmp166-.Lfunc_begin4
	.long	.Ltmp167-.Lfunc_begin4
	.short	3                               @ Loc expr size
	.byte	144                             @ super-register DW_OP_regx
	.byte	129                             @ 257
	.byte	2                               @ 
	.long	0
	.long	0
.Ldebug_loc53:
	.long	-1
	.long	.Lfunc_begin4                   @   base address
	.long	.Ltmp173-.Lfunc_begin4
	.long	.Ltmp174-.Lfunc_begin4
	.short	3                               @ Loc expr size
	.byte	144                             @ super-register DW_OP_regx
	.byte	128                             @ 256
	.byte	2                               @ 
	.long	0
	.long	0
.Ldebug_loc54:
	.long	-1
	.long	.Lfunc_begin4                   @   base address
	.long	.Ltmp176-.Lfunc_begin4
	.long	.Ltmp177-.Lfunc_begin4
	.short	3                               @ Loc expr size
	.byte	144                             @ super-register DW_OP_regx
	.byte	129                             @ 257
	.byte	2                               @ 
	.long	0
	.long	0
.Ldebug_loc55:
	.long	-1
	.long	.Lfunc_begin5                   @   base address
	.long	.Lfunc_begin5-.Lfunc_begin5
	.long	.Ltmp182-.Lfunc_begin5
	.short	1                               @ Loc expr size
	.byte	80                              @ DW_OP_reg0
	.long	.Ltmp182-.Lfunc_begin5
	.long	.Ltmp194-.Lfunc_begin5
	.short	1                               @ Loc expr size
	.byte	86                              @ DW_OP_reg6
	.long	0
	.long	0
.Ldebug_loc56:
	.long	-1
	.long	.Lfunc_begin5                   @   base address
	.long	.Lfunc_begin5-.Lfunc_begin5
	.long	.Ltmp180-.Lfunc_begin5
	.short	1                               @ Loc expr size
	.byte	81                              @ DW_OP_reg1
	.long	.Ltmp180-.Lfunc_begin5
	.long	.Ltmp194-.Lfunc_begin5
	.short	1                               @ Loc expr size
	.byte	85                              @ DW_OP_reg5
	.long	0
	.long	0
.Ldebug_loc57:
	.long	-1
	.long	.Lfunc_begin5                   @   base address
	.long	.Lfunc_begin5-.Lfunc_begin5
	.long	.Ltmp179-.Lfunc_begin5
	.short	1                               @ Loc expr size
	.byte	82                              @ DW_OP_reg2
	.long	.Ltmp179-.Lfunc_begin5
	.long	.Ltmp194-.Lfunc_begin5
	.short	1                               @ Loc expr size
	.byte	84                              @ DW_OP_reg4
	.long	0
	.long	0
.Ldebug_loc58:
	.long	-1
	.long	.Lfunc_begin5                   @   base address
	.long	.Ltmp186-.Lfunc_begin5
	.long	.Ltmp188-.Lfunc_begin5
	.short	3                               @ Loc expr size
	.byte	144                             @ super-register DW_OP_regx
	.byte	128                             @ 256
	.byte	2                               @ 
	.long	.Ltmp189-.Lfunc_begin5
	.long	.Ltmp190-.Lfunc_begin5
	.short	3                               @ Loc expr size
	.byte	144                             @ super-register DW_OP_regx
	.byte	128                             @ 256
	.byte	2                               @ 
	.long	0
	.long	0
.Ldebug_loc59:
	.long	-1
	.long	.Lfunc_begin5                   @   base address
	.long	.Ltmp190-.Lfunc_begin5
	.long	.Ltmp191-.Lfunc_begin5
	.short	3                               @ Loc expr size
	.byte	144                             @ super-register DW_OP_regx
	.byte	128                             @ 256
	.byte	2                               @ 
	.long	0
	.long	0
.Ldebug_loc60:
	.long	-1
	.long	.Lfunc_begin5                   @   base address
	.long	.Ltmp192-.Lfunc_begin5
	.long	.Ltmp193-.Lfunc_begin5
	.short	3                               @ Loc expr size
	.byte	144                             @ super-register DW_OP_regx
	.byte	128                             @ 256
	.byte	2                               @ 
	.long	0
	.long	0
.Ldebug_loc61:
	.long	-1
	.long	.Lfunc_begin6                   @   base address
	.long	.Lfunc_begin6-.Lfunc_begin6
	.long	.Ltmp206-.Lfunc_begin6
	.short	1                               @ Loc expr size
	.byte	82                              @ DW_OP_reg2
	.long	.Ltmp206-.Lfunc_begin6
	.long	.Ltmp224-.Lfunc_begin6
	.short	4                               @ Loc expr size
	.byte	243                             @ DW_OP_GNU_entry_value
	.byte	1                               @ 1
	.byte	82                              @ DW_OP_reg2
	.byte	159                             @ DW_OP_stack_value
	.long	0
	.long	0
.Ldebug_loc62:
	.long	-1
	.long	.Lfunc_begin6                   @   base address
	.long	.Lfunc_begin6-.Lfunc_begin6
	.long	.Ltmp200-.Lfunc_begin6
	.short	1                               @ Loc expr size
	.byte	80                              @ DW_OP_reg0
	.long	.Ltmp203-.Lfunc_begin6
	.long	.Ltmp205-.Lfunc_begin6
	.short	1                               @ Loc expr size
	.byte	80                              @ DW_OP_reg0
	.long	0
	.long	0
.Ldebug_loc63:
	.long	-1
	.long	.Lfunc_begin6                   @   base address
	.long	.Lfunc_begin6-.Lfunc_begin6
	.long	.Ltmp199-.Lfunc_begin6
	.short	1                               @ Loc expr size
	.byte	81                              @ DW_OP_reg1
	.long	.Ltmp199-.Lfunc_begin6
	.long	.Ltmp201-.Lfunc_begin6
	.short	1                               @ Loc expr size
	.byte	84                              @ DW_OP_reg4
	.long	.Ltmp203-.Lfunc_begin6
	.long	.Ltmp205-.Lfunc_begin6
	.short	1                               @ Loc expr size
	.byte	84                              @ DW_OP_reg4
	.long	0
	.long	0
.Ldebug_loc64:
	.long	-1
	.long	.Lfunc_begin6                   @   base address
	.long	.Ltmp195-.Lfunc_begin6
	.long	.Ltmp197-.Lfunc_begin6
	.short	5                               @ Loc expr size
	.byte	114                             @ DW_OP_breg2
	.byte	0                               @ 0
	.byte	51                              @ DW_OP_lit3
	.byte	37                              @ DW_OP_shr
	.byte	159                             @ DW_OP_stack_value
	.long	.Ltmp197-.Lfunc_begin6
	.long	.Ltmp199-.Lfunc_begin6
	.short	1                               @ Loc expr size
	.byte	84                              @ DW_OP_reg4
	.long	.Ltmp206-.Lfunc_begin6
	.long	.Ltmp224-.Lfunc_begin6
	.short	1                               @ Loc expr size
	.byte	82                              @ DW_OP_reg2
	.long	0
	.long	0
.Ldebug_loc65:
	.long	-1
	.long	.Lfunc_begin6                   @   base address
	.long	.Ltmp196-.Lfunc_begin6
	.long	.Ltmp198-.Lfunc_begin6
	.short	10                              @ Loc expr size
	.byte	144                             @ sub-register DW_OP_regx
	.byte	128                             @ 256
	.byte	2                               @ 
	.byte	147                             @ DW_OP_piece
	.byte	8                               @ 8
	.byte	144                             @ sub-register DW_OP_regx
	.byte	129                             @ 257
	.byte	2                               @ 
	.byte	147                             @ DW_OP_piece
	.byte	8                               @ 8
	.long	.Ltmp199-.Lfunc_begin6
	.long	.Ltmp214-.Lfunc_begin6
	.short	10                              @ Loc expr size
	.byte	144                             @ sub-register DW_OP_regx
	.byte	128                             @ 256
	.byte	2                               @ 
	.byte	147                             @ DW_OP_piece
	.byte	8                               @ 8
	.byte	144                             @ sub-register DW_OP_regx
	.byte	129                             @ 257
	.byte	2                               @ 
	.byte	147                             @ DW_OP_piece
	.byte	8                               @ 8
	.long	0
	.long	0
.Ldebug_loc66:
	.long	-1
	.long	.Lfunc_begin6                   @   base address
	.long	.Ltmp200-.Lfunc_begin6
	.long	.Ltmp202-.Lfunc_begin6
	.short	10                              @ Loc expr size
	.byte	144                             @ sub-register DW_OP_regx
	.byte	130                             @ 258
	.byte	2                               @ 
	.byte	147                             @ DW_OP_piece
	.byte	8                               @ 8
	.byte	144                             @ sub-register DW_OP_regx
	.byte	131                             @ 259
	.byte	2                               @ 
	.byte	147                             @ DW_OP_piece
	.byte	8                               @ 8
	.long	.Ltmp209-.Lfunc_begin6
	.long	.Ltmp211-.Lfunc_begin6
	.short	10                              @ Loc expr size
	.byte	144                             @ sub-register DW_OP_regx
	.byte	130                             @ 258
	.byte	2                               @ 
	.byte	147                             @ DW_OP_piece
	.byte	8                               @ 8
	.byte	144                             @ sub-register DW_OP_regx
	.byte	131                             @ 259
	.byte	2                               @ 
	.byte	147                             @ DW_OP_piece
	.byte	8                               @ 8
	.long	0
	.long	0
.Ldebug_loc67:
	.long	-1
	.long	.Lfunc_begin6                   @   base address
	.long	.Ltmp201-.Lfunc_begin6
	.long	.Ltmp205-.Lfunc_begin6
	.short	10                              @ Loc expr size
	.byte	144                             @ sub-register DW_OP_regx
	.byte	132                             @ 260
	.byte	2                               @ 
	.byte	147                             @ DW_OP_piece
	.byte	8                               @ 8
	.byte	144                             @ sub-register DW_OP_regx
	.byte	133                             @ 261
	.byte	2                               @ 
	.byte	147                             @ DW_OP_piece
	.byte	8                               @ 8
	.long	.Ltmp210-.Lfunc_begin6
	.long	.Ltmp212-.Lfunc_begin6
	.short	10                              @ Loc expr size
	.byte	144                             @ sub-register DW_OP_regx
	.byte	132                             @ 260
	.byte	2                               @ 
	.byte	147                             @ DW_OP_piece
	.byte	8                               @ 8
	.byte	144                             @ sub-register DW_OP_regx
	.byte	133                             @ 261
	.byte	2                               @ 
	.byte	147                             @ DW_OP_piece
	.byte	8                               @ 8
	.long	0
	.long	0
.Ldebug_loc68:
	.long	-1
	.long	.Lfunc_begin6                   @   base address
	.long	.Ltmp202-.Lfunc_begin6
	.long	.Ltmp205-.Lfunc_begin6
	.short	10                              @ Loc expr size
	.byte	144                             @ sub-register DW_OP_regx
	.byte	130                             @ 258
	.byte	2                               @ 
	.byte	147                             @ DW_OP_piece
	.byte	8                               @ 8
	.byte	144                             @ sub-register DW_OP_regx
	.byte	131                             @ 259
	.byte	2                               @ 
	.byte	147                             @ DW_OP_piece
	.byte	8                               @ 8
	.long	.Ltmp211-.Lfunc_begin6
	.long	.Ltmp212-.Lfunc_begin6
	.short	10                              @ Loc expr size
	.byte	144                             @ sub-register DW_OP_regx
	.byte	130                             @ 258
	.byte	2                               @ 
	.byte	147                             @ DW_OP_piece
	.byte	8                               @ 8
	.byte	144                             @ sub-register DW_OP_regx
	.byte	131                             @ 259
	.byte	2                               @ 
	.byte	147                             @ DW_OP_piece
	.byte	8                               @ 8
	.long	0
	.long	0
.Ldebug_loc69:
	.long	-1
	.long	.Lfunc_begin6                   @   base address
	.long	.Ltmp213-.Lfunc_begin6
	.long	.Ltmp218-.Lfunc_begin6
	.short	10                              @ Loc expr size
	.byte	144                             @ sub-register DW_OP_regx
	.byte	130                             @ 258
	.byte	2                               @ 
	.byte	147                             @ DW_OP_piece
	.byte	8                               @ 8
	.byte	144                             @ sub-register DW_OP_regx
	.byte	131                             @ 259
	.byte	2                               @ 
	.byte	147                             @ DW_OP_piece
	.byte	8                               @ 8
	.long	0
	.long	0
.Ldebug_loc70:
	.long	-1
	.long	.Lfunc_begin6                   @   base address
	.long	.Ltmp221-.Lfunc_begin6
	.long	.Ltmp222-.Lfunc_begin6
	.short	3                               @ Loc expr size
	.byte	144                             @ super-register DW_OP_regx
	.byte	128                             @ 256
	.byte	2                               @ 
	.long	0
	.long	0
.Ldebug_loc71:
	.long	-1
	.long	.Lfunc_begin6                   @   base address
	.long	.Ltmp217-.Lfunc_begin6
	.long	.Ltmp218-.Lfunc_begin6
	.short	3                               @ Loc expr size
	.byte	144                             @ super-register DW_OP_regx
	.byte	128                             @ 256
	.byte	2                               @ 
	.long	.Ltmp220-.Lfunc_begin6
	.long	.Ltmp221-.Lfunc_begin6
	.short	3                               @ Loc expr size
	.byte	144                             @ super-register DW_OP_regx
	.byte	128                             @ 256
	.byte	2                               @ 
	.long	0
	.long	0
.Ldebug_loc72:
	.long	-1
	.long	.Lfunc_begin6                   @   base address
	.long	.Ltmp219-.Lfunc_begin6
	.long	.Ltmp220-.Lfunc_begin6
	.short	3                               @ Loc expr size
	.byte	144                             @ super-register DW_OP_regx
	.byte	128                             @ 256
	.byte	2                               @ 
	.long	.Ltmp223-.Lfunc_begin6
	.long	.Ltmp224-.Lfunc_begin6
	.short	3                               @ Loc expr size
	.byte	144                             @ super-register DW_OP_regx
	.byte	128                             @ 256
	.byte	2                               @ 
	.long	0
	.long	0
.Ldebug_loc73:
	.long	-1
	.long	.Lfunc_begin7                   @   base address
	.long	.Lfunc_begin7-.Lfunc_begin7
	.long	.Ltmp311-.Lfunc_begin7
	.short	1                               @ Loc expr size
	.byte	82                              @ DW_OP_reg2
	.long	.Ltmp311-.Lfunc_begin7
	.long	.Ltmp410-.Lfunc_begin7
	.short	4                               @ Loc expr size
	.byte	243                             @ DW_OP_GNU_entry_value
	.byte	1                               @ 1
	.byte	82                              @ DW_OP_reg2
	.byte	159                             @ DW_OP_stack_value
	.long	0
	.long	0
.Ldebug_loc74:
	.long	-1
	.long	.Lfunc_begin7                   @   base address
	.long	.Lfunc_begin7-.Lfunc_begin7
	.long	.Ltmp232-.Lfunc_begin7
	.short	1                               @ Loc expr size
	.byte	80                              @ DW_OP_reg0
	.long	.Ltmp307-.Lfunc_begin7
	.long	.Ltmp309-.Lfunc_begin7
	.short	1                               @ Loc expr size
	.byte	80                              @ DW_OP_reg0
	.long	0
	.long	0
.Ldebug_loc75:
	.long	-1
	.long	.Lfunc_begin7                   @   base address
	.long	.Lfunc_begin7-.Lfunc_begin7
	.long	.Ltmp231-.Lfunc_begin7
	.short	1                               @ Loc expr size
	.byte	81                              @ DW_OP_reg1
	.long	.Ltmp231-.Lfunc_begin7
	.long	.Ltmp233-.Lfunc_begin7
	.short	1                               @ Loc expr size
	.byte	83                              @ DW_OP_reg3
	.long	.Ltmp307-.Lfunc_begin7
	.long	.Ltmp310-.Lfunc_begin7
	.short	1                               @ Loc expr size
	.byte	83                              @ DW_OP_reg3
	.long	0
	.long	0
.Ldebug_loc76:
	.long	-1
	.long	.Lfunc_begin7                   @   base address
	.long	.Ltmp225-.Lfunc_begin7
	.long	.Ltmp228-.Lfunc_begin7
	.short	5                               @ Loc expr size
	.byte	114                             @ DW_OP_breg2
	.byte	0                               @ 0
	.byte	51                              @ DW_OP_lit3
	.byte	37                              @ DW_OP_shr
	.byte	159                             @ DW_OP_stack_value
	.long	.Ltmp228-.Lfunc_begin7
	.long	.Ltmp230-.Lfunc_begin7
	.short	1                               @ Loc expr size
	.byte	83                              @ DW_OP_reg3
	.long	.Ltmp311-.Lfunc_begin7
	.long	.Ltmp346-.Lfunc_begin7
	.short	1                               @ Loc expr size
	.byte	82                              @ DW_OP_reg2
	.long	0
	.long	0
.Ldebug_loc77:
	.long	-1
	.long	.Lfunc_begin7                   @   base address
	.long	.Ltmp226-.Lfunc_begin7
	.long	.Ltmp229-.Lfunc_begin7
	.short	10                              @ Loc expr size
	.byte	144                             @ sub-register DW_OP_regx
	.byte	142                             @ 270
	.byte	2                               @ 
	.byte	147                             @ DW_OP_piece
	.byte	8                               @ 8
	.byte	144                             @ sub-register DW_OP_regx
	.byte	143                             @ 271
	.byte	2                               @ 
	.byte	147                             @ DW_OP_piece
	.byte	8                               @ 8
	.long	.Ltmp231-.Lfunc_begin7
	.long	.Ltmp239-.Lfunc_begin7
	.short	10                              @ Loc expr size
	.byte	144                             @ sub-register DW_OP_regx
	.byte	142                             @ 270
	.byte	2                               @ 
	.byte	147                             @ DW_OP_piece
	.byte	8                               @ 8
	.byte	144                             @ sub-register DW_OP_regx
	.byte	143                             @ 271
	.byte	2                               @ 
	.byte	147                             @ DW_OP_piece
	.byte	8                               @ 8
	.long	.Ltmp239-.Lfunc_begin7
	.long	.Ltmp240-.Lfunc_begin7
	.short	3                               @ Loc expr size
	.byte	125                             @ DW_OP_breg13
	.byte	144                             @ 272
	.byte	2                               @ 
	.long	.Ltmp240-.Lfunc_begin7
	.long	.Ltmp260-.Lfunc_begin7
	.short	10                              @ Loc expr size
	.byte	144                             @ sub-register DW_OP_regx
	.byte	142                             @ 270
	.byte	2                               @ 
	.byte	147                             @ DW_OP_piece
	.byte	8                               @ 8
	.byte	144                             @ sub-register DW_OP_regx
	.byte	143                             @ 271
	.byte	2                               @ 
	.byte	147                             @ DW_OP_piece
	.byte	8                               @ 8
	.long	.Ltmp266-.Lfunc_begin7
	.long	.Ltmp278-.Lfunc_begin7
	.short	3                               @ Loc expr size
	.byte	125                             @ DW_OP_breg13
	.byte	144                             @ 272
	.byte	2                               @ 
	.long	.Ltmp278-.Lfunc_begin7
	.long	.Ltmp343-.Lfunc_begin7
	.short	10                              @ Loc expr size
	.byte	144                             @ sub-register DW_OP_regx
	.byte	142                             @ 270
	.byte	2                               @ 
	.byte	147                             @ DW_OP_piece
	.byte	8                               @ 8
	.byte	144                             @ sub-register DW_OP_regx
	.byte	143                             @ 271
	.byte	2                               @ 
	.byte	147                             @ DW_OP_piece
	.byte	8                               @ 8
	.long	.Ltmp343-.Lfunc_begin7
	.long	.Ltmp364-.Lfunc_begin7
	.short	3                               @ Loc expr size
	.byte	125                             @ DW_OP_breg13
	.byte	144                             @ 272
	.byte	2                               @ 
	.long	.Ltmp364-.Lfunc_begin7
	.long	.Ltmp409-.Lfunc_begin7
	.short	10                              @ Loc expr size
	.byte	144                             @ sub-register DW_OP_regx
	.byte	142                             @ 270
	.byte	2                               @ 
	.byte	147                             @ DW_OP_piece
	.byte	8                               @ 8
	.byte	144                             @ sub-register DW_OP_regx
	.byte	143                             @ 271
	.byte	2                               @ 
	.byte	147                             @ DW_OP_piece
	.byte	8                               @ 8
	.long	0
	.long	0
.Ldebug_loc78:
	.long	-1
	.long	.Lfunc_begin7                   @   base address
	.long	.Ltmp232-.Lfunc_begin7
	.long	.Ltmp240-.Lfunc_begin7
	.short	10                              @ Loc expr size
	.byte	144                             @ sub-register DW_OP_regx
	.byte	132                             @ 260
	.byte	2                               @ 
	.byte	147                             @ DW_OP_piece
	.byte	8                               @ 8
	.byte	144                             @ sub-register DW_OP_regx
	.byte	133                             @ 261
	.byte	2                               @ 
	.byte	147                             @ DW_OP_piece
	.byte	8                               @ 8
	.long	.Ltmp240-.Lfunc_begin7
	.long	.Ltmp259-.Lfunc_begin7
	.short	10                              @ Loc expr size
	.byte	144                             @ sub-register DW_OP_regx
	.byte	142                             @ 270
	.byte	2                               @ 
	.byte	147                             @ DW_OP_piece
	.byte	8                               @ 8
	.byte	144                             @ sub-register DW_OP_regx
	.byte	143                             @ 271
	.byte	2                               @ 
	.byte	147                             @ DW_OP_piece
	.byte	8                               @ 8
	.long	.Ltmp259-.Lfunc_begin7
	.long	.Ltmp287-.Lfunc_begin7
	.short	3                               @ Loc expr size
	.byte	125                             @ DW_OP_breg13
	.byte	240                             @ 112
	.byte	0                               @ 
	.long	.Ltmp287-.Lfunc_begin7
	.long	.Ltmp291-.Lfunc_begin7
	.short	10                              @ Loc expr size
	.byte	144                             @ sub-register DW_OP_regx
	.byte	136                             @ 264
	.byte	2                               @ 
	.byte	147                             @ DW_OP_piece
	.byte	8                               @ 8
	.byte	144                             @ sub-register DW_OP_regx
	.byte	137                             @ 265
	.byte	2                               @ 
	.byte	147                             @ DW_OP_piece
	.byte	8                               @ 8
	.long	.Ltmp314-.Lfunc_begin7
	.long	.Ltmp315-.Lfunc_begin7
	.short	10                              @ Loc expr size
	.byte	144                             @ sub-register DW_OP_regx
	.byte	132                             @ 260
	.byte	2                               @ 
	.byte	147                             @ DW_OP_piece
	.byte	8                               @ 8
	.byte	144                             @ sub-register DW_OP_regx
	.byte	133                             @ 261
	.byte	2                               @ 
	.byte	147                             @ DW_OP_piece
	.byte	8                               @ 8
	.long	.Ltmp315-.Lfunc_begin7
	.long	.Ltmp342-.Lfunc_begin7
	.short	10                              @ Loc expr size
	.byte	144                             @ sub-register DW_OP_regx
	.byte	140                             @ 268
	.byte	2                               @ 
	.byte	147                             @ DW_OP_piece
	.byte	8                               @ 8
	.byte	144                             @ sub-register DW_OP_regx
	.byte	141                             @ 269
	.byte	2                               @ 
	.byte	147                             @ DW_OP_piece
	.byte	8                               @ 8
	.long	.Ltmp342-.Lfunc_begin7
	.long	.Ltmp377-.Lfunc_begin7
	.short	3                               @ Loc expr size
	.byte	125                             @ DW_OP_breg13
	.byte	240                             @ 240
	.byte	1                               @ 
	.long	.Ltmp377-.Lfunc_begin7
	.long	.Ltmp381-.Lfunc_begin7
	.short	10                              @ Loc expr size
	.byte	144                             @ sub-register DW_OP_regx
	.byte	138                             @ 266
	.byte	2                               @ 
	.byte	147                             @ DW_OP_piece
	.byte	8                               @ 8
	.byte	144                             @ sub-register DW_OP_regx
	.byte	139                             @ 267
	.byte	2                               @ 
	.byte	147                             @ DW_OP_piece
	.byte	8                               @ 8
	.long	0
	.long	0
.Ldebug_loc79:
	.long	-1
	.long	.Lfunc_begin7                   @   base address
	.long	.Ltmp233-.Lfunc_begin7
	.long	.Ltmp235-.Lfunc_begin7
	.short	10                              @ Loc expr size
	.byte	144                             @ sub-register DW_OP_regx
	.byte	128                             @ 256
	.byte	2                               @ 
	.byte	147                             @ DW_OP_piece
	.byte	8                               @ 8
	.byte	144                             @ sub-register DW_OP_regx
	.byte	129                             @ 257
	.byte	2                               @ 
	.byte	147                             @ DW_OP_piece
	.byte	8                               @ 8
	.long	.Ltmp235-.Lfunc_begin7
	.long	.Ltmp272-.Lfunc_begin7
	.short	3                               @ Loc expr size
	.byte	125                             @ DW_OP_breg13
	.byte	160                             @ 288
	.byte	2                               @ 
	.long	.Ltmp272-.Lfunc_begin7
	.long	.Ltmp279-.Lfunc_begin7
	.short	10                              @ Loc expr size
	.byte	144                             @ sub-register DW_OP_regx
	.byte	130                             @ 258
	.byte	2                               @ 
	.byte	147                             @ DW_OP_piece
	.byte	8                               @ 8
	.byte	144                             @ sub-register DW_OP_regx
	.byte	131                             @ 259
	.byte	2                               @ 
	.byte	147                             @ DW_OP_piece
	.byte	8                               @ 8
	.long	.Ltmp279-.Lfunc_begin7
	.long	.Ltmp296-.Lfunc_begin7
	.short	3                               @ Loc expr size
	.byte	125                             @ DW_OP_breg13
	.byte	160                             @ 288
	.byte	2                               @ 
	.long	.Ltmp296-.Lfunc_begin7
	.long	.Ltmp310-.Lfunc_begin7
	.short	10                              @ Loc expr size
	.byte	144                             @ sub-register DW_OP_regx
	.byte	130                             @ 258
	.byte	2                               @ 
	.byte	147                             @ DW_OP_piece
	.byte	8                               @ 8
	.byte	144                             @ sub-register DW_OP_regx
	.byte	131                             @ 259
	.byte	2                               @ 
	.byte	147                             @ DW_OP_piece
	.byte	8                               @ 8
	.long	.Ltmp316-.Lfunc_begin7
	.long	.Ltmp317-.Lfunc_begin7
	.short	10                              @ Loc expr size
	.byte	144                             @ sub-register DW_OP_regx
	.byte	128                             @ 256
	.byte	2                               @ 
	.byte	147                             @ DW_OP_piece
	.byte	8                               @ 8
	.byte	144                             @ sub-register DW_OP_regx
	.byte	129                             @ 257
	.byte	2                               @ 
	.byte	147                             @ DW_OP_piece
	.byte	8                               @ 8
	.long	.Ltmp317-.Lfunc_begin7
	.long	.Ltmp318-.Lfunc_begin7
	.short	3                               @ Loc expr size
	.byte	125                             @ DW_OP_breg13
	.byte	128                             @ 256
	.byte	2                               @ 
	.long	.Ltmp318-.Lfunc_begin7
	.long	.Ltmp319-.Lfunc_begin7
	.short	10                              @ Loc expr size
	.byte	144                             @ sub-register DW_OP_regx
	.byte	128                             @ 256
	.byte	2                               @ 
	.byte	147                             @ DW_OP_piece
	.byte	8                               @ 8
	.byte	144                             @ sub-register DW_OP_regx
	.byte	129                             @ 257
	.byte	2                               @ 
	.byte	147                             @ DW_OP_piece
	.byte	8                               @ 8
	.long	.Ltmp319-.Lfunc_begin7
	.long	.Ltmp359-.Lfunc_begin7
	.short	3                               @ Loc expr size
	.byte	125                             @ DW_OP_breg13
	.byte	128                             @ 256
	.byte	2                               @ 
	.long	.Ltmp359-.Lfunc_begin7
	.long	.Ltmp363-.Lfunc_begin7
	.short	10                              @ Loc expr size
	.byte	144                             @ sub-register DW_OP_regx
	.byte	132                             @ 260
	.byte	2                               @ 
	.byte	147                             @ DW_OP_piece
	.byte	8                               @ 8
	.byte	144                             @ sub-register DW_OP_regx
	.byte	133                             @ 261
	.byte	2                               @ 
	.byte	147                             @ DW_OP_piece
	.byte	8                               @ 8
	.long	.Ltmp372-.Lfunc_begin7
	.long	.Ltmp394-.Lfunc_begin7
	.short	3                               @ Loc expr size
	.byte	125                             @ DW_OP_breg13
	.byte	128                             @ 256
	.byte	2                               @ 
	.long	.Ltmp394-.Lfunc_begin7
	.long	.Ltmp395-.Lfunc_begin7
	.short	10                              @ Loc expr size
	.byte	144                             @ sub-register DW_OP_regx
	.byte	128                             @ 256
	.byte	2                               @ 
	.byte	147                             @ DW_OP_piece
	.byte	8                               @ 8
	.byte	144                             @ sub-register DW_OP_regx
	.byte	129                             @ 257
	.byte	2                               @ 
	.byte	147                             @ DW_OP_piece
	.byte	8                               @ 8
	.long	0
	.long	0
.Ldebug_loc80:
	.long	-1
	.long	.Lfunc_begin7                   @   base address
	.long	.Ltmp234-.Lfunc_begin7
	.long	.Ltmp261-.Lfunc_begin7
	.short	10                              @ Loc expr size
	.byte	144                             @ sub-register DW_OP_regx
	.byte	130                             @ 258
	.byte	2                               @ 
	.byte	147                             @ DW_OP_piece
	.byte	8                               @ 8
	.byte	144                             @ sub-register DW_OP_regx
	.byte	131                             @ 259
	.byte	2                               @ 
	.byte	147                             @ DW_OP_piece
	.byte	8                               @ 8
	.long	.Ltmp318-.Lfunc_begin7
	.long	.Ltmp320-.Lfunc_begin7
	.short	10                              @ Loc expr size
	.byte	144                             @ sub-register DW_OP_regx
	.byte	128                             @ 256
	.byte	2                               @ 
	.byte	147                             @ DW_OP_piece
	.byte	8                               @ 8
	.byte	144                             @ sub-register DW_OP_regx
	.byte	129                             @ 257
	.byte	2                               @ 
	.byte	147                             @ DW_OP_piece
	.byte	8                               @ 8
	.long	.Ltmp320-.Lfunc_begin7
	.long	.Ltmp333-.Lfunc_begin7
	.short	10                              @ Loc expr size
	.byte	144                             @ sub-register DW_OP_regx
	.byte	130                             @ 258
	.byte	2                               @ 
	.byte	147                             @ DW_OP_piece
	.byte	8                               @ 8
	.byte	144                             @ sub-register DW_OP_regx
	.byte	131                             @ 259
	.byte	2                               @ 
	.byte	147                             @ DW_OP_piece
	.byte	8                               @ 8
	.long	0
	.long	0
.Ldebug_loc81:
	.long	-1
	.long	.Lfunc_begin7                   @   base address
	.long	.Ltmp238-.Lfunc_begin7
	.long	.Ltmp242-.Lfunc_begin7
	.short	10                              @ Loc expr size
	.byte	144                             @ sub-register DW_OP_regx
	.byte	134                             @ 262
	.byte	2                               @ 
	.byte	147                             @ DW_OP_piece
	.byte	8                               @ 8
	.byte	144                             @ sub-register DW_OP_regx
	.byte	135                             @ 263
	.byte	2                               @ 
	.byte	147                             @ DW_OP_piece
	.byte	8                               @ 8
	.long	.Ltmp242-.Lfunc_begin7
	.long	.Ltmp243-.Lfunc_begin7
	.short	10                              @ Loc expr size
	.byte	144                             @ sub-register DW_OP_regx
	.byte	140                             @ 268
	.byte	2                               @ 
	.byte	147                             @ DW_OP_piece
	.byte	8                               @ 8
	.byte	144                             @ sub-register DW_OP_regx
	.byte	141                             @ 269
	.byte	2                               @ 
	.byte	147                             @ DW_OP_piece
	.byte	8                               @ 8
	.long	.Ltmp243-.Lfunc_begin7
	.long	.Ltmp254-.Lfunc_begin7
	.short	10                              @ Loc expr size
	.byte	144                             @ sub-register DW_OP_regx
	.byte	132                             @ 260
	.byte	2                               @ 
	.byte	147                             @ DW_OP_piece
	.byte	8                               @ 8
	.byte	144                             @ sub-register DW_OP_regx
	.byte	133                             @ 261
	.byte	2                               @ 
	.byte	147                             @ DW_OP_piece
	.byte	8                               @ 8
	.long	.Ltmp254-.Lfunc_begin7
	.long	.Ltmp257-.Lfunc_begin7
	.short	10                              @ Loc expr size
	.byte	144                             @ sub-register DW_OP_regx
	.byte	140                             @ 268
	.byte	2                               @ 
	.byte	147                             @ DW_OP_piece
	.byte	8                               @ 8
	.byte	144                             @ sub-register DW_OP_regx
	.byte	141                             @ 269
	.byte	2                               @ 
	.byte	147                             @ DW_OP_piece
	.byte	8                               @ 8
	.long	0
	.long	0
.Ldebug_loc82:
	.long	-1
	.long	.Lfunc_begin7                   @   base address
	.long	.Ltmp238-.Lfunc_begin7
	.long	.Ltmp258-.Lfunc_begin7
	.short	10                              @ Loc expr size
	.byte	144                             @ sub-register DW_OP_regx
	.byte	134                             @ 262
	.byte	2                               @ 
	.byte	147                             @ DW_OP_piece
	.byte	8                               @ 8
	.byte	144                             @ sub-register DW_OP_regx
	.byte	135                             @ 263
	.byte	2                               @ 
	.byte	147                             @ DW_OP_piece
	.byte	8                               @ 8
	.long	0
	.long	0
.Ldebug_loc83:
	.long	-1
	.long	.Lfunc_begin7                   @   base address
	.long	.Ltmp241-.Lfunc_begin7
	.long	.Ltmp245-.Lfunc_begin7
	.short	10                              @ Loc expr size
	.byte	144                             @ sub-register DW_OP_regx
	.byte	136                             @ 264
	.byte	2                               @ 
	.byte	147                             @ DW_OP_piece
	.byte	8                               @ 8
	.byte	144                             @ sub-register DW_OP_regx
	.byte	137                             @ 265
	.byte	2                               @ 
	.byte	147                             @ DW_OP_piece
	.byte	8                               @ 8
	.long	0
	.long	0
.Ldebug_loc84:
	.long	-1
	.long	.Lfunc_begin7                   @   base address
	.long	.Ltmp246-.Lfunc_begin7
	.long	.Ltmp248-.Lfunc_begin7
	.short	10                              @ Loc expr size
	.byte	144                             @ sub-register DW_OP_regx
	.byte	136                             @ 264
	.byte	2                               @ 
	.byte	147                             @ DW_OP_piece
	.byte	8                               @ 8
	.byte	144                             @ sub-register DW_OP_regx
	.byte	137                             @ 265
	.byte	2                               @ 
	.byte	147                             @ DW_OP_piece
	.byte	8                               @ 8
	.long	.Ltmp249-.Lfunc_begin7
	.long	.Ltmp251-.Lfunc_begin7
	.short	10                              @ Loc expr size
	.byte	144                             @ sub-register DW_OP_regx
	.byte	136                             @ 264
	.byte	2                               @ 
	.byte	147                             @ DW_OP_piece
	.byte	8                               @ 8
	.byte	144                             @ sub-register DW_OP_regx
	.byte	137                             @ 265
	.byte	2                               @ 
	.byte	147                             @ DW_OP_piece
	.byte	8                               @ 8
	.long	.Ltmp252-.Lfunc_begin7
	.long	.Ltmp256-.Lfunc_begin7
	.short	10                              @ Loc expr size
	.byte	144                             @ sub-register DW_OP_regx
	.byte	136                             @ 264
	.byte	2                               @ 
	.byte	147                             @ DW_OP_piece
	.byte	8                               @ 8
	.byte	144                             @ sub-register DW_OP_regx
	.byte	137                             @ 265
	.byte	2                               @ 
	.byte	147                             @ DW_OP_piece
	.byte	8                               @ 8
	.long	0
	.long	0
.Ldebug_loc85:
	.long	-1
	.long	.Lfunc_begin7                   @   base address
	.long	.Ltmp259-.Lfunc_begin7
	.long	.Ltmp264-.Lfunc_begin7
	.short	10                              @ Loc expr size
	.byte	144                             @ sub-register DW_OP_regx
	.byte	138                             @ 266
	.byte	2                               @ 
	.byte	147                             @ DW_OP_piece
	.byte	8                               @ 8
	.byte	144                             @ sub-register DW_OP_regx
	.byte	139                             @ 267
	.byte	2                               @ 
	.byte	147                             @ DW_OP_piece
	.byte	8                               @ 8
	.long	.Ltmp264-.Lfunc_begin7
	.long	.Ltmp270-.Lfunc_begin7
	.short	10                              @ Loc expr size
	.byte	144                             @ sub-register DW_OP_regx
	.byte	132                             @ 260
	.byte	2                               @ 
	.byte	147                             @ DW_OP_piece
	.byte	8                               @ 8
	.byte	144                             @ sub-register DW_OP_regx
	.byte	133                             @ 261
	.byte	2                               @ 
	.byte	147                             @ DW_OP_piece
	.byte	8                               @ 8
	.long	0
	.long	0
.Ldebug_loc86:
	.long	-1
	.long	.Lfunc_begin7                   @   base address
	.long	.Ltmp259-.Lfunc_begin7
	.long	.Ltmp269-.Lfunc_begin7
	.short	10                              @ Loc expr size
	.byte	144                             @ sub-register DW_OP_regx
	.byte	138                             @ 266
	.byte	2                               @ 
	.byte	147                             @ DW_OP_piece
	.byte	8                               @ 8
	.byte	144                             @ sub-register DW_OP_regx
	.byte	139                             @ 267
	.byte	2                               @ 
	.byte	147                             @ DW_OP_piece
	.byte	8                               @ 8
	.long	0
	.long	0
.Ldebug_loc87:
	.long	-1
	.long	.Lfunc_begin7                   @   base address
	.long	.Ltmp259-.Lfunc_begin7
	.long	.Ltmp269-.Lfunc_begin7
	.short	10                              @ Loc expr size
	.byte	144                             @ sub-register DW_OP_regx
	.byte	138                             @ 266
	.byte	2                               @ 
	.byte	147                             @ DW_OP_piece
	.byte	8                               @ 8
	.byte	144                             @ sub-register DW_OP_regx
	.byte	139                             @ 267
	.byte	2                               @ 
	.byte	147                             @ DW_OP_piece
	.byte	8                               @ 8
	.long	.Ltmp279-.Lfunc_begin7
	.long	.Ltmp286-.Lfunc_begin7
	.short	10                              @ Loc expr size
	.byte	144                             @ sub-register DW_OP_regx
	.byte	134                             @ 262
	.byte	2                               @ 
	.byte	147                             @ DW_OP_piece
	.byte	8                               @ 8
	.byte	144                             @ sub-register DW_OP_regx
	.byte	135                             @ 263
	.byte	2                               @ 
	.byte	147                             @ DW_OP_piece
	.byte	8                               @ 8
	.long	.Ltmp286-.Lfunc_begin7
	.long	.Ltmp290-.Lfunc_begin7
	.short	10                              @ Loc expr size
	.byte	144                             @ sub-register DW_OP_regx
	.byte	128                             @ 256
	.byte	2                               @ 
	.byte	147                             @ DW_OP_piece
	.byte	8                               @ 8
	.byte	144                             @ sub-register DW_OP_regx
	.byte	129                             @ 257
	.byte	2                               @ 
	.byte	147                             @ DW_OP_piece
	.byte	8                               @ 8
	.long	.Ltmp306-.Lfunc_begin7
	.long	.Ltmp310-.Lfunc_begin7
	.short	10                              @ Loc expr size
	.byte	144                             @ sub-register DW_OP_regx
	.byte	128                             @ 256
	.byte	2                               @ 
	.byte	147                             @ DW_OP_piece
	.byte	8                               @ 8
	.byte	144                             @ sub-register DW_OP_regx
	.byte	129                             @ 257
	.byte	2                               @ 
	.byte	147                             @ DW_OP_piece
	.byte	8                               @ 8
	.long	.Ltmp342-.Lfunc_begin7
	.long	.Ltmp348-.Lfunc_begin7
	.short	10                              @ Loc expr size
	.byte	144                             @ sub-register DW_OP_regx
	.byte	132                             @ 260
	.byte	2                               @ 
	.byte	147                             @ DW_OP_piece
	.byte	8                               @ 8
	.byte	144                             @ sub-register DW_OP_regx
	.byte	133                             @ 261
	.byte	2                               @ 
	.byte	147                             @ DW_OP_piece
	.byte	8                               @ 8
	.long	.Ltmp348-.Lfunc_begin7
	.long	.Ltmp359-.Lfunc_begin7
	.short	10                              @ Loc expr size
	.byte	144                             @ sub-register DW_OP_regx
	.byte	128                             @ 256
	.byte	2                               @ 
	.byte	147                             @ DW_OP_piece
	.byte	8                               @ 8
	.byte	144                             @ sub-register DW_OP_regx
	.byte	129                             @ 257
	.byte	2                               @ 
	.byte	147                             @ DW_OP_piece
	.byte	8                               @ 8
	.long	.Ltmp371-.Lfunc_begin7
	.long	.Ltmp372-.Lfunc_begin7
	.short	10                              @ Loc expr size
	.byte	144                             @ sub-register DW_OP_regx
	.byte	136                             @ 264
	.byte	2                               @ 
	.byte	147                             @ DW_OP_piece
	.byte	8                               @ 8
	.byte	144                             @ sub-register DW_OP_regx
	.byte	137                             @ 265
	.byte	2                               @ 
	.byte	147                             @ DW_OP_piece
	.byte	8                               @ 8
	.long	.Ltmp372-.Lfunc_begin7
	.long	.Ltmp393-.Lfunc_begin7
	.short	10                              @ Loc expr size
	.byte	144                             @ sub-register DW_OP_regx
	.byte	140                             @ 268
	.byte	2                               @ 
	.byte	147                             @ DW_OP_piece
	.byte	8                               @ 8
	.byte	144                             @ sub-register DW_OP_regx
	.byte	141                             @ 269
	.byte	2                               @ 
	.byte	147                             @ DW_OP_piece
	.byte	8                               @ 8
	.long	.Ltmp393-.Lfunc_begin7
	.long	.Ltmp395-.Lfunc_begin7
	.short	10                              @ Loc expr size
	.byte	144                             @ sub-register DW_OP_regx
	.byte	130                             @ 258
	.byte	2                               @ 
	.byte	147                             @ DW_OP_piece
	.byte	8                               @ 8
	.byte	144                             @ sub-register DW_OP_regx
	.byte	131                             @ 259
	.byte	2                               @ 
	.byte	147                             @ DW_OP_piece
	.byte	8                               @ 8
	.long	0
	.long	0
.Ldebug_loc88:
	.long	-1
	.long	.Lfunc_begin7                   @   base address
	.long	.Ltmp262-.Lfunc_begin7
	.long	.Ltmp263-.Lfunc_begin7
	.short	10                              @ Loc expr size
	.byte	144                             @ sub-register DW_OP_regx
	.byte	128                             @ 256
	.byte	2                               @ 
	.byte	147                             @ DW_OP_piece
	.byte	8                               @ 8
	.byte	144                             @ sub-register DW_OP_regx
	.byte	129                             @ 257
	.byte	2                               @ 
	.byte	147                             @ DW_OP_piece
	.byte	8                               @ 8
	.long	.Ltmp263-.Lfunc_begin7
	.long	.Ltmp276-.Lfunc_begin7
	.short	3                               @ Loc expr size
	.byte	125                             @ DW_OP_breg13
	.byte	224                             @ 96
	.byte	0                               @ 
	.long	.Ltmp276-.Lfunc_begin7
	.long	.Ltmp277-.Lfunc_begin7
	.short	10                              @ Loc expr size
	.byte	144                             @ sub-register DW_OP_regx
	.byte	128                             @ 256
	.byte	2                               @ 
	.byte	147                             @ DW_OP_piece
	.byte	8                               @ 8
	.byte	144                             @ sub-register DW_OP_regx
	.byte	129                             @ 257
	.byte	2                               @ 
	.byte	147                             @ DW_OP_piece
	.byte	8                               @ 8
	.long	0
	.long	0
.Ldebug_loc89:
	.long	-1
	.long	.Lfunc_begin7                   @   base address
	.long	.Ltmp264-.Lfunc_begin7
	.long	.Ltmp270-.Lfunc_begin7
	.short	10                              @ Loc expr size
	.byte	144                             @ sub-register DW_OP_regx
	.byte	132                             @ 260
	.byte	2                               @ 
	.byte	147                             @ DW_OP_piece
	.byte	8                               @ 8
	.byte	144                             @ sub-register DW_OP_regx
	.byte	133                             @ 261
	.byte	2                               @ 
	.byte	147                             @ DW_OP_piece
	.byte	8                               @ 8
	.long	0
	.long	0
.Ldebug_loc90:
	.long	-1
	.long	.Lfunc_begin7                   @   base address
	.long	.Ltmp264-.Lfunc_begin7
	.long	.Ltmp276-.Lfunc_begin7
	.short	3                               @ Loc expr size
	.byte	125                             @ DW_OP_breg13
	.byte	224                             @ 96
	.byte	0                               @ 
	.long	.Ltmp276-.Lfunc_begin7
	.long	.Ltmp277-.Lfunc_begin7
	.short	10                              @ Loc expr size
	.byte	144                             @ sub-register DW_OP_regx
	.byte	128                             @ 256
	.byte	2                               @ 
	.byte	147                             @ DW_OP_piece
	.byte	8                               @ 8
	.byte	144                             @ sub-register DW_OP_regx
	.byte	129                             @ 257
	.byte	2                               @ 
	.byte	147                             @ DW_OP_piece
	.byte	8                               @ 8
	.long	0
	.long	0
.Ldebug_loc91:
	.long	-1
	.long	.Lfunc_begin7                   @   base address
	.long	.Ltmp265-.Lfunc_begin7
	.long	.Ltmp266-.Lfunc_begin7
	.short	3                               @ Loc expr size
	.byte	125                             @ DW_OP_breg13
	.byte	224                             @ 224
	.byte	1                               @ 
	.long	.Ltmp266-.Lfunc_begin7
	.long	.Ltmp272-.Lfunc_begin7
	.short	10                              @ Loc expr size
	.byte	144                             @ sub-register DW_OP_regx
	.byte	130                             @ 258
	.byte	2                               @ 
	.byte	147                             @ DW_OP_piece
	.byte	8                               @ 8
	.byte	144                             @ sub-register DW_OP_regx
	.byte	131                             @ 259
	.byte	2                               @ 
	.byte	147                             @ DW_OP_piece
	.byte	8                               @ 8
	.long	0
	.long	0
.Ldebug_loc92:
	.long	-1
	.long	.Lfunc_begin7                   @   base address
	.long	.Ltmp265-.Lfunc_begin7
	.long	.Ltmp270-.Lfunc_begin7
	.short	10                              @ Loc expr size
	.byte	144                             @ sub-register DW_OP_regx
	.byte	136                             @ 264
	.byte	2                               @ 
	.byte	147                             @ DW_OP_piece
	.byte	8                               @ 8
	.byte	144                             @ sub-register DW_OP_regx
	.byte	137                             @ 265
	.byte	2                               @ 
	.byte	147                             @ DW_OP_piece
	.byte	8                               @ 8
	.long	.Ltmp270-.Lfunc_begin7
	.long	.Ltmp271-.Lfunc_begin7
	.short	3                               @ Loc expr size
	.byte	125                             @ DW_OP_breg13
	.byte	128                             @ 256
	.byte	2                               @ 
	.long	.Ltmp271-.Lfunc_begin7
	.long	.Ltmp286-.Lfunc_begin7
	.short	10                              @ Loc expr size
	.byte	144                             @ sub-register DW_OP_regx
	.byte	136                             @ 264
	.byte	2                               @ 
	.byte	147                             @ DW_OP_piece
	.byte	8                               @ 8
	.byte	144                             @ sub-register DW_OP_regx
	.byte	137                             @ 265
	.byte	2                               @ 
	.byte	147                             @ DW_OP_piece
	.byte	8                               @ 8
	.long	.Ltmp286-.Lfunc_begin7
	.long	.Ltmp290-.Lfunc_begin7
	.short	10                              @ Loc expr size
	.byte	144                             @ sub-register DW_OP_regx
	.byte	128                             @ 256
	.byte	2                               @ 
	.byte	147                             @ DW_OP_piece
	.byte	8                               @ 8
	.byte	144                             @ sub-register DW_OP_regx
	.byte	129                             @ 257
	.byte	2                               @ 
	.byte	147                             @ DW_OP_piece
	.byte	8                               @ 8
	.long	0
	.long	0
.Ldebug_loc93:
	.long	-1
	.long	.Lfunc_begin7                   @   base address
	.long	.Ltmp266-.Lfunc_begin7
	.long	.Ltmp267-.Lfunc_begin7
	.short	3                               @ Loc expr size
	.byte	125                             @ DW_OP_breg13
	.byte	192                             @ 192
	.byte	1                               @ 
	.long	.Ltmp267-.Lfunc_begin7
	.long	.Ltmp278-.Lfunc_begin7
	.short	10                              @ Loc expr size
	.byte	144                             @ sub-register DW_OP_regx
	.byte	142                             @ 270
	.byte	2                               @ 
	.byte	147                             @ DW_OP_piece
	.byte	8                               @ 8
	.byte	144                             @ sub-register DW_OP_regx
	.byte	143                             @ 271
	.byte	2                               @ 
	.byte	147                             @ DW_OP_piece
	.byte	8                               @ 8
	.long	0
	.long	0
.Ldebug_loc94:
	.long	-1
	.long	.Lfunc_begin7                   @   base address
	.long	.Ltmp267-.Lfunc_begin7
	.long	.Ltmp268-.Lfunc_begin7
	.short	3                               @ Loc expr size
	.byte	125                             @ DW_OP_breg13
	.byte	160                             @ 160
	.byte	1                               @ 
	.long	.Ltmp268-.Lfunc_begin7
	.long	.Ltmp274-.Lfunc_begin7
	.short	10                              @ Loc expr size
	.byte	144                             @ sub-register DW_OP_regx
	.byte	128                             @ 256
	.byte	2                               @ 
	.byte	147                             @ DW_OP_piece
	.byte	8                               @ 8
	.byte	144                             @ sub-register DW_OP_regx
	.byte	129                             @ 257
	.byte	2                               @ 
	.byte	147                             @ DW_OP_piece
	.byte	8                               @ 8
	.long	0
	.long	0
.Ldebug_loc95:
	.long	-1
	.long	.Lfunc_begin7                   @   base address
	.long	.Ltmp270-.Lfunc_begin7
	.long	.Ltmp274-.Lfunc_begin7
	.short	10                              @ Loc expr size
	.byte	144                             @ sub-register DW_OP_regx
	.byte	132                             @ 260
	.byte	2                               @ 
	.byte	147                             @ DW_OP_piece
	.byte	8                               @ 8
	.byte	144                             @ sub-register DW_OP_regx
	.byte	133                             @ 261
	.byte	2                               @ 
	.byte	147                             @ DW_OP_piece
	.byte	8                               @ 8
	.long	.Ltmp274-.Lfunc_begin7
	.long	.Ltmp276-.Lfunc_begin7
	.short	10                              @ Loc expr size
	.byte	144                             @ sub-register DW_OP_regx
	.byte	128                             @ 256
	.byte	2                               @ 
	.byte	147                             @ DW_OP_piece
	.byte	8                               @ 8
	.byte	144                             @ sub-register DW_OP_regx
	.byte	129                             @ 257
	.byte	2                               @ 
	.byte	147                             @ DW_OP_piece
	.byte	8                               @ 8
	.long	0
	.long	0
.Ldebug_loc96:
	.long	-1
	.long	.Lfunc_begin7                   @   base address
	.long	.Ltmp277-.Lfunc_begin7
	.long	.Ltmp283-.Lfunc_begin7
	.short	10                              @ Loc expr size
	.byte	144                             @ sub-register DW_OP_regx
	.byte	128                             @ 256
	.byte	2                               @ 
	.byte	147                             @ DW_OP_piece
	.byte	8                               @ 8
	.byte	144                             @ sub-register DW_OP_regx
	.byte	129                             @ 257
	.byte	2                               @ 
	.byte	147                             @ DW_OP_piece
	.byte	8                               @ 8
	.long	0
	.long	0
.Ldebug_loc97:
	.long	-1
	.long	.Lfunc_begin7                   @   base address
	.long	.Ltmp279-.Lfunc_begin7
	.long	.Ltmp308-.Lfunc_begin7
	.short	10                              @ Loc expr size
	.byte	144                             @ sub-register DW_OP_regx
	.byte	134                             @ 262
	.byte	2                               @ 
	.byte	147                             @ DW_OP_piece
	.byte	8                               @ 8
	.byte	144                             @ sub-register DW_OP_regx
	.byte	135                             @ 263
	.byte	2                               @ 
	.byte	147                             @ DW_OP_piece
	.byte	8                               @ 8
	.long	0
	.long	0
.Ldebug_loc98:
	.long	-1
	.long	.Lfunc_begin7                   @   base address
	.long	.Ltmp279-.Lfunc_begin7
	.long	.Ltmp308-.Lfunc_begin7
	.short	10                              @ Loc expr size
	.byte	144                             @ sub-register DW_OP_regx
	.byte	134                             @ 262
	.byte	2                               @ 
	.byte	147                             @ DW_OP_piece
	.byte	8                               @ 8
	.byte	144                             @ sub-register DW_OP_regx
	.byte	135                             @ 263
	.byte	2                               @ 
	.byte	147                             @ DW_OP_piece
	.byte	8                               @ 8
	.long	0
	.long	0
.Ldebug_loc99:
	.long	-1
	.long	.Lfunc_begin7                   @   base address
	.long	.Ltmp284-.Lfunc_begin7
	.long	.Ltmp288-.Lfunc_begin7
	.short	10                              @ Loc expr size
	.byte	144                             @ sub-register DW_OP_regx
	.byte	130                             @ 258
	.byte	2                               @ 
	.byte	147                             @ DW_OP_piece
	.byte	8                               @ 8
	.byte	144                             @ sub-register DW_OP_regx
	.byte	131                             @ 259
	.byte	2                               @ 
	.byte	147                             @ DW_OP_piece
	.byte	8                               @ 8
	.long	.Ltmp288-.Lfunc_begin7
	.long	.Ltmp302-.Lfunc_begin7
	.short	3                               @ Loc expr size
	.byte	125                             @ DW_OP_breg13
	.byte	224                             @ 96
	.byte	0                               @ 
	.long	.Ltmp302-.Lfunc_begin7
	.long	.Ltmp303-.Lfunc_begin7
	.short	10                              @ Loc expr size
	.byte	144                             @ sub-register DW_OP_regx
	.byte	128                             @ 256
	.byte	2                               @ 
	.byte	147                             @ DW_OP_piece
	.byte	8                               @ 8
	.byte	144                             @ sub-register DW_OP_regx
	.byte	129                             @ 257
	.byte	2                               @ 
	.byte	147                             @ DW_OP_piece
	.byte	8                               @ 8
	.long	0
	.long	0
.Ldebug_loc100:
	.long	-1
	.long	.Lfunc_begin7                   @   base address
	.long	.Ltmp290-.Lfunc_begin7
	.long	.Ltmp297-.Lfunc_begin7
	.short	10                              @ Loc expr size
	.byte	144                             @ sub-register DW_OP_regx
	.byte	128                             @ 256
	.byte	2                               @ 
	.byte	147                             @ DW_OP_piece
	.byte	8                               @ 8
	.byte	144                             @ sub-register DW_OP_regx
	.byte	129                             @ 257
	.byte	2                               @ 
	.byte	147                             @ DW_OP_piece
	.byte	8                               @ 8
	.long	0
	.long	0
.Ldebug_loc101:
	.long	-1
	.long	.Lfunc_begin7                   @   base address
	.long	.Ltmp290-.Lfunc_begin7
	.long	.Ltmp302-.Lfunc_begin7
	.short	3                               @ Loc expr size
	.byte	125                             @ DW_OP_breg13
	.byte	224                             @ 96
	.byte	0                               @ 
	.long	.Ltmp302-.Lfunc_begin7
	.long	.Ltmp303-.Lfunc_begin7
	.short	10                              @ Loc expr size
	.byte	144                             @ sub-register DW_OP_regx
	.byte	128                             @ 256
	.byte	2                               @ 
	.byte	147                             @ DW_OP_piece
	.byte	8                               @ 8
	.byte	144                             @ sub-register DW_OP_regx
	.byte	129                             @ 257
	.byte	2                               @ 
	.byte	147                             @ DW_OP_piece
	.byte	8                               @ 8
	.long	0
	.long	0
.Ldebug_loc102:
	.long	-1
	.long	.Lfunc_begin7                   @   base address
	.long	.Ltmp292-.Lfunc_begin7
	.long	.Ltmp293-.Lfunc_begin7
	.short	3                               @ Loc expr size
	.byte	125                             @ DW_OP_breg13
	.byte	224                             @ 224
	.byte	1                               @ 
	.long	.Ltmp293-.Lfunc_begin7
	.long	.Ltmp308-.Lfunc_begin7
	.short	10                              @ Loc expr size
	.byte	144                             @ sub-register DW_OP_regx
	.byte	132                             @ 260
	.byte	2                               @ 
	.byte	147                             @ DW_OP_piece
	.byte	8                               @ 8
	.byte	144                             @ sub-register DW_OP_regx
	.byte	133                             @ 261
	.byte	2                               @ 
	.byte	147                             @ DW_OP_piece
	.byte	8                               @ 8
	.long	0
	.long	0
.Ldebug_loc103:
	.long	-1
	.long	.Lfunc_begin7                   @   base address
	.long	.Ltmp292-.Lfunc_begin7
	.long	.Ltmp297-.Lfunc_begin7
	.short	10                              @ Loc expr size
	.byte	144                             @ sub-register DW_OP_regx
	.byte	136                             @ 264
	.byte	2                               @ 
	.byte	147                             @ DW_OP_piece
	.byte	8                               @ 8
	.byte	144                             @ sub-register DW_OP_regx
	.byte	137                             @ 265
	.byte	2                               @ 
	.byte	147                             @ DW_OP_piece
	.byte	8                               @ 8
	.long	.Ltmp297-.Lfunc_begin7
	.long	.Ltmp298-.Lfunc_begin7
	.short	3                               @ Loc expr size
	.byte	125                             @ DW_OP_breg13
	.byte	128                             @ 256
	.byte	2                               @ 
	.long	.Ltmp298-.Lfunc_begin7
	.long	.Ltmp306-.Lfunc_begin7
	.short	10                              @ Loc expr size
	.byte	144                             @ sub-register DW_OP_regx
	.byte	136                             @ 264
	.byte	2                               @ 
	.byte	147                             @ DW_OP_piece
	.byte	8                               @ 8
	.byte	144                             @ sub-register DW_OP_regx
	.byte	137                             @ 265
	.byte	2                               @ 
	.byte	147                             @ DW_OP_piece
	.byte	8                               @ 8
	.long	.Ltmp306-.Lfunc_begin7
	.long	.Ltmp308-.Lfunc_begin7
	.short	10                              @ Loc expr size
	.byte	144                             @ sub-register DW_OP_regx
	.byte	128                             @ 256
	.byte	2                               @ 
	.byte	147                             @ DW_OP_piece
	.byte	8                               @ 8
	.byte	144                             @ sub-register DW_OP_regx
	.byte	129                             @ 257
	.byte	2                               @ 
	.byte	147                             @ DW_OP_piece
	.byte	8                               @ 8
	.long	0
	.long	0
.Ldebug_loc104:
	.long	-1
	.long	.Lfunc_begin7                   @   base address
	.long	.Ltmp293-.Lfunc_begin7
	.long	.Ltmp294-.Lfunc_begin7
	.short	3                               @ Loc expr size
	.byte	125                             @ DW_OP_breg13
	.byte	192                             @ 192
	.byte	1                               @ 
	.long	.Ltmp294-.Lfunc_begin7
	.long	.Ltmp308-.Lfunc_begin7
	.short	10                              @ Loc expr size
	.byte	144                             @ sub-register DW_OP_regx
	.byte	138                             @ 266
	.byte	2                               @ 
	.byte	147                             @ DW_OP_piece
	.byte	8                               @ 8
	.byte	144                             @ sub-register DW_OP_regx
	.byte	139                             @ 267
	.byte	2                               @ 
	.byte	147                             @ DW_OP_piece
	.byte	8                               @ 8
	.long	0
	.long	0
.Ldebug_loc105:
	.long	-1
	.long	.Lfunc_begin7                   @   base address
	.long	.Ltmp294-.Lfunc_begin7
	.long	.Ltmp295-.Lfunc_begin7
	.short	3                               @ Loc expr size
	.byte	125                             @ DW_OP_breg13
	.byte	160                             @ 160
	.byte	1                               @ 
	.long	.Ltmp295-.Lfunc_begin7
	.long	.Ltmp308-.Lfunc_begin7
	.short	10                              @ Loc expr size
	.byte	144                             @ sub-register DW_OP_regx
	.byte	140                             @ 268
	.byte	2                               @ 
	.byte	147                             @ DW_OP_piece
	.byte	8                               @ 8
	.byte	144                             @ sub-register DW_OP_regx
	.byte	141                             @ 269
	.byte	2                               @ 
	.byte	147                             @ DW_OP_piece
	.byte	8                               @ 8
	.long	0
	.long	0
.Ldebug_loc106:
	.long	-1
	.long	.Lfunc_begin7                   @   base address
	.long	.Ltmp297-.Lfunc_begin7
	.long	.Ltmp302-.Lfunc_begin7
	.short	10                              @ Loc expr size
	.byte	144                             @ sub-register DW_OP_regx
	.byte	128                             @ 256
	.byte	2                               @ 
	.byte	147                             @ DW_OP_piece
	.byte	8                               @ 8
	.byte	144                             @ sub-register DW_OP_regx
	.byte	129                             @ 257
	.byte	2                               @ 
	.byte	147                             @ DW_OP_piece
	.byte	8                               @ 8
	.long	0
	.long	0
.Ldebug_loc107:
	.long	-1
	.long	.Lfunc_begin7                   @   base address
	.long	.Ltmp303-.Lfunc_begin7
	.long	.Ltmp305-.Lfunc_begin7
	.short	10                              @ Loc expr size
	.byte	144                             @ sub-register DW_OP_regx
	.byte	128                             @ 256
	.byte	2                               @ 
	.byte	147                             @ DW_OP_piece
	.byte	8                               @ 8
	.byte	144                             @ sub-register DW_OP_regx
	.byte	129                             @ 257
	.byte	2                               @ 
	.byte	147                             @ DW_OP_piece
	.byte	8                               @ 8
	.long	0
	.long	0
.Ldebug_loc108:
	.long	-1
	.long	.Lfunc_begin7                   @   base address
	.long	.Ltmp320-.Lfunc_begin7
	.long	.Ltmp333-.Lfunc_begin7
	.short	10                              @ Loc expr size
	.byte	144                             @ sub-register DW_OP_regx
	.byte	130                             @ 258
	.byte	2                               @ 
	.byte	147                             @ DW_OP_piece
	.byte	8                               @ 8
	.byte	144                             @ sub-register DW_OP_regx
	.byte	131                             @ 259
	.byte	2                               @ 
	.byte	147                             @ DW_OP_piece
	.byte	8                               @ 8
	.long	0
	.long	0
.Ldebug_loc109:
	.long	-1
	.long	.Lfunc_begin7                   @   base address
	.long	.Ltmp321-.Lfunc_begin7
	.long	.Ltmp323-.Lfunc_begin7
	.short	10                              @ Loc expr size
	.byte	144                             @ sub-register DW_OP_regx
	.byte	134                             @ 262
	.byte	2                               @ 
	.byte	147                             @ DW_OP_piece
	.byte	8                               @ 8
	.byte	144                             @ sub-register DW_OP_regx
	.byte	135                             @ 263
	.byte	2                               @ 
	.byte	147                             @ DW_OP_piece
	.byte	8                               @ 8
	.long	.Ltmp323-.Lfunc_begin7
	.long	.Ltmp324-.Lfunc_begin7
	.short	10                              @ Loc expr size
	.byte	144                             @ sub-register DW_OP_regx
	.byte	136                             @ 264
	.byte	2                               @ 
	.byte	147                             @ DW_OP_piece
	.byte	8                               @ 8
	.byte	144                             @ sub-register DW_OP_regx
	.byte	137                             @ 265
	.byte	2                               @ 
	.byte	147                             @ DW_OP_piece
	.byte	8                               @ 8
	.long	.Ltmp324-.Lfunc_begin7
	.long	.Ltmp325-.Lfunc_begin7
	.short	10                              @ Loc expr size
	.byte	144                             @ sub-register DW_OP_regx
	.byte	138                             @ 266
	.byte	2                               @ 
	.byte	147                             @ DW_OP_piece
	.byte	8                               @ 8
	.byte	144                             @ sub-register DW_OP_regx
	.byte	139                             @ 267
	.byte	2                               @ 
	.byte	147                             @ DW_OP_piece
	.byte	8                               @ 8
	.long	.Ltmp325-.Lfunc_begin7
	.long	.Ltmp341-.Lfunc_begin7
	.short	10                              @ Loc expr size
	.byte	144                             @ sub-register DW_OP_regx
	.byte	128                             @ 256
	.byte	2                               @ 
	.byte	147                             @ DW_OP_piece
	.byte	8                               @ 8
	.byte	144                             @ sub-register DW_OP_regx
	.byte	129                             @ 257
	.byte	2                               @ 
	.byte	147                             @ DW_OP_piece
	.byte	8                               @ 8
	.long	.Ltmp341-.Lfunc_begin7
	.long	.Ltmp359-.Lfunc_begin7
	.short	3                               @ Loc expr size
	.byte	125                             @ DW_OP_breg13
	.byte	208                             @ 208
	.byte	1                               @ 
	.long	.Ltmp359-.Lfunc_begin7
	.long	.Ltmp369-.Lfunc_begin7
	.short	10                              @ Loc expr size
	.byte	144                             @ sub-register DW_OP_regx
	.byte	128                             @ 256
	.byte	2                               @ 
	.byte	147                             @ DW_OP_piece
	.byte	8                               @ 8
	.byte	144                             @ sub-register DW_OP_regx
	.byte	129                             @ 257
	.byte	2                               @ 
	.byte	147                             @ DW_OP_piece
	.byte	8                               @ 8
	.long	.Ltmp369-.Lfunc_begin7
	.long	.Ltmp395-.Lfunc_begin7
	.short	3                               @ Loc expr size
	.byte	125                             @ DW_OP_breg13
	.byte	208                             @ 208
	.byte	1                               @ 
	.long	0
	.long	0
.Ldebug_loc110:
	.long	-1
	.long	.Lfunc_begin7                   @   base address
	.long	.Ltmp321-.Lfunc_begin7
	.long	.Ltmp339-.Lfunc_begin7
	.short	10                              @ Loc expr size
	.byte	144                             @ sub-register DW_OP_regx
	.byte	134                             @ 262
	.byte	2                               @ 
	.byte	147                             @ DW_OP_piece
	.byte	8                               @ 8
	.byte	144                             @ sub-register DW_OP_regx
	.byte	135                             @ 263
	.byte	2                               @ 
	.byte	147                             @ DW_OP_piece
	.byte	8                               @ 8
	.long	0
	.long	0
.Ldebug_loc111:
	.long	-1
	.long	.Lfunc_begin7                   @   base address
	.long	.Ltmp322-.Lfunc_begin7
	.long	.Ltmp325-.Lfunc_begin7
	.short	10                              @ Loc expr size
	.byte	144                             @ sub-register DW_OP_regx
	.byte	128                             @ 256
	.byte	2                               @ 
	.byte	147                             @ DW_OP_piece
	.byte	8                               @ 8
	.byte	144                             @ sub-register DW_OP_regx
	.byte	129                             @ 257
	.byte	2                               @ 
	.byte	147                             @ DW_OP_piece
	.byte	8                               @ 8
	.long	0
	.long	0
.Ldebug_loc112:
	.long	-1
	.long	.Lfunc_begin7                   @   base address
	.long	.Ltmp326-.Lfunc_begin7
	.long	.Ltmp328-.Lfunc_begin7
	.short	10                              @ Loc expr size
	.byte	144                             @ sub-register DW_OP_regx
	.byte	138                             @ 266
	.byte	2                               @ 
	.byte	147                             @ DW_OP_piece
	.byte	8                               @ 8
	.byte	144                             @ sub-register DW_OP_regx
	.byte	139                             @ 267
	.byte	2                               @ 
	.byte	147                             @ DW_OP_piece
	.byte	8                               @ 8
	.long	.Ltmp329-.Lfunc_begin7
	.long	.Ltmp331-.Lfunc_begin7
	.short	10                              @ Loc expr size
	.byte	144                             @ sub-register DW_OP_regx
	.byte	138                             @ 266
	.byte	2                               @ 
	.byte	147                             @ DW_OP_piece
	.byte	8                               @ 8
	.byte	144                             @ sub-register DW_OP_regx
	.byte	139                             @ 267
	.byte	2                               @ 
	.byte	147                             @ DW_OP_piece
	.byte	8                               @ 8
	.long	.Ltmp331-.Lfunc_begin7
	.long	.Ltmp350-.Lfunc_begin7
	.short	10                              @ Loc expr size
	.byte	144                             @ sub-register DW_OP_regx
	.byte	136                             @ 264
	.byte	2                               @ 
	.byte	147                             @ DW_OP_piece
	.byte	8                               @ 8
	.byte	144                             @ sub-register DW_OP_regx
	.byte	137                             @ 265
	.byte	2                               @ 
	.byte	147                             @ DW_OP_piece
	.byte	8                               @ 8
	.long	0
	.long	0
.Ldebug_loc113:
	.long	-1
	.long	.Lfunc_begin7                   @   base address
	.long	.Ltmp344-.Lfunc_begin7
	.long	.Ltmp348-.Lfunc_begin7
	.short	10                              @ Loc expr size
	.byte	144                             @ sub-register DW_OP_regx
	.byte	128                             @ 256
	.byte	2                               @ 
	.byte	147                             @ DW_OP_piece
	.byte	8                               @ 8
	.byte	144                             @ sub-register DW_OP_regx
	.byte	129                             @ 257
	.byte	2                               @ 
	.byte	147                             @ DW_OP_piece
	.byte	8                               @ 8
	.long	.Ltmp366-.Lfunc_begin7
	.long	.Ltmp367-.Lfunc_begin7
	.short	10                              @ Loc expr size
	.byte	144                             @ sub-register DW_OP_regx
	.byte	132                             @ 260
	.byte	2                               @ 
	.byte	147                             @ DW_OP_piece
	.byte	8                               @ 8
	.byte	144                             @ sub-register DW_OP_regx
	.byte	133                             @ 261
	.byte	2                               @ 
	.byte	147                             @ DW_OP_piece
	.byte	8                               @ 8
	.long	0
	.long	0
.Ldebug_loc114:
	.long	-1
	.long	.Lfunc_begin7                   @   base address
	.long	.Ltmp335-.Lfunc_begin7
	.long	.Ltmp342-.Lfunc_begin7
	.short	10                              @ Loc expr size
	.byte	144                             @ sub-register DW_OP_regx
	.byte	132                             @ 260
	.byte	2                               @ 
	.byte	147                             @ DW_OP_piece
	.byte	8                               @ 8
	.byte	144                             @ sub-register DW_OP_regx
	.byte	133                             @ 261
	.byte	2                               @ 
	.byte	147                             @ DW_OP_piece
	.byte	8                               @ 8
	.long	.Ltmp347-.Lfunc_begin7
	.long	.Ltmp360-.Lfunc_begin7
	.short	10                              @ Loc expr size
	.byte	144                             @ sub-register DW_OP_regx
	.byte	142                             @ 270
	.byte	2                               @ 
	.byte	147                             @ DW_OP_piece
	.byte	8                               @ 8
	.byte	144                             @ sub-register DW_OP_regx
	.byte	143                             @ 271
	.byte	2                               @ 
	.byte	147                             @ DW_OP_piece
	.byte	8                               @ 8
	.long	0
	.long	0
.Ldebug_loc115:
	.long	-1
	.long	.Lfunc_begin7                   @   base address
	.long	.Ltmp335-.Lfunc_begin7
	.long	.Ltmp342-.Lfunc_begin7
	.short	10                              @ Loc expr size
	.byte	144                             @ sub-register DW_OP_regx
	.byte	132                             @ 260
	.byte	2                               @ 
	.byte	147                             @ DW_OP_piece
	.byte	8                               @ 8
	.byte	144                             @ sub-register DW_OP_regx
	.byte	133                             @ 261
	.byte	2                               @ 
	.byte	147                             @ DW_OP_piece
	.byte	8                               @ 8
	.long	.Ltmp348-.Lfunc_begin7
	.long	.Ltmp359-.Lfunc_begin7
	.short	10                              @ Loc expr size
	.byte	144                             @ sub-register DW_OP_regx
	.byte	128                             @ 256
	.byte	2                               @ 
	.byte	147                             @ DW_OP_piece
	.byte	8                               @ 8
	.byte	144                             @ sub-register DW_OP_regx
	.byte	129                             @ 257
	.byte	2                               @ 
	.byte	147                             @ DW_OP_piece
	.byte	8                               @ 8
	.long	0
	.long	0
.Ldebug_loc116:
	.long	-1
	.long	.Lfunc_begin7                   @   base address
	.long	.Ltmp339-.Lfunc_begin7
	.long	.Ltmp356-.Lfunc_begin7
	.short	10                              @ Loc expr size
	.byte	144                             @ sub-register DW_OP_regx
	.byte	134                             @ 262
	.byte	2                               @ 
	.byte	147                             @ DW_OP_piece
	.byte	8                               @ 8
	.byte	144                             @ sub-register DW_OP_regx
	.byte	135                             @ 263
	.byte	2                               @ 
	.byte	147                             @ DW_OP_piece
	.byte	8                               @ 8
	.long	.Ltmp356-.Lfunc_begin7
	.long	.Ltmp377-.Lfunc_begin7
	.short	10                              @ Loc expr size
	.byte	144                             @ sub-register DW_OP_regx
	.byte	138                             @ 266
	.byte	2                               @ 
	.byte	147                             @ DW_OP_piece
	.byte	8                               @ 8
	.byte	144                             @ sub-register DW_OP_regx
	.byte	139                             @ 267
	.byte	2                               @ 
	.byte	147                             @ DW_OP_piece
	.byte	8                               @ 8
	.long	0
	.long	0
.Ldebug_loc117:
	.long	-1
	.long	.Lfunc_begin7                   @   base address
	.long	.Ltmp347-.Lfunc_begin7
	.long	.Ltmp360-.Lfunc_begin7
	.short	10                              @ Loc expr size
	.byte	144                             @ sub-register DW_OP_regx
	.byte	142                             @ 270
	.byte	2                               @ 
	.byte	147                             @ DW_OP_piece
	.byte	8                               @ 8
	.byte	144                             @ sub-register DW_OP_regx
	.byte	143                             @ 271
	.byte	2                               @ 
	.byte	147                             @ DW_OP_piece
	.byte	8                               @ 8
	.long	0
	.long	0
.Ldebug_loc118:
	.long	-1
	.long	.Lfunc_begin7                   @   base address
	.long	.Ltmp347-.Lfunc_begin7
	.long	.Ltmp366-.Lfunc_begin7
	.short	3                               @ Loc expr size
	.byte	125                             @ DW_OP_breg13
	.byte	224                             @ 224
	.byte	1                               @ 
	.long	.Ltmp366-.Lfunc_begin7
	.long	.Ltmp367-.Lfunc_begin7
	.short	10                              @ Loc expr size
	.byte	144                             @ sub-register DW_OP_regx
	.byte	132                             @ 260
	.byte	2                               @ 
	.byte	147                             @ DW_OP_piece
	.byte	8                               @ 8
	.byte	144                             @ sub-register DW_OP_regx
	.byte	133                             @ 261
	.byte	2                               @ 
	.byte	147                             @ DW_OP_piece
	.byte	8                               @ 8
	.long	0
	.long	0
.Ldebug_loc119:
	.long	-1
	.long	.Lfunc_begin7                   @   base address
	.long	.Ltmp349-.Lfunc_begin7
	.long	.Ltmp351-.Lfunc_begin7
	.short	10                              @ Loc expr size
	.byte	144                             @ sub-register DW_OP_regx
	.byte	130                             @ 258
	.byte	2                               @ 
	.byte	147                             @ DW_OP_piece
	.byte	8                               @ 8
	.byte	144                             @ sub-register DW_OP_regx
	.byte	131                             @ 259
	.byte	2                               @ 
	.byte	147                             @ DW_OP_piece
	.byte	8                               @ 8
	.long	.Ltmp351-.Lfunc_begin7
	.long	.Ltmp371-.Lfunc_begin7
	.short	10                              @ Loc expr size
	.byte	144                             @ sub-register DW_OP_regx
	.byte	136                             @ 264
	.byte	2                               @ 
	.byte	147                             @ DW_OP_piece
	.byte	8                               @ 8
	.byte	144                             @ sub-register DW_OP_regx
	.byte	137                             @ 265
	.byte	2                               @ 
	.byte	147                             @ DW_OP_piece
	.byte	8                               @ 8
	.long	0
	.long	0
.Ldebug_loc120:
	.long	-1
	.long	.Lfunc_begin7                   @   base address
	.long	.Ltmp352-.Lfunc_begin7
	.long	.Ltmp353-.Lfunc_begin7
	.short	10                              @ Loc expr size
	.byte	144                             @ sub-register DW_OP_regx
	.byte	140                             @ 268
	.byte	2                               @ 
	.byte	147                             @ DW_OP_piece
	.byte	8                               @ 8
	.byte	144                             @ sub-register DW_OP_regx
	.byte	141                             @ 269
	.byte	2                               @ 
	.byte	147                             @ DW_OP_piece
	.byte	8                               @ 8
	.long	.Ltmp353-.Lfunc_begin7
	.long	.Ltmp354-.Lfunc_begin7
	.short	3                               @ Loc expr size
	.byte	125                             @ DW_OP_breg13
	.byte	176                             @ 176
	.byte	1                               @ 
	.long	.Ltmp354-.Lfunc_begin7
	.long	.Ltmp372-.Lfunc_begin7
	.short	10                              @ Loc expr size
	.byte	144                             @ sub-register DW_OP_regx
	.byte	140                             @ 268
	.byte	2                               @ 
	.byte	147                             @ DW_OP_piece
	.byte	8                               @ 8
	.byte	144                             @ sub-register DW_OP_regx
	.byte	141                             @ 269
	.byte	2                               @ 
	.byte	147                             @ DW_OP_piece
	.byte	8                               @ 8
	.long	0
	.long	0
.Ldebug_loc121:
	.long	-1
	.long	.Lfunc_begin7                   @   base address
	.long	.Ltmp355-.Lfunc_begin7
	.long	.Ltmp357-.Lfunc_begin7
	.short	10                              @ Loc expr size
	.byte	144                             @ sub-register DW_OP_regx
	.byte	132                             @ 260
	.byte	2                               @ 
	.byte	147                             @ DW_OP_piece
	.byte	8                               @ 8
	.byte	144                             @ sub-register DW_OP_regx
	.byte	133                             @ 261
	.byte	2                               @ 
	.byte	147                             @ DW_OP_piece
	.byte	8                               @ 8
	.long	.Ltmp357-.Lfunc_begin7
	.long	.Ltmp358-.Lfunc_begin7
	.short	3                               @ Loc expr size
	.byte	125                             @ DW_OP_breg13
	.byte	192                             @ 192
	.byte	1                               @ 
	.long	.Ltmp358-.Lfunc_begin7
	.long	.Ltmp363-.Lfunc_begin7
	.short	10                              @ Loc expr size
	.byte	144                             @ sub-register DW_OP_regx
	.byte	132                             @ 260
	.byte	2                               @ 
	.byte	147                             @ DW_OP_piece
	.byte	8                               @ 8
	.byte	144                             @ sub-register DW_OP_regx
	.byte	133                             @ 261
	.byte	2                               @ 
	.byte	147                             @ DW_OP_piece
	.byte	8                               @ 8
	.long	0
	.long	0
.Ldebug_loc122:
	.long	-1
	.long	.Lfunc_begin7                   @   base address
	.long	.Ltmp360-.Lfunc_begin7
	.long	.Ltmp363-.Lfunc_begin7
	.short	10                              @ Loc expr size
	.byte	144                             @ sub-register DW_OP_regx
	.byte	142                             @ 270
	.byte	2                               @ 
	.byte	147                             @ DW_OP_piece
	.byte	8                               @ 8
	.byte	144                             @ sub-register DW_OP_regx
	.byte	143                             @ 271
	.byte	2                               @ 
	.byte	147                             @ DW_OP_piece
	.byte	8                               @ 8
	.long	.Ltmp363-.Lfunc_begin7
	.long	.Ltmp366-.Lfunc_begin7
	.short	10                              @ Loc expr size
	.byte	144                             @ sub-register DW_OP_regx
	.byte	132                             @ 260
	.byte	2                               @ 
	.byte	147                             @ DW_OP_piece
	.byte	8                               @ 8
	.byte	144                             @ sub-register DW_OP_regx
	.byte	133                             @ 261
	.byte	2                               @ 
	.byte	147                             @ DW_OP_piece
	.byte	8                               @ 8
	.long	0
	.long	0
.Ldebug_loc123:
	.long	-1
	.long	.Lfunc_begin7                   @   base address
	.long	.Ltmp367-.Lfunc_begin7
	.long	.Ltmp369-.Lfunc_begin7
	.short	10                              @ Loc expr size
	.byte	144                             @ sub-register DW_OP_regx
	.byte	132                             @ 260
	.byte	2                               @ 
	.byte	147                             @ DW_OP_piece
	.byte	8                               @ 8
	.byte	144                             @ sub-register DW_OP_regx
	.byte	133                             @ 261
	.byte	2                               @ 
	.byte	147                             @ DW_OP_piece
	.byte	8                               @ 8
	.long	0
	.long	0
.Ldebug_loc124:
	.long	-1
	.long	.Lfunc_begin7                   @   base address
	.long	.Ltmp372-.Lfunc_begin7
	.long	.Ltmp381-.Lfunc_begin7
	.short	3                               @ Loc expr size
	.byte	125                             @ DW_OP_breg13
	.byte	192                             @ 192
	.byte	1                               @ 
	.long	.Ltmp381-.Lfunc_begin7
	.long	.Ltmp395-.Lfunc_begin7
	.short	10                              @ Loc expr size
	.byte	144                             @ sub-register DW_OP_regx
	.byte	138                             @ 266
	.byte	2                               @ 
	.byte	147                             @ DW_OP_piece
	.byte	8                               @ 8
	.byte	144                             @ sub-register DW_OP_regx
	.byte	139                             @ 267
	.byte	2                               @ 
	.byte	147                             @ DW_OP_piece
	.byte	8                               @ 8
	.long	0
	.long	0
.Ldebug_loc125:
	.long	-1
	.long	.Lfunc_begin7                   @   base address
	.long	.Ltmp372-.Lfunc_begin7
	.long	.Ltmp379-.Lfunc_begin7
	.short	3                               @ Loc expr size
	.byte	125                             @ DW_OP_breg13
	.byte	176                             @ 176
	.byte	1                               @ 
	.long	.Ltmp379-.Lfunc_begin7
	.long	.Ltmp395-.Lfunc_begin7
	.short	10                              @ Loc expr size
	.byte	144                             @ sub-register DW_OP_regx
	.byte	136                             @ 264
	.byte	2                               @ 
	.byte	147                             @ DW_OP_piece
	.byte	8                               @ 8
	.byte	144                             @ sub-register DW_OP_regx
	.byte	137                             @ 265
	.byte	2                               @ 
	.byte	147                             @ DW_OP_piece
	.byte	8                               @ 8
	.long	0
	.long	0
.Ldebug_loc126:
	.long	-1
	.long	.Lfunc_begin7                   @   base address
	.long	.Ltmp374-.Lfunc_begin7
	.long	.Ltmp390-.Lfunc_begin7
	.short	10                              @ Loc expr size
	.byte	144                             @ sub-register DW_OP_regx
	.byte	128                             @ 256
	.byte	2                               @ 
	.byte	147                             @ DW_OP_piece
	.byte	8                               @ 8
	.byte	144                             @ sub-register DW_OP_regx
	.byte	129                             @ 257
	.byte	2                               @ 
	.byte	147                             @ DW_OP_piece
	.byte	8                               @ 8
	.long	0
	.long	0
.Ldebug_loc127:
	.long	-1
	.long	.Lfunc_begin7                   @   base address
	.long	.Ltmp385-.Lfunc_begin7
	.long	.Ltmp395-.Lfunc_begin7
	.short	10                              @ Loc expr size
	.byte	144                             @ sub-register DW_OP_regx
	.byte	132                             @ 260
	.byte	2                               @ 
	.byte	147                             @ DW_OP_piece
	.byte	8                               @ 8
	.byte	144                             @ sub-register DW_OP_regx
	.byte	133                             @ 261
	.byte	2                               @ 
	.byte	147                             @ DW_OP_piece
	.byte	8                               @ 8
	.long	0
	.long	0
.Ldebug_loc128:
	.long	-1
	.long	.Lfunc_begin7                   @   base address
	.long	.Ltmp390-.Lfunc_begin7
	.long	.Ltmp392-.Lfunc_begin7
	.short	10                              @ Loc expr size
	.byte	144                             @ sub-register DW_OP_regx
	.byte	128                             @ 256
	.byte	2                               @ 
	.byte	147                             @ DW_OP_piece
	.byte	8                               @ 8
	.byte	144                             @ sub-register DW_OP_regx
	.byte	129                             @ 257
	.byte	2                               @ 
	.byte	147                             @ DW_OP_piece
	.byte	8                               @ 8
	.long	0
	.long	0
.Ldebug_loc129:
	.long	-1
	.long	.Lfunc_begin7                   @   base address
	.long	.Ltmp395-.Lfunc_begin7
	.long	.Ltmp397-.Lfunc_begin7
	.short	10                              @ Loc expr size
	.byte	144                             @ sub-register DW_OP_regx
	.byte	142                             @ 270
	.byte	2                               @ 
	.byte	147                             @ DW_OP_piece
	.byte	8                               @ 8
	.byte	144                             @ sub-register DW_OP_regx
	.byte	143                             @ 271
	.byte	2                               @ 
	.byte	147                             @ DW_OP_piece
	.byte	8                               @ 8
	.long	.Ltmp397-.Lfunc_begin7
	.long	.Ltmp400-.Lfunc_begin7
	.short	10                              @ Loc expr size
	.byte	144                             @ sub-register DW_OP_regx
	.byte	128                             @ 256
	.byte	2                               @ 
	.byte	147                             @ DW_OP_piece
	.byte	8                               @ 8
	.byte	144                             @ sub-register DW_OP_regx
	.byte	129                             @ 257
	.byte	2                               @ 
	.byte	147                             @ DW_OP_piece
	.byte	8                               @ 8
	.long	0
	.long	0
.Ldebug_loc130:
	.long	-1
	.long	.Lfunc_begin7                   @   base address
	.long	.Ltmp396-.Lfunc_begin7
	.long	.Ltmp397-.Lfunc_begin7
	.short	10                              @ Loc expr size
	.byte	144                             @ sub-register DW_OP_regx
	.byte	128                             @ 256
	.byte	2                               @ 
	.byte	147                             @ DW_OP_piece
	.byte	8                               @ 8
	.byte	144                             @ sub-register DW_OP_regx
	.byte	129                             @ 257
	.byte	2                               @ 
	.byte	147                             @ DW_OP_piece
	.byte	8                               @ 8
	.long	.Ltmp398-.Lfunc_begin7
	.long	.Ltmp403-.Lfunc_begin7
	.short	10                              @ Loc expr size
	.byte	144                             @ sub-register DW_OP_regx
	.byte	130                             @ 258
	.byte	2                               @ 
	.byte	147                             @ DW_OP_piece
	.byte	8                               @ 8
	.byte	144                             @ sub-register DW_OP_regx
	.byte	131                             @ 259
	.byte	2                               @ 
	.byte	147                             @ DW_OP_piece
	.byte	8                               @ 8
	.long	0
	.long	0
.Ldebug_loc131:
	.long	-1
	.long	.Lfunc_begin7                   @   base address
	.long	.Ltmp400-.Lfunc_begin7
	.long	.Ltmp402-.Lfunc_begin7
	.short	3                               @ Loc expr size
	.byte	144                             @ super-register DW_OP_regx
	.byte	128                             @ 256
	.byte	2                               @ 
	.long	0
	.long	0
.Ldebug_loc132:
	.long	-1
	.long	.Lfunc_begin7                   @   base address
	.long	.Ltmp406-.Lfunc_begin7
	.long	.Ltmp407-.Lfunc_begin7
	.short	3                               @ Loc expr size
	.byte	144                             @ super-register DW_OP_regx
	.byte	128                             @ 256
	.byte	2                               @ 
	.long	0
	.long	0
.Ldebug_loc133:
	.long	-1
	.long	.Lfunc_begin7                   @   base address
	.long	.Ltmp402-.Lfunc_begin7
	.long	.Ltmp404-.Lfunc_begin7
	.short	3                               @ Loc expr size
	.byte	144                             @ super-register DW_OP_regx
	.byte	128                             @ 256
	.byte	2                               @ 
	.long	.Ltmp405-.Lfunc_begin7
	.long	.Ltmp406-.Lfunc_begin7
	.short	3                               @ Loc expr size
	.byte	144                             @ super-register DW_OP_regx
	.byte	128                             @ 256
	.byte	2                               @ 
	.long	0
	.long	0
.Ldebug_loc134:
	.long	-1
	.long	.Lfunc_begin7                   @   base address
	.long	.Ltmp408-.Lfunc_begin7
	.long	.Ltmp410-.Lfunc_begin7
	.short	3                               @ Loc expr size
	.byte	144                             @ super-register DW_OP_regx
	.byte	128                             @ 256
	.byte	2                               @ 
	.long	0
	.long	0
.Ldebug_loc135:
	.long	-1
	.long	.Lfunc_begin8                   @   base address
	.long	.Lfunc_begin8-.Lfunc_begin8
	.long	.Ltmp502-.Lfunc_begin8
	.short	1                               @ Loc expr size
	.byte	82                              @ DW_OP_reg2
	.long	.Ltmp502-.Lfunc_begin8
	.long	.Ltmp522-.Lfunc_begin8
	.short	4                               @ Loc expr size
	.byte	243                             @ DW_OP_GNU_entry_value
	.byte	1                               @ 1
	.byte	82                              @ DW_OP_reg2
	.byte	159                             @ DW_OP_stack_value
	.long	.Ltmp522-.Lfunc_begin8
	.long	.Ltmp523-.Lfunc_begin8
	.short	1                               @ Loc expr size
	.byte	82                              @ DW_OP_reg2
	.long	0
	.long	0
.Ldebug_loc136:
	.long	-1
	.long	.Lfunc_begin8                   @   base address
	.long	.Lfunc_begin8-.Lfunc_begin8
	.long	.Ltmp474-.Lfunc_begin8
	.short	1                               @ Loc expr size
	.byte	83                              @ DW_OP_reg3
	.long	.Ltmp474-.Lfunc_begin8
	.long	.Ltmp522-.Lfunc_begin8
	.short	4                               @ Loc expr size
	.byte	243                             @ DW_OP_GNU_entry_value
	.byte	1                               @ 1
	.byte	83                              @ DW_OP_reg3
	.byte	159                             @ DW_OP_stack_value
	.long	.Ltmp522-.Lfunc_begin8
	.long	.Ltmp523-.Lfunc_begin8
	.short	1                               @ Loc expr size
	.byte	83                              @ DW_OP_reg3
	.long	0
	.long	0
.Ldebug_loc137:
	.long	-1
	.long	.Lfunc_begin8                   @   base address
	.long	.Lfunc_begin8-.Lfunc_begin8
	.long	.Ltmp418-.Lfunc_begin8
	.short	1                               @ Loc expr size
	.byte	80                              @ DW_OP_reg0
	.long	.Ltmp461-.Lfunc_begin8
	.long	.Ltmp463-.Lfunc_begin8
	.short	1                               @ Loc expr size
	.byte	80                              @ DW_OP_reg0
	.long	0
	.long	0
.Ldebug_loc138:
	.long	-1
	.long	.Lfunc_begin8                   @   base address
	.long	.Lfunc_begin8-.Lfunc_begin8
	.long	.Ltmp413-.Lfunc_begin8
	.short	1                               @ Loc expr size
	.byte	81                              @ DW_OP_reg1
	.long	.Ltmp413-.Lfunc_begin8
	.long	.Ltmp417-.Lfunc_begin8
	.short	1                               @ Loc expr size
	.byte	92                              @ DW_OP_reg12
	.long	.Ltmp417-.Lfunc_begin8
	.long	.Ltmp420-.Lfunc_begin8
	.short	1                               @ Loc expr size
	.byte	81                              @ DW_OP_reg1
	.long	.Ltmp461-.Lfunc_begin8
	.long	.Ltmp464-.Lfunc_begin8
	.short	1                               @ Loc expr size
	.byte	81                              @ DW_OP_reg1
	.long	0
	.long	0
.Ldebug_loc139:
	.long	-1
	.long	.Lfunc_begin8                   @   base address
	.long	.Ltmp411-.Lfunc_begin8
	.long	.Ltmp414-.Lfunc_begin8
	.short	5                               @ Loc expr size
	.byte	115                             @ DW_OP_breg3
	.byte	0                               @ 0
	.byte	51                              @ DW_OP_lit3
	.byte	37                              @ DW_OP_shr
	.byte	159                             @ DW_OP_stack_value
	.long	.Ltmp414-.Lfunc_begin8
	.long	.Ltmp416-.Lfunc_begin8
	.short	1                               @ Loc expr size
	.byte	81                              @ DW_OP_reg1
	.long	.Ltmp465-.Lfunc_begin8
	.long	.Ltmp477-.Lfunc_begin8
	.short	1                               @ Loc expr size
	.byte	81                              @ DW_OP_reg1
	.long	.Ltmp522-.Lfunc_begin8
	.long	.Ltmp523-.Lfunc_begin8
	.short	1                               @ Loc expr size
	.byte	81                              @ DW_OP_reg1
	.long	0
	.long	0
.Ldebug_loc140:
	.long	-1
	.long	.Lfunc_begin8                   @   base address
	.long	.Ltmp412-.Lfunc_begin8
	.long	.Ltmp415-.Lfunc_begin8
	.short	10                              @ Loc expr size
	.byte	144                             @ sub-register DW_OP_regx
	.byte	130                             @ 258
	.byte	2                               @ 
	.byte	147                             @ DW_OP_piece
	.byte	8                               @ 8
	.byte	144                             @ sub-register DW_OP_regx
	.byte	131                             @ 259
	.byte	2                               @ 
	.byte	147                             @ DW_OP_piece
	.byte	8                               @ 8
	.long	.Ltmp417-.Lfunc_begin8
	.long	.Ltmp419-.Lfunc_begin8
	.short	10                              @ Loc expr size
	.byte	144                             @ sub-register DW_OP_regx
	.byte	130                             @ 258
	.byte	2                               @ 
	.byte	147                             @ DW_OP_piece
	.byte	8                               @ 8
	.byte	144                             @ sub-register DW_OP_regx
	.byte	131                             @ 259
	.byte	2                               @ 
	.byte	147                             @ DW_OP_piece
	.byte	8                               @ 8
	.long	.Ltmp419-.Lfunc_begin8
	.long	.Ltmp432-.Lfunc_begin8
	.short	10                              @ Loc expr size
	.byte	144                             @ sub-register DW_OP_regx
	.byte	142                             @ 270
	.byte	2                               @ 
	.byte	147                             @ DW_OP_piece
	.byte	8                               @ 8
	.byte	144                             @ sub-register DW_OP_regx
	.byte	143                             @ 271
	.byte	2                               @ 
	.byte	147                             @ DW_OP_piece
	.byte	8                               @ 8
	.long	.Ltmp432-.Lfunc_begin8
	.long	.Ltmp526-.Lfunc_begin8
	.short	10                              @ Loc expr size
	.byte	144                             @ sub-register DW_OP_regx
	.byte	130                             @ 258
	.byte	2                               @ 
	.byte	147                             @ DW_OP_piece
	.byte	8                               @ 8
	.byte	144                             @ sub-register DW_OP_regx
	.byte	131                             @ 259
	.byte	2                               @ 
	.byte	147                             @ DW_OP_piece
	.byte	8                               @ 8
	.long	0
	.long	0
.Ldebug_loc141:
	.long	-1
	.long	.Lfunc_begin8                   @   base address
	.long	.Ltmp418-.Lfunc_begin8
	.long	.Ltmp421-.Lfunc_begin8
	.short	10                              @ Loc expr size
	.byte	144                             @ sub-register DW_OP_regx
	.byte	138                             @ 266
	.byte	2                               @ 
	.byte	147                             @ DW_OP_piece
	.byte	8                               @ 8
	.byte	144                             @ sub-register DW_OP_regx
	.byte	139                             @ 267
	.byte	2                               @ 
	.byte	147                             @ DW_OP_piece
	.byte	8                               @ 8
	.long	.Ltmp468-.Lfunc_begin8
	.long	.Ltmp470-.Lfunc_begin8
	.short	10                              @ Loc expr size
	.byte	144                             @ sub-register DW_OP_regx
	.byte	128                             @ 256
	.byte	2                               @ 
	.byte	147                             @ DW_OP_piece
	.byte	8                               @ 8
	.byte	144                             @ sub-register DW_OP_regx
	.byte	129                             @ 257
	.byte	2                               @ 
	.byte	147                             @ DW_OP_piece
	.byte	8                               @ 8
	.long	0
	.long	0
.Ldebug_loc142:
	.long	-1
	.long	.Lfunc_begin8                   @   base address
	.long	.Ltmp420-.Lfunc_begin8
	.long	.Ltmp422-.Lfunc_begin8
	.short	10                              @ Loc expr size
	.byte	144                             @ sub-register DW_OP_regx
	.byte	140                             @ 268
	.byte	2                               @ 
	.byte	147                             @ DW_OP_piece
	.byte	8                               @ 8
	.byte	144                             @ sub-register DW_OP_regx
	.byte	141                             @ 269
	.byte	2                               @ 
	.byte	147                             @ DW_OP_piece
	.byte	8                               @ 8
	.long	.Ltmp469-.Lfunc_begin8
	.long	.Ltmp471-.Lfunc_begin8
	.short	10                              @ Loc expr size
	.byte	144                             @ sub-register DW_OP_regx
	.byte	132                             @ 260
	.byte	2                               @ 
	.byte	147                             @ DW_OP_piece
	.byte	8                               @ 8
	.byte	144                             @ sub-register DW_OP_regx
	.byte	133                             @ 261
	.byte	2                               @ 
	.byte	147                             @ DW_OP_piece
	.byte	8                               @ 8
	.long	0
	.long	0
.Ldebug_loc143:
	.long	-1
	.long	.Lfunc_begin8                   @   base address
	.long	.Ltmp421-.Lfunc_begin8
	.long	.Ltmp425-.Lfunc_begin8
	.short	10                              @ Loc expr size
	.byte	144                             @ sub-register DW_OP_regx
	.byte	138                             @ 266
	.byte	2                               @ 
	.byte	147                             @ DW_OP_piece
	.byte	8                               @ 8
	.byte	144                             @ sub-register DW_OP_regx
	.byte	139                             @ 267
	.byte	2                               @ 
	.byte	147                             @ DW_OP_piece
	.byte	8                               @ 8
	.long	.Ltmp425-.Lfunc_begin8
	.long	.Ltmp431-.Lfunc_begin8
	.short	10                              @ Loc expr size
	.byte	144                             @ sub-register DW_OP_regx
	.byte	128                             @ 256
	.byte	2                               @ 
	.byte	147                             @ DW_OP_piece
	.byte	8                               @ 8
	.byte	144                             @ sub-register DW_OP_regx
	.byte	129                             @ 257
	.byte	2                               @ 
	.byte	147                             @ DW_OP_piece
	.byte	8                               @ 8
	.long	0
	.long	0
.Ldebug_loc144:
	.long	-1
	.long	.Lfunc_begin8                   @   base address
	.long	.Ltmp421-.Lfunc_begin8
	.long	.Ltmp430-.Lfunc_begin8
	.short	10                              @ Loc expr size
	.byte	144                             @ sub-register DW_OP_regx
	.byte	138                             @ 266
	.byte	2                               @ 
	.byte	147                             @ DW_OP_piece
	.byte	8                               @ 8
	.byte	144                             @ sub-register DW_OP_regx
	.byte	139                             @ 267
	.byte	2                               @ 
	.byte	147                             @ DW_OP_piece
	.byte	8                               @ 8
	.long	0
	.long	0
.Ldebug_loc145:
	.long	-1
	.long	.Lfunc_begin8                   @   base address
	.long	.Ltmp421-.Lfunc_begin8
	.long	.Ltmp430-.Lfunc_begin8
	.short	10                              @ Loc expr size
	.byte	144                             @ sub-register DW_OP_regx
	.byte	138                             @ 266
	.byte	2                               @ 
	.byte	147                             @ DW_OP_piece
	.byte	8                               @ 8
	.byte	144                             @ sub-register DW_OP_regx
	.byte	139                             @ 267
	.byte	2                               @ 
	.byte	147                             @ DW_OP_piece
	.byte	8                               @ 8
	.long	0
	.long	0
.Ldebug_loc146:
	.long	-1
	.long	.Lfunc_begin8                   @   base address
	.long	.Ltmp421-.Lfunc_begin8
	.long	.Ltmp430-.Lfunc_begin8
	.short	10                              @ Loc expr size
	.byte	144                             @ sub-register DW_OP_regx
	.byte	138                             @ 266
	.byte	2                               @ 
	.byte	147                             @ DW_OP_piece
	.byte	8                               @ 8
	.byte	144                             @ sub-register DW_OP_regx
	.byte	139                             @ 267
	.byte	2                               @ 
	.byte	147                             @ DW_OP_piece
	.byte	8                               @ 8
	.long	.Ltmp470-.Lfunc_begin8
	.long	.Ltmp490-.Lfunc_begin8
	.short	10                              @ Loc expr size
	.byte	144                             @ sub-register DW_OP_regx
	.byte	128                             @ 256
	.byte	2                               @ 
	.byte	147                             @ DW_OP_piece
	.byte	8                               @ 8
	.byte	144                             @ sub-register DW_OP_regx
	.byte	129                             @ 257
	.byte	2                               @ 
	.byte	147                             @ DW_OP_piece
	.byte	8                               @ 8
	.long	.Ltmp520-.Lfunc_begin8
	.long	.Ltmp522-.Lfunc_begin8
	.short	10                              @ Loc expr size
	.byte	144                             @ sub-register DW_OP_regx
	.byte	134                             @ 262
	.byte	2                               @ 
	.byte	147                             @ DW_OP_piece
	.byte	8                               @ 8
	.byte	144                             @ sub-register DW_OP_regx
	.byte	135                             @ 263
	.byte	2                               @ 
	.byte	147                             @ DW_OP_piece
	.byte	8                               @ 8
	.long	0
	.long	0
.Ldebug_loc147:
	.long	-1
	.long	.Lfunc_begin8                   @   base address
	.long	.Ltmp423-.Lfunc_begin8
	.long	.Ltmp424-.Lfunc_begin8
	.short	10                              @ Loc expr size
	.byte	144                             @ sub-register DW_OP_regx
	.byte	128                             @ 256
	.byte	2                               @ 
	.byte	147                             @ DW_OP_piece
	.byte	8                               @ 8
	.byte	144                             @ sub-register DW_OP_regx
	.byte	129                             @ 257
	.byte	2                               @ 
	.byte	147                             @ DW_OP_piece
	.byte	8                               @ 8
	.long	.Ltmp424-.Lfunc_begin8
	.long	.Ltmp439-.Lfunc_begin8
	.short	3                               @ Loc expr size
	.byte	125                             @ DW_OP_breg13
	.byte	168                             @ 296
	.byte	2                               @ 
	.long	.Ltmp439-.Lfunc_begin8
	.long	.Ltmp440-.Lfunc_begin8
	.short	10                              @ Loc expr size
	.byte	144                             @ sub-register DW_OP_regx
	.byte	128                             @ 256
	.byte	2                               @ 
	.byte	147                             @ DW_OP_piece
	.byte	8                               @ 8
	.byte	144                             @ sub-register DW_OP_regx
	.byte	129                             @ 257
	.byte	2                               @ 
	.byte	147                             @ DW_OP_piece
	.byte	8                               @ 8
	.long	0
	.long	0
.Ldebug_loc148:
	.long	-1
	.long	.Lfunc_begin8                   @   base address
	.long	.Ltmp425-.Lfunc_begin8
	.long	.Ltmp431-.Lfunc_begin8
	.short	10                              @ Loc expr size
	.byte	144                             @ sub-register DW_OP_regx
	.byte	128                             @ 256
	.byte	2                               @ 
	.byte	147                             @ DW_OP_piece
	.byte	8                               @ 8
	.byte	144                             @ sub-register DW_OP_regx
	.byte	129                             @ 257
	.byte	2                               @ 
	.byte	147                             @ DW_OP_piece
	.byte	8                               @ 8
	.long	0
	.long	0
.Ldebug_loc149:
	.long	-1
	.long	.Lfunc_begin8                   @   base address
	.long	.Ltmp425-.Lfunc_begin8
	.long	.Ltmp439-.Lfunc_begin8
	.short	3                               @ Loc expr size
	.byte	125                             @ DW_OP_breg13
	.byte	168                             @ 296
	.byte	2                               @ 
	.long	.Ltmp439-.Lfunc_begin8
	.long	.Ltmp440-.Lfunc_begin8
	.short	10                              @ Loc expr size
	.byte	144                             @ sub-register DW_OP_regx
	.byte	128                             @ 256
	.byte	2                               @ 
	.byte	147                             @ DW_OP_piece
	.byte	8                               @ 8
	.byte	144                             @ sub-register DW_OP_regx
	.byte	129                             @ 257
	.byte	2                               @ 
	.byte	147                             @ DW_OP_piece
	.byte	8                               @ 8
	.long	0
	.long	0
.Ldebug_loc150:
	.long	-1
	.long	.Lfunc_begin8                   @   base address
	.long	.Ltmp426-.Lfunc_begin8
	.long	.Ltmp427-.Lfunc_begin8
	.short	3                               @ Loc expr size
	.byte	125                             @ DW_OP_breg13
	.byte	248                             @ 248
	.byte	1                               @ 
	.long	.Ltmp427-.Lfunc_begin8
	.long	.Ltmp446-.Lfunc_begin8
	.short	10                              @ Loc expr size
	.byte	144                             @ sub-register DW_OP_regx
	.byte	132                             @ 260
	.byte	2                               @ 
	.byte	147                             @ DW_OP_piece
	.byte	8                               @ 8
	.byte	144                             @ sub-register DW_OP_regx
	.byte	133                             @ 261
	.byte	2                               @ 
	.byte	147                             @ DW_OP_piece
	.byte	8                               @ 8
	.long	0
	.long	0
.Ldebug_loc151:
	.long	-1
	.long	.Lfunc_begin8                   @   base address
	.long	.Ltmp426-.Lfunc_begin8
	.long	.Ltmp431-.Lfunc_begin8
	.short	10                              @ Loc expr size
	.byte	144                             @ sub-register DW_OP_regx
	.byte	140                             @ 268
	.byte	2                               @ 
	.byte	147                             @ DW_OP_piece
	.byte	8                               @ 8
	.byte	144                             @ sub-register DW_OP_regx
	.byte	141                             @ 269
	.byte	2                               @ 
	.byte	147                             @ DW_OP_piece
	.byte	8                               @ 8
	.long	.Ltmp431-.Lfunc_begin8
	.long	.Ltmp433-.Lfunc_begin8
	.short	3                               @ Loc expr size
	.byte	125                             @ DW_OP_breg13
	.byte	152                             @ 280
	.byte	2                               @ 
	.long	.Ltmp433-.Lfunc_begin8
	.long	.Ltmp444-.Lfunc_begin8
	.short	10                              @ Loc expr size
	.byte	144                             @ sub-register DW_OP_regx
	.byte	140                             @ 268
	.byte	2                               @ 
	.byte	147                             @ DW_OP_piece
	.byte	8                               @ 8
	.byte	144                             @ sub-register DW_OP_regx
	.byte	141                             @ 269
	.byte	2                               @ 
	.byte	147                             @ DW_OP_piece
	.byte	8                               @ 8
	.long	.Ltmp444-.Lfunc_begin8
	.long	.Ltmp445-.Lfunc_begin8
	.short	10                              @ Loc expr size
	.byte	144                             @ sub-register DW_OP_regx
	.byte	128                             @ 256
	.byte	2                               @ 
	.byte	147                             @ DW_OP_piece
	.byte	8                               @ 8
	.byte	144                             @ sub-register DW_OP_regx
	.byte	129                             @ 257
	.byte	2                               @ 
	.byte	147                             @ DW_OP_piece
	.byte	8                               @ 8
	.long	0
	.long	0
.Ldebug_loc152:
	.long	-1
	.long	.Lfunc_begin8                   @   base address
	.long	.Ltmp427-.Lfunc_begin8
	.long	.Ltmp428-.Lfunc_begin8
	.short	3                               @ Loc expr size
	.byte	125                             @ DW_OP_breg13
	.byte	216                             @ 216
	.byte	1                               @ 
	.long	.Ltmp428-.Lfunc_begin8
	.long	.Ltmp441-.Lfunc_begin8
	.short	10                              @ Loc expr size
	.byte	144                             @ sub-register DW_OP_regx
	.byte	134                             @ 262
	.byte	2                               @ 
	.byte	147                             @ DW_OP_piece
	.byte	8                               @ 8
	.byte	144                             @ sub-register DW_OP_regx
	.byte	135                             @ 263
	.byte	2                               @ 
	.byte	147                             @ DW_OP_piece
	.byte	8                               @ 8
	.long	0
	.long	0
.Ldebug_loc153:
	.long	-1
	.long	.Lfunc_begin8                   @   base address
	.long	.Ltmp428-.Lfunc_begin8
	.long	.Ltmp429-.Lfunc_begin8
	.short	3                               @ Loc expr size
	.byte	125                             @ DW_OP_breg13
	.byte	184                             @ 184
	.byte	1                               @ 
	.long	.Ltmp429-.Lfunc_begin8
	.long	.Ltmp436-.Lfunc_begin8
	.short	10                              @ Loc expr size
	.byte	144                             @ sub-register DW_OP_regx
	.byte	136                             @ 264
	.byte	2                               @ 
	.byte	147                             @ DW_OP_piece
	.byte	8                               @ 8
	.byte	144                             @ sub-register DW_OP_regx
	.byte	137                             @ 265
	.byte	2                               @ 
	.byte	147                             @ DW_OP_piece
	.byte	8                               @ 8
	.long	0
	.long	0
.Ldebug_loc154:
	.long	-1
	.long	.Lfunc_begin8                   @   base address
	.long	.Ltmp431-.Lfunc_begin8
	.long	.Ltmp439-.Lfunc_begin8
	.short	10                              @ Loc expr size
	.byte	144                             @ sub-register DW_OP_regx
	.byte	128                             @ 256
	.byte	2                               @ 
	.byte	147                             @ DW_OP_piece
	.byte	8                               @ 8
	.byte	144                             @ sub-register DW_OP_regx
	.byte	129                             @ 257
	.byte	2                               @ 
	.byte	147                             @ DW_OP_piece
	.byte	8                               @ 8
	.long	0
	.long	0
.Ldebug_loc155:
	.long	-1
	.long	.Lfunc_begin8                   @   base address
	.long	.Ltmp440-.Lfunc_begin8
	.long	.Ltmp443-.Lfunc_begin8
	.short	10                              @ Loc expr size
	.byte	144                             @ sub-register DW_OP_regx
	.byte	128                             @ 256
	.byte	2                               @ 
	.byte	147                             @ DW_OP_piece
	.byte	8                               @ 8
	.byte	144                             @ sub-register DW_OP_regx
	.byte	129                             @ 257
	.byte	2                               @ 
	.byte	147                             @ DW_OP_piece
	.byte	8                               @ 8
	.long	0
	.long	0
.Ldebug_loc156:
	.long	-1
	.long	.Lfunc_begin8                   @   base address
	.long	.Ltmp445-.Lfunc_begin8
	.long	.Ltmp447-.Lfunc_begin8
	.short	10                              @ Loc expr size
	.byte	144                             @ sub-register DW_OP_regx
	.byte	128                             @ 256
	.byte	2                               @ 
	.byte	147                             @ DW_OP_piece
	.byte	8                               @ 8
	.byte	144                             @ sub-register DW_OP_regx
	.byte	129                             @ 257
	.byte	2                               @ 
	.byte	147                             @ DW_OP_piece
	.byte	8                               @ 8
	.long	0
	.long	0
.Ldebug_loc157:
	.long	-1
	.long	.Lfunc_begin8                   @   base address
	.long	.Ltmp447-.Lfunc_begin8
	.long	.Ltmp452-.Lfunc_begin8
	.short	10                              @ Loc expr size
	.byte	144                             @ sub-register DW_OP_regx
	.byte	128                             @ 256
	.byte	2                               @ 
	.byte	147                             @ DW_OP_piece
	.byte	8                               @ 8
	.byte	144                             @ sub-register DW_OP_regx
	.byte	129                             @ 257
	.byte	2                               @ 
	.byte	147                             @ DW_OP_piece
	.byte	8                               @ 8
	.long	0
	.long	0
.Ldebug_loc158:
	.long	-1
	.long	.Lfunc_begin8                   @   base address
	.long	.Ltmp447-.Lfunc_begin8
	.long	.Ltmp452-.Lfunc_begin8
	.short	10                              @ Loc expr size
	.byte	144                             @ sub-register DW_OP_regx
	.byte	128                             @ 256
	.byte	2                               @ 
	.byte	147                             @ DW_OP_piece
	.byte	8                               @ 8
	.byte	144                             @ sub-register DW_OP_regx
	.byte	129                             @ 257
	.byte	2                               @ 
	.byte	147                             @ DW_OP_piece
	.byte	8                               @ 8
	.long	0
	.long	0
.Ldebug_loc159:
	.long	-1
	.long	.Lfunc_begin8                   @   base address
	.long	.Ltmp448-.Lfunc_begin8
	.long	.Ltmp454-.Lfunc_begin8
	.short	10                              @ Loc expr size
	.byte	144                             @ sub-register DW_OP_regx
	.byte	138                             @ 266
	.byte	2                               @ 
	.byte	147                             @ DW_OP_piece
	.byte	8                               @ 8
	.byte	144                             @ sub-register DW_OP_regx
	.byte	139                             @ 267
	.byte	2                               @ 
	.byte	147                             @ DW_OP_piece
	.byte	8                               @ 8
	.long	0
	.long	0
.Ldebug_loc160:
	.long	-1
	.long	.Lfunc_begin8                   @   base address
	.long	.Ltmp449-.Lfunc_begin8
	.long	.Ltmp455-.Lfunc_begin8
	.short	10                              @ Loc expr size
	.byte	144                             @ sub-register DW_OP_regx
	.byte	132                             @ 260
	.byte	2                               @ 
	.byte	147                             @ DW_OP_piece
	.byte	8                               @ 8
	.byte	144                             @ sub-register DW_OP_regx
	.byte	133                             @ 261
	.byte	2                               @ 
	.byte	147                             @ DW_OP_piece
	.byte	8                               @ 8
	.long	0
	.long	0
.Ldebug_loc161:
	.long	-1
	.long	.Lfunc_begin8                   @   base address
	.long	.Ltmp450-.Lfunc_begin8
	.long	.Ltmp453-.Lfunc_begin8
	.short	10                              @ Loc expr size
	.byte	144                             @ sub-register DW_OP_regx
	.byte	134                             @ 262
	.byte	2                               @ 
	.byte	147                             @ DW_OP_piece
	.byte	8                               @ 8
	.byte	144                             @ sub-register DW_OP_regx
	.byte	135                             @ 263
	.byte	2                               @ 
	.byte	147                             @ DW_OP_piece
	.byte	8                               @ 8
	.long	0
	.long	0
.Ldebug_loc162:
	.long	-1
	.long	.Lfunc_begin8                   @   base address
	.long	.Ltmp451-.Lfunc_begin8
	.long	.Ltmp462-.Lfunc_begin8
	.short	10                              @ Loc expr size
	.byte	144                             @ sub-register DW_OP_regx
	.byte	136                             @ 264
	.byte	2                               @ 
	.byte	147                             @ DW_OP_piece
	.byte	8                               @ 8
	.byte	144                             @ sub-register DW_OP_regx
	.byte	137                             @ 265
	.byte	2                               @ 
	.byte	147                             @ DW_OP_piece
	.byte	8                               @ 8
	.long	0
	.long	0
.Ldebug_loc163:
	.long	-1
	.long	.Lfunc_begin8                   @   base address
	.long	.Ltmp452-.Lfunc_begin8
	.long	.Ltmp458-.Lfunc_begin8
	.short	10                              @ Loc expr size
	.byte	144                             @ sub-register DW_OP_regx
	.byte	128                             @ 256
	.byte	2                               @ 
	.byte	147                             @ DW_OP_piece
	.byte	8                               @ 8
	.byte	144                             @ sub-register DW_OP_regx
	.byte	129                             @ 257
	.byte	2                               @ 
	.byte	147                             @ DW_OP_piece
	.byte	8                               @ 8
	.long	0
	.long	0
.Ldebug_loc164:
	.long	-1
	.long	.Lfunc_begin8                   @   base address
	.long	.Ltmp455-.Lfunc_begin8
	.long	.Ltmp462-.Lfunc_begin8
	.short	10                              @ Loc expr size
	.byte	144                             @ sub-register DW_OP_regx
	.byte	132                             @ 260
	.byte	2                               @ 
	.byte	147                             @ DW_OP_piece
	.byte	8                               @ 8
	.byte	144                             @ sub-register DW_OP_regx
	.byte	133                             @ 261
	.byte	2                               @ 
	.byte	147                             @ DW_OP_piece
	.byte	8                               @ 8
	.long	0
	.long	0
.Ldebug_loc165:
	.long	-1
	.long	.Lfunc_begin8                   @   base address
	.long	.Ltmp456-.Lfunc_begin8
	.long	.Ltmp458-.Lfunc_begin8
	.short	10                              @ Loc expr size
	.byte	144                             @ sub-register DW_OP_regx
	.byte	128                             @ 256
	.byte	2                               @ 
	.byte	147                             @ DW_OP_piece
	.byte	8                               @ 8
	.byte	144                             @ sub-register DW_OP_regx
	.byte	129                             @ 257
	.byte	2                               @ 
	.byte	147                             @ DW_OP_piece
	.byte	8                               @ 8
	.long	0
	.long	0
.Ldebug_loc166:
	.long	-1
	.long	.Lfunc_begin8                   @   base address
	.long	.Ltmp457-.Lfunc_begin8
	.long	.Ltmp459-.Lfunc_begin8
	.short	10                              @ Loc expr size
	.byte	144                             @ sub-register DW_OP_regx
	.byte	138                             @ 266
	.byte	2                               @ 
	.byte	147                             @ DW_OP_piece
	.byte	8                               @ 8
	.byte	144                             @ sub-register DW_OP_regx
	.byte	139                             @ 267
	.byte	2                               @ 
	.byte	147                             @ DW_OP_piece
	.byte	8                               @ 8
	.long	.Ltmp459-.Lfunc_begin8
	.long	.Ltmp460-.Lfunc_begin8
	.short	10                              @ Loc expr size
	.byte	144                             @ sub-register DW_OP_regx
	.byte	128                             @ 256
	.byte	2                               @ 
	.byte	147                             @ DW_OP_piece
	.byte	8                               @ 8
	.byte	144                             @ sub-register DW_OP_regx
	.byte	129                             @ 257
	.byte	2                               @ 
	.byte	147                             @ DW_OP_piece
	.byte	8                               @ 8
	.long	0
	.long	0
.Ldebug_loc167:
	.long	-1
	.long	.Lfunc_begin8                   @   base address
	.long	.Ltmp473-.Lfunc_begin8
	.long	.Ltmp492-.Lfunc_begin8
	.short	10                              @ Loc expr size
	.byte	144                             @ sub-register DW_OP_regx
	.byte	134                             @ 262
	.byte	2                               @ 
	.byte	147                             @ DW_OP_piece
	.byte	8                               @ 8
	.byte	144                             @ sub-register DW_OP_regx
	.byte	135                             @ 263
	.byte	2                               @ 
	.byte	147                             @ DW_OP_piece
	.byte	8                               @ 8
	.long	0
	.long	0
.Ldebug_loc168:
	.long	-1
	.long	.Lfunc_begin8                   @   base address
	.long	.Ltmp475-.Lfunc_begin8
	.long	.Ltmp485-.Lfunc_begin8
	.short	10                              @ Loc expr size
	.byte	144                             @ sub-register DW_OP_regx
	.byte	136                             @ 264
	.byte	2                               @ 
	.byte	147                             @ DW_OP_piece
	.byte	8                               @ 8
	.byte	144                             @ sub-register DW_OP_regx
	.byte	137                             @ 265
	.byte	2                               @ 
	.byte	147                             @ DW_OP_piece
	.byte	8                               @ 8
	.long	0
	.long	0
.Ldebug_loc169:
	.long	-1
	.long	.Lfunc_begin8                   @   base address
	.long	.Ltmp475-.Lfunc_begin8
	.long	.Ltmp492-.Lfunc_begin8
	.short	10                              @ Loc expr size
	.byte	144                             @ sub-register DW_OP_regx
	.byte	134                             @ 262
	.byte	2                               @ 
	.byte	147                             @ DW_OP_piece
	.byte	8                               @ 8
	.byte	144                             @ sub-register DW_OP_regx
	.byte	135                             @ 263
	.byte	2                               @ 
	.byte	147                             @ DW_OP_piece
	.byte	8                               @ 8
	.long	0
	.long	0
.Ldebug_loc170:
	.long	-1
	.long	.Lfunc_begin8                   @   base address
	.long	.Ltmp475-.Lfunc_begin8
	.long	.Ltmp485-.Lfunc_begin8
	.short	10                              @ Loc expr size
	.byte	144                             @ sub-register DW_OP_regx
	.byte	136                             @ 264
	.byte	2                               @ 
	.byte	147                             @ DW_OP_piece
	.byte	8                               @ 8
	.byte	144                             @ sub-register DW_OP_regx
	.byte	137                             @ 265
	.byte	2                               @ 
	.byte	147                             @ DW_OP_piece
	.byte	8                               @ 8
	.long	0
	.long	0
.Ldebug_loc171:
	.long	-1
	.long	.Lfunc_begin8                   @   base address
	.long	.Ltmp476-.Lfunc_begin8
	.long	.Ltmp503-.Lfunc_begin8
	.short	10                              @ Loc expr size
	.byte	144                             @ sub-register DW_OP_regx
	.byte	138                             @ 266
	.byte	2                               @ 
	.byte	147                             @ DW_OP_piece
	.byte	8                               @ 8
	.byte	144                             @ sub-register DW_OP_regx
	.byte	139                             @ 267
	.byte	2                               @ 
	.byte	147                             @ DW_OP_piece
	.byte	8                               @ 8
	.long	0
	.long	0
.Ldebug_loc172:
	.long	-1
	.long	.Lfunc_begin8                   @   base address
	.long	.Ltmp478-.Lfunc_begin8
	.long	.Ltmp504-.Lfunc_begin8
	.short	10                              @ Loc expr size
	.byte	144                             @ sub-register DW_OP_regx
	.byte	140                             @ 268
	.byte	2                               @ 
	.byte	147                             @ DW_OP_piece
	.byte	8                               @ 8
	.byte	144                             @ sub-register DW_OP_regx
	.byte	141                             @ 269
	.byte	2                               @ 
	.byte	147                             @ DW_OP_piece
	.byte	8                               @ 8
	.long	0
	.long	0
.Ldebug_loc173:
	.long	-1
	.long	.Lfunc_begin8                   @   base address
	.long	.Ltmp479-.Lfunc_begin8
	.long	.Ltmp505-.Lfunc_begin8
	.short	10                              @ Loc expr size
	.byte	144                             @ sub-register DW_OP_regx
	.byte	142                             @ 270
	.byte	2                               @ 
	.byte	147                             @ DW_OP_piece
	.byte	8                               @ 8
	.byte	144                             @ sub-register DW_OP_regx
	.byte	143                             @ 271
	.byte	2                               @ 
	.byte	147                             @ DW_OP_piece
	.byte	8                               @ 8
	.long	0
	.long	0
.Ldebug_loc174:
	.long	-1
	.long	.Lfunc_begin8                   @   base address
	.long	.Ltmp480-.Lfunc_begin8
	.long	.Ltmp497-.Lfunc_begin8
	.short	10                              @ Loc expr size
	.byte	144                             @ sub-register DW_OP_regx
	.byte	132                             @ 260
	.byte	2                               @ 
	.byte	147                             @ DW_OP_piece
	.byte	8                               @ 8
	.byte	144                             @ sub-register DW_OP_regx
	.byte	133                             @ 261
	.byte	2                               @ 
	.byte	147                             @ DW_OP_piece
	.byte	8                               @ 8
	.long	0
	.long	0
.Ldebug_loc175:
	.long	-1
	.long	.Lfunc_begin8                   @   base address
	.long	.Ltmp485-.Lfunc_begin8
	.long	.Ltmp500-.Lfunc_begin8
	.short	10                              @ Loc expr size
	.byte	144                             @ sub-register DW_OP_regx
	.byte	136                             @ 264
	.byte	2                               @ 
	.byte	147                             @ DW_OP_piece
	.byte	8                               @ 8
	.byte	144                             @ sub-register DW_OP_regx
	.byte	137                             @ 265
	.byte	2                               @ 
	.byte	147                             @ DW_OP_piece
	.byte	8                               @ 8
	.long	0
	.long	0
.Ldebug_loc176:
	.long	-1
	.long	.Lfunc_begin8                   @   base address
	.long	.Ltmp492-.Lfunc_begin8
	.long	.Ltmp495-.Lfunc_begin8
	.short	10                              @ Loc expr size
	.byte	144                             @ sub-register DW_OP_regx
	.byte	134                             @ 262
	.byte	2                               @ 
	.byte	147                             @ DW_OP_piece
	.byte	8                               @ 8
	.byte	144                             @ sub-register DW_OP_regx
	.byte	135                             @ 263
	.byte	2                               @ 
	.byte	147                             @ DW_OP_piece
	.byte	8                               @ 8
	.long	0
	.long	0
.Ldebug_loc177:
	.long	-1
	.long	.Lfunc_begin8                   @   base address
	.long	.Ltmp499-.Lfunc_begin8
	.long	.Ltmp501-.Lfunc_begin8
	.short	10                              @ Loc expr size
	.byte	144                             @ sub-register DW_OP_regx
	.byte	134                             @ 262
	.byte	2                               @ 
	.byte	147                             @ DW_OP_piece
	.byte	8                               @ 8
	.byte	144                             @ sub-register DW_OP_regx
	.byte	135                             @ 263
	.byte	2                               @ 
	.byte	147                             @ DW_OP_piece
	.byte	8                               @ 8
	.long	0
	.long	0
.Ldebug_loc178:
	.long	-1
	.long	.Lfunc_begin8                   @   base address
	.long	.Ltmp501-.Lfunc_begin8
	.long	.Ltmp510-.Lfunc_begin8
	.short	10                              @ Loc expr size
	.byte	144                             @ sub-register DW_OP_regx
	.byte	134                             @ 262
	.byte	2                               @ 
	.byte	147                             @ DW_OP_piece
	.byte	8                               @ 8
	.byte	144                             @ sub-register DW_OP_regx
	.byte	135                             @ 263
	.byte	2                               @ 
	.byte	147                             @ DW_OP_piece
	.byte	8                               @ 8
	.long	0
	.long	0
.Ldebug_loc179:
	.long	-1
	.long	.Lfunc_begin8                   @   base address
	.long	.Ltmp501-.Lfunc_begin8
	.long	.Ltmp510-.Lfunc_begin8
	.short	10                              @ Loc expr size
	.byte	144                             @ sub-register DW_OP_regx
	.byte	134                             @ 262
	.byte	2                               @ 
	.byte	147                             @ DW_OP_piece
	.byte	8                               @ 8
	.byte	144                             @ sub-register DW_OP_regx
	.byte	135                             @ 263
	.byte	2                               @ 
	.byte	147                             @ DW_OP_piece
	.byte	8                               @ 8
	.long	0
	.long	0
.Ldebug_loc180:
	.long	-1
	.long	.Lfunc_begin8                   @   base address
	.long	.Ltmp506-.Lfunc_begin8
	.long	.Ltmp512-.Lfunc_begin8
	.short	10                              @ Loc expr size
	.byte	144                             @ sub-register DW_OP_regx
	.byte	136                             @ 264
	.byte	2                               @ 
	.byte	147                             @ DW_OP_piece
	.byte	8                               @ 8
	.byte	144                             @ sub-register DW_OP_regx
	.byte	137                             @ 265
	.byte	2                               @ 
	.byte	147                             @ DW_OP_piece
	.byte	8                               @ 8
	.long	0
	.long	0
.Ldebug_loc181:
	.long	-1
	.long	.Lfunc_begin8                   @   base address
	.long	.Ltmp507-.Lfunc_begin8
	.long	.Ltmp513-.Lfunc_begin8
	.short	10                              @ Loc expr size
	.byte	144                             @ sub-register DW_OP_regx
	.byte	138                             @ 266
	.byte	2                               @ 
	.byte	147                             @ DW_OP_piece
	.byte	8                               @ 8
	.byte	144                             @ sub-register DW_OP_regx
	.byte	139                             @ 267
	.byte	2                               @ 
	.byte	147                             @ DW_OP_piece
	.byte	8                               @ 8
	.long	0
	.long	0
.Ldebug_loc182:
	.long	-1
	.long	.Lfunc_begin8                   @   base address
	.long	.Ltmp508-.Lfunc_begin8
	.long	.Ltmp511-.Lfunc_begin8
	.short	10                              @ Loc expr size
	.byte	144                             @ sub-register DW_OP_regx
	.byte	140                             @ 268
	.byte	2                               @ 
	.byte	147                             @ DW_OP_piece
	.byte	8                               @ 8
	.byte	144                             @ sub-register DW_OP_regx
	.byte	141                             @ 269
	.byte	2                               @ 
	.byte	147                             @ DW_OP_piece
	.byte	8                               @ 8
	.long	0
	.long	0
.Ldebug_loc183:
	.long	-1
	.long	.Lfunc_begin8                   @   base address
	.long	.Ltmp509-.Lfunc_begin8
	.long	.Ltmp522-.Lfunc_begin8
	.short	10                              @ Loc expr size
	.byte	144                             @ sub-register DW_OP_regx
	.byte	142                             @ 270
	.byte	2                               @ 
	.byte	147                             @ DW_OP_piece
	.byte	8                               @ 8
	.byte	144                             @ sub-register DW_OP_regx
	.byte	143                             @ 271
	.byte	2                               @ 
	.byte	147                             @ DW_OP_piece
	.byte	8                               @ 8
	.long	0
	.long	0
.Ldebug_loc184:
	.long	-1
	.long	.Lfunc_begin8                   @   base address
	.long	.Ltmp510-.Lfunc_begin8
	.long	.Ltmp517-.Lfunc_begin8
	.short	10                              @ Loc expr size
	.byte	144                             @ sub-register DW_OP_regx
	.byte	134                             @ 262
	.byte	2                               @ 
	.byte	147                             @ DW_OP_piece
	.byte	8                               @ 8
	.byte	144                             @ sub-register DW_OP_regx
	.byte	135                             @ 263
	.byte	2                               @ 
	.byte	147                             @ DW_OP_piece
	.byte	8                               @ 8
	.long	0
	.long	0
.Ldebug_loc185:
	.long	-1
	.long	.Lfunc_begin8                   @   base address
	.long	.Ltmp514-.Lfunc_begin8
	.long	.Ltmp522-.Lfunc_begin8
	.short	10                              @ Loc expr size
	.byte	144                             @ sub-register DW_OP_regx
	.byte	132                             @ 260
	.byte	2                               @ 
	.byte	147                             @ DW_OP_piece
	.byte	8                               @ 8
	.byte	144                             @ sub-register DW_OP_regx
	.byte	133                             @ 261
	.byte	2                               @ 
	.byte	147                             @ DW_OP_piece
	.byte	8                               @ 8
	.long	0
	.long	0
.Ldebug_loc186:
	.long	-1
	.long	.Lfunc_begin8                   @   base address
	.long	.Ltmp515-.Lfunc_begin8
	.long	.Ltmp517-.Lfunc_begin8
	.short	10                              @ Loc expr size
	.byte	144                             @ sub-register DW_OP_regx
	.byte	134                             @ 262
	.byte	2                               @ 
	.byte	147                             @ DW_OP_piece
	.byte	8                               @ 8
	.byte	144                             @ sub-register DW_OP_regx
	.byte	135                             @ 263
	.byte	2                               @ 
	.byte	147                             @ DW_OP_piece
	.byte	8                               @ 8
	.long	0
	.long	0
.Ldebug_loc187:
	.long	-1
	.long	.Lfunc_begin8                   @   base address
	.long	.Ltmp516-.Lfunc_begin8
	.long	.Ltmp518-.Lfunc_begin8
	.short	10                              @ Loc expr size
	.byte	144                             @ sub-register DW_OP_regx
	.byte	136                             @ 264
	.byte	2                               @ 
	.byte	147                             @ DW_OP_piece
	.byte	8                               @ 8
	.byte	144                             @ sub-register DW_OP_regx
	.byte	137                             @ 265
	.byte	2                               @ 
	.byte	147                             @ DW_OP_piece
	.byte	8                               @ 8
	.long	.Ltmp518-.Lfunc_begin8
	.long	.Ltmp520-.Lfunc_begin8
	.short	10                              @ Loc expr size
	.byte	144                             @ sub-register DW_OP_regx
	.byte	134                             @ 262
	.byte	2                               @ 
	.byte	147                             @ DW_OP_piece
	.byte	8                               @ 8
	.byte	144                             @ sub-register DW_OP_regx
	.byte	135                             @ 263
	.byte	2                               @ 
	.byte	147                             @ DW_OP_piece
	.byte	8                               @ 8
	.long	0
	.long	0
.Ldebug_loc188:
	.long	-1
	.long	.Lfunc_begin8                   @   base address
	.long	.Ltmp525-.Lfunc_begin8
	.long	.Ltmp530-.Lfunc_begin8
	.short	10                              @ Loc expr size
	.byte	144                             @ sub-register DW_OP_regx
	.byte	132                             @ 260
	.byte	2                               @ 
	.byte	147                             @ DW_OP_piece
	.byte	8                               @ 8
	.byte	144                             @ sub-register DW_OP_regx
	.byte	133                             @ 261
	.byte	2                               @ 
	.byte	147                             @ DW_OP_piece
	.byte	8                               @ 8
	.long	0
	.long	0
	.section	.debug_abbrev,"",%progbits
	.byte	1                               @ Abbreviation Code
	.byte	17                              @ DW_TAG_compile_unit
	.byte	1                               @ DW_CHILDREN_yes
	.byte	37                              @ DW_AT_producer
	.byte	14                              @ DW_FORM_strp
	.byte	19                              @ DW_AT_language
	.byte	5                               @ DW_FORM_data2
	.byte	3                               @ DW_AT_name
	.byte	14                              @ DW_FORM_strp
	.byte	16                              @ DW_AT_stmt_list
	.byte	23                              @ DW_FORM_sec_offset
	.byte	27                              @ DW_AT_comp_dir
	.byte	14                              @ DW_FORM_strp
	.byte	17                              @ DW_AT_low_pc
	.byte	1                               @ DW_FORM_addr
	.byte	85                              @ DW_AT_ranges
	.byte	23                              @ DW_FORM_sec_offset
	.byte	0                               @ EOM(1)
	.byte	0                               @ EOM(2)
	.byte	2                               @ Abbreviation Code
	.byte	52                              @ DW_TAG_variable
	.byte	0                               @ DW_CHILDREN_no
	.byte	3                               @ DW_AT_name
	.byte	14                              @ DW_FORM_strp
	.byte	73                              @ DW_AT_type
	.byte	19                              @ DW_FORM_ref4
	.byte	58                              @ DW_AT_decl_file
	.byte	11                              @ DW_FORM_data1
	.byte	59                              @ DW_AT_decl_line
	.byte	11                              @ DW_FORM_data1
	.byte	28                              @ DW_AT_const_value
	.byte	15                              @ DW_FORM_udata
	.byte	0                               @ EOM(1)
	.byte	0                               @ EOM(2)
	.byte	3                               @ Abbreviation Code
	.byte	38                              @ DW_TAG_const_type
	.byte	0                               @ DW_CHILDREN_no
	.byte	73                              @ DW_AT_type
	.byte	19                              @ DW_FORM_ref4
	.byte	0                               @ EOM(1)
	.byte	0                               @ EOM(2)
	.byte	4                               @ Abbreviation Code
	.byte	22                              @ DW_TAG_typedef
	.byte	0                               @ DW_CHILDREN_no
	.byte	73                              @ DW_AT_type
	.byte	19                              @ DW_FORM_ref4
	.byte	3                               @ DW_AT_name
	.byte	14                              @ DW_FORM_strp
	.byte	58                              @ DW_AT_decl_file
	.byte	11                              @ DW_FORM_data1
	.byte	59                              @ DW_AT_decl_line
	.byte	5                               @ DW_FORM_data2
	.byte	0                               @ EOM(1)
	.byte	0                               @ EOM(2)
	.byte	5                               @ Abbreviation Code
	.byte	36                              @ DW_TAG_base_type
	.byte	0                               @ DW_CHILDREN_no
	.byte	3                               @ DW_AT_name
	.byte	14                              @ DW_FORM_strp
	.byte	62                              @ DW_AT_encoding
	.byte	11                              @ DW_FORM_data1
	.byte	11                              @ DW_AT_byte_size
	.byte	11                              @ DW_FORM_data1
	.byte	0                               @ EOM(1)
	.byte	0                               @ EOM(2)
	.byte	6                               @ Abbreviation Code
	.byte	4                               @ DW_TAG_enumeration_type
	.byte	1                               @ DW_CHILDREN_yes
	.byte	73                              @ DW_AT_type
	.byte	19                              @ DW_FORM_ref4
	.byte	11                              @ DW_AT_byte_size
	.byte	11                              @ DW_FORM_data1
	.byte	58                              @ DW_AT_decl_file
	.byte	11                              @ DW_FORM_data1
	.byte	59                              @ DW_AT_decl_line
	.byte	5                               @ DW_FORM_data2
	.byte	0                               @ EOM(1)
	.byte	0                               @ EOM(2)
	.byte	7                               @ Abbreviation Code
	.byte	40                              @ DW_TAG_enumerator
	.byte	0                               @ DW_CHILDREN_no
	.byte	3                               @ DW_AT_name
	.byte	14                              @ DW_FORM_strp
	.byte	28                              @ DW_AT_const_value
	.byte	13                              @ DW_FORM_sdata
	.byte	0                               @ EOM(1)
	.byte	0                               @ EOM(2)
	.byte	8                               @ Abbreviation Code
	.byte	1                               @ DW_TAG_array_type
	.byte	1                               @ DW_CHILDREN_yes
	.ascii	"\207B"                         @ DW_AT_GNU_vector
	.byte	25                              @ DW_FORM_flag_present
	.byte	11                              @ DW_AT_byte_size
	.byte	11                              @ DW_FORM_data1
	.byte	73                              @ DW_AT_type
	.byte	19                              @ DW_FORM_ref4
	.byte	0                               @ EOM(1)
	.byte	0                               @ EOM(2)
	.byte	9                               @ Abbreviation Code
	.byte	33                              @ DW_TAG_subrange_type
	.byte	0                               @ DW_CHILDREN_no
	.byte	73                              @ DW_AT_type
	.byte	19                              @ DW_FORM_ref4
	.byte	55                              @ DW_AT_count
	.byte	11                              @ DW_FORM_data1
	.byte	0                               @ EOM(1)
	.byte	0                               @ EOM(2)
	.byte	10                              @ Abbreviation Code
	.byte	36                              @ DW_TAG_base_type
	.byte	0                               @ DW_CHILDREN_no
	.byte	3                               @ DW_AT_name
	.byte	14                              @ DW_FORM_strp
	.byte	11                              @ DW_AT_byte_size
	.byte	11                              @ DW_FORM_data1
	.byte	62                              @ DW_AT_encoding
	.byte	11                              @ DW_FORM_data1
	.byte	0                               @ EOM(1)
	.byte	0                               @ EOM(2)
	.byte	11                              @ Abbreviation Code
	.byte	22                              @ DW_TAG_typedef
	.byte	0                               @ DW_CHILDREN_no
	.byte	73                              @ DW_AT_type
	.byte	19                              @ DW_FORM_ref4
	.byte	3                               @ DW_AT_name
	.byte	14                              @ DW_FORM_strp
	.byte	58                              @ DW_AT_decl_file
	.byte	11                              @ DW_FORM_data1
	.byte	59                              @ DW_AT_decl_line
	.byte	11                              @ DW_FORM_data1
	.byte	0                               @ EOM(1)
	.byte	0                               @ EOM(2)
	.byte	12                              @ Abbreviation Code
	.byte	46                              @ DW_TAG_subprogram
	.byte	1                               @ DW_CHILDREN_yes
	.byte	3                               @ DW_AT_name
	.byte	14                              @ DW_FORM_strp
	.byte	58                              @ DW_AT_decl_file
	.byte	11                              @ DW_FORM_data1
	.byte	59                              @ DW_AT_decl_line
	.byte	11                              @ DW_FORM_data1
	.byte	39                              @ DW_AT_prototyped
	.byte	25                              @ DW_FORM_flag_present
	.byte	73                              @ DW_AT_type
	.byte	19                              @ DW_FORM_ref4
	.byte	32                              @ DW_AT_inline
	.byte	11                              @ DW_FORM_data1
	.byte	0                               @ EOM(1)
	.byte	0                               @ EOM(2)
	.byte	13                              @ Abbreviation Code
	.byte	5                               @ DW_TAG_formal_parameter
	.byte	0                               @ DW_CHILDREN_no
	.byte	3                               @ DW_AT_name
	.byte	14                              @ DW_FORM_strp
	.byte	58                              @ DW_AT_decl_file
	.byte	11                              @ DW_FORM_data1
	.byte	59                              @ DW_AT_decl_line
	.byte	11                              @ DW_FORM_data1
	.byte	73                              @ DW_AT_type
	.byte	19                              @ DW_FORM_ref4
	.byte	0                               @ EOM(1)
	.byte	0                               @ EOM(2)
	.byte	14                              @ Abbreviation Code
	.byte	52                              @ DW_TAG_variable
	.byte	0                               @ DW_CHILDREN_no
	.byte	3                               @ DW_AT_name
	.byte	14                              @ DW_FORM_strp
	.byte	58                              @ DW_AT_decl_file
	.byte	11                              @ DW_FORM_data1
	.byte	59                              @ DW_AT_decl_line
	.byte	11                              @ DW_FORM_data1
	.byte	73                              @ DW_AT_type
	.byte	19                              @ DW_FORM_ref4
	.byte	0                               @ EOM(1)
	.byte	0                               @ EOM(2)
	.byte	15                              @ Abbreviation Code
	.byte	46                              @ DW_TAG_subprogram
	.byte	1                               @ DW_CHILDREN_yes
	.byte	17                              @ DW_AT_low_pc
	.byte	1                               @ DW_FORM_addr
	.byte	18                              @ DW_AT_high_pc
	.byte	6                               @ DW_FORM_data4
	.byte	64                              @ DW_AT_frame_base
	.byte	24                              @ DW_FORM_exprloc
	.ascii	"\227B"                         @ DW_AT_GNU_all_call_sites
	.byte	25                              @ DW_FORM_flag_present
	.byte	3                               @ DW_AT_name
	.byte	14                              @ DW_FORM_strp
	.byte	58                              @ DW_AT_decl_file
	.byte	11                              @ DW_FORM_data1
	.byte	59                              @ DW_AT_decl_line
	.byte	11                              @ DW_FORM_data1
	.byte	39                              @ DW_AT_prototyped
	.byte	25                              @ DW_FORM_flag_present
	.byte	73                              @ DW_AT_type
	.byte	19                              @ DW_FORM_ref4
	.byte	63                              @ DW_AT_external
	.byte	25                              @ DW_FORM_flag_present
	.byte	0                               @ EOM(1)
	.byte	0                               @ EOM(2)
	.byte	16                              @ Abbreviation Code
	.byte	5                               @ DW_TAG_formal_parameter
	.byte	0                               @ DW_CHILDREN_no
	.byte	2                               @ DW_AT_location
	.byte	23                              @ DW_FORM_sec_offset
	.byte	3                               @ DW_AT_name
	.byte	14                              @ DW_FORM_strp
	.byte	58                              @ DW_AT_decl_file
	.byte	11                              @ DW_FORM_data1
	.byte	59                              @ DW_AT_decl_line
	.byte	11                              @ DW_FORM_data1
	.byte	73                              @ DW_AT_type
	.byte	19                              @ DW_FORM_ref4
	.byte	0                               @ EOM(1)
	.byte	0                               @ EOM(2)
	.byte	17                              @ Abbreviation Code
	.byte	52                              @ DW_TAG_variable
	.byte	0                               @ DW_CHILDREN_no
	.byte	2                               @ DW_AT_location
	.byte	23                              @ DW_FORM_sec_offset
	.byte	3                               @ DW_AT_name
	.byte	14                              @ DW_FORM_strp
	.byte	58                              @ DW_AT_decl_file
	.byte	11                              @ DW_FORM_data1
	.byte	59                              @ DW_AT_decl_line
	.byte	11                              @ DW_FORM_data1
	.byte	73                              @ DW_AT_type
	.byte	19                              @ DW_FORM_ref4
	.byte	0                               @ EOM(1)
	.byte	0                               @ EOM(2)
	.byte	18                              @ Abbreviation Code
	.byte	11                              @ DW_TAG_lexical_block
	.byte	1                               @ DW_CHILDREN_yes
	.byte	17                              @ DW_AT_low_pc
	.byte	1                               @ DW_FORM_addr
	.byte	18                              @ DW_AT_high_pc
	.byte	6                               @ DW_FORM_data4
	.byte	0                               @ EOM(1)
	.byte	0                               @ EOM(2)
	.byte	19                              @ Abbreviation Code
	.byte	29                              @ DW_TAG_inlined_subroutine
	.byte	1                               @ DW_CHILDREN_yes
	.byte	49                              @ DW_AT_abstract_origin
	.byte	19                              @ DW_FORM_ref4
	.byte	85                              @ DW_AT_ranges
	.byte	23                              @ DW_FORM_sec_offset
	.byte	88                              @ DW_AT_call_file
	.byte	11                              @ DW_FORM_data1
	.byte	89                              @ DW_AT_call_line
	.byte	11                              @ DW_FORM_data1
	.byte	87                              @ DW_AT_call_column
	.byte	11                              @ DW_FORM_data1
	.byte	0                               @ EOM(1)
	.byte	0                               @ EOM(2)
	.byte	20                              @ Abbreviation Code
	.byte	5                               @ DW_TAG_formal_parameter
	.byte	0                               @ DW_CHILDREN_no
	.byte	2                               @ DW_AT_location
	.byte	24                              @ DW_FORM_exprloc
	.byte	49                              @ DW_AT_abstract_origin
	.byte	19                              @ DW_FORM_ref4
	.byte	0                               @ EOM(1)
	.byte	0                               @ EOM(2)
	.byte	21                              @ Abbreviation Code
	.byte	52                              @ DW_TAG_variable
	.byte	0                               @ DW_CHILDREN_no
	.byte	2                               @ DW_AT_location
	.byte	23                              @ DW_FORM_sec_offset
	.byte	49                              @ DW_AT_abstract_origin
	.byte	19                              @ DW_FORM_ref4
	.byte	0                               @ EOM(1)
	.byte	0                               @ EOM(2)
	.byte	22                              @ Abbreviation Code
	.byte	5                               @ DW_TAG_formal_parameter
	.byte	0                               @ DW_CHILDREN_no
	.byte	2                               @ DW_AT_location
	.byte	23                              @ DW_FORM_sec_offset
	.byte	49                              @ DW_AT_abstract_origin
	.byte	19                              @ DW_FORM_ref4
	.byte	0                               @ EOM(1)
	.byte	0                               @ EOM(2)
	.byte	23                              @ Abbreviation Code
	.byte	23                              @ DW_TAG_union_type
	.byte	1                               @ DW_CHILDREN_yes
	.byte	3                               @ DW_AT_name
	.byte	14                              @ DW_FORM_strp
	.byte	11                              @ DW_AT_byte_size
	.byte	11                              @ DW_FORM_data1
	.byte	58                              @ DW_AT_decl_file
	.byte	11                              @ DW_FORM_data1
	.byte	59                              @ DW_AT_decl_line
	.byte	11                              @ DW_FORM_data1
	.byte	0                               @ EOM(1)
	.byte	0                               @ EOM(2)
	.byte	24                              @ Abbreviation Code
	.byte	13                              @ DW_TAG_member
	.byte	0                               @ DW_CHILDREN_no
	.byte	3                               @ DW_AT_name
	.byte	14                              @ DW_FORM_strp
	.byte	73                              @ DW_AT_type
	.byte	19                              @ DW_FORM_ref4
	.byte	58                              @ DW_AT_decl_file
	.byte	11                              @ DW_FORM_data1
	.byte	59                              @ DW_AT_decl_line
	.byte	11                              @ DW_FORM_data1
	.byte	56                              @ DW_AT_data_member_location
	.byte	11                              @ DW_FORM_data1
	.byte	0                               @ EOM(1)
	.byte	0                               @ EOM(2)
	.byte	25                              @ Abbreviation Code
	.byte	29                              @ DW_TAG_inlined_subroutine
	.byte	1                               @ DW_CHILDREN_yes
	.byte	49                              @ DW_AT_abstract_origin
	.byte	19                              @ DW_FORM_ref4
	.byte	17                              @ DW_AT_low_pc
	.byte	1                               @ DW_FORM_addr
	.byte	18                              @ DW_AT_high_pc
	.byte	6                               @ DW_FORM_data4
	.byte	88                              @ DW_AT_call_file
	.byte	11                              @ DW_FORM_data1
	.byte	89                              @ DW_AT_call_line
	.byte	11                              @ DW_FORM_data1
	.byte	87                              @ DW_AT_call_column
	.byte	11                              @ DW_FORM_data1
	.byte	0                               @ EOM(1)
	.byte	0                               @ EOM(2)
	.byte	26                              @ Abbreviation Code
	.byte	15                              @ DW_TAG_pointer_type
	.byte	0                               @ DW_CHILDREN_no
	.byte	73                              @ DW_AT_type
	.byte	19                              @ DW_FORM_ref4
	.byte	0                               @ EOM(1)
	.byte	0                               @ EOM(2)
	.byte	27                              @ Abbreviation Code
	.byte	46                              @ DW_TAG_subprogram
	.byte	1                               @ DW_CHILDREN_yes
	.byte	3                               @ DW_AT_name
	.byte	14                              @ DW_FORM_strp
	.byte	58                              @ DW_AT_decl_file
	.byte	11                              @ DW_FORM_data1
	.byte	59                              @ DW_AT_decl_line
	.byte	5                               @ DW_FORM_data2
	.byte	39                              @ DW_AT_prototyped
	.byte	25                              @ DW_FORM_flag_present
	.byte	73                              @ DW_AT_type
	.byte	19                              @ DW_FORM_ref4
	.byte	32                              @ DW_AT_inline
	.byte	11                              @ DW_FORM_data1
	.byte	0                               @ EOM(1)
	.byte	0                               @ EOM(2)
	.byte	28                              @ Abbreviation Code
	.byte	5                               @ DW_TAG_formal_parameter
	.byte	0                               @ DW_CHILDREN_no
	.byte	3                               @ DW_AT_name
	.byte	14                              @ DW_FORM_strp
	.byte	58                              @ DW_AT_decl_file
	.byte	11                              @ DW_FORM_data1
	.byte	59                              @ DW_AT_decl_line
	.byte	5                               @ DW_FORM_data2
	.byte	73                              @ DW_AT_type
	.byte	19                              @ DW_FORM_ref4
	.byte	0                               @ EOM(1)
	.byte	0                               @ EOM(2)
	.byte	29                              @ Abbreviation Code
	.byte	52                              @ DW_TAG_variable
	.byte	0                               @ DW_CHILDREN_no
	.byte	2                               @ DW_AT_location
	.byte	24                              @ DW_FORM_exprloc
	.byte	3                               @ DW_AT_name
	.byte	14                              @ DW_FORM_strp
	.byte	58                              @ DW_AT_decl_file
	.byte	11                              @ DW_FORM_data1
	.byte	59                              @ DW_AT_decl_line
	.byte	11                              @ DW_FORM_data1
	.byte	73                              @ DW_AT_type
	.byte	19                              @ DW_FORM_ref4
	.byte	0                               @ EOM(1)
	.byte	0                               @ EOM(2)
	.byte	30                              @ Abbreviation Code
	.byte	29                              @ DW_TAG_inlined_subroutine
	.byte	1                               @ DW_CHILDREN_yes
	.byte	49                              @ DW_AT_abstract_origin
	.byte	19                              @ DW_FORM_ref4
	.byte	17                              @ DW_AT_low_pc
	.byte	1                               @ DW_FORM_addr
	.byte	18                              @ DW_AT_high_pc
	.byte	6                               @ DW_FORM_data4
	.byte	88                              @ DW_AT_call_file
	.byte	11                              @ DW_FORM_data1
	.byte	89                              @ DW_AT_call_line
	.byte	5                               @ DW_FORM_data2
	.byte	87                              @ DW_AT_call_column
	.byte	11                              @ DW_FORM_data1
	.byte	0                               @ EOM(1)
	.byte	0                               @ EOM(2)
	.byte	31                              @ Abbreviation Code
	.byte	52                              @ DW_TAG_variable
	.byte	0                               @ DW_CHILDREN_no
	.byte	2                               @ DW_AT_location
	.byte	24                              @ DW_FORM_exprloc
	.byte	49                              @ DW_AT_abstract_origin
	.byte	19                              @ DW_FORM_ref4
	.byte	0                               @ EOM(1)
	.byte	0                               @ EOM(2)
	.byte	0                               @ EOM(3)
	.section	.debug_info,"",%progbits
.Lcu_begin0:
	.long	.Ldebug_info_end0-.Ldebug_info_start0 @ Length of Unit
.Ldebug_info_start0:
	.short	4                               @ DWARF version number
	.long	.debug_abbrev                   @ Offset Into Abbrev. Section
	.byte	4                               @ Address Size (in bytes)
	.byte	1                               @ Abbrev [1] 0xb:0x118b DW_TAG_compile_unit
	.long	.Linfo_string0                  @ DW_AT_producer
	.short	29                              @ DW_AT_language
	.long	.Linfo_string1                  @ DW_AT_name
	.long	.Lline_table_start0             @ DW_AT_stmt_list
	.long	.Linfo_string2                  @ DW_AT_comp_dir
	.long	0                               @ DW_AT_low_pc
	.long	.Ldebug_ranges23                @ DW_AT_ranges
	.byte	2                               @ Abbrev [2] 0x26:0xd DW_TAG_variable
	.long	.Linfo_string3                  @ DW_AT_name
	.long	51                              @ DW_AT_type
	.byte	2                               @ DW_AT_decl_file
	.byte	44                              @ DW_AT_decl_line
	.ascii	"\214s"                         @ DW_AT_const_value
	.byte	3                               @ Abbrev [3] 0x33:0x5 DW_TAG_const_type
	.long	56                              @ DW_AT_type
	.byte	4                               @ Abbrev [4] 0x38:0xc DW_TAG_typedef
	.long	68                              @ DW_AT_type
	.long	.Linfo_string5                  @ DW_AT_name
	.byte	1                               @ DW_AT_decl_file
	.short	7787                            @ DW_AT_decl_line
	.byte	5                               @ Abbrev [5] 0x44:0x7 DW_TAG_base_type
	.long	.Linfo_string4                  @ DW_AT_name
	.byte	4                               @ DW_AT_encoding
	.byte	2                               @ DW_AT_byte_size
	.byte	6                               @ Abbrev [6] 0x4b:0x3a DW_TAG_enumeration_type
	.long	133                             @ DW_AT_type
	.byte	1                               @ DW_AT_byte_size
	.byte	3                               @ DW_AT_decl_file
	.short	588                             @ DW_AT_decl_line
	.byte	7                               @ Abbrev [7] 0x54:0x6 DW_TAG_enumerator
	.long	.Linfo_string7                  @ DW_AT_name
	.byte	0                               @ DW_AT_const_value
	.byte	7                               @ Abbrev [7] 0x5a:0x6 DW_TAG_enumerator
	.long	.Linfo_string8                  @ DW_AT_name
	.byte	127                             @ DW_AT_const_value
	.byte	7                               @ Abbrev [7] 0x60:0x6 DW_TAG_enumerator
	.long	.Linfo_string9                  @ DW_AT_name
	.byte	126                             @ DW_AT_const_value
	.byte	7                               @ Abbrev [7] 0x66:0x6 DW_TAG_enumerator
	.long	.Linfo_string10                 @ DW_AT_name
	.byte	125                             @ DW_AT_const_value
	.byte	7                               @ Abbrev [7] 0x6c:0x6 DW_TAG_enumerator
	.long	.Linfo_string11                 @ DW_AT_name
	.byte	124                             @ DW_AT_const_value
	.byte	7                               @ Abbrev [7] 0x72:0x6 DW_TAG_enumerator
	.long	.Linfo_string12                 @ DW_AT_name
	.byte	123                             @ DW_AT_const_value
	.byte	7                               @ Abbrev [7] 0x78:0x6 DW_TAG_enumerator
	.long	.Linfo_string13                 @ DW_AT_name
	.byte	122                             @ DW_AT_const_value
	.byte	7                               @ Abbrev [7] 0x7e:0x6 DW_TAG_enumerator
	.long	.Linfo_string14                 @ DW_AT_name
	.byte	121                             @ DW_AT_const_value
	.byte	0                               @ End Of Children Mark
	.byte	5                               @ Abbrev [5] 0x85:0x7 DW_TAG_base_type
	.long	.Linfo_string6                  @ DW_AT_name
	.byte	6                               @ DW_AT_encoding
	.byte	1                               @ DW_AT_byte_size
	.byte	5                               @ Abbrev [5] 0x8c:0x7 DW_TAG_base_type
	.long	.Linfo_string15                 @ DW_AT_name
	.byte	4                               @ DW_AT_encoding
	.byte	2                               @ DW_AT_byte_size
	.byte	4                               @ Abbrev [4] 0x93:0xc DW_TAG_typedef
	.long	159                             @ DW_AT_type
	.long	.Linfo_string17                 @ DW_AT_name
	.byte	3                               @ DW_AT_decl_file
	.short	334                             @ DW_AT_decl_line
	.byte	5                               @ Abbrev [5] 0x9f:0x7 DW_TAG_base_type
	.long	.Linfo_string16                 @ DW_AT_name
	.byte	4                               @ DW_AT_encoding
	.byte	4                               @ DW_AT_byte_size
	.byte	4                               @ Abbrev [4] 0xa6:0xc DW_TAG_typedef
	.long	178                             @ DW_AT_type
	.long	.Linfo_string19                 @ DW_AT_name
	.byte	1                               @ DW_AT_decl_file
	.short	7789                            @ DW_AT_decl_line
	.byte	8                               @ Abbrev [8] 0xb2:0xd DW_TAG_array_type
                                        @ DW_AT_GNU_vector
	.byte	16                              @ DW_AT_byte_size
	.long	56                              @ DW_AT_type
	.byte	9                               @ Abbrev [9] 0xb8:0x6 DW_TAG_subrange_type
	.long	191                             @ DW_AT_type
	.byte	8                               @ DW_AT_count
	.byte	0                               @ End Of Children Mark
	.byte	10                              @ Abbrev [10] 0xbf:0x7 DW_TAG_base_type
	.long	.Linfo_string18                 @ DW_AT_name
	.byte	8                               @ DW_AT_byte_size
	.byte	7                               @ DW_AT_encoding
	.byte	11                              @ Abbrev [11] 0xc6:0xb DW_TAG_typedef
	.long	209                             @ DW_AT_type
	.long	.Linfo_string22                 @ DW_AT_name
	.byte	1                               @ DW_AT_decl_file
	.byte	25                              @ DW_AT_decl_line
	.byte	8                               @ Abbrev [8] 0xd1:0xd DW_TAG_array_type
                                        @ DW_AT_GNU_vector
	.byte	16                              @ DW_AT_byte_size
	.long	222                             @ DW_AT_type
	.byte	9                               @ Abbrev [9] 0xd7:0x6 DW_TAG_subrange_type
	.long	191                             @ DW_AT_type
	.byte	8                               @ DW_AT_count
	.byte	0                               @ End Of Children Mark
	.byte	11                              @ Abbrev [11] 0xde:0xb DW_TAG_typedef
	.long	233                             @ DW_AT_type
	.long	.Linfo_string21                 @ DW_AT_name
	.byte	4                               @ DW_AT_decl_file
	.byte	57                              @ DW_AT_decl_line
	.byte	5                               @ Abbrev [5] 0xe9:0x7 DW_TAG_base_type
	.long	.Linfo_string20                 @ DW_AT_name
	.byte	5                               @ DW_AT_encoding
	.byte	2                               @ DW_AT_byte_size
	.byte	11                              @ Abbrev [11] 0xf0:0xb DW_TAG_typedef
	.long	251                             @ DW_AT_type
	.long	.Linfo_string25                 @ DW_AT_name
	.byte	1                               @ DW_AT_decl_file
	.byte	28                              @ DW_AT_decl_line
	.byte	8                               @ Abbrev [8] 0xfb:0xd DW_TAG_array_type
                                        @ DW_AT_GNU_vector
	.byte	16                              @ DW_AT_byte_size
	.long	264                             @ DW_AT_type
	.byte	9                               @ Abbrev [9] 0x101:0x6 DW_TAG_subrange_type
	.long	191                             @ DW_AT_type
	.byte	4                               @ DW_AT_count
	.byte	0                               @ End Of Children Mark
	.byte	11                              @ Abbrev [11] 0x108:0xb DW_TAG_typedef
	.long	275                             @ DW_AT_type
	.long	.Linfo_string24                 @ DW_AT_name
	.byte	4                               @ DW_AT_decl_file
	.byte	58                              @ DW_AT_decl_line
	.byte	5                               @ Abbrev [5] 0x113:0x7 DW_TAG_base_type
	.long	.Linfo_string23                 @ DW_AT_name
	.byte	5                               @ DW_AT_encoding
	.byte	4                               @ DW_AT_byte_size
	.byte	12                              @ Abbrev [12] 0x11a:0x2e DW_TAG_subprogram
	.long	.Linfo_string26                 @ DW_AT_name
	.byte	6                               @ DW_AT_decl_file
	.byte	97                              @ DW_AT_decl_line
                                        @ DW_AT_prototyped
	.long	56                              @ DW_AT_type
	.byte	1                               @ DW_AT_inline
	.byte	13                              @ Abbrev [13] 0x126:0xb DW_TAG_formal_parameter
	.long	.Linfo_string27                 @ DW_AT_name
	.byte	6                               @ DW_AT_decl_file
	.byte	97                              @ DW_AT_decl_line
	.long	166                             @ DW_AT_type
	.byte	14                              @ Abbrev [14] 0x131:0xb DW_TAG_variable
	.long	.Linfo_string28                 @ DW_AT_name
	.byte	6                               @ DW_AT_decl_file
	.byte	99                              @ DW_AT_decl_line
	.long	166                             @ DW_AT_type
	.byte	14                              @ Abbrev [14] 0x13c:0xb DW_TAG_variable
	.long	.Linfo_string29                 @ DW_AT_name
	.byte	6                               @ DW_AT_decl_file
	.byte	100                             @ DW_AT_decl_line
	.long	140                             @ DW_AT_type
	.byte	0                               @ End Of Children Mark
	.byte	15                              @ Abbrev [15] 0x148:0x115 DW_TAG_subprogram
	.long	.Lfunc_begin0                   @ DW_AT_low_pc
	.long	.Lfunc_end0-.Lfunc_begin0       @ DW_AT_high_pc
	.byte	1                               @ DW_AT_frame_base
	.byte	93
                                        @ DW_AT_GNU_all_call_sites
	.long	.Linfo_string76                 @ DW_AT_name
	.byte	5                               @ DW_AT_decl_file
	.byte	75                              @ DW_AT_decl_line
                                        @ DW_AT_prototyped
	.long	56                              @ DW_AT_type
                                        @ DW_AT_external
	.byte	16                              @ Abbrev [16] 0x15d:0xf DW_TAG_formal_parameter
	.long	.Ldebug_loc1                    @ DW_AT_location
	.long	.Linfo_string88                 @ DW_AT_name
	.byte	5                               @ DW_AT_decl_file
	.byte	75                              @ DW_AT_decl_line
	.long	3661                            @ DW_AT_type
	.byte	16                              @ Abbrev [16] 0x16c:0xf DW_TAG_formal_parameter
	.long	.Ldebug_loc2                    @ DW_AT_location
	.long	.Linfo_string89                 @ DW_AT_name
	.byte	5                               @ DW_AT_decl_file
	.byte	75                              @ DW_AT_decl_line
	.long	3661                            @ DW_AT_type
	.byte	16                              @ Abbrev [16] 0x17b:0xf DW_TAG_formal_parameter
	.long	.Ldebug_loc0                    @ DW_AT_location
	.long	.Linfo_string85                 @ DW_AT_name
	.byte	5                               @ DW_AT_decl_file
	.byte	75                              @ DW_AT_decl_line
	.long	4454                            @ DW_AT_type
	.byte	17                              @ Abbrev [17] 0x18a:0xf DW_TAG_variable
	.long	.Ldebug_loc3                    @ DW_AT_location
	.long	.Linfo_string90                 @ DW_AT_name
	.byte	5                               @ DW_AT_decl_file
	.byte	78                              @ DW_AT_decl_line
	.long	4454                            @ DW_AT_type
	.byte	17                              @ Abbrev [17] 0x199:0xf DW_TAG_variable
	.long	.Ldebug_loc4                    @ DW_AT_location
	.long	.Linfo_string91                 @ DW_AT_name
	.byte	5                               @ DW_AT_decl_file
	.byte	77                              @ DW_AT_decl_line
	.long	140                             @ DW_AT_type
	.byte	17                              @ Abbrev [17] 0x1a8:0xf DW_TAG_variable
	.long	.Ldebug_loc5                    @ DW_AT_location
	.long	.Linfo_string92                 @ DW_AT_name
	.byte	5                               @ DW_AT_decl_file
	.byte	77                              @ DW_AT_decl_line
	.long	140                             @ DW_AT_type
	.byte	17                              @ Abbrev [17] 0x1b7:0xf DW_TAG_variable
	.long	.Ldebug_loc6                    @ DW_AT_location
	.long	.Linfo_string93                 @ DW_AT_name
	.byte	5                               @ DW_AT_decl_file
	.byte	79                              @ DW_AT_decl_line
	.long	673                             @ DW_AT_type
	.byte	17                              @ Abbrev [17] 0x1c6:0xf DW_TAG_variable
	.long	.Ldebug_loc7                    @ DW_AT_location
	.long	.Linfo_string94                 @ DW_AT_name
	.byte	5                               @ DW_AT_decl_file
	.byte	79                              @ DW_AT_decl_line
	.long	673                             @ DW_AT_type
	.byte	17                              @ Abbrev [17] 0x1d5:0xf DW_TAG_variable
	.long	.Ldebug_loc8                    @ DW_AT_location
	.long	.Linfo_string95                 @ DW_AT_name
	.byte	5                               @ DW_AT_decl_file
	.byte	79                              @ DW_AT_decl_line
	.long	673                             @ DW_AT_type
	.byte	17                              @ Abbrev [17] 0x1e4:0xf DW_TAG_variable
	.long	.Ldebug_loc9                    @ DW_AT_location
	.long	.Linfo_string41                 @ DW_AT_name
	.byte	5                               @ DW_AT_decl_file
	.byte	79                              @ DW_AT_decl_line
	.long	673                             @ DW_AT_type
	.byte	17                              @ Abbrev [17] 0x1f3:0xf DW_TAG_variable
	.long	.Ldebug_loc10                   @ DW_AT_location
	.long	.Linfo_string96                 @ DW_AT_name
	.byte	5                               @ DW_AT_decl_file
	.byte	79                              @ DW_AT_decl_line
	.long	673                             @ DW_AT_type
	.byte	18                              @ Abbrev [18] 0x202:0x15 DW_TAG_lexical_block
	.long	.Ltmp15                         @ DW_AT_low_pc
	.long	.Ltmp23-.Ltmp15                 @ DW_AT_high_pc
	.byte	14                              @ Abbrev [14] 0x20b:0xb DW_TAG_variable
	.long	.Linfo_string97                 @ DW_AT_name
	.byte	5                               @ DW_AT_decl_file
	.byte	104                             @ DW_AT_decl_line
	.long	4472                            @ DW_AT_type
	.byte	0                               @ End Of Children Mark
	.byte	19                              @ Abbrev [19] 0x217:0x26 DW_TAG_inlined_subroutine
	.long	282                             @ DW_AT_abstract_origin
	.long	.Ldebug_ranges0                 @ DW_AT_ranges
	.byte	5                               @ DW_AT_call_file
	.byte	117                             @ DW_AT_call_line
	.byte	17                              @ DW_AT_call_column
	.byte	20                              @ Abbrev [20] 0x223:0x10 DW_TAG_formal_parameter
	.byte	10                              @ DW_AT_location
	.byte	144
	.ascii	"\202\002"
	.byte	147
	.byte	8
	.byte	144
	.ascii	"\203\002"
	.byte	147
	.byte	8
	.long	294                             @ DW_AT_abstract_origin
	.byte	21                              @ Abbrev [21] 0x233:0x9 DW_TAG_variable
	.long	.Ldebug_loc11                   @ DW_AT_location
	.long	305                             @ DW_AT_abstract_origin
	.byte	0                               @ End Of Children Mark
	.byte	19                              @ Abbrev [19] 0x23d:0x1f DW_TAG_inlined_subroutine
	.long	282                             @ DW_AT_abstract_origin
	.long	.Ldebug_ranges1                 @ DW_AT_ranges
	.byte	5                               @ DW_AT_call_file
	.byte	118                             @ DW_AT_call_line
	.byte	16                              @ DW_AT_call_column
	.byte	22                              @ Abbrev [22] 0x249:0x9 DW_TAG_formal_parameter
	.long	.Ldebug_loc13                   @ DW_AT_location
	.long	294                             @ DW_AT_abstract_origin
	.byte	21                              @ Abbrev [21] 0x252:0x9 DW_TAG_variable
	.long	.Ldebug_loc12                   @ DW_AT_location
	.long	305                             @ DW_AT_abstract_origin
	.byte	0                               @ End Of Children Mark
	.byte	0                               @ End Of Children Mark
	.byte	12                              @ Abbrev [12] 0x25d:0x44 DW_TAG_subprogram
	.long	.Linfo_string30                 @ DW_AT_name
	.byte	2                               @ DW_AT_decl_file
	.byte	81                              @ DW_AT_decl_line
                                        @ DW_AT_prototyped
	.long	673                             @ DW_AT_type
	.byte	1                               @ DW_AT_inline
	.byte	13                              @ Abbrev [13] 0x269:0xb DW_TAG_formal_parameter
	.long	.Linfo_string32                 @ DW_AT_name
	.byte	2                               @ DW_AT_decl_file
	.byte	82                              @ DW_AT_decl_line
	.long	673                             @ DW_AT_type
	.byte	14                              @ Abbrev [14] 0x274:0xb DW_TAG_variable
	.long	.Linfo_string33                 @ DW_AT_name
	.byte	2                               @ DW_AT_decl_file
	.byte	86                              @ DW_AT_decl_line
	.long	684                             @ DW_AT_type
	.byte	14                              @ Abbrev [14] 0x27f:0xb DW_TAG_variable
	.long	.Linfo_string38                 @ DW_AT_name
	.byte	2                               @ DW_AT_decl_file
	.byte	87                              @ DW_AT_decl_line
	.long	673                             @ DW_AT_type
	.byte	14                              @ Abbrev [14] 0x28a:0xb DW_TAG_variable
	.long	.Linfo_string39                 @ DW_AT_name
	.byte	2                               @ DW_AT_decl_file
	.byte	84                              @ DW_AT_decl_line
	.long	728                             @ DW_AT_type
	.byte	14                              @ Abbrev [14] 0x295:0xb DW_TAG_variable
	.long	.Linfo_string41                 @ DW_AT_name
	.byte	2                               @ DW_AT_decl_file
	.byte	85                              @ DW_AT_decl_line
	.long	673                             @ DW_AT_type
	.byte	0                               @ End Of Children Mark
	.byte	11                              @ Abbrev [11] 0x2a1:0xb DW_TAG_typedef
	.long	166                             @ DW_AT_type
	.long	.Linfo_string31                 @ DW_AT_name
	.byte	8                               @ DW_AT_decl_file
	.byte	71                              @ DW_AT_decl_line
	.byte	11                              @ Abbrev [11] 0x2ac:0xb DW_TAG_typedef
	.long	695                             @ DW_AT_type
	.long	.Linfo_string37                 @ DW_AT_name
	.byte	8                               @ DW_AT_decl_file
	.byte	90                              @ DW_AT_decl_line
	.byte	23                              @ Abbrev [23] 0x2b7:0x21 DW_TAG_union_type
	.long	.Linfo_string36                 @ DW_AT_name
	.byte	16                              @ DW_AT_byte_size
	.byte	8                               @ DW_AT_decl_file
	.byte	86                              @ DW_AT_decl_line
	.byte	24                              @ Abbrev [24] 0x2bf:0xc DW_TAG_member
	.long	.Linfo_string34                 @ DW_AT_name
	.long	166                             @ DW_AT_type
	.byte	8                               @ DW_AT_decl_file
	.byte	88                              @ DW_AT_decl_line
	.byte	0                               @ DW_AT_data_member_location
	.byte	24                              @ Abbrev [24] 0x2cb:0xc DW_TAG_member
	.long	.Linfo_string35                 @ DW_AT_name
	.long	198                             @ DW_AT_type
	.byte	8                               @ DW_AT_decl_file
	.byte	89                              @ DW_AT_decl_line
	.byte	0                               @ DW_AT_data_member_location
	.byte	0                               @ End Of Children Mark
	.byte	4                               @ Abbrev [4] 0x2d8:0xc DW_TAG_typedef
	.long	198                             @ DW_AT_type
	.long	.Linfo_string40                 @ DW_AT_name
	.byte	3                               @ DW_AT_decl_file
	.short	360                             @ DW_AT_decl_line
	.byte	15                              @ Abbrev [15] 0x2e4:0x150 DW_TAG_subprogram
	.long	.Lfunc_begin1                   @ DW_AT_low_pc
	.long	.Lfunc_end1-.Lfunc_begin1       @ DW_AT_high_pc
	.byte	1                               @ DW_AT_frame_base
	.byte	93
                                        @ DW_AT_GNU_all_call_sites
	.long	.Linfo_string77                 @ DW_AT_name
	.byte	7                               @ DW_AT_decl_file
	.byte	73                              @ DW_AT_decl_line
                                        @ DW_AT_prototyped
	.long	56                              @ DW_AT_type
                                        @ DW_AT_external
	.byte	16                              @ Abbrev [16] 0x2f9:0xf DW_TAG_formal_parameter
	.long	.Ldebug_loc15                   @ DW_AT_location
	.long	.Linfo_string88                 @ DW_AT_name
	.byte	7                               @ DW_AT_decl_file
	.byte	73                              @ DW_AT_decl_line
	.long	3661                            @ DW_AT_type
	.byte	16                              @ Abbrev [16] 0x308:0xf DW_TAG_formal_parameter
	.long	.Ldebug_loc16                   @ DW_AT_location
	.long	.Linfo_string89                 @ DW_AT_name
	.byte	7                               @ DW_AT_decl_file
	.byte	73                              @ DW_AT_decl_line
	.long	3661                            @ DW_AT_type
	.byte	16                              @ Abbrev [16] 0x317:0xf DW_TAG_formal_parameter
	.long	.Ldebug_loc14                   @ DW_AT_location
	.long	.Linfo_string85                 @ DW_AT_name
	.byte	7                               @ DW_AT_decl_file
	.byte	73                              @ DW_AT_decl_line
	.long	4454                            @ DW_AT_type
	.byte	17                              @ Abbrev [17] 0x326:0xf DW_TAG_variable
	.long	.Ldebug_loc17                   @ DW_AT_location
	.long	.Linfo_string90                 @ DW_AT_name
	.byte	7                               @ DW_AT_decl_file
	.byte	76                              @ DW_AT_decl_line
	.long	4454                            @ DW_AT_type
	.byte	17                              @ Abbrev [17] 0x335:0xf DW_TAG_variable
	.long	.Ldebug_loc18                   @ DW_AT_location
	.long	.Linfo_string101                @ DW_AT_name
	.byte	7                               @ DW_AT_decl_file
	.byte	77                              @ DW_AT_decl_line
	.long	673                             @ DW_AT_type
	.byte	17                              @ Abbrev [17] 0x344:0xf DW_TAG_variable
	.long	.Ldebug_loc19                   @ DW_AT_location
	.long	.Linfo_string102                @ DW_AT_name
	.byte	7                               @ DW_AT_decl_file
	.byte	75                              @ DW_AT_decl_line
	.long	140                             @ DW_AT_type
	.byte	17                              @ Abbrev [17] 0x353:0xf DW_TAG_variable
	.long	.Ldebug_loc20                   @ DW_AT_location
	.long	.Linfo_string95                 @ DW_AT_name
	.byte	7                               @ DW_AT_decl_file
	.byte	77                              @ DW_AT_decl_line
	.long	673                             @ DW_AT_type
	.byte	17                              @ Abbrev [17] 0x362:0xf DW_TAG_variable
	.long	.Ldebug_loc21                   @ DW_AT_location
	.long	.Linfo_string41                 @ DW_AT_name
	.byte	7                               @ DW_AT_decl_file
	.byte	77                              @ DW_AT_decl_line
	.long	673                             @ DW_AT_type
	.byte	17                              @ Abbrev [17] 0x371:0xf DW_TAG_variable
	.long	.Ldebug_loc26                   @ DW_AT_location
	.long	.Linfo_string96                 @ DW_AT_name
	.byte	7                               @ DW_AT_decl_file
	.byte	77                              @ DW_AT_decl_line
	.long	673                             @ DW_AT_type
	.byte	19                              @ Abbrev [19] 0x380:0x3a DW_TAG_inlined_subroutine
	.long	605                             @ DW_AT_abstract_origin
	.long	.Ldebug_ranges2                 @ DW_AT_ranges
	.byte	7                               @ DW_AT_call_file
	.byte	95                              @ DW_AT_call_line
	.byte	13                              @ DW_AT_call_column
	.byte	22                              @ Abbrev [22] 0x38c:0x9 DW_TAG_formal_parameter
	.long	.Ldebug_loc24                   @ DW_AT_location
	.long	617                             @ DW_AT_abstract_origin
	.byte	21                              @ Abbrev [21] 0x395:0x9 DW_TAG_variable
	.long	.Ldebug_loc22                   @ DW_AT_location
	.long	628                             @ DW_AT_abstract_origin
	.byte	21                              @ Abbrev [21] 0x39e:0x9 DW_TAG_variable
	.long	.Ldebug_loc23                   @ DW_AT_location
	.long	639                             @ DW_AT_abstract_origin
	.byte	21                              @ Abbrev [21] 0x3a7:0x9 DW_TAG_variable
	.long	.Ldebug_loc25                   @ DW_AT_location
	.long	650                             @ DW_AT_abstract_origin
	.byte	21                              @ Abbrev [21] 0x3b0:0x9 DW_TAG_variable
	.long	.Ldebug_loc27                   @ DW_AT_location
	.long	661                             @ DW_AT_abstract_origin
	.byte	0                               @ End Of Children Mark
	.byte	18                              @ Abbrev [18] 0x3ba:0x4f DW_TAG_lexical_block
	.long	.Ltmp75                         @ DW_AT_low_pc
	.long	.Ltmp103-.Ltmp75                @ DW_AT_high_pc
	.byte	14                              @ Abbrev [14] 0x3c3:0xb DW_TAG_variable
	.long	.Linfo_string97                 @ DW_AT_name
	.byte	7                               @ DW_AT_decl_file
	.byte	112                             @ DW_AT_decl_line
	.long	4472                            @ DW_AT_type
	.byte	19                              @ Abbrev [19] 0x3ce:0x3a DW_TAG_inlined_subroutine
	.long	605                             @ DW_AT_abstract_origin
	.long	.Ldebug_ranges3                 @ DW_AT_ranges
	.byte	7                               @ DW_AT_call_file
	.byte	126                             @ DW_AT_call_line
	.byte	13                              @ DW_AT_call_column
	.byte	22                              @ Abbrev [22] 0x3da:0x9 DW_TAG_formal_parameter
	.long	.Ldebug_loc30                   @ DW_AT_location
	.long	617                             @ DW_AT_abstract_origin
	.byte	21                              @ Abbrev [21] 0x3e3:0x9 DW_TAG_variable
	.long	.Ldebug_loc28                   @ DW_AT_location
	.long	628                             @ DW_AT_abstract_origin
	.byte	21                              @ Abbrev [21] 0x3ec:0x9 DW_TAG_variable
	.long	.Ldebug_loc29                   @ DW_AT_location
	.long	639                             @ DW_AT_abstract_origin
	.byte	21                              @ Abbrev [21] 0x3f5:0x9 DW_TAG_variable
	.long	.Ldebug_loc31                   @ DW_AT_location
	.long	650                             @ DW_AT_abstract_origin
	.byte	21                              @ Abbrev [21] 0x3fe:0x9 DW_TAG_variable
	.long	.Ldebug_loc32                   @ DW_AT_location
	.long	661                             @ DW_AT_abstract_origin
	.byte	0                               @ End Of Children Mark
	.byte	0                               @ End Of Children Mark
	.byte	25                              @ Abbrev [25] 0x409:0x2a DW_TAG_inlined_subroutine
	.long	282                             @ DW_AT_abstract_origin
	.long	.Ltmp103                        @ DW_AT_low_pc
	.long	.Ltmp108-.Ltmp103               @ DW_AT_high_pc
	.byte	7                               @ DW_AT_call_file
	.byte	137                             @ DW_AT_call_line
	.byte	13                              @ DW_AT_call_column
	.byte	20                              @ Abbrev [20] 0x419:0x10 DW_TAG_formal_parameter
	.byte	10                              @ DW_AT_location
	.byte	144
	.ascii	"\200\002"
	.byte	147
	.byte	8
	.byte	144
	.ascii	"\201\002"
	.byte	147
	.byte	8
	.long	294                             @ DW_AT_abstract_origin
	.byte	21                              @ Abbrev [21] 0x429:0x9 DW_TAG_variable
	.long	.Ldebug_loc33                   @ DW_AT_location
	.long	305                             @ DW_AT_abstract_origin
	.byte	0                               @ End Of Children Mark
	.byte	0                               @ End Of Children Mark
	.byte	15                              @ Abbrev [15] 0x434:0x9f DW_TAG_subprogram
	.long	.Lfunc_begin2                   @ DW_AT_low_pc
	.long	.Lfunc_end2-.Lfunc_begin2       @ DW_AT_high_pc
	.byte	1                               @ DW_AT_frame_base
	.byte	93
                                        @ DW_AT_GNU_all_call_sites
	.long	.Linfo_string78                 @ DW_AT_name
	.byte	9                               @ DW_AT_decl_file
	.byte	67                              @ DW_AT_decl_line
                                        @ DW_AT_prototyped
	.long	56                              @ DW_AT_type
                                        @ DW_AT_external
	.byte	16                              @ Abbrev [16] 0x449:0xf DW_TAG_formal_parameter
	.long	.Ldebug_loc35                   @ DW_AT_location
	.long	.Linfo_string88                 @ DW_AT_name
	.byte	9                               @ DW_AT_decl_file
	.byte	67                              @ DW_AT_decl_line
	.long	3661                            @ DW_AT_type
	.byte	16                              @ Abbrev [16] 0x458:0xf DW_TAG_formal_parameter
	.long	.Ldebug_loc36                   @ DW_AT_location
	.long	.Linfo_string89                 @ DW_AT_name
	.byte	9                               @ DW_AT_decl_file
	.byte	67                              @ DW_AT_decl_line
	.long	3661                            @ DW_AT_type
	.byte	16                              @ Abbrev [16] 0x467:0xf DW_TAG_formal_parameter
	.long	.Ldebug_loc34                   @ DW_AT_location
	.long	.Linfo_string85                 @ DW_AT_name
	.byte	9                               @ DW_AT_decl_file
	.byte	67                              @ DW_AT_decl_line
	.long	4454                            @ DW_AT_type
	.byte	17                              @ Abbrev [17] 0x476:0xf DW_TAG_variable
	.long	.Ldebug_loc37                   @ DW_AT_location
	.long	.Linfo_string90                 @ DW_AT_name
	.byte	9                               @ DW_AT_decl_file
	.byte	69                              @ DW_AT_decl_line
	.long	4454                            @ DW_AT_type
	.byte	17                              @ Abbrev [17] 0x485:0xf DW_TAG_variable
	.long	.Ldebug_loc38                   @ DW_AT_location
	.long	.Linfo_string103                @ DW_AT_name
	.byte	9                               @ DW_AT_decl_file
	.byte	71                              @ DW_AT_decl_line
	.long	673                             @ DW_AT_type
	.byte	14                              @ Abbrev [14] 0x494:0xb DW_TAG_variable
	.long	.Linfo_string104                @ DW_AT_name
	.byte	9                               @ DW_AT_decl_file
	.byte	72                              @ DW_AT_decl_line
	.long	56                              @ DW_AT_type
	.byte	17                              @ Abbrev [17] 0x49f:0xf DW_TAG_variable
	.long	.Ldebug_loc39                   @ DW_AT_location
	.long	.Linfo_string105                @ DW_AT_name
	.byte	9                               @ DW_AT_decl_file
	.byte	70                              @ DW_AT_decl_line
	.long	673                             @ DW_AT_type
	.byte	17                              @ Abbrev [17] 0x4ae:0xf DW_TAG_variable
	.long	.Ldebug_loc40                   @ DW_AT_location
	.long	.Linfo_string106                @ DW_AT_name
	.byte	9                               @ DW_AT_decl_file
	.byte	70                              @ DW_AT_decl_line
	.long	673                             @ DW_AT_type
	.byte	18                              @ Abbrev [18] 0x4bd:0x15 DW_TAG_lexical_block
	.long	.Ltmp123                        @ DW_AT_low_pc
	.long	.Ltmp128-.Ltmp123               @ DW_AT_high_pc
	.byte	14                              @ Abbrev [14] 0x4c6:0xb DW_TAG_variable
	.long	.Linfo_string97                 @ DW_AT_name
	.byte	9                               @ DW_AT_decl_file
	.byte	96                              @ DW_AT_decl_line
	.long	4472                            @ DW_AT_type
	.byte	0                               @ End Of Children Mark
	.byte	0                               @ End Of Children Mark
	.byte	15                              @ Abbrev [15] 0x4d3:0xcd DW_TAG_subprogram
	.long	.Lfunc_begin3                   @ DW_AT_low_pc
	.long	.Lfunc_end3-.Lfunc_begin3       @ DW_AT_high_pc
	.byte	1                               @ DW_AT_frame_base
	.byte	93
                                        @ DW_AT_GNU_all_call_sites
	.long	.Linfo_string79                 @ DW_AT_name
	.byte	10                              @ DW_AT_decl_file
	.byte	66                              @ DW_AT_decl_line
                                        @ DW_AT_prototyped
	.long	56                              @ DW_AT_type
                                        @ DW_AT_external
	.byte	16                              @ Abbrev [16] 0x4e8:0xf DW_TAG_formal_parameter
	.long	.Ldebug_loc42                   @ DW_AT_location
	.long	.Linfo_string88                 @ DW_AT_name
	.byte	10                              @ DW_AT_decl_file
	.byte	66                              @ DW_AT_decl_line
	.long	3661                            @ DW_AT_type
	.byte	16                              @ Abbrev [16] 0x4f7:0xf DW_TAG_formal_parameter
	.long	.Ldebug_loc43                   @ DW_AT_location
	.long	.Linfo_string89                 @ DW_AT_name
	.byte	10                              @ DW_AT_decl_file
	.byte	66                              @ DW_AT_decl_line
	.long	3661                            @ DW_AT_type
	.byte	16                              @ Abbrev [16] 0x506:0xf DW_TAG_formal_parameter
	.long	.Ldebug_loc41                   @ DW_AT_location
	.long	.Linfo_string85                 @ DW_AT_name
	.byte	10                              @ DW_AT_decl_file
	.byte	66                              @ DW_AT_decl_line
	.long	4454                            @ DW_AT_type
	.byte	17                              @ Abbrev [17] 0x515:0xf DW_TAG_variable
	.long	.Ldebug_loc44                   @ DW_AT_location
	.long	.Linfo_string90                 @ DW_AT_name
	.byte	10                              @ DW_AT_decl_file
	.byte	68                              @ DW_AT_decl_line
	.long	4454                            @ DW_AT_type
	.byte	17                              @ Abbrev [17] 0x524:0xf DW_TAG_variable
	.long	.Ldebug_loc45                   @ DW_AT_location
	.long	.Linfo_string101                @ DW_AT_name
	.byte	10                              @ DW_AT_decl_file
	.byte	69                              @ DW_AT_decl_line
	.long	673                             @ DW_AT_type
	.byte	17                              @ Abbrev [17] 0x533:0xf DW_TAG_variable
	.long	.Ldebug_loc46                   @ DW_AT_location
	.long	.Linfo_string95                 @ DW_AT_name
	.byte	10                              @ DW_AT_decl_file
	.byte	69                              @ DW_AT_decl_line
	.long	673                             @ DW_AT_type
	.byte	17                              @ Abbrev [17] 0x542:0xf DW_TAG_variable
	.long	.Ldebug_loc47                   @ DW_AT_location
	.long	.Linfo_string41                 @ DW_AT_name
	.byte	10                              @ DW_AT_decl_file
	.byte	69                              @ DW_AT_decl_line
	.long	673                             @ DW_AT_type
	.byte	17                              @ Abbrev [17] 0x551:0xf DW_TAG_variable
	.long	.Ldebug_loc48                   @ DW_AT_location
	.long	.Linfo_string107                @ DW_AT_name
	.byte	10                              @ DW_AT_decl_file
	.byte	69                              @ DW_AT_decl_line
	.long	673                             @ DW_AT_type
	.byte	18                              @ Abbrev [18] 0x560:0x15 DW_TAG_lexical_block
	.long	.Ltmp143                        @ DW_AT_low_pc
	.long	.Ltmp148-.Ltmp143               @ DW_AT_high_pc
	.byte	14                              @ Abbrev [14] 0x569:0xb DW_TAG_variable
	.long	.Linfo_string97                 @ DW_AT_name
	.byte	10                              @ DW_AT_decl_file
	.byte	92                              @ DW_AT_decl_line
	.long	4472                            @ DW_AT_type
	.byte	0                               @ End Of Children Mark
	.byte	25                              @ Abbrev [25] 0x575:0x2a DW_TAG_inlined_subroutine
	.long	282                             @ DW_AT_abstract_origin
	.long	.Ltmp148                        @ DW_AT_low_pc
	.long	.Ltmp153-.Ltmp148               @ DW_AT_high_pc
	.byte	10                              @ DW_AT_call_file
	.byte	101                             @ DW_AT_call_line
	.byte	12                              @ DW_AT_call_column
	.byte	20                              @ Abbrev [20] 0x585:0x10 DW_TAG_formal_parameter
	.byte	10                              @ DW_AT_location
	.byte	144
	.ascii	"\200\002"
	.byte	147
	.byte	8
	.byte	144
	.ascii	"\201\002"
	.byte	147
	.byte	8
	.long	294                             @ DW_AT_abstract_origin
	.byte	21                              @ Abbrev [21] 0x595:0x9 DW_TAG_variable
	.long	.Ldebug_loc49                   @ DW_AT_location
	.long	305                             @ DW_AT_abstract_origin
	.byte	0                               @ End Of Children Mark
	.byte	0                               @ End Of Children Mark
	.byte	12                              @ Abbrev [12] 0x5a0:0x23 DW_TAG_subprogram
	.long	.Linfo_string42                 @ DW_AT_name
	.byte	12                              @ DW_AT_decl_file
	.byte	234                             @ DW_AT_decl_line
                                        @ DW_AT_prototyped
	.long	1475                            @ DW_AT_type
	.byte	1                               @ DW_AT_inline
	.byte	13                              @ Abbrev [13] 0x5ac:0xb DW_TAG_formal_parameter
	.long	.Linfo_string27                 @ DW_AT_name
	.byte	12                              @ DW_AT_decl_file
	.byte	235                             @ DW_AT_decl_line
	.long	1487                            @ DW_AT_type
	.byte	13                              @ Abbrev [13] 0x5b7:0xb DW_TAG_formal_parameter
	.long	.Linfo_string44                 @ DW_AT_name
	.byte	12                              @ DW_AT_decl_file
	.byte	236                             @ DW_AT_decl_line
	.long	1492                            @ DW_AT_type
	.byte	0                               @ End Of Children Mark
	.byte	4                               @ Abbrev [4] 0x5c3:0xc DW_TAG_typedef
	.long	75                              @ DW_AT_type
	.long	.Linfo_string43                 @ DW_AT_name
	.byte	3                               @ DW_AT_decl_file
	.short	598                             @ DW_AT_decl_line
	.byte	3                               @ Abbrev [3] 0x5cf:0x5 DW_TAG_const_type
	.long	147                             @ DW_AT_type
	.byte	26                              @ Abbrev [26] 0x5d4:0x5 DW_TAG_pointer_type
	.long	147                             @ DW_AT_type
	.byte	12                              @ Abbrev [12] 0x5d9:0x39 DW_TAG_subprogram
	.long	.Linfo_string45                 @ DW_AT_name
	.byte	13                              @ DW_AT_decl_file
	.byte	59                              @ DW_AT_decl_line
                                        @ DW_AT_prototyped
	.long	1475                            @ DW_AT_type
	.byte	1                               @ DW_AT_inline
	.byte	13                              @ Abbrev [13] 0x5e5:0xb DW_TAG_formal_parameter
	.long	.Linfo_string27                 @ DW_AT_name
	.byte	13                              @ DW_AT_decl_file
	.byte	60                              @ DW_AT_decl_line
	.long	56                              @ DW_AT_type
	.byte	13                              @ Abbrev [13] 0x5f0:0xb DW_TAG_formal_parameter
	.long	.Linfo_string44                 @ DW_AT_name
	.byte	13                              @ DW_AT_decl_file
	.byte	61                              @ DW_AT_decl_line
	.long	1554                            @ DW_AT_type
	.byte	14                              @ Abbrev [14] 0x5fb:0xb DW_TAG_variable
	.long	.Linfo_string46                 @ DW_AT_name
	.byte	13                              @ DW_AT_decl_file
	.byte	63                              @ DW_AT_decl_line
	.long	147                             @ DW_AT_type
	.byte	14                              @ Abbrev [14] 0x606:0xb DW_TAG_variable
	.long	.Linfo_string47                 @ DW_AT_name
	.byte	13                              @ DW_AT_decl_file
	.byte	64                              @ DW_AT_decl_line
	.long	1475                            @ DW_AT_type
	.byte	0                               @ End Of Children Mark
	.byte	26                              @ Abbrev [26] 0x612:0x5 DW_TAG_pointer_type
	.long	56                              @ DW_AT_type
	.byte	27                              @ Abbrev [27] 0x617:0x1a DW_TAG_subprogram
	.long	.Linfo_string48                 @ DW_AT_name
	.byte	14                              @ DW_AT_decl_file
	.short	414                             @ DW_AT_decl_line
                                        @ DW_AT_prototyped
	.long	159                             @ DW_AT_type
	.byte	1                               @ DW_AT_inline
	.byte	28                              @ Abbrev [28] 0x624:0xc DW_TAG_formal_parameter
	.long	.Linfo_string34                 @ DW_AT_name
	.byte	14                              @ DW_AT_decl_file
	.short	414                             @ DW_AT_decl_line
	.long	159                             @ DW_AT_type
	.byte	0                               @ End Of Children Mark
	.byte	27                              @ Abbrev [27] 0x631:0x1a DW_TAG_subprogram
	.long	.Linfo_string49                 @ DW_AT_name
	.byte	14                              @ DW_AT_decl_file
	.short	425                             @ DW_AT_decl_line
                                        @ DW_AT_prototyped
	.long	159                             @ DW_AT_type
	.byte	1                               @ DW_AT_inline
	.byte	28                              @ Abbrev [28] 0x63e:0xc DW_TAG_formal_parameter
	.long	.Linfo_string50                 @ DW_AT_name
	.byte	14                              @ DW_AT_decl_file
	.short	425                             @ DW_AT_decl_line
	.long	159                             @ DW_AT_type
	.byte	0                               @ End Of Children Mark
	.byte	15                              @ Abbrev [15] 0x64b:0xf0 DW_TAG_subprogram
	.long	.Lfunc_begin4                   @ DW_AT_low_pc
	.long	.Lfunc_end4-.Lfunc_begin4       @ DW_AT_high_pc
	.byte	1                               @ DW_AT_frame_base
	.byte	93
                                        @ DW_AT_GNU_all_call_sites
	.long	.Linfo_string80                 @ DW_AT_name
	.byte	11                              @ DW_AT_decl_file
	.byte	66                              @ DW_AT_decl_line
                                        @ DW_AT_prototyped
	.long	56                              @ DW_AT_type
                                        @ DW_AT_external
	.byte	16                              @ Abbrev [16] 0x660:0xf DW_TAG_formal_parameter
	.long	.Ldebug_loc50                   @ DW_AT_location
	.long	.Linfo_string88                 @ DW_AT_name
	.byte	11                              @ DW_AT_decl_file
	.byte	66                              @ DW_AT_decl_line
	.long	1554                            @ DW_AT_type
	.byte	16                              @ Abbrev [16] 0x66f:0xf DW_TAG_formal_parameter
	.long	.Ldebug_loc51                   @ DW_AT_location
	.long	.Linfo_string89                 @ DW_AT_name
	.byte	11                              @ DW_AT_decl_file
	.byte	66                              @ DW_AT_decl_line
	.long	1554                            @ DW_AT_type
	.byte	16                              @ Abbrev [16] 0x67e:0xf DW_TAG_formal_parameter
	.long	.Ldebug_loc52                   @ DW_AT_location
	.long	.Linfo_string85                 @ DW_AT_name
	.byte	11                              @ DW_AT_decl_file
	.byte	66                              @ DW_AT_decl_line
	.long	4454                            @ DW_AT_type
	.byte	29                              @ Abbrev [29] 0x68d:0xe DW_TAG_variable
	.byte	2                               @ DW_AT_location
	.byte	145
	.byte	14
	.long	.Linfo_string108                @ DW_AT_name
	.byte	11                              @ DW_AT_decl_file
	.byte	68                              @ DW_AT_decl_line
	.long	56                              @ DW_AT_type
	.byte	29                              @ Abbrev [29] 0x69b:0xe DW_TAG_variable
	.byte	2                               @ DW_AT_location
	.byte	145
	.byte	12
	.long	.Linfo_string109                @ DW_AT_name
	.byte	11                              @ DW_AT_decl_file
	.byte	68                              @ DW_AT_decl_line
	.long	56                              @ DW_AT_type
	.byte	29                              @ Abbrev [29] 0x6a9:0xe DW_TAG_variable
	.byte	2                               @ DW_AT_location
	.byte	145
	.byte	10
	.long	.Linfo_string110                @ DW_AT_name
	.byte	11                              @ DW_AT_decl_file
	.byte	68                              @ DW_AT_decl_line
	.long	56                              @ DW_AT_type
	.byte	29                              @ Abbrev [29] 0x6b7:0xe DW_TAG_variable
	.byte	2                               @ DW_AT_location
	.byte	145
	.byte	8
	.long	.Linfo_string111                @ DW_AT_name
	.byte	11                              @ DW_AT_decl_file
	.byte	68                              @ DW_AT_decl_line
	.long	56                              @ DW_AT_type
	.byte	29                              @ Abbrev [29] 0x6c5:0xe DW_TAG_variable
	.byte	2                               @ DW_AT_location
	.byte	145
	.byte	6
	.long	.Linfo_string112                @ DW_AT_name
	.byte	11                              @ DW_AT_decl_file
	.byte	68                              @ DW_AT_decl_line
	.long	56                              @ DW_AT_type
	.byte	17                              @ Abbrev [17] 0x6d3:0xf DW_TAG_variable
	.long	.Ldebug_loc54                   @ DW_AT_location
	.long	.Linfo_string113                @ DW_AT_name
	.byte	11                              @ DW_AT_decl_file
	.byte	68                              @ DW_AT_decl_line
	.long	56                              @ DW_AT_type
	.byte	19                              @ Abbrev [19] 0x6e2:0x58 DW_TAG_inlined_subroutine
	.long	1497                            @ DW_AT_abstract_origin
	.long	.Ldebug_ranges4                 @ DW_AT_ranges
	.byte	11                              @ DW_AT_call_file
	.byte	85                              @ DW_AT_call_line
	.byte	5                               @ DW_AT_call_column
	.byte	19                              @ Abbrev [19] 0x6ee:0x4b DW_TAG_inlined_subroutine
	.long	1440                            @ DW_AT_abstract_origin
	.long	.Ldebug_ranges5                 @ DW_AT_ranges
	.byte	13                              @ DW_AT_call_file
	.byte	65                              @ DW_AT_call_line
	.byte	12                              @ DW_AT_call_column
	.byte	22                              @ Abbrev [22] 0x6fa:0x9 DW_TAG_formal_parameter
	.long	.Ldebug_loc53                   @ DW_AT_location
	.long	1452                            @ DW_AT_abstract_origin
	.byte	25                              @ Abbrev [25] 0x703:0x35 DW_TAG_inlined_subroutine
	.long	1585                            @ DW_AT_abstract_origin
	.long	.Ltmp173                        @ DW_AT_low_pc
	.long	.Ltmp174-.Ltmp173               @ DW_AT_high_pc
	.byte	12                              @ DW_AT_call_file
	.byte	255                             @ DW_AT_call_line
	.byte	15                              @ DW_AT_call_column
	.byte	20                              @ Abbrev [20] 0x713:0x9 DW_TAG_formal_parameter
	.byte	3                               @ DW_AT_location
	.byte	144
	.ascii	"\200\002"
	.long	1598                            @ DW_AT_abstract_origin
	.byte	30                              @ Abbrev [30] 0x71c:0x1b DW_TAG_inlined_subroutine
	.long	1559                            @ DW_AT_abstract_origin
	.long	.Ltmp173                        @ DW_AT_low_pc
	.long	.Ltmp174-.Ltmp173               @ DW_AT_high_pc
	.byte	14                              @ DW_AT_call_file
	.short	425                             @ DW_AT_call_line
	.byte	53                              @ DW_AT_call_column
	.byte	20                              @ Abbrev [20] 0x72d:0x9 DW_TAG_formal_parameter
	.byte	3                               @ DW_AT_location
	.byte	144
	.ascii	"\200\002"
	.long	1572                            @ DW_AT_abstract_origin
	.byte	0                               @ End Of Children Mark
	.byte	0                               @ End Of Children Mark
	.byte	0                               @ End Of Children Mark
	.byte	0                               @ End Of Children Mark
	.byte	0                               @ End Of Children Mark
	.byte	15                              @ Abbrev [15] 0x73b:0xe1 DW_TAG_subprogram
	.long	.Lfunc_begin5                   @ DW_AT_low_pc
	.long	.Lfunc_end5-.Lfunc_begin5       @ DW_AT_high_pc
	.byte	1                               @ DW_AT_frame_base
	.byte	93
                                        @ DW_AT_GNU_all_call_sites
	.long	.Linfo_string81                 @ DW_AT_name
	.byte	15                              @ DW_AT_decl_file
	.byte	67                              @ DW_AT_decl_line
                                        @ DW_AT_prototyped
	.long	56                              @ DW_AT_type
                                        @ DW_AT_external
	.byte	16                              @ Abbrev [16] 0x750:0xf DW_TAG_formal_parameter
	.long	.Ldebug_loc55                   @ DW_AT_location
	.long	.Linfo_string88                 @ DW_AT_name
	.byte	15                              @ DW_AT_decl_file
	.byte	67                              @ DW_AT_decl_line
	.long	3661                            @ DW_AT_type
	.byte	16                              @ Abbrev [16] 0x75f:0xf DW_TAG_formal_parameter
	.long	.Ldebug_loc56                   @ DW_AT_location
	.long	.Linfo_string89                 @ DW_AT_name
	.byte	15                              @ DW_AT_decl_file
	.byte	67                              @ DW_AT_decl_line
	.long	3661                            @ DW_AT_type
	.byte	16                              @ Abbrev [16] 0x76e:0xf DW_TAG_formal_parameter
	.long	.Ldebug_loc57                   @ DW_AT_location
	.long	.Linfo_string85                 @ DW_AT_name
	.byte	15                              @ DW_AT_decl_file
	.byte	67                              @ DW_AT_decl_line
	.long	4454                            @ DW_AT_type
	.byte	29                              @ Abbrev [29] 0x77d:0xe DW_TAG_variable
	.byte	2                               @ DW_AT_location
	.byte	145
	.byte	6
	.long	.Linfo_string110                @ DW_AT_name
	.byte	15                              @ DW_AT_decl_file
	.byte	69                              @ DW_AT_decl_line
	.long	56                              @ DW_AT_type
	.byte	29                              @ Abbrev [29] 0x78b:0xe DW_TAG_variable
	.byte	2                               @ DW_AT_location
	.byte	145
	.byte	4
	.long	.Linfo_string111                @ DW_AT_name
	.byte	15                              @ DW_AT_decl_file
	.byte	69                              @ DW_AT_decl_line
	.long	56                              @ DW_AT_type
	.byte	29                              @ Abbrev [29] 0x799:0xe DW_TAG_variable
	.byte	2                               @ DW_AT_location
	.byte	145
	.byte	2
	.long	.Linfo_string112                @ DW_AT_name
	.byte	15                              @ DW_AT_decl_file
	.byte	69                              @ DW_AT_decl_line
	.long	56                              @ DW_AT_type
	.byte	17                              @ Abbrev [17] 0x7a7:0xf DW_TAG_variable
	.long	.Ldebug_loc60                   @ DW_AT_location
	.long	.Linfo_string113                @ DW_AT_name
	.byte	15                              @ DW_AT_decl_file
	.byte	69                              @ DW_AT_decl_line
	.long	56                              @ DW_AT_type
	.byte	25                              @ Abbrev [25] 0x7b6:0x65 DW_TAG_inlined_subroutine
	.long	1497                            @ DW_AT_abstract_origin
	.long	.Ltmp186                        @ DW_AT_low_pc
	.long	.Ltmp192-.Ltmp186               @ DW_AT_high_pc
	.byte	15                              @ DW_AT_call_file
	.byte	76                              @ DW_AT_call_line
	.byte	5                               @ DW_AT_call_column
	.byte	22                              @ Abbrev [22] 0x7c6:0x9 DW_TAG_formal_parameter
	.long	.Ldebug_loc58                   @ DW_AT_location
	.long	1509                            @ DW_AT_abstract_origin
	.byte	19                              @ Abbrev [19] 0x7cf:0x4b DW_TAG_inlined_subroutine
	.long	1440                            @ DW_AT_abstract_origin
	.long	.Ldebug_ranges6                 @ DW_AT_ranges
	.byte	13                              @ DW_AT_call_file
	.byte	65                              @ DW_AT_call_line
	.byte	12                              @ DW_AT_call_column
	.byte	22                              @ Abbrev [22] 0x7db:0x9 DW_TAG_formal_parameter
	.long	.Ldebug_loc59                   @ DW_AT_location
	.long	1452                            @ DW_AT_abstract_origin
	.byte	25                              @ Abbrev [25] 0x7e4:0x35 DW_TAG_inlined_subroutine
	.long	1585                            @ DW_AT_abstract_origin
	.long	.Ltmp190                        @ DW_AT_low_pc
	.long	.Ltmp191-.Ltmp190               @ DW_AT_high_pc
	.byte	12                              @ DW_AT_call_file
	.byte	255                             @ DW_AT_call_line
	.byte	15                              @ DW_AT_call_column
	.byte	20                              @ Abbrev [20] 0x7f4:0x9 DW_TAG_formal_parameter
	.byte	3                               @ DW_AT_location
	.byte	144
	.ascii	"\200\002"
	.long	1598                            @ DW_AT_abstract_origin
	.byte	30                              @ Abbrev [30] 0x7fd:0x1b DW_TAG_inlined_subroutine
	.long	1559                            @ DW_AT_abstract_origin
	.long	.Ltmp190                        @ DW_AT_low_pc
	.long	.Ltmp191-.Ltmp190               @ DW_AT_high_pc
	.byte	14                              @ DW_AT_call_file
	.short	425                             @ DW_AT_call_line
	.byte	53                              @ DW_AT_call_column
	.byte	20                              @ Abbrev [20] 0x80e:0x9 DW_TAG_formal_parameter
	.byte	3                               @ DW_AT_location
	.byte	144
	.ascii	"\200\002"
	.long	1572                            @ DW_AT_abstract_origin
	.byte	0                               @ End Of Children Mark
	.byte	0                               @ End Of Children Mark
	.byte	0                               @ End Of Children Mark
	.byte	0                               @ End Of Children Mark
	.byte	0                               @ End Of Children Mark
	.byte	15                              @ Abbrev [15] 0x81c:0x13d DW_TAG_subprogram
	.long	.Lfunc_begin6                   @ DW_AT_low_pc
	.long	.Lfunc_end6-.Lfunc_begin6       @ DW_AT_high_pc
	.byte	1                               @ DW_AT_frame_base
	.byte	93
                                        @ DW_AT_GNU_all_call_sites
	.long	.Linfo_string82                 @ DW_AT_name
	.byte	16                              @ DW_AT_decl_file
	.byte	67                              @ DW_AT_decl_line
                                        @ DW_AT_prototyped
	.long	56                              @ DW_AT_type
                                        @ DW_AT_external
	.byte	16                              @ Abbrev [16] 0x831:0xf DW_TAG_formal_parameter
	.long	.Ldebug_loc62                   @ DW_AT_location
	.long	.Linfo_string88                 @ DW_AT_name
	.byte	16                              @ DW_AT_decl_file
	.byte	67                              @ DW_AT_decl_line
	.long	3661                            @ DW_AT_type
	.byte	16                              @ Abbrev [16] 0x840:0xf DW_TAG_formal_parameter
	.long	.Ldebug_loc63                   @ DW_AT_location
	.long	.Linfo_string89                 @ DW_AT_name
	.byte	16                              @ DW_AT_decl_file
	.byte	67                              @ DW_AT_decl_line
	.long	3661                            @ DW_AT_type
	.byte	16                              @ Abbrev [16] 0x84f:0xf DW_TAG_formal_parameter
	.long	.Ldebug_loc61                   @ DW_AT_location
	.long	.Linfo_string85                 @ DW_AT_name
	.byte	16                              @ DW_AT_decl_file
	.byte	67                              @ DW_AT_decl_line
	.long	4454                            @ DW_AT_type
	.byte	17                              @ Abbrev [17] 0x85e:0xf DW_TAG_variable
	.long	.Ldebug_loc64                   @ DW_AT_location
	.long	.Linfo_string90                 @ DW_AT_name
	.byte	16                              @ DW_AT_decl_file
	.byte	69                              @ DW_AT_decl_line
	.long	4454                            @ DW_AT_type
	.byte	17                              @ Abbrev [17] 0x86d:0xf DW_TAG_variable
	.long	.Ldebug_loc65                   @ DW_AT_location
	.long	.Linfo_string101                @ DW_AT_name
	.byte	16                              @ DW_AT_decl_file
	.byte	71                              @ DW_AT_decl_line
	.long	673                             @ DW_AT_type
	.byte	17                              @ Abbrev [17] 0x87c:0xf DW_TAG_variable
	.long	.Ldebug_loc66                   @ DW_AT_location
	.long	.Linfo_string95                 @ DW_AT_name
	.byte	16                              @ DW_AT_decl_file
	.byte	71                              @ DW_AT_decl_line
	.long	673                             @ DW_AT_type
	.byte	17                              @ Abbrev [17] 0x88b:0xf DW_TAG_variable
	.long	.Ldebug_loc67                   @ DW_AT_location
	.long	.Linfo_string41                 @ DW_AT_name
	.byte	16                              @ DW_AT_decl_file
	.byte	71                              @ DW_AT_decl_line
	.long	673                             @ DW_AT_type
	.byte	17                              @ Abbrev [17] 0x89a:0xf DW_TAG_variable
	.long	.Ldebug_loc68                   @ DW_AT_location
	.long	.Linfo_string107                @ DW_AT_name
	.byte	16                              @ DW_AT_decl_file
	.byte	71                              @ DW_AT_decl_line
	.long	673                             @ DW_AT_type
	.byte	17                              @ Abbrev [17] 0x8a9:0xf DW_TAG_variable
	.long	.Ldebug_loc72                   @ DW_AT_location
	.long	.Linfo_string113                @ DW_AT_name
	.byte	16                              @ DW_AT_decl_file
	.byte	70                              @ DW_AT_decl_line
	.long	56                              @ DW_AT_type
	.byte	18                              @ Abbrev [18] 0x8b8:0x15 DW_TAG_lexical_block
	.long	.Ltmp207                        @ DW_AT_low_pc
	.long	.Ltmp212-.Ltmp207               @ DW_AT_high_pc
	.byte	14                              @ Abbrev [14] 0x8c1:0xb DW_TAG_variable
	.long	.Linfo_string97                 @ DW_AT_name
	.byte	16                              @ DW_AT_decl_file
	.byte	94                              @ DW_AT_decl_line
	.long	4472                            @ DW_AT_type
	.byte	0                               @ End Of Children Mark
	.byte	25                              @ Abbrev [25] 0x8cd:0x2a DW_TAG_inlined_subroutine
	.long	282                             @ DW_AT_abstract_origin
	.long	.Ltmp212                        @ DW_AT_low_pc
	.long	.Ltmp217-.Ltmp212               @ DW_AT_high_pc
	.byte	16                              @ DW_AT_call_file
	.byte	103                             @ DW_AT_call_line
	.byte	18                              @ DW_AT_call_column
	.byte	20                              @ Abbrev [20] 0x8dd:0x10 DW_TAG_formal_parameter
	.byte	10                              @ DW_AT_location
	.byte	144
	.ascii	"\200\002"
	.byte	147
	.byte	8
	.byte	144
	.ascii	"\201\002"
	.byte	147
	.byte	8
	.long	294                             @ DW_AT_abstract_origin
	.byte	21                              @ Abbrev [21] 0x8ed:0x9 DW_TAG_variable
	.long	.Ldebug_loc69                   @ DW_AT_location
	.long	305                             @ DW_AT_abstract_origin
	.byte	0                               @ End Of Children Mark
	.byte	19                              @ Abbrev [19] 0x8f7:0x61 DW_TAG_inlined_subroutine
	.long	1497                            @ DW_AT_abstract_origin
	.long	.Ldebug_ranges7                 @ DW_AT_ranges
	.byte	16                              @ DW_AT_call_file
	.byte	103                             @ DW_AT_call_line
	.byte	5                               @ DW_AT_call_column
	.byte	22                              @ Abbrev [22] 0x903:0x9 DW_TAG_formal_parameter
	.long	.Ldebug_loc71                   @ DW_AT_location
	.long	1509                            @ DW_AT_abstract_origin
	.byte	19                              @ Abbrev [19] 0x90c:0x4b DW_TAG_inlined_subroutine
	.long	1440                            @ DW_AT_abstract_origin
	.long	.Ldebug_ranges8                 @ DW_AT_ranges
	.byte	13                              @ DW_AT_call_file
	.byte	65                              @ DW_AT_call_line
	.byte	12                              @ DW_AT_call_column
	.byte	22                              @ Abbrev [22] 0x918:0x9 DW_TAG_formal_parameter
	.long	.Ldebug_loc70                   @ DW_AT_location
	.long	1452                            @ DW_AT_abstract_origin
	.byte	25                              @ Abbrev [25] 0x921:0x35 DW_TAG_inlined_subroutine
	.long	1585                            @ DW_AT_abstract_origin
	.long	.Ltmp221                        @ DW_AT_low_pc
	.long	.Ltmp222-.Ltmp221               @ DW_AT_high_pc
	.byte	12                              @ DW_AT_call_file
	.byte	255                             @ DW_AT_call_line
	.byte	15                              @ DW_AT_call_column
	.byte	20                              @ Abbrev [20] 0x931:0x9 DW_TAG_formal_parameter
	.byte	3                               @ DW_AT_location
	.byte	144
	.ascii	"\200\002"
	.long	1598                            @ DW_AT_abstract_origin
	.byte	30                              @ Abbrev [30] 0x93a:0x1b DW_TAG_inlined_subroutine
	.long	1559                            @ DW_AT_abstract_origin
	.long	.Ltmp221                        @ DW_AT_low_pc
	.long	.Ltmp222-.Ltmp221               @ DW_AT_high_pc
	.byte	14                              @ DW_AT_call_file
	.short	425                             @ DW_AT_call_line
	.byte	53                              @ DW_AT_call_column
	.byte	20                              @ Abbrev [20] 0x94b:0x9 DW_TAG_formal_parameter
	.byte	3                               @ DW_AT_location
	.byte	144
	.ascii	"\200\002"
	.long	1572                            @ DW_AT_abstract_origin
	.byte	0                               @ End Of Children Mark
	.byte	0                               @ End Of Children Mark
	.byte	0                               @ End Of Children Mark
	.byte	0                               @ End Of Children Mark
	.byte	0                               @ End Of Children Mark
	.byte	12                              @ Abbrev [12] 0x959:0x44 DW_TAG_subprogram
	.long	.Linfo_string51                 @ DW_AT_name
	.byte	2                               @ DW_AT_decl_file
	.byte	47                              @ DW_AT_decl_line
                                        @ DW_AT_prototyped
	.long	673                             @ DW_AT_type
	.byte	1                               @ DW_AT_inline
	.byte	13                              @ Abbrev [13] 0x965:0xb DW_TAG_formal_parameter
	.long	.Linfo_string32                 @ DW_AT_name
	.byte	2                               @ DW_AT_decl_file
	.byte	48                              @ DW_AT_decl_line
	.long	673                             @ DW_AT_type
	.byte	14                              @ Abbrev [14] 0x970:0xb DW_TAG_variable
	.long	.Linfo_string33                 @ DW_AT_name
	.byte	2                               @ DW_AT_decl_file
	.byte	52                              @ DW_AT_decl_line
	.long	684                             @ DW_AT_type
	.byte	14                              @ Abbrev [14] 0x97b:0xb DW_TAG_variable
	.long	.Linfo_string38                 @ DW_AT_name
	.byte	2                               @ DW_AT_decl_file
	.byte	53                              @ DW_AT_decl_line
	.long	673                             @ DW_AT_type
	.byte	14                              @ Abbrev [14] 0x986:0xb DW_TAG_variable
	.long	.Linfo_string39                 @ DW_AT_name
	.byte	2                               @ DW_AT_decl_file
	.byte	50                              @ DW_AT_decl_line
	.long	728                             @ DW_AT_type
	.byte	14                              @ Abbrev [14] 0x991:0xb DW_TAG_variable
	.long	.Linfo_string41                 @ DW_AT_name
	.byte	2                               @ DW_AT_decl_file
	.byte	51                              @ DW_AT_decl_line
	.long	673                             @ DW_AT_type
	.byte	0                               @ End Of Children Mark
	.byte	12                              @ Abbrev [12] 0x99d:0x86 DW_TAG_subprogram
	.long	.Linfo_string52                 @ DW_AT_name
	.byte	2                               @ DW_AT_decl_file
	.byte	158                             @ DW_AT_decl_line
                                        @ DW_AT_prototyped
	.long	166                             @ DW_AT_type
	.byte	1                               @ DW_AT_inline
	.byte	13                              @ Abbrev [13] 0x9a9:0xb DW_TAG_formal_parameter
	.long	.Linfo_string53                 @ DW_AT_name
	.byte	2                               @ DW_AT_decl_file
	.byte	158                             @ DW_AT_decl_line
	.long	166                             @ DW_AT_type
	.byte	14                              @ Abbrev [14] 0x9b4:0xb DW_TAG_variable
	.long	.Linfo_string46                 @ DW_AT_name
	.byte	2                               @ DW_AT_decl_file
	.byte	168                             @ DW_AT_decl_line
	.long	684                             @ DW_AT_type
	.byte	14                              @ Abbrev [14] 0x9bf:0xb DW_TAG_variable
	.long	.Linfo_string54                 @ DW_AT_name
	.byte	2                               @ DW_AT_decl_file
	.byte	168                             @ DW_AT_decl_line
	.long	198                             @ DW_AT_type
	.byte	14                              @ Abbrev [14] 0x9ca:0xb DW_TAG_variable
	.long	.Linfo_string55                 @ DW_AT_name
	.byte	2                               @ DW_AT_decl_file
	.byte	161                             @ DW_AT_decl_line
	.long	166                             @ DW_AT_type
	.byte	14                              @ Abbrev [14] 0x9d5:0xb DW_TAG_variable
	.long	.Linfo_string56                 @ DW_AT_name
	.byte	2                               @ DW_AT_decl_file
	.byte	160                             @ DW_AT_decl_line
	.long	728                             @ DW_AT_type
	.byte	14                              @ Abbrev [14] 0x9e0:0xb DW_TAG_variable
	.long	.Linfo_string57                 @ DW_AT_name
	.byte	2                               @ DW_AT_decl_file
	.byte	162                             @ DW_AT_decl_line
	.long	166                             @ DW_AT_type
	.byte	14                              @ Abbrev [14] 0x9eb:0xb DW_TAG_variable
	.long	.Linfo_string58                 @ DW_AT_name
	.byte	2                               @ DW_AT_decl_file
	.byte	162                             @ DW_AT_decl_line
	.long	166                             @ DW_AT_type
	.byte	14                              @ Abbrev [14] 0x9f6:0xb DW_TAG_variable
	.long	.Linfo_string59                 @ DW_AT_name
	.byte	2                               @ DW_AT_decl_file
	.byte	162                             @ DW_AT_decl_line
	.long	166                             @ DW_AT_type
	.byte	14                              @ Abbrev [14] 0xa01:0xb DW_TAG_variable
	.long	.Linfo_string60                 @ DW_AT_name
	.byte	2                               @ DW_AT_decl_file
	.byte	162                             @ DW_AT_decl_line
	.long	166                             @ DW_AT_type
	.byte	14                              @ Abbrev [14] 0xa0c:0xb DW_TAG_variable
	.long	.Linfo_string61                 @ DW_AT_name
	.byte	2                               @ DW_AT_decl_file
	.byte	161                             @ DW_AT_decl_line
	.long	166                             @ DW_AT_type
	.byte	14                              @ Abbrev [14] 0xa17:0xb DW_TAG_variable
	.long	.Linfo_string62                 @ DW_AT_name
	.byte	2                               @ DW_AT_decl_file
	.byte	163                             @ DW_AT_decl_line
	.long	166                             @ DW_AT_type
	.byte	0                               @ End Of Children Mark
	.byte	15                              @ Abbrev [15] 0xa23:0x397 DW_TAG_subprogram
	.long	.Lfunc_begin7                   @ DW_AT_low_pc
	.long	.Lfunc_end7-.Lfunc_begin7       @ DW_AT_high_pc
	.byte	1                               @ DW_AT_frame_base
	.byte	93
                                        @ DW_AT_GNU_all_call_sites
	.long	.Linfo_string83                 @ DW_AT_name
	.byte	17                              @ DW_AT_decl_file
	.byte	67                              @ DW_AT_decl_line
                                        @ DW_AT_prototyped
	.long	56                              @ DW_AT_type
                                        @ DW_AT_external
	.byte	16                              @ Abbrev [16] 0xa38:0xf DW_TAG_formal_parameter
	.long	.Ldebug_loc74                   @ DW_AT_location
	.long	.Linfo_string88                 @ DW_AT_name
	.byte	17                              @ DW_AT_decl_file
	.byte	67                              @ DW_AT_decl_line
	.long	3661                            @ DW_AT_type
	.byte	16                              @ Abbrev [16] 0xa47:0xf DW_TAG_formal_parameter
	.long	.Ldebug_loc75                   @ DW_AT_location
	.long	.Linfo_string89                 @ DW_AT_name
	.byte	17                              @ DW_AT_decl_file
	.byte	67                              @ DW_AT_decl_line
	.long	3661                            @ DW_AT_type
	.byte	16                              @ Abbrev [16] 0xa56:0xf DW_TAG_formal_parameter
	.long	.Ldebug_loc73                   @ DW_AT_location
	.long	.Linfo_string85                 @ DW_AT_name
	.byte	17                              @ DW_AT_decl_file
	.byte	67                              @ DW_AT_decl_line
	.long	4454                            @ DW_AT_type
	.byte	17                              @ Abbrev [17] 0xa65:0xf DW_TAG_variable
	.long	.Ldebug_loc76                   @ DW_AT_location
	.long	.Linfo_string90                 @ DW_AT_name
	.byte	17                              @ DW_AT_decl_file
	.byte	69                              @ DW_AT_decl_line
	.long	4454                            @ DW_AT_type
	.byte	17                              @ Abbrev [17] 0xa74:0xf DW_TAG_variable
	.long	.Ldebug_loc77                   @ DW_AT_location
	.long	.Linfo_string101                @ DW_AT_name
	.byte	17                              @ DW_AT_decl_file
	.byte	71                              @ DW_AT_decl_line
	.long	673                             @ DW_AT_type
	.byte	17                              @ Abbrev [17] 0xa83:0xf DW_TAG_variable
	.long	.Ldebug_loc78                   @ DW_AT_location
	.long	.Linfo_string95                 @ DW_AT_name
	.byte	17                              @ DW_AT_decl_file
	.byte	71                              @ DW_AT_decl_line
	.long	673                             @ DW_AT_type
	.byte	17                              @ Abbrev [17] 0xa92:0xf DW_TAG_variable
	.long	.Ldebug_loc79                   @ DW_AT_location
	.long	.Linfo_string41                 @ DW_AT_name
	.byte	17                              @ DW_AT_decl_file
	.byte	71                              @ DW_AT_decl_line
	.long	673                             @ DW_AT_type
	.byte	17                              @ Abbrev [17] 0xaa1:0xf DW_TAG_variable
	.long	.Ldebug_loc80                   @ DW_AT_location
	.long	.Linfo_string114                @ DW_AT_name
	.byte	17                              @ DW_AT_decl_file
	.byte	71                              @ DW_AT_decl_line
	.long	673                             @ DW_AT_type
	.byte	17                              @ Abbrev [17] 0xab0:0xf DW_TAG_variable
	.long	.Ldebug_loc87                   @ DW_AT_location
	.long	.Linfo_string115                @ DW_AT_name
	.byte	17                              @ DW_AT_decl_file
	.byte	71                              @ DW_AT_decl_line
	.long	673                             @ DW_AT_type
	.byte	17                              @ Abbrev [17] 0xabf:0xf DW_TAG_variable
	.long	.Ldebug_loc134                  @ DW_AT_location
	.long	.Linfo_string113                @ DW_AT_name
	.byte	17                              @ DW_AT_decl_file
	.byte	70                              @ DW_AT_decl_line
	.long	56                              @ DW_AT_type
	.byte	19                              @ Abbrev [19] 0xace:0x41 DW_TAG_inlined_subroutine
	.long	2393                            @ DW_AT_abstract_origin
	.long	.Ldebug_ranges9                 @ DW_AT_ranges
	.byte	17                              @ DW_AT_call_file
	.byte	83                              @ DW_AT_call_line
	.byte	25                              @ DW_AT_call_column
	.byte	20                              @ Abbrev [20] 0xada:0x10 DW_TAG_formal_parameter
	.byte	10                              @ DW_AT_location
	.byte	144
	.ascii	"\202\002"
	.byte	147
	.byte	8
	.byte	144
	.ascii	"\203\002"
	.byte	147
	.byte	8
	.long	2405                            @ DW_AT_abstract_origin
	.byte	21                              @ Abbrev [21] 0xaea:0x9 DW_TAG_variable
	.long	.Ldebug_loc81                   @ DW_AT_location
	.long	2416                            @ DW_AT_abstract_origin
	.byte	21                              @ Abbrev [21] 0xaf3:0x9 DW_TAG_variable
	.long	.Ldebug_loc82                   @ DW_AT_location
	.long	2427                            @ DW_AT_abstract_origin
	.byte	21                              @ Abbrev [21] 0xafc:0x9 DW_TAG_variable
	.long	.Ldebug_loc83                   @ DW_AT_location
	.long	2438                            @ DW_AT_abstract_origin
	.byte	21                              @ Abbrev [21] 0xb05:0x9 DW_TAG_variable
	.long	.Ldebug_loc84                   @ DW_AT_location
	.long	2449                            @ DW_AT_abstract_origin
	.byte	0                               @ End Of Children Mark
	.byte	19                              @ Abbrev [19] 0xb0f:0x70 DW_TAG_inlined_subroutine
	.long	2461                            @ DW_AT_abstract_origin
	.long	.Ldebug_ranges10                @ DW_AT_ranges
	.byte	17                              @ DW_AT_call_file
	.byte	84                              @ DW_AT_call_line
	.byte	16                              @ DW_AT_call_column
	.byte	22                              @ Abbrev [22] 0xb1b:0x9 DW_TAG_formal_parameter
	.long	.Ldebug_loc86                   @ DW_AT_location
	.long	2473                            @ DW_AT_abstract_origin
	.byte	21                              @ Abbrev [21] 0xb24:0x9 DW_TAG_variable
	.long	.Ldebug_loc85                   @ DW_AT_location
	.long	2484                            @ DW_AT_abstract_origin
	.byte	21                              @ Abbrev [21] 0xb2d:0x9 DW_TAG_variable
	.long	.Ldebug_loc88                   @ DW_AT_location
	.long	2495                            @ DW_AT_abstract_origin
	.byte	21                              @ Abbrev [21] 0xb36:0x9 DW_TAG_variable
	.long	.Ldebug_loc89                   @ DW_AT_location
	.long	2506                            @ DW_AT_abstract_origin
	.byte	21                              @ Abbrev [21] 0xb3f:0x9 DW_TAG_variable
	.long	.Ldebug_loc90                   @ DW_AT_location
	.long	2517                            @ DW_AT_abstract_origin
	.byte	21                              @ Abbrev [21] 0xb48:0x9 DW_TAG_variable
	.long	.Ldebug_loc91                   @ DW_AT_location
	.long	2528                            @ DW_AT_abstract_origin
	.byte	21                              @ Abbrev [21] 0xb51:0x9 DW_TAG_variable
	.long	.Ldebug_loc92                   @ DW_AT_location
	.long	2539                            @ DW_AT_abstract_origin
	.byte	21                              @ Abbrev [21] 0xb5a:0x9 DW_TAG_variable
	.long	.Ldebug_loc93                   @ DW_AT_location
	.long	2550                            @ DW_AT_abstract_origin
	.byte	21                              @ Abbrev [21] 0xb63:0x9 DW_TAG_variable
	.long	.Ldebug_loc94                   @ DW_AT_location
	.long	2561                            @ DW_AT_abstract_origin
	.byte	21                              @ Abbrev [21] 0xb6c:0x9 DW_TAG_variable
	.long	.Ldebug_loc95                   @ DW_AT_location
	.long	2572                            @ DW_AT_abstract_origin
	.byte	21                              @ Abbrev [21] 0xb75:0x9 DW_TAG_variable
	.long	.Ldebug_loc96                   @ DW_AT_location
	.long	2583                            @ DW_AT_abstract_origin
	.byte	0                               @ End Of Children Mark
	.byte	19                              @ Abbrev [19] 0xb7f:0x70 DW_TAG_inlined_subroutine
	.long	2461                            @ DW_AT_abstract_origin
	.long	.Ldebug_ranges11                @ DW_AT_ranges
	.byte	17                              @ DW_AT_call_file
	.byte	88                              @ DW_AT_call_line
	.byte	16                              @ DW_AT_call_column
	.byte	22                              @ Abbrev [22] 0xb8b:0x9 DW_TAG_formal_parameter
	.long	.Ldebug_loc98                   @ DW_AT_location
	.long	2473                            @ DW_AT_abstract_origin
	.byte	21                              @ Abbrev [21] 0xb94:0x9 DW_TAG_variable
	.long	.Ldebug_loc97                   @ DW_AT_location
	.long	2484                            @ DW_AT_abstract_origin
	.byte	21                              @ Abbrev [21] 0xb9d:0x9 DW_TAG_variable
	.long	.Ldebug_loc99                   @ DW_AT_location
	.long	2495                            @ DW_AT_abstract_origin
	.byte	21                              @ Abbrev [21] 0xba6:0x9 DW_TAG_variable
	.long	.Ldebug_loc100                  @ DW_AT_location
	.long	2506                            @ DW_AT_abstract_origin
	.byte	21                              @ Abbrev [21] 0xbaf:0x9 DW_TAG_variable
	.long	.Ldebug_loc101                  @ DW_AT_location
	.long	2517                            @ DW_AT_abstract_origin
	.byte	21                              @ Abbrev [21] 0xbb8:0x9 DW_TAG_variable
	.long	.Ldebug_loc102                  @ DW_AT_location
	.long	2528                            @ DW_AT_abstract_origin
	.byte	21                              @ Abbrev [21] 0xbc1:0x9 DW_TAG_variable
	.long	.Ldebug_loc103                  @ DW_AT_location
	.long	2539                            @ DW_AT_abstract_origin
	.byte	21                              @ Abbrev [21] 0xbca:0x9 DW_TAG_variable
	.long	.Ldebug_loc104                  @ DW_AT_location
	.long	2550                            @ DW_AT_abstract_origin
	.byte	21                              @ Abbrev [21] 0xbd3:0x9 DW_TAG_variable
	.long	.Ldebug_loc105                  @ DW_AT_location
	.long	2561                            @ DW_AT_abstract_origin
	.byte	21                              @ Abbrev [21] 0xbdc:0x9 DW_TAG_variable
	.long	.Ldebug_loc106                  @ DW_AT_location
	.long	2572                            @ DW_AT_abstract_origin
	.byte	21                              @ Abbrev [21] 0xbe5:0x9 DW_TAG_variable
	.long	.Ldebug_loc107                  @ DW_AT_location
	.long	2583                            @ DW_AT_abstract_origin
	.byte	0                               @ End Of Children Mark
	.byte	18                              @ Abbrev [18] 0xbef:0x139 DW_TAG_lexical_block
	.long	.Ltmp312                        @ DW_AT_low_pc
	.long	.Ltmp395-.Ltmp312               @ DW_AT_high_pc
	.byte	14                              @ Abbrev [14] 0xbf8:0xb DW_TAG_variable
	.long	.Linfo_string97                 @ DW_AT_name
	.byte	17                              @ DW_AT_decl_file
	.byte	102                             @ DW_AT_decl_line
	.long	4472                            @ DW_AT_type
	.byte	19                              @ Abbrev [19] 0xc03:0x3a DW_TAG_inlined_subroutine
	.long	2393                            @ DW_AT_abstract_origin
	.long	.Ldebug_ranges12                @ DW_AT_ranges
	.byte	17                              @ DW_AT_call_file
	.byte	110                             @ DW_AT_call_line
	.byte	29                              @ DW_AT_call_column
	.byte	22                              @ Abbrev [22] 0xc0f:0x9 DW_TAG_formal_parameter
	.long	.Ldebug_loc108                  @ DW_AT_location
	.long	2405                            @ DW_AT_abstract_origin
	.byte	21                              @ Abbrev [21] 0xc18:0x9 DW_TAG_variable
	.long	.Ldebug_loc109                  @ DW_AT_location
	.long	2416                            @ DW_AT_abstract_origin
	.byte	21                              @ Abbrev [21] 0xc21:0x9 DW_TAG_variable
	.long	.Ldebug_loc110                  @ DW_AT_location
	.long	2427                            @ DW_AT_abstract_origin
	.byte	21                              @ Abbrev [21] 0xc2a:0x9 DW_TAG_variable
	.long	.Ldebug_loc111                  @ DW_AT_location
	.long	2438                            @ DW_AT_abstract_origin
	.byte	21                              @ Abbrev [21] 0xc33:0x9 DW_TAG_variable
	.long	.Ldebug_loc112                  @ DW_AT_location
	.long	2449                            @ DW_AT_abstract_origin
	.byte	0                               @ End Of Children Mark
	.byte	19                              @ Abbrev [19] 0xc3d:0x70 DW_TAG_inlined_subroutine
	.long	2461                            @ DW_AT_abstract_origin
	.long	.Ldebug_ranges13                @ DW_AT_ranges
	.byte	17                              @ DW_AT_call_file
	.byte	111                             @ DW_AT_call_line
	.byte	16                              @ DW_AT_call_column
	.byte	22                              @ Abbrev [22] 0xc49:0x9 DW_TAG_formal_parameter
	.long	.Ldebug_loc115                  @ DW_AT_location
	.long	2473                            @ DW_AT_abstract_origin
	.byte	21                              @ Abbrev [21] 0xc52:0x9 DW_TAG_variable
	.long	.Ldebug_loc113                  @ DW_AT_location
	.long	2495                            @ DW_AT_abstract_origin
	.byte	21                              @ Abbrev [21] 0xc5b:0x9 DW_TAG_variable
	.long	.Ldebug_loc114                  @ DW_AT_location
	.long	2484                            @ DW_AT_abstract_origin
	.byte	21                              @ Abbrev [21] 0xc64:0x9 DW_TAG_variable
	.long	.Ldebug_loc116                  @ DW_AT_location
	.long	2550                            @ DW_AT_abstract_origin
	.byte	21                              @ Abbrev [21] 0xc6d:0x9 DW_TAG_variable
	.long	.Ldebug_loc117                  @ DW_AT_location
	.long	2506                            @ DW_AT_abstract_origin
	.byte	21                              @ Abbrev [21] 0xc76:0x9 DW_TAG_variable
	.long	.Ldebug_loc118                  @ DW_AT_location
	.long	2517                            @ DW_AT_abstract_origin
	.byte	21                              @ Abbrev [21] 0xc7f:0x9 DW_TAG_variable
	.long	.Ldebug_loc119                  @ DW_AT_location
	.long	2539                            @ DW_AT_abstract_origin
	.byte	21                              @ Abbrev [21] 0xc88:0x9 DW_TAG_variable
	.long	.Ldebug_loc120                  @ DW_AT_location
	.long	2528                            @ DW_AT_abstract_origin
	.byte	21                              @ Abbrev [21] 0xc91:0x9 DW_TAG_variable
	.long	.Ldebug_loc121                  @ DW_AT_location
	.long	2561                            @ DW_AT_abstract_origin
	.byte	21                              @ Abbrev [21] 0xc9a:0x9 DW_TAG_variable
	.long	.Ldebug_loc122                  @ DW_AT_location
	.long	2572                            @ DW_AT_abstract_origin
	.byte	21                              @ Abbrev [21] 0xca3:0x9 DW_TAG_variable
	.long	.Ldebug_loc123                  @ DW_AT_location
	.long	2583                            @ DW_AT_abstract_origin
	.byte	0                               @ End Of Children Mark
	.byte	19                              @ Abbrev [19] 0xcad:0x7a DW_TAG_inlined_subroutine
	.long	2461                            @ DW_AT_abstract_origin
	.long	.Ldebug_ranges14                @ DW_AT_ranges
	.byte	17                              @ DW_AT_call_file
	.byte	115                             @ DW_AT_call_line
	.byte	16                              @ DW_AT_call_column
	.byte	20                              @ Abbrev [20] 0xcb9:0x10 DW_TAG_formal_parameter
	.byte	10                              @ DW_AT_location
	.byte	144
	.ascii	"\214\002"
	.byte	147
	.byte	8
	.byte	144
	.ascii	"\215\002"
	.byte	147
	.byte	8
	.long	2473                            @ DW_AT_abstract_origin
	.byte	31                              @ Abbrev [31] 0xcc9:0x10 DW_TAG_variable
	.byte	10                              @ DW_AT_location
	.byte	144
	.ascii	"\214\002"
	.byte	147
	.byte	8
	.byte	144
	.ascii	"\215\002"
	.byte	147
	.byte	8
	.long	2484                            @ DW_AT_abstract_origin
	.byte	21                              @ Abbrev [21] 0xcd9:0x9 DW_TAG_variable
	.long	.Ldebug_loc124                  @ DW_AT_location
	.long	2561                            @ DW_AT_abstract_origin
	.byte	31                              @ Abbrev [31] 0xce2:0x10 DW_TAG_variable
	.byte	10                              @ DW_AT_location
	.byte	144
	.ascii	"\206\002"
	.byte	147
	.byte	8
	.byte	144
	.ascii	"\207\002"
	.byte	147
	.byte	8
	.long	2550                            @ DW_AT_abstract_origin
	.byte	21                              @ Abbrev [21] 0xcf2:0x9 DW_TAG_variable
	.long	.Ldebug_loc125                  @ DW_AT_location
	.long	2528                            @ DW_AT_abstract_origin
	.byte	31                              @ Abbrev [31] 0xcfb:0x10 DW_TAG_variable
	.byte	10                              @ DW_AT_location
	.byte	144
	.ascii	"\202\002"
	.byte	147
	.byte	8
	.byte	144
	.ascii	"\203\002"
	.byte	147
	.byte	8
	.long	2539                            @ DW_AT_abstract_origin
	.byte	21                              @ Abbrev [21] 0xd0b:0x9 DW_TAG_variable
	.long	.Ldebug_loc126                  @ DW_AT_location
	.long	2495                            @ DW_AT_abstract_origin
	.byte	21                              @ Abbrev [21] 0xd14:0x9 DW_TAG_variable
	.long	.Ldebug_loc127                  @ DW_AT_location
	.long	2572                            @ DW_AT_abstract_origin
	.byte	21                              @ Abbrev [21] 0xd1d:0x9 DW_TAG_variable
	.long	.Ldebug_loc128                  @ DW_AT_location
	.long	2583                            @ DW_AT_abstract_origin
	.byte	0                               @ End Of Children Mark
	.byte	0                               @ End Of Children Mark
	.byte	25                              @ Abbrev [25] 0xd28:0x2c DW_TAG_inlined_subroutine
	.long	282                             @ DW_AT_abstract_origin
	.long	.Ltmp395                        @ DW_AT_low_pc
	.long	.Ltmp401-.Ltmp395               @ DW_AT_high_pc
	.byte	17                              @ DW_AT_call_file
	.byte	120                             @ DW_AT_call_line
	.byte	28                              @ DW_AT_call_column
	.byte	22                              @ Abbrev [22] 0xd38:0x9 DW_TAG_formal_parameter
	.long	.Ldebug_loc129                  @ DW_AT_location
	.long	294                             @ DW_AT_abstract_origin
	.byte	21                              @ Abbrev [21] 0xd41:0x9 DW_TAG_variable
	.long	.Ldebug_loc130                  @ DW_AT_location
	.long	305                             @ DW_AT_abstract_origin
	.byte	21                              @ Abbrev [21] 0xd4a:0x9 DW_TAG_variable
	.long	.Ldebug_loc131                  @ DW_AT_location
	.long	316                             @ DW_AT_abstract_origin
	.byte	0                               @ End Of Children Mark
	.byte	25                              @ Abbrev [25] 0xd54:0x65 DW_TAG_inlined_subroutine
	.long	1497                            @ DW_AT_abstract_origin
	.long	.Ltmp402                        @ DW_AT_low_pc
	.long	.Ltmp408-.Ltmp402               @ DW_AT_high_pc
	.byte	17                              @ DW_AT_call_file
	.byte	120                             @ DW_AT_call_line
	.byte	5                               @ DW_AT_call_column
	.byte	22                              @ Abbrev [22] 0xd64:0x9 DW_TAG_formal_parameter
	.long	.Ldebug_loc133                  @ DW_AT_location
	.long	1509                            @ DW_AT_abstract_origin
	.byte	19                              @ Abbrev [19] 0xd6d:0x4b DW_TAG_inlined_subroutine
	.long	1440                            @ DW_AT_abstract_origin
	.long	.Ldebug_ranges15                @ DW_AT_ranges
	.byte	13                              @ DW_AT_call_file
	.byte	65                              @ DW_AT_call_line
	.byte	12                              @ DW_AT_call_column
	.byte	22                              @ Abbrev [22] 0xd79:0x9 DW_TAG_formal_parameter
	.long	.Ldebug_loc132                  @ DW_AT_location
	.long	1452                            @ DW_AT_abstract_origin
	.byte	25                              @ Abbrev [25] 0xd82:0x35 DW_TAG_inlined_subroutine
	.long	1585                            @ DW_AT_abstract_origin
	.long	.Ltmp406                        @ DW_AT_low_pc
	.long	.Ltmp407-.Ltmp406               @ DW_AT_high_pc
	.byte	12                              @ DW_AT_call_file
	.byte	255                             @ DW_AT_call_line
	.byte	15                              @ DW_AT_call_column
	.byte	20                              @ Abbrev [20] 0xd92:0x9 DW_TAG_formal_parameter
	.byte	3                               @ DW_AT_location
	.byte	144
	.ascii	"\200\002"
	.long	1598                            @ DW_AT_abstract_origin
	.byte	30                              @ Abbrev [30] 0xd9b:0x1b DW_TAG_inlined_subroutine
	.long	1559                            @ DW_AT_abstract_origin
	.long	.Ltmp406                        @ DW_AT_low_pc
	.long	.Ltmp407-.Ltmp406               @ DW_AT_high_pc
	.byte	14                              @ DW_AT_call_file
	.short	425                             @ DW_AT_call_line
	.byte	53                              @ DW_AT_call_column
	.byte	20                              @ Abbrev [20] 0xdac:0x9 DW_TAG_formal_parameter
	.byte	3                               @ DW_AT_location
	.byte	144
	.ascii	"\200\002"
	.long	1572                            @ DW_AT_abstract_origin
	.byte	0                               @ End Of Children Mark
	.byte	0                               @ End Of Children Mark
	.byte	0                               @ End Of Children Mark
	.byte	0                               @ End Of Children Mark
	.byte	0                               @ End Of Children Mark
	.byte	12                              @ Abbrev [12] 0xdba:0x23 DW_TAG_subprogram
	.long	.Linfo_string63                 @ DW_AT_name
	.byte	2                               @ DW_AT_decl_file
	.byte	246                             @ DW_AT_decl_line
                                        @ DW_AT_prototyped
	.long	673                             @ DW_AT_type
	.byte	1                               @ DW_AT_inline
	.byte	13                              @ Abbrev [13] 0xdc6:0xb DW_TAG_formal_parameter
	.long	.Linfo_string64                 @ DW_AT_name
	.byte	2                               @ DW_AT_decl_file
	.byte	247                             @ DW_AT_decl_line
	.long	673                             @ DW_AT_type
	.byte	13                              @ Abbrev [13] 0xdd1:0xb DW_TAG_formal_parameter
	.long	.Linfo_string54                 @ DW_AT_name
	.byte	2                               @ DW_AT_decl_file
	.byte	248                             @ DW_AT_decl_line
	.long	673                             @ DW_AT_type
	.byte	0                               @ End Of Children Mark
	.byte	12                              @ Abbrev [12] 0xddd:0x70 DW_TAG_subprogram
	.long	.Linfo_string65                 @ DW_AT_name
	.byte	2                               @ DW_AT_decl_file
	.byte	131                             @ DW_AT_decl_line
                                        @ DW_AT_prototyped
	.long	166                             @ DW_AT_type
	.byte	1                               @ DW_AT_inline
	.byte	13                              @ Abbrev [13] 0xde9:0xb DW_TAG_formal_parameter
	.long	.Linfo_string32                 @ DW_AT_name
	.byte	2                               @ DW_AT_decl_file
	.byte	132                             @ DW_AT_decl_line
	.long	166                             @ DW_AT_type
	.byte	13                              @ Abbrev [13] 0xdf4:0xb DW_TAG_formal_parameter
	.long	.Linfo_string66                 @ DW_AT_name
	.byte	2                               @ DW_AT_decl_file
	.byte	133                             @ DW_AT_decl_line
	.long	3661                            @ DW_AT_type
	.byte	14                              @ Abbrev [14] 0xdff:0xb DW_TAG_variable
	.long	.Linfo_string67                 @ DW_AT_name
	.byte	2                               @ DW_AT_decl_file
	.byte	135                             @ DW_AT_decl_line
	.long	166                             @ DW_AT_type
	.byte	14                              @ Abbrev [14] 0xe0a:0xb DW_TAG_variable
	.long	.Linfo_string68                 @ DW_AT_name
	.byte	2                               @ DW_AT_decl_file
	.byte	136                             @ DW_AT_decl_line
	.long	166                             @ DW_AT_type
	.byte	14                              @ Abbrev [14] 0xe15:0xb DW_TAG_variable
	.long	.Linfo_string69                 @ DW_AT_name
	.byte	2                               @ DW_AT_decl_file
	.byte	137                             @ DW_AT_decl_line
	.long	166                             @ DW_AT_type
	.byte	14                              @ Abbrev [14] 0xe20:0xb DW_TAG_variable
	.long	.Linfo_string70                 @ DW_AT_name
	.byte	2                               @ DW_AT_decl_file
	.byte	138                             @ DW_AT_decl_line
	.long	166                             @ DW_AT_type
	.byte	14                              @ Abbrev [14] 0xe2b:0xb DW_TAG_variable
	.long	.Linfo_string71                 @ DW_AT_name
	.byte	2                               @ DW_AT_decl_file
	.byte	139                             @ DW_AT_decl_line
	.long	166                             @ DW_AT_type
	.byte	14                              @ Abbrev [14] 0xe36:0xb DW_TAG_variable
	.long	.Linfo_string72                 @ DW_AT_name
	.byte	2                               @ DW_AT_decl_file
	.byte	140                             @ DW_AT_decl_line
	.long	166                             @ DW_AT_type
	.byte	14                              @ Abbrev [14] 0xe41:0xb DW_TAG_variable
	.long	.Linfo_string73                 @ DW_AT_name
	.byte	2                               @ DW_AT_decl_file
	.byte	141                             @ DW_AT_decl_line
	.long	166                             @ DW_AT_type
	.byte	0                               @ End Of Children Mark
	.byte	26                              @ Abbrev [26] 0xe4d:0x5 DW_TAG_pointer_type
	.long	51                              @ DW_AT_type
	.byte	12                              @ Abbrev [12] 0xe52:0x39 DW_TAG_subprogram
	.long	.Linfo_string74                 @ DW_AT_name
	.byte	2                               @ DW_AT_decl_file
	.byte	218                             @ DW_AT_decl_line
                                        @ DW_AT_prototyped
	.long	166                             @ DW_AT_type
	.byte	1                               @ DW_AT_inline
	.byte	13                              @ Abbrev [13] 0xe5e:0xb DW_TAG_formal_parameter
	.long	.Linfo_string32                 @ DW_AT_name
	.byte	2                               @ DW_AT_decl_file
	.byte	219                             @ DW_AT_decl_line
	.long	166                             @ DW_AT_type
	.byte	14                              @ Abbrev [14] 0xe69:0xb DW_TAG_variable
	.long	.Linfo_string64                 @ DW_AT_name
	.byte	2                               @ DW_AT_decl_file
	.byte	223                             @ DW_AT_decl_line
	.long	166                             @ DW_AT_type
	.byte	14                              @ Abbrev [14] 0xe74:0xb DW_TAG_variable
	.long	.Linfo_string39                 @ DW_AT_name
	.byte	2                               @ DW_AT_decl_file
	.byte	222                             @ DW_AT_decl_line
	.long	198                             @ DW_AT_type
	.byte	14                              @ Abbrev [14] 0xe7f:0xb DW_TAG_variable
	.long	.Linfo_string75                 @ DW_AT_name
	.byte	2                               @ DW_AT_decl_file
	.byte	226                             @ DW_AT_decl_line
	.long	166                             @ DW_AT_type
	.byte	0                               @ End Of Children Mark
	.byte	15                              @ Abbrev [15] 0xe8b:0x2db DW_TAG_subprogram
	.long	.Lfunc_begin8                   @ DW_AT_low_pc
	.long	.Lfunc_end8-.Lfunc_begin8       @ DW_AT_high_pc
	.byte	1                               @ DW_AT_frame_base
	.byte	93
                                        @ DW_AT_GNU_all_call_sites
	.long	.Linfo_string84                 @ DW_AT_name
	.byte	18                              @ DW_AT_decl_file
	.byte	69                              @ DW_AT_decl_line
                                        @ DW_AT_prototyped
	.long	56                              @ DW_AT_type
                                        @ DW_AT_external
	.byte	16                              @ Abbrev [16] 0xea0:0xf DW_TAG_formal_parameter
	.long	.Ldebug_loc137                  @ DW_AT_location
	.long	.Linfo_string88                 @ DW_AT_name
	.byte	18                              @ DW_AT_decl_file
	.byte	69                              @ DW_AT_decl_line
	.long	3661                            @ DW_AT_type
	.byte	16                              @ Abbrev [16] 0xeaf:0xf DW_TAG_formal_parameter
	.long	.Ldebug_loc138                  @ DW_AT_location
	.long	.Linfo_string89                 @ DW_AT_name
	.byte	18                              @ DW_AT_decl_file
	.byte	69                              @ DW_AT_decl_line
	.long	3661                            @ DW_AT_type
	.byte	16                              @ Abbrev [16] 0xebe:0xf DW_TAG_formal_parameter
	.long	.Ldebug_loc135                  @ DW_AT_location
	.long	.Linfo_string116                @ DW_AT_name
	.byte	18                              @ DW_AT_decl_file
	.byte	69                              @ DW_AT_decl_line
	.long	264                             @ DW_AT_type
	.byte	16                              @ Abbrev [16] 0xecd:0xf DW_TAG_formal_parameter
	.long	.Ldebug_loc136                  @ DW_AT_location
	.long	.Linfo_string85                 @ DW_AT_name
	.byte	18                              @ DW_AT_decl_file
	.byte	69                              @ DW_AT_decl_line
	.long	4454                            @ DW_AT_type
	.byte	17                              @ Abbrev [17] 0xedc:0xf DW_TAG_variable
	.long	.Ldebug_loc139                  @ DW_AT_location
	.long	.Linfo_string90                 @ DW_AT_name
	.byte	18                              @ DW_AT_decl_file
	.byte	71                              @ DW_AT_decl_line
	.long	4454                            @ DW_AT_type
	.byte	17                              @ Abbrev [17] 0xeeb:0xf DW_TAG_variable
	.long	.Ldebug_loc140                  @ DW_AT_location
	.long	.Linfo_string117                @ DW_AT_name
	.byte	18                              @ DW_AT_decl_file
	.byte	72                              @ DW_AT_decl_line
	.long	673                             @ DW_AT_type
	.byte	17                              @ Abbrev [17] 0xefa:0xf DW_TAG_variable
	.long	.Ldebug_loc141                  @ DW_AT_location
	.long	.Linfo_string95                 @ DW_AT_name
	.byte	18                              @ DW_AT_decl_file
	.byte	72                              @ DW_AT_decl_line
	.long	673                             @ DW_AT_type
	.byte	17                              @ Abbrev [17] 0xf09:0xf DW_TAG_variable
	.long	.Ldebug_loc142                  @ DW_AT_location
	.long	.Linfo_string41                 @ DW_AT_name
	.byte	18                              @ DW_AT_decl_file
	.byte	72                              @ DW_AT_decl_line
	.long	673                             @ DW_AT_type
	.byte	17                              @ Abbrev [17] 0xf18:0xf DW_TAG_variable
	.long	.Ldebug_loc146                  @ DW_AT_location
	.long	.Linfo_string115                @ DW_AT_name
	.byte	18                              @ DW_AT_decl_file
	.byte	72                              @ DW_AT_decl_line
	.long	673                             @ DW_AT_type
	.byte	25                              @ Abbrev [25] 0xf27:0x107 DW_TAG_inlined_subroutine
	.long	3514                            @ DW_AT_abstract_origin
	.long	.Ltmp421                        @ DW_AT_low_pc
	.long	.Ltmp460-.Ltmp421               @ DW_AT_high_pc
	.byte	18                              @ DW_AT_call_file
	.byte	82                              @ DW_AT_call_line
	.byte	16                              @ DW_AT_call_column
	.byte	22                              @ Abbrev [22] 0xf37:0x9 DW_TAG_formal_parameter
	.long	.Ldebug_loc145                  @ DW_AT_location
	.long	3526                            @ DW_AT_abstract_origin
	.byte	19                              @ Abbrev [19] 0xf40:0x70 DW_TAG_inlined_subroutine
	.long	2461                            @ DW_AT_abstract_origin
	.long	.Ldebug_ranges16                @ DW_AT_ranges
	.byte	2                               @ DW_AT_call_file
	.byte	250                             @ DW_AT_call_line
	.byte	35                              @ DW_AT_call_column
	.byte	22                              @ Abbrev [22] 0xf4c:0x9 DW_TAG_formal_parameter
	.long	.Ldebug_loc144                  @ DW_AT_location
	.long	2473                            @ DW_AT_abstract_origin
	.byte	21                              @ Abbrev [21] 0xf55:0x9 DW_TAG_variable
	.long	.Ldebug_loc143                  @ DW_AT_location
	.long	2484                            @ DW_AT_abstract_origin
	.byte	21                              @ Abbrev [21] 0xf5e:0x9 DW_TAG_variable
	.long	.Ldebug_loc147                  @ DW_AT_location
	.long	2495                            @ DW_AT_abstract_origin
	.byte	21                              @ Abbrev [21] 0xf67:0x9 DW_TAG_variable
	.long	.Ldebug_loc148                  @ DW_AT_location
	.long	2506                            @ DW_AT_abstract_origin
	.byte	21                              @ Abbrev [21] 0xf70:0x9 DW_TAG_variable
	.long	.Ldebug_loc149                  @ DW_AT_location
	.long	2517                            @ DW_AT_abstract_origin
	.byte	21                              @ Abbrev [21] 0xf79:0x9 DW_TAG_variable
	.long	.Ldebug_loc150                  @ DW_AT_location
	.long	2528                            @ DW_AT_abstract_origin
	.byte	21                              @ Abbrev [21] 0xf82:0x9 DW_TAG_variable
	.long	.Ldebug_loc151                  @ DW_AT_location
	.long	2539                            @ DW_AT_abstract_origin
	.byte	21                              @ Abbrev [21] 0xf8b:0x9 DW_TAG_variable
	.long	.Ldebug_loc152                  @ DW_AT_location
	.long	2550                            @ DW_AT_abstract_origin
	.byte	21                              @ Abbrev [21] 0xf94:0x9 DW_TAG_variable
	.long	.Ldebug_loc153                  @ DW_AT_location
	.long	2561                            @ DW_AT_abstract_origin
	.byte	21                              @ Abbrev [21] 0xf9d:0x9 DW_TAG_variable
	.long	.Ldebug_loc154                  @ DW_AT_location
	.long	2572                            @ DW_AT_abstract_origin
	.byte	21                              @ Abbrev [21] 0xfa6:0x9 DW_TAG_variable
	.long	.Ldebug_loc155                  @ DW_AT_location
	.long	2583                            @ DW_AT_abstract_origin
	.byte	0                               @ End Of Children Mark
	.byte	19                              @ Abbrev [19] 0xfb0:0x7d DW_TAG_inlined_subroutine
	.long	3666                            @ DW_AT_abstract_origin
	.long	.Ldebug_ranges17                @ DW_AT_ranges
	.byte	2                               @ DW_AT_call_file
	.byte	250                             @ DW_AT_call_line
	.byte	12                              @ DW_AT_call_column
	.byte	22                              @ Abbrev [22] 0xfbc:0x9 DW_TAG_formal_parameter
	.long	.Ldebug_loc156                  @ DW_AT_location
	.long	3678                            @ DW_AT_abstract_origin
	.byte	21                              @ Abbrev [21] 0xfc5:0x9 DW_TAG_variable
	.long	.Ldebug_loc158                  @ DW_AT_location
	.long	3689                            @ DW_AT_abstract_origin
	.byte	21                              @ Abbrev [21] 0xfce:0x9 DW_TAG_variable
	.long	.Ldebug_loc164                  @ DW_AT_location
	.long	3700                            @ DW_AT_abstract_origin
	.byte	21                              @ Abbrev [21] 0xfd7:0x9 DW_TAG_variable
	.long	.Ldebug_loc166                  @ DW_AT_location
	.long	3711                            @ DW_AT_abstract_origin
	.byte	19                              @ Abbrev [19] 0xfe0:0x4c DW_TAG_inlined_subroutine
	.long	3549                            @ DW_AT_abstract_origin
	.long	.Ldebug_ranges18                @ DW_AT_ranges
	.byte	2                               @ DW_AT_call_file
	.byte	226                             @ DW_AT_call_line
	.byte	32                              @ DW_AT_call_column
	.byte	22                              @ Abbrev [22] 0xfec:0x9 DW_TAG_formal_parameter
	.long	.Ldebug_loc157                  @ DW_AT_location
	.long	3561                            @ DW_AT_abstract_origin
	.byte	21                              @ Abbrev [21] 0xff5:0x9 DW_TAG_variable
	.long	.Ldebug_loc159                  @ DW_AT_location
	.long	3583                            @ DW_AT_abstract_origin
	.byte	21                              @ Abbrev [21] 0xffe:0x9 DW_TAG_variable
	.long	.Ldebug_loc160                  @ DW_AT_location
	.long	3594                            @ DW_AT_abstract_origin
	.byte	21                              @ Abbrev [21] 0x1007:0x9 DW_TAG_variable
	.long	.Ldebug_loc161                  @ DW_AT_location
	.long	3605                            @ DW_AT_abstract_origin
	.byte	21                              @ Abbrev [21] 0x1010:0x9 DW_TAG_variable
	.long	.Ldebug_loc162                  @ DW_AT_location
	.long	3616                            @ DW_AT_abstract_origin
	.byte	21                              @ Abbrev [21] 0x1019:0x9 DW_TAG_variable
	.long	.Ldebug_loc163                  @ DW_AT_location
	.long	3627                            @ DW_AT_abstract_origin
	.byte	21                              @ Abbrev [21] 0x1022:0x9 DW_TAG_variable
	.long	.Ldebug_loc165                  @ DW_AT_location
	.long	3638                            @ DW_AT_abstract_origin
	.byte	0                               @ End Of Children Mark
	.byte	0                               @ End Of Children Mark
	.byte	0                               @ End Of Children Mark
	.byte	18                              @ Abbrev [18] 0x102e:0x10d DW_TAG_lexical_block
	.long	.Ltmp466                        @ DW_AT_low_pc
	.long	.Ltmp522-.Ltmp466               @ DW_AT_high_pc
	.byte	14                              @ Abbrev [14] 0x1037:0xb DW_TAG_variable
	.long	.Linfo_string97                 @ DW_AT_name
	.byte	18                              @ DW_AT_decl_file
	.byte	96                              @ DW_AT_decl_line
	.long	4472                            @ DW_AT_type
	.byte	19                              @ Abbrev [19] 0x1042:0xf8 DW_TAG_inlined_subroutine
	.long	3514                            @ DW_AT_abstract_origin
	.long	.Ldebug_ranges19                @ DW_AT_ranges
	.byte	18                              @ DW_AT_call_file
	.byte	102                             @ DW_AT_call_line
	.byte	16                              @ DW_AT_call_column
	.byte	19                              @ Abbrev [19] 0x104e:0x67 DW_TAG_inlined_subroutine
	.long	2461                            @ DW_AT_abstract_origin
	.long	.Ldebug_ranges20                @ DW_AT_ranges
	.byte	2                               @ DW_AT_call_file
	.byte	250                             @ DW_AT_call_line
	.byte	35                              @ DW_AT_call_column
	.byte	21                              @ Abbrev [21] 0x105a:0x9 DW_TAG_variable
	.long	.Ldebug_loc167                  @ DW_AT_location
	.long	2495                            @ DW_AT_abstract_origin
	.byte	21                              @ Abbrev [21] 0x1063:0x9 DW_TAG_variable
	.long	.Ldebug_loc168                  @ DW_AT_location
	.long	2506                            @ DW_AT_abstract_origin
	.byte	21                              @ Abbrev [21] 0x106c:0x9 DW_TAG_variable
	.long	.Ldebug_loc169                  @ DW_AT_location
	.long	2517                            @ DW_AT_abstract_origin
	.byte	21                              @ Abbrev [21] 0x1075:0x9 DW_TAG_variable
	.long	.Ldebug_loc170                  @ DW_AT_location
	.long	2484                            @ DW_AT_abstract_origin
	.byte	21                              @ Abbrev [21] 0x107e:0x9 DW_TAG_variable
	.long	.Ldebug_loc171                  @ DW_AT_location
	.long	2528                            @ DW_AT_abstract_origin
	.byte	21                              @ Abbrev [21] 0x1087:0x9 DW_TAG_variable
	.long	.Ldebug_loc172                  @ DW_AT_location
	.long	2550                            @ DW_AT_abstract_origin
	.byte	21                              @ Abbrev [21] 0x1090:0x9 DW_TAG_variable
	.long	.Ldebug_loc173                  @ DW_AT_location
	.long	2561                            @ DW_AT_abstract_origin
	.byte	21                              @ Abbrev [21] 0x1099:0x9 DW_TAG_variable
	.long	.Ldebug_loc174                  @ DW_AT_location
	.long	2539                            @ DW_AT_abstract_origin
	.byte	21                              @ Abbrev [21] 0x10a2:0x9 DW_TAG_variable
	.long	.Ldebug_loc175                  @ DW_AT_location
	.long	2572                            @ DW_AT_abstract_origin
	.byte	21                              @ Abbrev [21] 0x10ab:0x9 DW_TAG_variable
	.long	.Ldebug_loc176                  @ DW_AT_location
	.long	2583                            @ DW_AT_abstract_origin
	.byte	0                               @ End Of Children Mark
	.byte	19                              @ Abbrev [19] 0x10b5:0x84 DW_TAG_inlined_subroutine
	.long	3666                            @ DW_AT_abstract_origin
	.long	.Ldebug_ranges21                @ DW_AT_ranges
	.byte	2                               @ DW_AT_call_file
	.byte	250                             @ DW_AT_call_line
	.byte	12                              @ DW_AT_call_column
	.byte	22                              @ Abbrev [22] 0x10c1:0x9 DW_TAG_formal_parameter
	.long	.Ldebug_loc177                  @ DW_AT_location
	.long	3678                            @ DW_AT_abstract_origin
	.byte	21                              @ Abbrev [21] 0x10ca:0x9 DW_TAG_variable
	.long	.Ldebug_loc179                  @ DW_AT_location
	.long	3689                            @ DW_AT_abstract_origin
	.byte	21                              @ Abbrev [21] 0x10d3:0x9 DW_TAG_variable
	.long	.Ldebug_loc185                  @ DW_AT_location
	.long	3700                            @ DW_AT_abstract_origin
	.byte	21                              @ Abbrev [21] 0x10dc:0x9 DW_TAG_variable
	.long	.Ldebug_loc187                  @ DW_AT_location
	.long	3711                            @ DW_AT_abstract_origin
	.byte	19                              @ Abbrev [19] 0x10e5:0x53 DW_TAG_inlined_subroutine
	.long	3549                            @ DW_AT_abstract_origin
	.long	.Ldebug_ranges22                @ DW_AT_ranges
	.byte	2                               @ DW_AT_call_file
	.byte	226                             @ DW_AT_call_line
	.byte	32                              @ DW_AT_call_column
	.byte	22                              @ Abbrev [22] 0x10f1:0x9 DW_TAG_formal_parameter
	.long	.Ldebug_loc178                  @ DW_AT_location
	.long	3561                            @ DW_AT_abstract_origin
	.byte	20                              @ Abbrev [20] 0x10fa:0x7 DW_TAG_formal_parameter
	.byte	1                               @ DW_AT_location
	.byte	88
	.long	3572                            @ DW_AT_abstract_origin
	.byte	21                              @ Abbrev [21] 0x1101:0x9 DW_TAG_variable
	.long	.Ldebug_loc180                  @ DW_AT_location
	.long	3583                            @ DW_AT_abstract_origin
	.byte	21                              @ Abbrev [21] 0x110a:0x9 DW_TAG_variable
	.long	.Ldebug_loc181                  @ DW_AT_location
	.long	3594                            @ DW_AT_abstract_origin
	.byte	21                              @ Abbrev [21] 0x1113:0x9 DW_TAG_variable
	.long	.Ldebug_loc182                  @ DW_AT_location
	.long	3605                            @ DW_AT_abstract_origin
	.byte	21                              @ Abbrev [21] 0x111c:0x9 DW_TAG_variable
	.long	.Ldebug_loc183                  @ DW_AT_location
	.long	3616                            @ DW_AT_abstract_origin
	.byte	21                              @ Abbrev [21] 0x1125:0x9 DW_TAG_variable
	.long	.Ldebug_loc184                  @ DW_AT_location
	.long	3627                            @ DW_AT_abstract_origin
	.byte	21                              @ Abbrev [21] 0x112e:0x9 DW_TAG_variable
	.long	.Ldebug_loc186                  @ DW_AT_location
	.long	3638                            @ DW_AT_abstract_origin
	.byte	0                               @ End Of Children Mark
	.byte	0                               @ End Of Children Mark
	.byte	0                               @ End Of Children Mark
	.byte	0                               @ End Of Children Mark
	.byte	25                              @ Abbrev [25] 0x113b:0x2a DW_TAG_inlined_subroutine
	.long	282                             @ DW_AT_abstract_origin
	.long	.Ltmp524                        @ DW_AT_low_pc
	.long	.Ltmp529-.Ltmp524               @ DW_AT_high_pc
	.byte	18                              @ DW_AT_call_file
	.byte	106                             @ DW_AT_call_line
	.byte	29                              @ DW_AT_call_column
	.byte	20                              @ Abbrev [20] 0x114b:0x10 DW_TAG_formal_parameter
	.byte	10                              @ DW_AT_location
	.byte	144
	.ascii	"\202\002"
	.byte	147
	.byte	8
	.byte	144
	.ascii	"\203\002"
	.byte	147
	.byte	8
	.long	294                             @ DW_AT_abstract_origin
	.byte	21                              @ Abbrev [21] 0x115b:0x9 DW_TAG_variable
	.long	.Ldebug_loc188                  @ DW_AT_location
	.long	305                             @ DW_AT_abstract_origin
	.byte	0                               @ End Of Children Mark
	.byte	0                               @ End Of Children Mark
	.byte	11                              @ Abbrev [11] 0x1166:0xb DW_TAG_typedef
	.long	4465                            @ DW_AT_type
	.long	.Linfo_string87                 @ DW_AT_name
	.byte	4                               @ DW_AT_decl_file
	.byte	64                              @ DW_AT_decl_line
	.byte	5                               @ Abbrev [5] 0x1171:0x7 DW_TAG_base_type
	.long	.Linfo_string86                 @ DW_AT_name
	.byte	7                               @ DW_AT_encoding
	.byte	4                               @ DW_AT_byte_size
	.byte	11                              @ Abbrev [11] 0x1178:0xb DW_TAG_typedef
	.long	4483                            @ DW_AT_type
	.long	.Linfo_string100                @ DW_AT_name
	.byte	1                               @ DW_AT_decl_file
	.byte	24                              @ DW_AT_decl_line
	.byte	11                              @ Abbrev [11] 0x1183:0xb DW_TAG_typedef
	.long	4494                            @ DW_AT_type
	.long	.Linfo_string99                 @ DW_AT_name
	.byte	4                               @ DW_AT_decl_file
	.byte	63                              @ DW_AT_decl_line
	.byte	5                               @ Abbrev [5] 0x118e:0x7 DW_TAG_base_type
	.long	.Linfo_string98                 @ DW_AT_name
	.byte	7                               @ DW_AT_encoding
	.byte	2                               @ DW_AT_byte_size
	.byte	0                               @ End Of Children Mark
.Ldebug_info_end0:
	.section	.debug_ranges,"",%progbits
.Ldebug_ranges0:
	.long	.Ltmp23
	.long	.Ltmp27
	.long	.Ltmp31
	.long	.Ltmp32
	.long	0
	.long	0
.Ldebug_ranges1:
	.long	.Ltmp27
	.long	.Ltmp31
	.long	.Ltmp32
	.long	.Ltmp33
	.long	0
	.long	0
.Ldebug_ranges2:
	.long	.Ltmp46
	.long	.Ltmp47
	.long	.Ltmp48
	.long	.Ltmp53
	.long	.Ltmp54
	.long	.Ltmp68
	.long	0
	.long	0
.Ldebug_ranges3:
	.long	.Ltmp76
	.long	.Ltmp77
	.long	.Ltmp82
	.long	.Ltmp85
	.long	.Ltmp87
	.long	.Ltmp101
	.long	0
	.long	0
.Ldebug_ranges4:
	.long	.Ltmp168
	.long	.Ltmp169
	.long	.Ltmp170
	.long	.Ltmp175
	.long	0
	.long	0
.Ldebug_ranges5:
	.long	.Ltmp168
	.long	.Ltmp169
	.long	.Ltmp170
	.long	.Ltmp171
	.long	.Ltmp173
	.long	.Ltmp174
	.long	0
	.long	0
.Ldebug_ranges6:
	.long	.Ltmp186
	.long	.Ltmp187
	.long	.Ltmp190
	.long	.Ltmp191
	.long	0
	.long	0
.Ldebug_ranges7:
	.long	.Ltmp217
	.long	.Ltmp218
	.long	.Ltmp220
	.long	.Ltmp223
	.long	0
	.long	0
.Ldebug_ranges8:
	.long	.Ltmp217
	.long	.Ltmp218
	.long	.Ltmp221
	.long	.Ltmp222
	.long	0
	.long	0
.Ldebug_ranges9:
	.long	.Ltmp237
	.long	.Ltmp255
	.long	.Ltmp256
	.long	.Ltmp257
	.long	0
	.long	0
.Ldebug_ranges10:
	.long	.Ltmp255
	.long	.Ltmp256
	.long	.Ltmp257
	.long	.Ltmp258
	.long	.Ltmp259
	.long	.Ltmp268
	.long	.Ltmp269
	.long	.Ltmp271
	.long	.Ltmp272
	.long	.Ltmp278
	.long	.Ltmp280
	.long	.Ltmp281
	.long	.Ltmp282
	.long	.Ltmp283
	.long	.Ltmp285
	.long	.Ltmp286
	.long	0
	.long	0
.Ldebug_ranges11:
	.long	.Ltmp268
	.long	.Ltmp269
	.long	.Ltmp279
	.long	.Ltmp280
	.long	.Ltmp281
	.long	.Ltmp282
	.long	.Ltmp283
	.long	.Ltmp285
	.long	.Ltmp287
	.long	.Ltmp288
	.long	.Ltmp289
	.long	.Ltmp295
	.long	.Ltmp296
	.long	.Ltmp306
	.long	0
	.long	0
.Ldebug_ranges12:
	.long	.Ltmp316
	.long	.Ltmp317
	.long	.Ltmp320
	.long	.Ltmp332
	.long	.Ltmp333
	.long	.Ltmp336
	.long	.Ltmp337
	.long	.Ltmp338
	.long	.Ltmp339
	.long	.Ltmp341
	.long	.Ltmp368
	.long	.Ltmp370
	.long	0
	.long	0
.Ldebug_ranges13:
	.long	.Ltmp332
	.long	.Ltmp333
	.long	.Ltmp336
	.long	.Ltmp337
	.long	.Ltmp338
	.long	.Ltmp339
	.long	.Ltmp343
	.long	.Ltmp358
	.long	.Ltmp359
	.long	.Ltmp368
	.long	.Ltmp370
	.long	.Ltmp371
	.long	0
	.long	0
.Ldebug_ranges14:
	.long	.Ltmp372
	.long	.Ltmp374
	.long	.Ltmp375
	.long	.Ltmp376
	.long	.Ltmp378
	.long	.Ltmp393
	.long	0
	.long	0
.Ldebug_ranges15:
	.long	.Ltmp402
	.long	.Ltmp403
	.long	.Ltmp406
	.long	.Ltmp407
	.long	0
	.long	0
.Ldebug_ranges16:
	.long	.Ltmp421
	.long	.Ltmp429
	.long	.Ltmp430
	.long	.Ltmp433
	.long	.Ltmp434
	.long	.Ltmp435
	.long	.Ltmp436
	.long	.Ltmp440
	.long	.Ltmp441
	.long	.Ltmp444
	.long	0
	.long	0
.Ldebug_ranges17:
	.long	.Ltmp429
	.long	.Ltmp430
	.long	.Ltmp433
	.long	.Ltmp434
	.long	.Ltmp435
	.long	.Ltmp436
	.long	.Ltmp440
	.long	.Ltmp441
	.long	.Ltmp445
	.long	.Ltmp460
	.long	0
	.long	0
.Ldebug_ranges18:
	.long	.Ltmp429
	.long	.Ltmp430
	.long	.Ltmp433
	.long	.Ltmp434
	.long	.Ltmp435
	.long	.Ltmp436
	.long	.Ltmp440
	.long	.Ltmp441
	.long	.Ltmp447
	.long	.Ltmp454
	.long	.Ltmp455
	.long	.Ltmp457
	.long	0
	.long	0
.Ldebug_ranges19:
	.long	.Ltmp470
	.long	.Ltmp489
	.long	.Ltmp490
	.long	.Ltmp492
	.long	.Ltmp493
	.long	.Ltmp495
	.long	.Ltmp496
	.long	.Ltmp497
	.long	.Ltmp498
	.long	.Ltmp518
	.long	.Ltmp519
	.long	.Ltmp520
	.long	0
	.long	0
.Ldebug_ranges20:
	.long	.Ltmp470
	.long	.Ltmp489
	.long	.Ltmp490
	.long	.Ltmp492
	.long	.Ltmp493
	.long	.Ltmp495
	.long	.Ltmp496
	.long	.Ltmp497
	.long	0
	.long	0
.Ldebug_ranges21:
	.long	.Ltmp499
	.long	.Ltmp518
	.long	.Ltmp519
	.long	.Ltmp520
	.long	0
	.long	0
.Ldebug_ranges22:
	.long	.Ltmp501
	.long	.Ltmp512
	.long	.Ltmp514
	.long	.Ltmp516
	.long	0
	.long	0
.Ldebug_ranges23:
	.long	.Lfunc_begin0
	.long	.Lfunc_end0
	.long	.Lfunc_begin1
	.long	.Lfunc_end1
	.long	.Lfunc_begin2
	.long	.Lfunc_end2
	.long	.Lfunc_begin3
	.long	.Lfunc_end3
	.long	.Lfunc_begin4
	.long	.Lfunc_end4
	.long	.Lfunc_begin5
	.long	.Lfunc_end5
	.long	.Lfunc_begin6
	.long	.Lfunc_end6
	.long	.Lfunc_begin7
	.long	.Lfunc_end7
	.long	.Lfunc_begin8
	.long	.Lfunc_end8
	.long	0
	.long	0
	.section	.debug_str,"MS",%progbits,1
.Linfo_string0:
	.asciz	"Component: Arm Compiler for Embedded 6.21 Tool: armclang [5ec1fd00]" @ string offset=0
.Linfo_string1:
	.asciz	"C:/Keil_v5/Packs/ARM/CMSIS-DSP/1.15.0/Source/DistanceFunctions\\DistanceFunctionsF16.c" @ string offset=68
.Linfo_string2:
	.asciz	"C:\\Users\\rohankoshy\\Downloads\\en-us--M55M1_Series_BSP_CMSIS_V3.01.003\\SampleCode\\NuEdgeWise\\PoseLandmark_YOLOv8n\\KEIL" @ string offset=154
.Linfo_string3:
	.asciz	"__logf_rng_f16"                @ string offset=272
.Linfo_string4:
	.asciz	"__fp16"                        @ string offset=287
.Linfo_string5:
	.asciz	"float16_t"                     @ string offset=294
.Linfo_string6:
	.asciz	"signed char"                   @ string offset=304
.Linfo_string7:
	.asciz	"ARM_MATH_SUCCESS"              @ string offset=316
.Linfo_string8:
	.asciz	"ARM_MATH_ARGUMENT_ERROR"       @ string offset=333
.Linfo_string9:
	.asciz	"ARM_MATH_LENGTH_ERROR"         @ string offset=357
.Linfo_string10:
	.asciz	"ARM_MATH_SIZE_MISMATCH"        @ string offset=379
.Linfo_string11:
	.asciz	"ARM_MATH_NANINF"               @ string offset=402
.Linfo_string12:
	.asciz	"ARM_MATH_SINGULAR"             @ string offset=418
.Linfo_string13:
	.asciz	"ARM_MATH_TEST_FAILURE"         @ string offset=436
.Linfo_string14:
	.asciz	"ARM_MATH_DECOMPOSITION_FAILURE" @ string offset=458
.Linfo_string15:
	.asciz	"_Float16"                      @ string offset=489
.Linfo_string16:
	.asciz	"float"                         @ string offset=498
.Linfo_string17:
	.asciz	"float32_t"                     @ string offset=504
.Linfo_string18:
	.asciz	"__ARRAY_SIZE_TYPE__"           @ string offset=514
.Linfo_string19:
	.asciz	"float16x8_t"                   @ string offset=534
.Linfo_string20:
	.asciz	"short"                         @ string offset=546
.Linfo_string21:
	.asciz	"int16_t"                       @ string offset=552
.Linfo_string22:
	.asciz	"int16x8_t"                     @ string offset=560
.Linfo_string23:
	.asciz	"int"                           @ string offset=570
.Linfo_string24:
	.asciz	"int32_t"                       @ string offset=574
.Linfo_string25:
	.asciz	"int32x4_t"                     @ string offset=582
.Linfo_string26:
	.asciz	"vecAddAcrossF16Mve"            @ string offset=592
.Linfo_string27:
	.asciz	"in"                            @ string offset=611
.Linfo_string28:
	.asciz	"tmpVec"                        @ string offset=614
.Linfo_string29:
	.asciz	"acc"                           @ string offset=621
.Linfo_string30:
	.asciz	"vrecip_hiprec_f16"             @ string offset=625
.Linfo_string31:
	.asciz	"f16x8_t"                       @ string offset=643
.Linfo_string32:
	.asciz	"x"                             @ string offset=651
.Linfo_string33:
	.asciz	"xinv"                          @ string offset=653
.Linfo_string34:
	.asciz	"f"                             @ string offset=658
.Linfo_string35:
	.asciz	"i"                             @ string offset=660
.Linfo_string36:
	.asciz	"_any16x8_t"                    @ string offset=662
.Linfo_string37:
	.asciz	"any16x8_t"                     @ string offset=673
.Linfo_string38:
	.asciz	"ax"                            @ string offset=683
.Linfo_string39:
	.asciz	"m"                             @ string offset=686
.Linfo_string40:
	.asciz	"q15x8_t"                       @ string offset=688
.Linfo_string41:
	.asciz	"b"                             @ string offset=696
.Linfo_string42:
	.asciz	"arm_sqrt_f32"                  @ string offset=698
.Linfo_string43:
	.asciz	"arm_status"                    @ string offset=711
.Linfo_string44:
	.asciz	"pOut"                          @ string offset=722
.Linfo_string45:
	.asciz	"arm_sqrt_f16"                  @ string offset=727
.Linfo_string46:
	.asciz	"r"                             @ string offset=740
.Linfo_string47:
	.asciz	"status"                        @ string offset=742
.Linfo_string48:
	.asciz	"__sqrtf"                       @ string offset=749
.Linfo_string49:
	.asciz	"_sqrtf"                        @ string offset=757
.Linfo_string50:
	.asciz	"__x"                           @ string offset=764
.Linfo_string51:
	.asciz	"vrecip_medprec_f16"            @ string offset=768
.Linfo_string52:
	.asciz	"vlogq_f16"                     @ string offset=787
.Linfo_string53:
	.asciz	"vecIn"                         @ string offset=797
.Linfo_string54:
	.asciz	"n"                             @ string offset=803
.Linfo_string55:
	.asciz	"vecTmpFlt1"                    @ string offset=805
.Linfo_string56:
	.asciz	"vecExpUnBiased"                @ string offset=816
.Linfo_string57:
	.asciz	"vecAcc1"                       @ string offset=831
.Linfo_string58:
	.asciz	"vecAcc0"                       @ string offset=839
.Linfo_string59:
	.asciz	"vecAcc2"                       @ string offset=847
.Linfo_string60:
	.asciz	"vecAcc3"                       @ string offset=855
.Linfo_string61:
	.asciz	"vecTmpFlt0"                    @ string offset=863
.Linfo_string62:
	.asciz	"vecExpUnBiasedFlt"             @ string offset=874
.Linfo_string63:
	.asciz	"vpowq_f16"                     @ string offset=892
.Linfo_string64:
	.asciz	"val"                           @ string offset=902
.Linfo_string65:
	.asciz	"vtaylor_polyq_f16"             @ string offset=906
.Linfo_string66:
	.asciz	"coeffs"                        @ string offset=924
.Linfo_string67:
	.asciz	"A"                             @ string offset=931
.Linfo_string68:
	.asciz	"B"                             @ string offset=933
.Linfo_string69:
	.asciz	"C"                             @ string offset=935
.Linfo_string70:
	.asciz	"D"                             @ string offset=937
.Linfo_string71:
	.asciz	"x2"                            @ string offset=939
.Linfo_string72:
	.asciz	"x4"                            @ string offset=942
.Linfo_string73:
	.asciz	"res"                           @ string offset=945
.Linfo_string74:
	.asciz	"vexpq_f16"                     @ string offset=949
.Linfo_string75:
	.asciz	"poly"                          @ string offset=959
.Linfo_string76:
	.asciz	"arm_braycurtis_distance_f16"   @ string offset=964
.Linfo_string77:
	.asciz	"arm_canberra_distance_f16"     @ string offset=992
.Linfo_string78:
	.asciz	"arm_chebyshev_distance_f16"    @ string offset=1018
.Linfo_string79:
	.asciz	"arm_cityblock_distance_f16"    @ string offset=1045
.Linfo_string80:
	.asciz	"arm_correlation_distance_f16"  @ string offset=1072
.Linfo_string81:
	.asciz	"arm_cosine_distance_f16"       @ string offset=1101
.Linfo_string82:
	.asciz	"arm_euclidean_distance_f16"    @ string offset=1125
.Linfo_string83:
	.asciz	"arm_jensenshannon_distance_f16" @ string offset=1152
.Linfo_string84:
	.asciz	"arm_minkowski_distance_f16"    @ string offset=1183
.Linfo_string85:
	.asciz	"blockSize"                     @ string offset=1210
.Linfo_string86:
	.asciz	"unsigned int"                  @ string offset=1220
.Linfo_string87:
	.asciz	"uint32_t"                      @ string offset=1233
.Linfo_string88:
	.asciz	"pA"                            @ string offset=1242
.Linfo_string89:
	.asciz	"pB"                            @ string offset=1245
.Linfo_string90:
	.asciz	"blkCnt"                        @ string offset=1248
.Linfo_string91:
	.asciz	"accumSum"                      @ string offset=1255
.Linfo_string92:
	.asciz	"accumDiff"                     @ string offset=1264
.Linfo_string93:
	.asciz	"accumDiffV"                    @ string offset=1274
.Linfo_string94:
	.asciz	"accumSumV"                     @ string offset=1285
.Linfo_string95:
	.asciz	"a"                             @ string offset=1295
.Linfo_string96:
	.asciz	"c"                             @ string offset=1297
.Linfo_string97:
	.asciz	"p0"                            @ string offset=1299
.Linfo_string98:
	.asciz	"unsigned short"                @ string offset=1302
.Linfo_string99:
	.asciz	"uint16_t"                      @ string offset=1317
.Linfo_string100:
	.asciz	"mve_pred16_t"                  @ string offset=1326
.Linfo_string101:
	.asciz	"accumV"                        @ string offset=1339
.Linfo_string102:
	.asciz	"accum"                         @ string offset=1346
.Linfo_string103:
	.asciz	"vecDiff"                       @ string offset=1352
.Linfo_string104:
	.asciz	"maxValue"                      @ string offset=1360
.Linfo_string105:
	.asciz	"vecA"                          @ string offset=1369
.Linfo_string106:
	.asciz	"vecB"                          @ string offset=1374
.Linfo_string107:
	.asciz	"tempV"                         @ string offset=1379
.Linfo_string108:
	.asciz	"ma"                            @ string offset=1385
.Linfo_string109:
	.asciz	"mb"                            @ string offset=1388
.Linfo_string110:
	.asciz	"pwra"                          @ string offset=1391
.Linfo_string111:
	.asciz	"pwrb"                          @ string offset=1396
.Linfo_string112:
	.asciz	"dot"                           @ string offset=1401
.Linfo_string113:
	.asciz	"tmp"                           @ string offset=1405
.Linfo_string114:
	.asciz	"t"                             @ string offset=1409
.Linfo_string115:
	.asciz	"tmpV"                          @ string offset=1411
.Linfo_string116:
	.asciz	"order"                         @ string offset=1416
.Linfo_string117:
	.asciz	"sumV"                          @ string offset=1422
	.ident	"Component: Arm Compiler for Embedded 6.21 Tool: armclang [5ec1fd00]"
	.section	".note.GNU-stack","",%progbits
	.eabi_attribute	30, 1	@ Tag_ABI_optimization_goals
	.ARM_attribute	16, 1	@ Tag_AV_eba
	.section	.debug_line,"",%progbits
.Lline_table_start0:
