	.text
	.syntax unified
	.eabi_attribute	67, "2.09"	@ Tag_conformance
	.cpu	cortex-m55
	.eabi_attribute	6, 21	@ Tag_CPU_arch
	.eabi_attribute	7, 77	@ Tag_CPU_arch_profile
	.eabi_attribute	8, 0	@ Tag_ARM_ISA_use
	.eabi_attribute	9, 3	@ Tag_THUMB_ISA_use
	.fpu	fpv5-d16
	.eabi_attribute	36, 1	@ Tag_FP_HP_extension
	.eabi_attribute	48, 2	@ Tag_MVE_arch
	.eabi_attribute	46, 1	@ Tag_DSP_extension
	.eabi_attribute	34, 1	@ Tag_CPU_unaligned_access
	.eabi_attribute	17, 1	@ Tag_ABI_PCS_GOT_use
	.eabi_attribute	20, 2	@ Tag_ABI_FP_denormal
	.eabi_attribute	21, 0	@ Tag_ABI_FP_exceptions
	.eabi_attribute	23, 1	@ Tag_ABI_FP_number_model
	.eabi_attribute	24, 1	@ Tag_ABI_align_needed
	.eabi_attribute	25, 1	@ Tag_ABI_align_preserved
	.eabi_attribute	28, 1	@ Tag_ABI_VFP_args
	.eabi_attribute	38, 1	@ Tag_ABI_FP_16bit_format
	.eabi_attribute	18, 2	@ Tag_ABI_PCS_wchar_t
	.eabi_attribute	26, 1	@ Tag_ABI_enum_size
	.eabi_attribute	14, 0	@ Tag_ABI_PCS_R9_use
	.file	"DoA.c"
	.file	1 "C:\\Keil_v5\\ARM\\ARMCLANG\\Bin\\..\\include" "stdint.h"
	.file	2 "C:\\Final_Code_Capstone\\Nuvoton_EchoTrack\\en-us--M55M1_Series_BSP_CMSIS_V3.01.003\\SampleCode\\NuEdgeWise\\PoseLandmark_YOLOv8n\\KEIL" "DoA.c"
	.file	3 "C:\\Final_Code_Capstone\\Nuvoton_EchoTrack\\en-us--M55M1_Series_BSP_CMSIS_V3.01.003\\SampleCode\\NuEdgeWise\\PoseLandmark_YOLOv8n\\KEIL" "../../../../Library/CMSIS/DSP/Include\\dsp/transform_functions.h"
	.file	4 "C:\\Final_Code_Capstone\\Nuvoton_EchoTrack\\en-us--M55M1_Series_BSP_CMSIS_V3.01.003\\SampleCode\\NuEdgeWise\\PoseLandmark_YOLOv8n\\KEIL" "../../../../Library/CMSIS/DSP/Include\\arm_math_types.h"
	.section	.text.init_hann_window,"ax",%progbits
	.hidden	init_hann_window                @ -- Begin function init_hann_window
	.globl	init_hann_window
	.p2align	2
	.type	init_hann_window,%function
	.code	16                              @ @init_hann_window
	.thumb_func
init_hann_window:
.Lfunc_begin0:
	.fnstart
	.cfi_sections .debug_frame
	.cfi_startproc
@ %bb.0:
	@DEBUG_VALUE: init_hann_window:window <- $r0
	@DEBUG_VALUE: init_hann_window:size <- $r1
	.loc	2 101 5 prologue_end            @ DoA.c:101:5
	cmp	r1, #1
.Ltmp0:
	@DEBUG_VALUE: n <- 0
	@DEBUG_VALUE: init_hann_window:window <- $r0
	.loc	2 103 1                         @ DoA.c:103:1
	it	lt
	bxlt	lr
.Ltmp1:
.LBB0_1:
	@DEBUG_VALUE: n <- 0
	@DEBUG_VALUE: init_hann_window:size <- $r1
	@DEBUG_VALUE: init_hann_window:window <- $r0
	.save	{r4, r5, r6, r7, r8, lr}
	push.w	{r4, r5, r6, r7, r8, lr}
	.cfi_def_cfa_offset 24
	.cfi_offset lr, -4
	.cfi_offset r8, -8
	.cfi_offset r7, -12
	.cfi_offset r6, -16
	.cfi_offset r5, -20
	.cfi_offset r4, -24
	.vsave	{d8, d9, d10, d11}
	vpush	{d8, d9, d10, d11}
	.cfi_def_cfa_offset 56
	.cfi_offset d11, -32
	.cfi_offset d10, -40
	.cfi_offset d9, -48
	.cfi_offset d8, -56
	mov	r8, r0
.Ltmp2:
	@DEBUG_VALUE: init_hann_window:window <- $r8
	@DEBUG_VALUE: init_hann_window:window <- $r8
	.loc	2 0 1 is_stmt 0                 @ DoA.c:0:1
	subs	r0, r1, #1
	vmov	s0, r0
.Ltmp3:
	.loc	2 101 5 is_stmt 1               @ DoA.c:101:5
	cmp	r1, #4
	vcvt.f32.s32	s16, s0
	and	r5, r1, #3
	bhs	.LBB0_3
.Ltmp4:
@ %bb.2:
	@DEBUG_VALUE: init_hann_window:window <- $r8
	@DEBUG_VALUE: n <- 0
	@DEBUG_VALUE: init_hann_window:size <- $r1
	.loc	2 0 5 is_stmt 0                 @ DoA.c:0:5
	movs	r6, #0
	b	.LBB0_5
.Ltmp5:
.LBB0_3:
	@DEBUG_VALUE: init_hann_window:window <- $r8
	@DEBUG_VALUE: n <- 0
	@DEBUG_VALUE: init_hann_window:size <- $r1
	vldr	s18, .LCPI0_0
	.loc	2 101 5                         @ DoA.c:101:5
	bic	r7, r1, #3
	add.w	r4, r8, #8
	movs	r6, #0
	vmov.f32	s20, #1.000000e+00
	vmov.f32	s22, #5.000000e-01
.Ltmp6:
	.p2align	2
.LBB0_4:                                @ =>This Inner Loop Header: Depth=1
	@DEBUG_VALUE: init_hann_window:window <- $r8
	@DEBUG_VALUE: n <- $r6
	.loc	2 102 54 is_stmt 1              @ DoA.c:102:54
	vmov	s0, r6
	vcvt.f32.s32	s0, s0
	.loc	2 102 52 is_stmt 0              @ DoA.c:102:52
	vmul.f32	s0, s0, s18
	.loc	2 102 57                        @ DoA.c:102:57
	vdiv.f32	s0, s0, s16
	.loc	2 102 36                        @ DoA.c:102:36
	bl	__hardfp_cosf
.Ltmp7:
	@DEBUG_VALUE: init_hann_window:size <- [DW_OP_LLVM_entry_value 1] $r1
	.loc	2 102 54                        @ DoA.c:102:54
	adds	r0, r6, #1
	vmov	s2, r0
	.loc	2 102 34                        @ DoA.c:102:34
	vsub.f32	s0, s20, s0
	.loc	2 102 54                        @ DoA.c:102:54
	vcvt.f32.s32	s2, s2
	.loc	2 102 26                        @ DoA.c:102:26
	vmul.f32	s0, s0, s22
	.loc	2 102 52                        @ DoA.c:102:52
	vmul.f32	s2, s2, s18
	.loc	2 102 19                        @ DoA.c:102:19
	vstr	s0, [r4, #-8]
.Ltmp8:
	@DEBUG_VALUE: n <- [DW_OP_constu 1, DW_OP_or, DW_OP_stack_value] $r6
	.loc	2 102 57                        @ DoA.c:102:57
	vdiv.f32	s2, s2, s16
	.loc	2 102 36                        @ DoA.c:102:36
	vmov.f32	s0, s2
	bl	__hardfp_cosf
.Ltmp9:
	.loc	2 102 54                        @ DoA.c:102:54
	adds	r0, r6, #2
	vmov	s2, r0
	.loc	2 102 34                        @ DoA.c:102:34
	vsub.f32	s0, s20, s0
	.loc	2 102 54                        @ DoA.c:102:54
	vcvt.f32.s32	s2, s2
	.loc	2 102 26                        @ DoA.c:102:26
	vmul.f32	s0, s0, s22
	.loc	2 102 52                        @ DoA.c:102:52
	vmul.f32	s2, s2, s18
	.loc	2 102 19                        @ DoA.c:102:19
	vstr	s0, [r4, #-4]
.Ltmp10:
	@DEBUG_VALUE: n <- [DW_OP_constu 2, DW_OP_or, DW_OP_stack_value] $r6
	.loc	2 102 57                        @ DoA.c:102:57
	vdiv.f32	s2, s2, s16
	.loc	2 102 36                        @ DoA.c:102:36
	vmov.f32	s0, s2
	bl	__hardfp_cosf
.Ltmp11:
	.loc	2 102 54                        @ DoA.c:102:54
	adds	r0, r6, #3
	vmov	s2, r0
	.loc	2 102 34                        @ DoA.c:102:34
	vsub.f32	s0, s20, s0
	.loc	2 102 54                        @ DoA.c:102:54
	vcvt.f32.s32	s2, s2
	.loc	2 102 26                        @ DoA.c:102:26
	vmul.f32	s0, s0, s22
	.loc	2 102 52                        @ DoA.c:102:52
	vmul.f32	s2, s2, s18
	.loc	2 102 19                        @ DoA.c:102:19
	vstr	s0, [r4]
.Ltmp12:
	@DEBUG_VALUE: n <- [DW_OP_constu 3, DW_OP_or, DW_OP_stack_value] $r6
	.loc	2 102 57                        @ DoA.c:102:57
	vdiv.f32	s2, s2, s16
	.loc	2 102 36                        @ DoA.c:102:36
	vmov.f32	s0, s2
	bl	__hardfp_cosf
.Ltmp13:
	.loc	2 102 34                        @ DoA.c:102:34
	vsub.f32	s0, s20, s0
	.loc	2 101 32 is_stmt 1              @ DoA.c:101:32
	adds	r6, #4
.Ltmp14:
	@DEBUG_VALUE: n <- $r6
	.loc	2 102 26                        @ DoA.c:102:26
	vmul.f32	s0, s0, s22
.Ltmp15:
	.loc	2 101 5                         @ DoA.c:101:5
	cmp	r6, r7
.Ltmp16:
	.loc	2 102 19                        @ DoA.c:102:19
	vstr	s0, [r4, #4]
.Ltmp17:
	.loc	2 101 5                         @ DoA.c:101:5
	add.w	r4, r4, #16
	bne	.LBB0_4
.Ltmp18:
.LBB0_5:
	@DEBUG_VALUE: init_hann_window:window <- $r8
	cmp	r5, #0
	beq	.LBB0_9
.Ltmp19:
@ %bb.6:
	@DEBUG_VALUE: init_hann_window:window <- $r8
	@DEBUG_VALUE: n <- $r6
	.loc	2 102 54                        @ DoA.c:102:54
	vmov	s0, r6
	vldr	s18, .LCPI0_0
	vcvt.f32.s32	s0, s0
	.loc	2 102 52 is_stmt 0              @ DoA.c:102:52
	vmul.f32	s0, s0, s18
	.loc	2 102 57                        @ DoA.c:102:57
	vdiv.f32	s0, s0, s16
	.loc	2 102 36                        @ DoA.c:102:36
	bl	__hardfp_cosf
.Ltmp20:
	.loc	2 0 36                          @ DoA.c:0:36
	vmov.f32	s20, #1.000000e+00
	.loc	2 102 34                        @ DoA.c:102:34
	vsub.f32	s0, s20, s0
	vmov.f32	s22, #5.000000e-01
	.loc	2 102 26                        @ DoA.c:102:26
	vmul.f32	s0, s0, s22
	.loc	2 102 9                         @ DoA.c:102:9
	add.w	r0, r8, r6, lsl #2
.Ltmp21:
	.loc	2 101 5 is_stmt 1               @ DoA.c:101:5
	cmp	r5, #1
.Ltmp22:
	.loc	2 102 19                        @ DoA.c:102:19
	vstr	s0, [r0]
.Ltmp23:
	@DEBUG_VALUE: n <- [DW_OP_plus_uconst 1, DW_OP_stack_value] $r6
	.loc	2 101 5                         @ DoA.c:101:5
	beq	.LBB0_9
.Ltmp24:
@ %bb.7:
	@DEBUG_VALUE: n <- [DW_OP_plus_uconst 1, DW_OP_stack_value] $r6
	@DEBUG_VALUE: init_hann_window:window <- $r8
	.loc	2 101 32 is_stmt 0              @ DoA.c:101:32
	adds	r4, r6, #1
.Ltmp25:
	@DEBUG_VALUE: n <- $r4
	.loc	2 102 54 is_stmt 1              @ DoA.c:102:54
	vmov	s0, r4
	vcvt.f32.s32	s0, s0
	.loc	2 102 52 is_stmt 0              @ DoA.c:102:52
	vmul.f32	s0, s0, s18
	.loc	2 102 57                        @ DoA.c:102:57
	vdiv.f32	s0, s0, s16
	.loc	2 102 36                        @ DoA.c:102:36
	bl	__hardfp_cosf
.Ltmp26:
	.loc	2 102 34                        @ DoA.c:102:34
	vsub.f32	s0, s20, s0
	.loc	2 102 9                         @ DoA.c:102:9
	add.w	r0, r8, r4, lsl #2
	.loc	2 102 26                        @ DoA.c:102:26
	vmul.f32	s0, s0, s22
.Ltmp27:
	.loc	2 101 5 is_stmt 1               @ DoA.c:101:5
	cmp	r5, #2
.Ltmp28:
	.loc	2 102 19                        @ DoA.c:102:19
	vstr	s0, [r0]
.Ltmp29:
	@DEBUG_VALUE: n <- [DW_OP_plus_uconst 2, DW_OP_stack_value] $r6
	.loc	2 101 5                         @ DoA.c:101:5
	beq	.LBB0_9
.Ltmp30:
@ %bb.8:
	@DEBUG_VALUE: n <- [DW_OP_plus_uconst 2, DW_OP_stack_value] $r6
	@DEBUG_VALUE: init_hann_window:window <- $r8
	.loc	2 101 32 is_stmt 0              @ DoA.c:101:32
	adds	r4, r6, #2
.Ltmp31:
	@DEBUG_VALUE: n <- $r4
	.loc	2 102 54 is_stmt 1              @ DoA.c:102:54
	vmov	s0, r4
	vcvt.f32.s32	s0, s0
	.loc	2 102 52 is_stmt 0              @ DoA.c:102:52
	vmul.f32	s0, s0, s18
	.loc	2 102 57                        @ DoA.c:102:57
	vdiv.f32	s0, s0, s16
	.loc	2 102 36                        @ DoA.c:102:36
	bl	__hardfp_cosf
.Ltmp32:
	.loc	2 102 34                        @ DoA.c:102:34
	vsub.f32	s0, s20, s0
	.loc	2 102 9                         @ DoA.c:102:9
	add.w	r0, r8, r4, lsl #2
	.loc	2 102 26                        @ DoA.c:102:26
	vmul.f32	s0, s0, s22
	.loc	2 102 19                        @ DoA.c:102:19
	vstr	s0, [r0]
.Ltmp33:
	@DEBUG_VALUE: n <- [DW_OP_plus_uconst 3, DW_OP_stack_value] undef
.LBB0_9:
	@DEBUG_VALUE: init_hann_window:window <- $r8
	.loc	2 0 19                          @ DoA.c:0:19
	vpop	{d8, d9, d10, d11}
	pop.w	{r4, r5, r6, r7, r8, lr}
.Ltmp34:
	.loc	2 103 1 is_stmt 1               @ DoA.c:103:1
	bx	lr
.Ltmp35:
	.p2align	2
@ %bb.10:
	.loc	2 0 1 is_stmt 0                 @ DoA.c:0:1
.LCPI0_0:
	.long	0x40c90fdb                      @ float 6.28318548
.Lfunc_end0:
	.size	init_hann_window, .Lfunc_end0-init_hann_window
	.cfi_endproc
	.cantunwind
	.fnend
                                        @ -- End function
	.section	.text.doa_init,"ax",%progbits
	.hidden	doa_init                        @ -- Begin function doa_init
	.globl	doa_init
	.p2align	2
	.type	doa_init,%function
	.code	16                              @ @doa_init
	.thumb_func
doa_init:
.Lfunc_begin1:
	.loc	2 203 0 is_stmt 1               @ DoA.c:203:0
	.fnstart
	.cfi_startproc
@ %bb.0:
	.save	{r4, r5, r7, lr}
	push	{r4, r5, r7, lr}
	.cfi_def_cfa_offset 16
	.cfi_offset lr, -4
	.cfi_offset r7, -8
	.cfi_offset r5, -12
	.cfi_offset r4, -16
	.vsave	{d8, d9, d10, d11}
	vpush	{d8, d9, d10, d11}
	.cfi_def_cfa_offset 48
	.cfi_offset d11, -24
	.cfi_offset d10, -32
	.cfi_offset d9, -40
	.cfi_offset d8, -48
.Ltmp36:
	.loc	2 204 21 prologue_end           @ DoA.c:204:21
	movw	r0, :lower16:g_rfft
	mov.w	r1, #256
	movt	r0, :upper16:g_rfft
	bl	arm_rfft_fast_init_f32
.Ltmp37:
	@DEBUG_VALUE: doa_init:st <- $r0
	.loc	2 205 9                         @ DoA.c:205:9
	cbz	r0, .LBB1_2
.Ltmp38:
@ %bb.1:
	@DEBUG_VALUE: doa_init:st <- $r0
	.loc	2 0 0 is_stmt 0                 @ DoA.c:0:0
	mov	r1, r0
.Ltmp39:
	@DEBUG_VALUE: doa_init:st <- $r1
	.loc	2 208 9 is_stmt 1               @ DoA.c:208:9
	adr	r0, .LCPI1_0
	bl	__2printf
.Ltmp40:
.LBB1_2:
	.loc	2 0 9 is_stmt 0                 @ DoA.c:0:9
	movw	r0, :lower16:hann_window
	movs	r5, #0
	movt	r0, :upper16:hann_window
	vldr	s16, .LCPI1_1
	vldr	s18, .LCPI1_2
	add.w	r4, r0, #60
	vmov.f32	s20, #1.000000e+00
	vmov.f32	s22, #5.000000e-01
	.p2align	2
.LBB1_3:                                @ =>This Inner Loop Header: Depth=1
.Ltmp41:
	@DEBUG_VALUE: n <- $r5
	.loc	2 102 54 is_stmt 1              @ DoA.c:102:54
	vmov	s0, r5
	vcvt.f32.s32	s0, s0
	.loc	2 102 52 is_stmt 0              @ DoA.c:102:52
	vmul.f32	s0, s0, s16
	.loc	2 102 57                        @ DoA.c:102:57
	vdiv.f32	s0, s0, s18
	.loc	2 102 36                        @ DoA.c:102:36
	bl	__hardfp_cosf
.Ltmp42:
	.loc	2 102 54                        @ DoA.c:102:54
	adds	r0, r5, #1
	vmov	s2, r0
	.loc	2 102 34                        @ DoA.c:102:34
	vsub.f32	s0, s20, s0
	.loc	2 102 54                        @ DoA.c:102:54
	vcvt.f32.s32	s2, s2
	.loc	2 102 26                        @ DoA.c:102:26
	vmul.f32	s0, s0, s22
	.loc	2 102 52                        @ DoA.c:102:52
	vmul.f32	s2, s2, s16
	.loc	2 102 19                        @ DoA.c:102:19
	vstr	s0, [r4, #-60]
.Ltmp43:
	@DEBUG_VALUE: n <- [DW_OP_constu 1, DW_OP_or, DW_OP_stack_value] $r5
	.loc	2 102 57                        @ DoA.c:102:57
	vdiv.f32	s2, s2, s18
	.loc	2 102 36                        @ DoA.c:102:36
	vmov.f32	s0, s2
	bl	__hardfp_cosf
.Ltmp44:
	.loc	2 102 54                        @ DoA.c:102:54
	adds	r0, r5, #2
	vmov	s2, r0
	.loc	2 102 34                        @ DoA.c:102:34
	vsub.f32	s0, s20, s0
	.loc	2 102 54                        @ DoA.c:102:54
	vcvt.f32.s32	s2, s2
	.loc	2 102 26                        @ DoA.c:102:26
	vmul.f32	s0, s0, s22
	.loc	2 102 52                        @ DoA.c:102:52
	vmul.f32	s2, s2, s16
	.loc	2 102 19                        @ DoA.c:102:19
	vstr	s0, [r4, #-56]
.Ltmp45:
	@DEBUG_VALUE: n <- [DW_OP_constu 2, DW_OP_or, DW_OP_stack_value] $r5
	.loc	2 102 57                        @ DoA.c:102:57
	vdiv.f32	s2, s2, s18
	.loc	2 102 36                        @ DoA.c:102:36
	vmov.f32	s0, s2
	bl	__hardfp_cosf
.Ltmp46:
	.loc	2 102 54                        @ DoA.c:102:54
	adds	r0, r5, #3
	vmov	s2, r0
	.loc	2 102 34                        @ DoA.c:102:34
	vsub.f32	s0, s20, s0
	.loc	2 102 54                        @ DoA.c:102:54
	vcvt.f32.s32	s2, s2
	.loc	2 102 26                        @ DoA.c:102:26
	vmul.f32	s0, s0, s22
	.loc	2 102 52                        @ DoA.c:102:52
	vmul.f32	s2, s2, s16
	.loc	2 102 19                        @ DoA.c:102:19
	vstr	s0, [r4, #-52]
.Ltmp47:
	@DEBUG_VALUE: n <- [DW_OP_constu 3, DW_OP_or, DW_OP_stack_value] $r5
	.loc	2 102 57                        @ DoA.c:102:57
	vdiv.f32	s2, s2, s18
	.loc	2 102 36                        @ DoA.c:102:36
	vmov.f32	s0, s2
	bl	__hardfp_cosf
.Ltmp48:
	.loc	2 102 54                        @ DoA.c:102:54
	adds	r0, r5, #4
	vmov	s2, r0
	.loc	2 102 34                        @ DoA.c:102:34
	vsub.f32	s0, s20, s0
	.loc	2 102 54                        @ DoA.c:102:54
	vcvt.f32.s32	s2, s2
	.loc	2 102 26                        @ DoA.c:102:26
	vmul.f32	s0, s0, s22
	.loc	2 102 52                        @ DoA.c:102:52
	vmul.f32	s2, s2, s16
	.loc	2 102 19                        @ DoA.c:102:19
	vstr	s0, [r4, #-48]
.Ltmp49:
	@DEBUG_VALUE: n <- [DW_OP_constu 4, DW_OP_or, DW_OP_stack_value] $r5
	.loc	2 102 57                        @ DoA.c:102:57
	vdiv.f32	s2, s2, s18
	.loc	2 102 36                        @ DoA.c:102:36
	vmov.f32	s0, s2
	bl	__hardfp_cosf
.Ltmp50:
	.loc	2 102 54                        @ DoA.c:102:54
	adds	r0, r5, #5
	vmov	s2, r0
	.loc	2 102 34                        @ DoA.c:102:34
	vsub.f32	s0, s20, s0
	.loc	2 102 54                        @ DoA.c:102:54
	vcvt.f32.s32	s2, s2
	.loc	2 102 26                        @ DoA.c:102:26
	vmul.f32	s0, s0, s22
	.loc	2 102 52                        @ DoA.c:102:52
	vmul.f32	s2, s2, s16
	.loc	2 102 19                        @ DoA.c:102:19
	vstr	s0, [r4, #-44]
.Ltmp51:
	@DEBUG_VALUE: n <- [DW_OP_constu 5, DW_OP_or, DW_OP_stack_value] $r5
	.loc	2 102 57                        @ DoA.c:102:57
	vdiv.f32	s2, s2, s18
	.loc	2 102 36                        @ DoA.c:102:36
	vmov.f32	s0, s2
	bl	__hardfp_cosf
.Ltmp52:
	.loc	2 102 54                        @ DoA.c:102:54
	adds	r0, r5, #6
	vmov	s2, r0
	.loc	2 102 34                        @ DoA.c:102:34
	vsub.f32	s0, s20, s0
	.loc	2 102 54                        @ DoA.c:102:54
	vcvt.f32.s32	s2, s2
	.loc	2 102 26                        @ DoA.c:102:26
	vmul.f32	s0, s0, s22
	.loc	2 102 52                        @ DoA.c:102:52
	vmul.f32	s2, s2, s16
	.loc	2 102 19                        @ DoA.c:102:19
	vstr	s0, [r4, #-40]
.Ltmp53:
	@DEBUG_VALUE: n <- [DW_OP_constu 6, DW_OP_or, DW_OP_stack_value] $r5
	.loc	2 102 57                        @ DoA.c:102:57
	vdiv.f32	s2, s2, s18
	.loc	2 102 36                        @ DoA.c:102:36
	vmov.f32	s0, s2
	bl	__hardfp_cosf
.Ltmp54:
	.loc	2 102 54                        @ DoA.c:102:54
	adds	r0, r5, #7
	vmov	s2, r0
	.loc	2 102 34                        @ DoA.c:102:34
	vsub.f32	s0, s20, s0
	.loc	2 102 54                        @ DoA.c:102:54
	vcvt.f32.s32	s2, s2
	.loc	2 102 26                        @ DoA.c:102:26
	vmul.f32	s0, s0, s22
	.loc	2 102 52                        @ DoA.c:102:52
	vmul.f32	s2, s2, s16
	.loc	2 102 19                        @ DoA.c:102:19
	vstr	s0, [r4, #-36]
.Ltmp55:
	@DEBUG_VALUE: n <- [DW_OP_constu 7, DW_OP_or, DW_OP_stack_value] $r5
	.loc	2 102 57                        @ DoA.c:102:57
	vdiv.f32	s2, s2, s18
	.loc	2 102 36                        @ DoA.c:102:36
	vmov.f32	s0, s2
	bl	__hardfp_cosf
.Ltmp56:
	.loc	2 102 54                        @ DoA.c:102:54
	add.w	r0, r5, #8
	vmov	s2, r0
	.loc	2 102 34                        @ DoA.c:102:34
	vsub.f32	s0, s20, s0
	.loc	2 102 54                        @ DoA.c:102:54
	vcvt.f32.s32	s2, s2
	.loc	2 102 26                        @ DoA.c:102:26
	vmul.f32	s0, s0, s22
	.loc	2 102 52                        @ DoA.c:102:52
	vmul.f32	s2, s2, s16
	.loc	2 102 19                        @ DoA.c:102:19
	vstr	s0, [r4, #-32]
.Ltmp57:
	@DEBUG_VALUE: n <- [DW_OP_constu 8, DW_OP_or, DW_OP_stack_value] $r5
	.loc	2 102 57                        @ DoA.c:102:57
	vdiv.f32	s2, s2, s18
	.loc	2 102 36                        @ DoA.c:102:36
	vmov.f32	s0, s2
	bl	__hardfp_cosf
.Ltmp58:
	.loc	2 102 54                        @ DoA.c:102:54
	add.w	r0, r5, #9
	vmov	s2, r0
	.loc	2 102 34                        @ DoA.c:102:34
	vsub.f32	s0, s20, s0
	.loc	2 102 54                        @ DoA.c:102:54
	vcvt.f32.s32	s2, s2
	.loc	2 102 26                        @ DoA.c:102:26
	vmul.f32	s0, s0, s22
	.loc	2 102 52                        @ DoA.c:102:52
	vmul.f32	s2, s2, s16
	.loc	2 102 19                        @ DoA.c:102:19
	vstr	s0, [r4, #-28]
.Ltmp59:
	@DEBUG_VALUE: n <- [DW_OP_constu 9, DW_OP_or, DW_OP_stack_value] $r5
	.loc	2 102 57                        @ DoA.c:102:57
	vdiv.f32	s2, s2, s18
	.loc	2 102 36                        @ DoA.c:102:36
	vmov.f32	s0, s2
	bl	__hardfp_cosf
.Ltmp60:
	.loc	2 102 54                        @ DoA.c:102:54
	add.w	r0, r5, #10
	vmov	s2, r0
	.loc	2 102 34                        @ DoA.c:102:34
	vsub.f32	s0, s20, s0
	.loc	2 102 54                        @ DoA.c:102:54
	vcvt.f32.s32	s2, s2
	.loc	2 102 26                        @ DoA.c:102:26
	vmul.f32	s0, s0, s22
	.loc	2 102 52                        @ DoA.c:102:52
	vmul.f32	s2, s2, s16
	.loc	2 102 19                        @ DoA.c:102:19
	vstr	s0, [r4, #-24]
.Ltmp61:
	@DEBUG_VALUE: n <- [DW_OP_constu 10, DW_OP_or, DW_OP_stack_value] $r5
	.loc	2 102 57                        @ DoA.c:102:57
	vdiv.f32	s2, s2, s18
	.loc	2 102 36                        @ DoA.c:102:36
	vmov.f32	s0, s2
	bl	__hardfp_cosf
.Ltmp62:
	.loc	2 102 54                        @ DoA.c:102:54
	add.w	r0, r5, #11
	vmov	s2, r0
	.loc	2 102 34                        @ DoA.c:102:34
	vsub.f32	s0, s20, s0
	.loc	2 102 54                        @ DoA.c:102:54
	vcvt.f32.s32	s2, s2
	.loc	2 102 26                        @ DoA.c:102:26
	vmul.f32	s0, s0, s22
	.loc	2 102 52                        @ DoA.c:102:52
	vmul.f32	s2, s2, s16
	.loc	2 102 19                        @ DoA.c:102:19
	vstr	s0, [r4, #-20]
.Ltmp63:
	@DEBUG_VALUE: n <- [DW_OP_constu 11, DW_OP_or, DW_OP_stack_value] $r5
	.loc	2 102 57                        @ DoA.c:102:57
	vdiv.f32	s2, s2, s18
	.loc	2 102 36                        @ DoA.c:102:36
	vmov.f32	s0, s2
	bl	__hardfp_cosf
.Ltmp64:
	.loc	2 102 54                        @ DoA.c:102:54
	add.w	r0, r5, #12
	vmov	s2, r0
	.loc	2 102 34                        @ DoA.c:102:34
	vsub.f32	s0, s20, s0
	.loc	2 102 54                        @ DoA.c:102:54
	vcvt.f32.s32	s2, s2
	.loc	2 102 26                        @ DoA.c:102:26
	vmul.f32	s0, s0, s22
	.loc	2 102 52                        @ DoA.c:102:52
	vmul.f32	s2, s2, s16
	.loc	2 102 19                        @ DoA.c:102:19
	vstr	s0, [r4, #-16]
.Ltmp65:
	@DEBUG_VALUE: n <- [DW_OP_constu 12, DW_OP_or, DW_OP_stack_value] $r5
	.loc	2 102 57                        @ DoA.c:102:57
	vdiv.f32	s2, s2, s18
	.loc	2 102 36                        @ DoA.c:102:36
	vmov.f32	s0, s2
	bl	__hardfp_cosf
.Ltmp66:
	.loc	2 102 54                        @ DoA.c:102:54
	add.w	r0, r5, #13
	vmov	s2, r0
	.loc	2 102 34                        @ DoA.c:102:34
	vsub.f32	s0, s20, s0
	.loc	2 102 54                        @ DoA.c:102:54
	vcvt.f32.s32	s2, s2
	.loc	2 102 26                        @ DoA.c:102:26
	vmul.f32	s0, s0, s22
	.loc	2 102 52                        @ DoA.c:102:52
	vmul.f32	s2, s2, s16
	.loc	2 102 19                        @ DoA.c:102:19
	vstr	s0, [r4, #-12]
.Ltmp67:
	@DEBUG_VALUE: n <- [DW_OP_constu 13, DW_OP_or, DW_OP_stack_value] $r5
	.loc	2 102 57                        @ DoA.c:102:57
	vdiv.f32	s2, s2, s18
	.loc	2 102 36                        @ DoA.c:102:36
	vmov.f32	s0, s2
	bl	__hardfp_cosf
.Ltmp68:
	.loc	2 102 54                        @ DoA.c:102:54
	add.w	r0, r5, #14
	vmov	s2, r0
	.loc	2 102 34                        @ DoA.c:102:34
	vsub.f32	s0, s20, s0
	.loc	2 102 54                        @ DoA.c:102:54
	vcvt.f32.s32	s2, s2
	.loc	2 102 26                        @ DoA.c:102:26
	vmul.f32	s0, s0, s22
	.loc	2 102 52                        @ DoA.c:102:52
	vmul.f32	s2, s2, s16
	.loc	2 102 19                        @ DoA.c:102:19
	vstr	s0, [r4, #-8]
.Ltmp69:
	@DEBUG_VALUE: n <- [DW_OP_constu 14, DW_OP_or, DW_OP_stack_value] $r5
	.loc	2 102 57                        @ DoA.c:102:57
	vdiv.f32	s2, s2, s18
	.loc	2 102 36                        @ DoA.c:102:36
	vmov.f32	s0, s2
	bl	__hardfp_cosf
.Ltmp70:
	.loc	2 102 54                        @ DoA.c:102:54
	add.w	r0, r5, #15
	vmov	s2, r0
	.loc	2 102 34                        @ DoA.c:102:34
	vsub.f32	s0, s20, s0
	.loc	2 102 54                        @ DoA.c:102:54
	vcvt.f32.s32	s2, s2
	.loc	2 102 26                        @ DoA.c:102:26
	vmul.f32	s0, s0, s22
	.loc	2 102 52                        @ DoA.c:102:52
	vmul.f32	s2, s2, s16
	.loc	2 102 19                        @ DoA.c:102:19
	vstr	s0, [r4, #-4]
.Ltmp71:
	@DEBUG_VALUE: n <- [DW_OP_constu 15, DW_OP_or, DW_OP_stack_value] $r5
	.loc	2 102 57                        @ DoA.c:102:57
	vdiv.f32	s2, s2, s18
	.loc	2 102 36                        @ DoA.c:102:36
	vmov.f32	s0, s2
	bl	__hardfp_cosf
.Ltmp72:
	.loc	2 102 34                        @ DoA.c:102:34
	vsub.f32	s0, s20, s0
	.loc	2 101 23 is_stmt 1              @ DoA.c:101:23
	adds	r5, #16
.Ltmp73:
	.loc	2 102 26                        @ DoA.c:102:26
	vmul.f32	s0, s0, s22
.Ltmp74:
	.loc	2 101 5                         @ DoA.c:101:5
	cmp.w	r5, #256
.Ltmp75:
	.loc	2 102 19                        @ DoA.c:102:19
	vstr	s0, [r4]
.Ltmp76:
	@DEBUG_VALUE: n <- [DW_OP_plus_uconst 16, DW_OP_stack_value] $r5
	.loc	2 101 23                        @ DoA.c:101:23
	add.w	r4, r4, #64
.Ltmp77:
	.loc	2 101 5 is_stmt 0               @ DoA.c:101:5
	bne.w	.LBB1_3
.Ltmp78:
@ %bb.4:
	.loc	2 215 25 is_stmt 1              @ DoA.c:215:25
	movw	r0, :lower16:specL_packed
	mov.w	r1, #1024
	movt	r0, :upper16:specL_packed
	bl	__aeabi_memclr4
.Ltmp79:
	.loc	2 216 25                        @ DoA.c:216:25
	movw	r0, :lower16:specR_packed
	mov.w	r1, #1024
	movt	r0, :upper16:specR_packed
	bl	__aeabi_memclr4
.Ltmp80:
	.loc	2 217 25                        @ DoA.c:217:25
	movw	r0, :lower16:cpsd_packed
	mov.w	r1, #1024
	movt	r0, :upper16:cpsd_packed
	bl	__aeabi_memclr4
.Ltmp81:
	.loc	2 218 25                        @ DoA.c:218:25
	movw	r0, :lower16:ifft_time_tmp
	mov.w	r1, #1024
	movt	r0, :upper16:ifft_time_tmp
	bl	__aeabi_memclr4
.Ltmp82:
	@DEBUG_VALUE: i <- undef
	.loc	2 220 1 epilogue_begin          @ DoA.c:220:1
	vpop	{d8, d9, d10, d11}
	pop	{r4, r5, r7, pc}
.Ltmp83:
	.p2align	2
@ %bb.5:
	.loc	2 0 1 is_stmt 0                 @ DoA.c:0:1
.LCPI1_0:
.L.str:
	.asciz	"doa_init: arm_rfft_fast_init_f32 failed (st=%d)\n\000\000\000"
.LCPI1_1:
	.long	0x40c90fdb                      @ float 6.28318548
.LCPI1_2:
	.long	0x437f0000                      @ float 255
.Lfunc_end1:
	.size	doa_init, .Lfunc_end1-doa_init
	.cfi_endproc
	.cantunwind
	.fnend
                                        @ -- End function
	.section	.text.doa_process_one_frame,"ax",%progbits
	.hidden	doa_process_one_frame           @ -- Begin function doa_process_one_frame
	.globl	doa_process_one_frame
	.p2align	2
	.type	doa_process_one_frame,%function
	.code	16                              @ @doa_process_one_frame
	.thumb_func
doa_process_one_frame:
.Lfunc_begin2:
	.loc	2 429 0 is_stmt 1               @ DoA.c:429:0
	.fnstart
	.cfi_startproc
@ %bb.0:
	.save	{r4, r5, r6, r7, r8, r9, r10, r11, lr}
	push.w	{r4, r5, r6, r7, r8, r9, r10, r11, lr}
	.cfi_def_cfa_offset 36
	.cfi_offset lr, -4
	.cfi_offset r11, -8
	.cfi_offset r10, -12
	.cfi_offset r9, -16
	.cfi_offset r8, -20
	.cfi_offset r7, -24
	.cfi_offset r6, -28
	.cfi_offset r5, -32
	.cfi_offset r4, -36
	.pad	#4
	sub	sp, #4
	.cfi_def_cfa_offset 40
	.vsave	{d8, d9}
	vpush	{d8, d9}
	.cfi_def_cfa_offset 56
	.cfi_offset d9, -48
	.cfi_offset d8, -56
	mov.w	lr, #8
	@DEBUG_VALUE: i <- 0
	@DEBUG_VALUE: frame_energy_mean_square:mean <- 0.000000e+00
	@DEBUG_VALUE: frame_energy_mean_square:N <- 256
	movw	r0, :lower16:left_buffer
	movs	r1, #0
	@DEBUG_VALUE: frame_energy_mean_square:x <- undef
	vldr	s2, .LCPI2_13
	movt	r0, :upper16:left_buffer
	b	.LBB2_3
	.p2align	2
@ %bb.1:
.LCPI2_13:
	.long	0x00000000                      @ float 0
	.p2align	2
@ %bb.2:
__arm_cp.2_14:
	.long	0x3b800000                      @ float 0.00390625
.Lcpi_end0:
	.size	__arm_cp.2_14, .Lcpi_end0-__arm_cp.2_14
	.p2align	2
.LBB2_3:                                @ =>This Inner Loop Header: Depth=1
.Ltmp84:
	@DEBUG_VALUE: frame_energy_mean_square:N <- 256
	@DEBUG_VALUE: frame_energy_mean_square:mean <- $s2
	@DEBUG_VALUE: i <- [DW_OP_consts 128, DW_OP_div, DW_OP_consts 32, DW_OP_mul, DW_OP_stack_value] $r1
	.loc	2 116 41 prologue_end           @ DoA.c:116:41
	adds	r2, r0, r1
.Ltmp85:
	@DEBUG_VALUE: i <- [DW_OP_consts 128, DW_OP_div, DW_OP_consts 32, DW_OP_mul, DW_OP_consts 3, DW_OP_plus, DW_OP_stack_value] $r1
	.loc	2 116 23 is_stmt 0              @ DoA.c:116:23
	adds	r1, #128
.Ltmp86:
	.loc	2 116 41                        @ DoA.c:116:41
	vldr	s0, [r2]
	vldr	s4, [r2, #4]
	.loc	2 116 38                        @ DoA.c:116:38
	vadd.f32	s0, s2, s0
.Ltmp87:
	@DEBUG_VALUE: frame_energy_mean_square:mean <- $s0
	.loc	2 116 41                        @ DoA.c:116:41
	vldr	s2, [r2, #8]
	.loc	2 116 38                        @ DoA.c:116:38
	vadd.f32	s0, s0, s4
.Ltmp88:
	@DEBUG_VALUE: frame_energy_mean_square:mean <- $s0
	.loc	2 116 41                        @ DoA.c:116:41
	vldr	s4, [r2, #12]
	.loc	2 116 38                        @ DoA.c:116:38
	vadd.f32	s0, s0, s2
.Ltmp89:
	@DEBUG_VALUE: frame_energy_mean_square:mean <- $s0
	.loc	2 116 41                        @ DoA.c:116:41
	vldr	s2, [r2, #16]
	.loc	2 116 38                        @ DoA.c:116:38
	vadd.f32	s0, s0, s4
.Ltmp90:
	@DEBUG_VALUE: i <- [DW_OP_consts 128, DW_OP_div, DW_OP_consts 32, DW_OP_mul, DW_OP_consts 4, DW_OP_plus, DW_OP_stack_value] $r1
	@DEBUG_VALUE: frame_energy_mean_square:mean <- $s0
	.loc	2 116 41                        @ DoA.c:116:41
	vldr	s4, [r2, #20]
	.loc	2 116 38                        @ DoA.c:116:38
	vadd.f32	s0, s0, s2
.Ltmp91:
	@DEBUG_VALUE: i <- [DW_OP_consts 128, DW_OP_div, DW_OP_consts 32, DW_OP_mul, DW_OP_consts 5, DW_OP_plus, DW_OP_stack_value] $r1
	@DEBUG_VALUE: frame_energy_mean_square:mean <- $s0
	.loc	2 116 41                        @ DoA.c:116:41
	vldr	s2, [r2, #24]
	.loc	2 116 38                        @ DoA.c:116:38
	vadd.f32	s0, s0, s4
.Ltmp92:
	@DEBUG_VALUE: i <- [DW_OP_consts 128, DW_OP_div, DW_OP_consts 32, DW_OP_mul, DW_OP_consts 6, DW_OP_plus, DW_OP_stack_value] $r1
	@DEBUG_VALUE: frame_energy_mean_square:mean <- $s0
	.loc	2 116 41                        @ DoA.c:116:41
	vldr	s4, [r2, #28]
	.loc	2 116 38                        @ DoA.c:116:38
	vadd.f32	s0, s0, s2
.Ltmp93:
	@DEBUG_VALUE: i <- [DW_OP_consts 128, DW_OP_div, DW_OP_consts 32, DW_OP_mul, DW_OP_consts 7, DW_OP_plus, DW_OP_stack_value] $r1
	@DEBUG_VALUE: frame_energy_mean_square:mean <- $s0
	.loc	2 116 41                        @ DoA.c:116:41
	vldr	s2, [r2, #32]
	.loc	2 116 38                        @ DoA.c:116:38
	vadd.f32	s0, s0, s4
.Ltmp94:
	@DEBUG_VALUE: i <- [DW_OP_consts 128, DW_OP_div, DW_OP_consts 32, DW_OP_mul, DW_OP_consts 8, DW_OP_plus, DW_OP_stack_value] $r1
	@DEBUG_VALUE: frame_energy_mean_square:mean <- $s0
	.loc	2 116 41                        @ DoA.c:116:41
	vldr	s4, [r2, #36]
	.loc	2 116 38                        @ DoA.c:116:38
	vadd.f32	s0, s0, s2
.Ltmp95:
	@DEBUG_VALUE: i <- [DW_OP_consts 128, DW_OP_div, DW_OP_consts 32, DW_OP_mul, DW_OP_consts 9, DW_OP_plus, DW_OP_stack_value] $r1
	@DEBUG_VALUE: frame_energy_mean_square:mean <- $s0
	.loc	2 116 41                        @ DoA.c:116:41
	vldr	s2, [r2, #40]
	.loc	2 116 38                        @ DoA.c:116:38
	vadd.f32	s0, s0, s4
.Ltmp96:
	@DEBUG_VALUE: i <- [DW_OP_consts 128, DW_OP_div, DW_OP_consts 32, DW_OP_mul, DW_OP_consts 10, DW_OP_plus, DW_OP_stack_value] $r1
	@DEBUG_VALUE: frame_energy_mean_square:mean <- $s0
	.loc	2 116 41                        @ DoA.c:116:41
	vldr	s4, [r2, #44]
	.loc	2 116 38                        @ DoA.c:116:38
	vadd.f32	s0, s0, s2
.Ltmp97:
	@DEBUG_VALUE: i <- [DW_OP_consts 128, DW_OP_div, DW_OP_consts 32, DW_OP_mul, DW_OP_consts 11, DW_OP_plus, DW_OP_stack_value] $r1
	@DEBUG_VALUE: frame_energy_mean_square:mean <- $s0
	.loc	2 116 41                        @ DoA.c:116:41
	vldr	s2, [r2, #48]
	.loc	2 116 38                        @ DoA.c:116:38
	vadd.f32	s0, s0, s4
.Ltmp98:
	@DEBUG_VALUE: i <- [DW_OP_consts 128, DW_OP_div, DW_OP_consts 32, DW_OP_mul, DW_OP_consts 12, DW_OP_plus, DW_OP_stack_value] $r1
	@DEBUG_VALUE: frame_energy_mean_square:mean <- $s0
	.loc	2 116 41                        @ DoA.c:116:41
	vldr	s4, [r2, #52]
	.loc	2 116 38                        @ DoA.c:116:38
	vadd.f32	s0, s0, s2
.Ltmp99:
	@DEBUG_VALUE: i <- [DW_OP_consts 128, DW_OP_div, DW_OP_consts 32, DW_OP_mul, DW_OP_consts 13, DW_OP_plus, DW_OP_stack_value] $r1
	@DEBUG_VALUE: frame_energy_mean_square:mean <- $s0
	.loc	2 116 41                        @ DoA.c:116:41
	vldr	s2, [r2, #56]
	.loc	2 116 38                        @ DoA.c:116:38
	vadd.f32	s0, s0, s4
.Ltmp100:
	@DEBUG_VALUE: i <- [DW_OP_consts 128, DW_OP_div, DW_OP_consts 32, DW_OP_mul, DW_OP_consts 14, DW_OP_plus, DW_OP_stack_value] $r1
	@DEBUG_VALUE: frame_energy_mean_square:mean <- $s0
	.loc	2 116 41                        @ DoA.c:116:41
	vldr	s4, [r2, #60]
	.loc	2 116 38                        @ DoA.c:116:38
	vadd.f32	s0, s0, s2
.Ltmp101:
	@DEBUG_VALUE: i <- [DW_OP_consts 128, DW_OP_div, DW_OP_consts 32, DW_OP_mul, DW_OP_consts 15, DW_OP_plus, DW_OP_stack_value] $r1
	@DEBUG_VALUE: frame_energy_mean_square:mean <- $s0
	.loc	2 116 41                        @ DoA.c:116:41
	vldr	s2, [r2, #64]
	.loc	2 116 38                        @ DoA.c:116:38
	vadd.f32	s0, s0, s4
.Ltmp102:
	@DEBUG_VALUE: i <- [DW_OP_consts 128, DW_OP_div, DW_OP_consts 32, DW_OP_mul, DW_OP_consts 16, DW_OP_plus, DW_OP_stack_value] $r1
	@DEBUG_VALUE: frame_energy_mean_square:mean <- $s0
	.loc	2 116 41                        @ DoA.c:116:41
	vldr	s4, [r2, #68]
	.loc	2 116 38                        @ DoA.c:116:38
	vadd.f32	s0, s0, s2
.Ltmp103:
	@DEBUG_VALUE: i <- [DW_OP_consts 128, DW_OP_div, DW_OP_consts 32, DW_OP_mul, DW_OP_consts 17, DW_OP_plus, DW_OP_stack_value] $r1
	@DEBUG_VALUE: frame_energy_mean_square:mean <- $s0
	.loc	2 116 41                        @ DoA.c:116:41
	vldr	s2, [r2, #72]
	.loc	2 116 38                        @ DoA.c:116:38
	vadd.f32	s0, s0, s4
.Ltmp104:
	@DEBUG_VALUE: i <- [DW_OP_consts 128, DW_OP_div, DW_OP_consts 32, DW_OP_mul, DW_OP_consts 18, DW_OP_plus, DW_OP_stack_value] $r1
	@DEBUG_VALUE: frame_energy_mean_square:mean <- $s0
	.loc	2 116 41                        @ DoA.c:116:41
	vldr	s4, [r2, #76]
	.loc	2 116 38                        @ DoA.c:116:38
	vadd.f32	s0, s0, s2
.Ltmp105:
	@DEBUG_VALUE: i <- [DW_OP_consts 128, DW_OP_div, DW_OP_consts 32, DW_OP_mul, DW_OP_consts 19, DW_OP_plus, DW_OP_stack_value] $r1
	@DEBUG_VALUE: frame_energy_mean_square:mean <- $s0
	.loc	2 116 41                        @ DoA.c:116:41
	vldr	s2, [r2, #80]
	.loc	2 116 38                        @ DoA.c:116:38
	vadd.f32	s0, s0, s4
.Ltmp106:
	@DEBUG_VALUE: i <- [DW_OP_consts 128, DW_OP_div, DW_OP_consts 32, DW_OP_mul, DW_OP_consts 20, DW_OP_plus, DW_OP_stack_value] $r1
	@DEBUG_VALUE: frame_energy_mean_square:mean <- $s0
	.loc	2 116 41                        @ DoA.c:116:41
	vldr	s4, [r2, #84]
	.loc	2 116 38                        @ DoA.c:116:38
	vadd.f32	s0, s0, s2
.Ltmp107:
	@DEBUG_VALUE: i <- [DW_OP_consts 128, DW_OP_div, DW_OP_consts 32, DW_OP_mul, DW_OP_consts 21, DW_OP_plus, DW_OP_stack_value] $r1
	@DEBUG_VALUE: frame_energy_mean_square:mean <- $s0
	.loc	2 116 41                        @ DoA.c:116:41
	vldr	s2, [r2, #88]
	.loc	2 116 38                        @ DoA.c:116:38
	vadd.f32	s0, s0, s4
.Ltmp108:
	@DEBUG_VALUE: i <- [DW_OP_consts 128, DW_OP_div, DW_OP_consts 32, DW_OP_mul, DW_OP_consts 22, DW_OP_plus, DW_OP_stack_value] $r1
	@DEBUG_VALUE: frame_energy_mean_square:mean <- $s0
	.loc	2 116 41                        @ DoA.c:116:41
	vldr	s4, [r2, #92]
	.loc	2 116 38                        @ DoA.c:116:38
	vadd.f32	s0, s0, s2
.Ltmp109:
	@DEBUG_VALUE: i <- [DW_OP_consts 128, DW_OP_div, DW_OP_consts 32, DW_OP_mul, DW_OP_consts 23, DW_OP_plus, DW_OP_stack_value] $r1
	@DEBUG_VALUE: frame_energy_mean_square:mean <- $s0
	.loc	2 116 41                        @ DoA.c:116:41
	vldr	s2, [r2, #96]
	.loc	2 116 38                        @ DoA.c:116:38
	vadd.f32	s0, s0, s4
.Ltmp110:
	@DEBUG_VALUE: i <- [DW_OP_consts 128, DW_OP_div, DW_OP_consts 32, DW_OP_mul, DW_OP_consts 24, DW_OP_plus, DW_OP_stack_value] $r1
	@DEBUG_VALUE: frame_energy_mean_square:mean <- $s0
	.loc	2 116 41                        @ DoA.c:116:41
	vldr	s4, [r2, #100]
	.loc	2 116 38                        @ DoA.c:116:38
	vadd.f32	s0, s0, s2
.Ltmp111:
	@DEBUG_VALUE: i <- [DW_OP_consts 128, DW_OP_div, DW_OP_consts 32, DW_OP_mul, DW_OP_consts 25, DW_OP_plus, DW_OP_stack_value] $r1
	@DEBUG_VALUE: frame_energy_mean_square:mean <- $s0
	.loc	2 116 41                        @ DoA.c:116:41
	vldr	s2, [r2, #104]
	.loc	2 116 38                        @ DoA.c:116:38
	vadd.f32	s0, s0, s4
.Ltmp112:
	@DEBUG_VALUE: i <- [DW_OP_consts 128, DW_OP_div, DW_OP_consts 32, DW_OP_mul, DW_OP_consts 26, DW_OP_plus, DW_OP_stack_value] $r1
	@DEBUG_VALUE: frame_energy_mean_square:mean <- $s0
	.loc	2 116 41                        @ DoA.c:116:41
	vldr	s4, [r2, #108]
	.loc	2 116 38                        @ DoA.c:116:38
	vadd.f32	s0, s0, s2
.Ltmp113:
	@DEBUG_VALUE: i <- [DW_OP_consts 128, DW_OP_div, DW_OP_consts 32, DW_OP_mul, DW_OP_consts 27, DW_OP_plus, DW_OP_stack_value] $r1
	@DEBUG_VALUE: frame_energy_mean_square:mean <- $s0
	.loc	2 116 41                        @ DoA.c:116:41
	vldr	s2, [r2, #112]
	.loc	2 116 38                        @ DoA.c:116:38
	vadd.f32	s0, s0, s4
.Ltmp114:
	@DEBUG_VALUE: i <- [DW_OP_consts 128, DW_OP_div, DW_OP_consts 32, DW_OP_mul, DW_OP_consts 28, DW_OP_plus, DW_OP_stack_value] $r1
	@DEBUG_VALUE: frame_energy_mean_square:mean <- $s0
	.loc	2 116 41                        @ DoA.c:116:41
	vldr	s4, [r2, #116]
	.loc	2 116 38                        @ DoA.c:116:38
	vadd.f32	s0, s0, s2
.Ltmp115:
	@DEBUG_VALUE: i <- [DW_OP_consts 128, DW_OP_div, DW_OP_consts 32, DW_OP_mul, DW_OP_consts 29, DW_OP_plus, DW_OP_stack_value] $r1
	@DEBUG_VALUE: frame_energy_mean_square:mean <- $s0
	.loc	2 116 41                        @ DoA.c:116:41
	vldr	s2, [r2, #120]
	.loc	2 116 38                        @ DoA.c:116:38
	vadd.f32	s0, s0, s4
.Ltmp116:
	@DEBUG_VALUE: i <- [DW_OP_consts 128, DW_OP_div, DW_OP_consts 32, DW_OP_mul, DW_OP_consts 30, DW_OP_plus, DW_OP_stack_value] $r1
	@DEBUG_VALUE: frame_energy_mean_square:mean <- $s0
	.loc	2 116 41                        @ DoA.c:116:41
	vldr	s4, [r2, #124]
	.loc	2 116 38                        @ DoA.c:116:38
	vadd.f32	s0, s0, s2
.Ltmp117:
	@DEBUG_VALUE: i <- [DW_OP_consts 128, DW_OP_div, DW_OP_consts 32, DW_OP_mul, DW_OP_consts 31, DW_OP_plus, DW_OP_stack_value] $r1
	@DEBUG_VALUE: frame_energy_mean_square:mean <- $s0
	vadd.f32	s2, s0, s4
.Ltmp118:
	@DEBUG_VALUE: i <- [DW_OP_consts 128, DW_OP_div, DW_OP_consts 32, DW_OP_mul, DW_OP_consts 32, DW_OP_plus, DW_OP_stack_value] $r1
	@DEBUG_VALUE: frame_energy_mean_square:mean <- $s2
	.loc	2 116 5                         @ DoA.c:116:5
	le	lr, .LBB2_3
.Ltmp119:
@ %bb.4:
	@DEBUG_VALUE: frame_energy_mean_square:mean <- $s2
	@DEBUG_VALUE: frame_energy_mean_square:N <- 256
	.loc	2 0 5                           @ DoA.c:0:5
	vldr	s0, __arm_cp.2_14
	mov.w	lr, #16
	@DEBUG_VALUE: i <- 0
.Ltmp120:
	@DEBUG_VALUE: frame_energy_mean_square:e <- 0.000000e+00
	@DEBUG_VALUE: frame_energy_mean_square:mean <- $s4
	movs	r1, #0
	@DEBUG_VALUE: frame_energy_mean_square:e <- 0.000000e+00
	@DEBUG_VALUE: i <- 0
	.loc	2 117 10 is_stmt 1              @ DoA.c:117:10
	vmul.f32	s4, s2, s0
.Ltmp121:
	.loc	2 0 10 is_stmt 0                @ DoA.c:0:10
	vldr	s2, .LCPI2_13
.Ltmp122:
	.loc	2 443 5 is_stmt 1               @ DoA.c:443:5
	vmov	r4, s4
.Ltmp123:
	.p2align	2
.LBB2_5:                                @ =>This Inner Loop Header: Depth=1
	@DEBUG_VALUE: frame_energy_mean_square:N <- 256
	@DEBUG_VALUE: frame_energy_mean_square:e <- $s2
	@DEBUG_VALUE: i <- [DW_OP_consts 64, DW_OP_div, DW_OP_consts 16, DW_OP_mul, DW_OP_stack_value] $r1
	.loc	2 121 19                        @ DoA.c:121:19
	adds	r2, r0, r1
.Ltmp124:
	.loc	2 120 23                        @ DoA.c:120:23
	adds	r1, #64
.Ltmp125:
	.loc	2 121 19                        @ DoA.c:121:19
	vldr	s6, [r2]
.Ltmp126:
	@DEBUG_VALUE: i <- [DW_OP_consts 64, DW_OP_div, DW_OP_consts 16, DW_OP_mul, DW_OP_consts 1, DW_OP_plus, DW_OP_stack_value] $r1
	vldr	s8, [r2, #4]
.Ltmp127:
	@DEBUG_VALUE: i <- [DW_OP_consts 64, DW_OP_div, DW_OP_consts 16, DW_OP_mul, DW_OP_consts 2, DW_OP_plus, DW_OP_stack_value] $r1
	.loc	2 121 24 is_stmt 0              @ DoA.c:121:24
	vsub.f32	s6, s6, s4
.Ltmp128:
	@DEBUG_VALUE: v <- $s6
	.loc	2 122 11 is_stmt 1              @ DoA.c:122:11
	vfma.f32	s2, s6, s6
.Ltmp129:
	@DEBUG_VALUE: frame_energy_mean_square:e <- $s2
	.loc	2 121 24                        @ DoA.c:121:24
	vsub.f32	s6, s8, s4
.Ltmp130:
	@DEBUG_VALUE: v <- $s6
	.loc	2 121 19 is_stmt 0              @ DoA.c:121:19
	vldr	s8, [r2, #8]
.Ltmp131:
	@DEBUG_VALUE: i <- [DW_OP_consts 64, DW_OP_div, DW_OP_consts 16, DW_OP_mul, DW_OP_consts 3, DW_OP_plus, DW_OP_stack_value] $r1
	.loc	2 122 11 is_stmt 1              @ DoA.c:122:11
	vfma.f32	s2, s6, s6
.Ltmp132:
	@DEBUG_VALUE: frame_energy_mean_square:e <- $s2
	.loc	2 121 24                        @ DoA.c:121:24
	vsub.f32	s6, s8, s4
.Ltmp133:
	@DEBUG_VALUE: v <- $s6
	.loc	2 121 19 is_stmt 0              @ DoA.c:121:19
	vldr	s8, [r2, #12]
	.loc	2 122 11 is_stmt 1              @ DoA.c:122:11
	vfma.f32	s2, s6, s6
.Ltmp134:
	@DEBUG_VALUE: frame_energy_mean_square:e <- $s2
	.loc	2 121 24                        @ DoA.c:121:24
	vsub.f32	s6, s8, s4
.Ltmp135:
	@DEBUG_VALUE: v <- $s6
	.loc	2 121 19 is_stmt 0              @ DoA.c:121:19
	vldr	s8, [r2, #16]
	.loc	2 122 11 is_stmt 1              @ DoA.c:122:11
	vfma.f32	s2, s6, s6
.Ltmp136:
	@DEBUG_VALUE: i <- [DW_OP_consts 64, DW_OP_div, DW_OP_consts 16, DW_OP_mul, DW_OP_consts 4, DW_OP_plus, DW_OP_stack_value] $r1
	@DEBUG_VALUE: frame_energy_mean_square:e <- $s2
	.loc	2 121 24                        @ DoA.c:121:24
	vsub.f32	s6, s8, s4
.Ltmp137:
	@DEBUG_VALUE: v <- $s6
	.loc	2 121 19 is_stmt 0              @ DoA.c:121:19
	vldr	s8, [r2, #20]
	.loc	2 122 11 is_stmt 1              @ DoA.c:122:11
	vfma.f32	s2, s6, s6
.Ltmp138:
	@DEBUG_VALUE: i <- [DW_OP_consts 64, DW_OP_div, DW_OP_consts 16, DW_OP_mul, DW_OP_consts 5, DW_OP_plus, DW_OP_stack_value] $r1
	@DEBUG_VALUE: frame_energy_mean_square:e <- $s2
	.loc	2 121 24                        @ DoA.c:121:24
	vsub.f32	s6, s8, s4
.Ltmp139:
	@DEBUG_VALUE: v <- $s6
	.loc	2 121 19 is_stmt 0              @ DoA.c:121:19
	vldr	s8, [r2, #24]
	.loc	2 122 11 is_stmt 1              @ DoA.c:122:11
	vfma.f32	s2, s6, s6
.Ltmp140:
	@DEBUG_VALUE: i <- [DW_OP_consts 64, DW_OP_div, DW_OP_consts 16, DW_OP_mul, DW_OP_consts 6, DW_OP_plus, DW_OP_stack_value] $r1
	@DEBUG_VALUE: frame_energy_mean_square:e <- $s2
	.loc	2 121 24                        @ DoA.c:121:24
	vsub.f32	s6, s8, s4
.Ltmp141:
	@DEBUG_VALUE: v <- $s6
	.loc	2 121 19 is_stmt 0              @ DoA.c:121:19
	vldr	s8, [r2, #28]
	.loc	2 122 11 is_stmt 1              @ DoA.c:122:11
	vfma.f32	s2, s6, s6
.Ltmp142:
	@DEBUG_VALUE: i <- [DW_OP_consts 64, DW_OP_div, DW_OP_consts 16, DW_OP_mul, DW_OP_consts 7, DW_OP_plus, DW_OP_stack_value] $r1
	@DEBUG_VALUE: frame_energy_mean_square:e <- $s2
	.loc	2 121 24                        @ DoA.c:121:24
	vsub.f32	s6, s8, s4
.Ltmp143:
	@DEBUG_VALUE: v <- $s6
	.loc	2 121 19 is_stmt 0              @ DoA.c:121:19
	vldr	s8, [r2, #32]
	.loc	2 122 11 is_stmt 1              @ DoA.c:122:11
	vfma.f32	s2, s6, s6
.Ltmp144:
	@DEBUG_VALUE: i <- [DW_OP_consts 64, DW_OP_div, DW_OP_consts 16, DW_OP_mul, DW_OP_consts 8, DW_OP_plus, DW_OP_stack_value] $r1
	@DEBUG_VALUE: frame_energy_mean_square:e <- $s2
	.loc	2 121 24                        @ DoA.c:121:24
	vsub.f32	s6, s8, s4
.Ltmp145:
	@DEBUG_VALUE: v <- $s6
	.loc	2 121 19 is_stmt 0              @ DoA.c:121:19
	vldr	s8, [r2, #36]
	.loc	2 122 11 is_stmt 1              @ DoA.c:122:11
	vfma.f32	s2, s6, s6
.Ltmp146:
	@DEBUG_VALUE: i <- [DW_OP_consts 64, DW_OP_div, DW_OP_consts 16, DW_OP_mul, DW_OP_consts 9, DW_OP_plus, DW_OP_stack_value] $r1
	@DEBUG_VALUE: frame_energy_mean_square:e <- $s2
	.loc	2 121 24                        @ DoA.c:121:24
	vsub.f32	s6, s8, s4
.Ltmp147:
	@DEBUG_VALUE: v <- $s6
	.loc	2 121 19 is_stmt 0              @ DoA.c:121:19
	vldr	s8, [r2, #40]
	.loc	2 122 11 is_stmt 1              @ DoA.c:122:11
	vfma.f32	s2, s6, s6
.Ltmp148:
	@DEBUG_VALUE: i <- [DW_OP_consts 64, DW_OP_div, DW_OP_consts 16, DW_OP_mul, DW_OP_consts 10, DW_OP_plus, DW_OP_stack_value] $r1
	@DEBUG_VALUE: frame_energy_mean_square:e <- $s2
	.loc	2 121 24                        @ DoA.c:121:24
	vsub.f32	s6, s8, s4
.Ltmp149:
	@DEBUG_VALUE: v <- $s6
	.loc	2 121 19 is_stmt 0              @ DoA.c:121:19
	vldr	s8, [r2, #44]
	.loc	2 122 11 is_stmt 1              @ DoA.c:122:11
	vfma.f32	s2, s6, s6
.Ltmp150:
	@DEBUG_VALUE: i <- [DW_OP_consts 64, DW_OP_div, DW_OP_consts 16, DW_OP_mul, DW_OP_consts 11, DW_OP_plus, DW_OP_stack_value] $r1
	@DEBUG_VALUE: frame_energy_mean_square:e <- $s2
	.loc	2 121 24                        @ DoA.c:121:24
	vsub.f32	s6, s8, s4
.Ltmp151:
	@DEBUG_VALUE: v <- $s6
	.loc	2 121 19 is_stmt 0              @ DoA.c:121:19
	vldr	s8, [r2, #48]
	.loc	2 122 11 is_stmt 1              @ DoA.c:122:11
	vfma.f32	s2, s6, s6
.Ltmp152:
	@DEBUG_VALUE: i <- [DW_OP_consts 64, DW_OP_div, DW_OP_consts 16, DW_OP_mul, DW_OP_consts 12, DW_OP_plus, DW_OP_stack_value] $r1
	@DEBUG_VALUE: frame_energy_mean_square:e <- $s2
	.loc	2 121 24                        @ DoA.c:121:24
	vsub.f32	s6, s8, s4
.Ltmp153:
	@DEBUG_VALUE: v <- $s6
	.loc	2 121 19 is_stmt 0              @ DoA.c:121:19
	vldr	s8, [r2, #52]
	.loc	2 122 11 is_stmt 1              @ DoA.c:122:11
	vfma.f32	s2, s6, s6
.Ltmp154:
	@DEBUG_VALUE: i <- [DW_OP_consts 64, DW_OP_div, DW_OP_consts 16, DW_OP_mul, DW_OP_consts 13, DW_OP_plus, DW_OP_stack_value] $r1
	@DEBUG_VALUE: frame_energy_mean_square:e <- $s2
	.loc	2 121 24                        @ DoA.c:121:24
	vsub.f32	s6, s8, s4
.Ltmp155:
	@DEBUG_VALUE: v <- $s6
	.loc	2 121 19 is_stmt 0              @ DoA.c:121:19
	vldr	s8, [r2, #56]
	.loc	2 122 11 is_stmt 1              @ DoA.c:122:11
	vfma.f32	s2, s6, s6
.Ltmp156:
	@DEBUG_VALUE: i <- [DW_OP_consts 64, DW_OP_div, DW_OP_consts 16, DW_OP_mul, DW_OP_consts 14, DW_OP_plus, DW_OP_stack_value] $r1
	@DEBUG_VALUE: frame_energy_mean_square:e <- $s2
	.loc	2 121 24                        @ DoA.c:121:24
	vsub.f32	s6, s8, s4
.Ltmp157:
	@DEBUG_VALUE: v <- $s6
	.loc	2 121 19 is_stmt 0              @ DoA.c:121:19
	vldr	s8, [r2, #60]
	.loc	2 122 11 is_stmt 1              @ DoA.c:122:11
	vfma.f32	s2, s6, s6
.Ltmp158:
	@DEBUG_VALUE: i <- [DW_OP_consts 64, DW_OP_div, DW_OP_consts 16, DW_OP_mul, DW_OP_consts 15, DW_OP_plus, DW_OP_stack_value] $r1
	@DEBUG_VALUE: frame_energy_mean_square:e <- $s2
	.loc	2 121 24                        @ DoA.c:121:24
	vsub.f32	s6, s8, s4
.Ltmp159:
	@DEBUG_VALUE: v <- $s6
	.loc	2 122 11                        @ DoA.c:122:11
	vfma.f32	s2, s6, s6
.Ltmp160:
	@DEBUG_VALUE: i <- [DW_OP_consts 64, DW_OP_div, DW_OP_consts 16, DW_OP_mul, DW_OP_consts 16, DW_OP_plus, DW_OP_stack_value] $r1
	@DEBUG_VALUE: frame_energy_mean_square:e <- $s2
	.loc	2 120 5                         @ DoA.c:120:5
	le	lr, .LBB2_5
.Ltmp161:
@ %bb.6:
	.loc	2 0 5 is_stmt 0                 @ DoA.c:0:5
	mov.w	lr, #8
	movw	r0, :lower16:right_buffer
	movs	r1, #0
	vldr	s4, .LCPI2_13
	movt	r0, :upper16:right_buffer
	.p2align	2
.LBB2_7:                                @ =>This Inner Loop Header: Depth=1
.Ltmp162:
	@DEBUG_VALUE: frame_energy_mean_square:mean <- $s4
	@DEBUG_VALUE: i <- [DW_OP_consts 128, DW_OP_div, DW_OP_consts 32, DW_OP_mul, DW_OP_stack_value] $r1
	.loc	2 116 41 is_stmt 1              @ DoA.c:116:41
	adds	r2, r0, r1
.Ltmp163:
	@DEBUG_VALUE: i <- [DW_OP_consts 128, DW_OP_div, DW_OP_consts 32, DW_OP_mul, DW_OP_consts 3, DW_OP_plus, DW_OP_stack_value] $r1
	.loc	2 116 23 is_stmt 0              @ DoA.c:116:23
	adds	r1, #128
.Ltmp164:
	.loc	2 116 41                        @ DoA.c:116:41
	vldr	s6, [r2]
	vldr	s8, [r2, #4]
	.loc	2 116 38                        @ DoA.c:116:38
	vadd.f32	s4, s4, s6
.Ltmp165:
	@DEBUG_VALUE: frame_energy_mean_square:mean <- $s4
	.loc	2 116 41                        @ DoA.c:116:41
	vldr	s6, [r2, #8]
	.loc	2 116 38                        @ DoA.c:116:38
	vadd.f32	s4, s4, s8
.Ltmp166:
	@DEBUG_VALUE: frame_energy_mean_square:mean <- $s4
	.loc	2 116 41                        @ DoA.c:116:41
	vldr	s8, [r2, #12]
	.loc	2 116 38                        @ DoA.c:116:38
	vadd.f32	s4, s4, s6
.Ltmp167:
	@DEBUG_VALUE: frame_energy_mean_square:mean <- $s4
	.loc	2 116 41                        @ DoA.c:116:41
	vldr	s6, [r2, #16]
	.loc	2 116 38                        @ DoA.c:116:38
	vadd.f32	s4, s4, s8
.Ltmp168:
	@DEBUG_VALUE: i <- [DW_OP_consts 128, DW_OP_div, DW_OP_consts 32, DW_OP_mul, DW_OP_consts 4, DW_OP_plus, DW_OP_stack_value] $r1
	@DEBUG_VALUE: frame_energy_mean_square:mean <- $s4
	.loc	2 116 41                        @ DoA.c:116:41
	vldr	s8, [r2, #20]
	.loc	2 116 38                        @ DoA.c:116:38
	vadd.f32	s4, s4, s6
.Ltmp169:
	@DEBUG_VALUE: i <- [DW_OP_consts 128, DW_OP_div, DW_OP_consts 32, DW_OP_mul, DW_OP_consts 5, DW_OP_plus, DW_OP_stack_value] $r1
	@DEBUG_VALUE: frame_energy_mean_square:mean <- $s4
	.loc	2 116 41                        @ DoA.c:116:41
	vldr	s6, [r2, #24]
	.loc	2 116 38                        @ DoA.c:116:38
	vadd.f32	s4, s4, s8
.Ltmp170:
	@DEBUG_VALUE: i <- [DW_OP_consts 128, DW_OP_div, DW_OP_consts 32, DW_OP_mul, DW_OP_consts 6, DW_OP_plus, DW_OP_stack_value] $r1
	@DEBUG_VALUE: frame_energy_mean_square:mean <- $s4
	.loc	2 116 41                        @ DoA.c:116:41
	vldr	s8, [r2, #28]
	.loc	2 116 38                        @ DoA.c:116:38
	vadd.f32	s4, s4, s6
.Ltmp171:
	@DEBUG_VALUE: i <- [DW_OP_consts 128, DW_OP_div, DW_OP_consts 32, DW_OP_mul, DW_OP_consts 7, DW_OP_plus, DW_OP_stack_value] $r1
	@DEBUG_VALUE: frame_energy_mean_square:mean <- $s4
	.loc	2 116 41                        @ DoA.c:116:41
	vldr	s6, [r2, #32]
	.loc	2 116 38                        @ DoA.c:116:38
	vadd.f32	s4, s4, s8
.Ltmp172:
	@DEBUG_VALUE: i <- [DW_OP_consts 128, DW_OP_div, DW_OP_consts 32, DW_OP_mul, DW_OP_consts 8, DW_OP_plus, DW_OP_stack_value] $r1
	@DEBUG_VALUE: frame_energy_mean_square:mean <- $s4
	.loc	2 116 41                        @ DoA.c:116:41
	vldr	s8, [r2, #36]
	.loc	2 116 38                        @ DoA.c:116:38
	vadd.f32	s4, s4, s6
.Ltmp173:
	@DEBUG_VALUE: i <- [DW_OP_consts 128, DW_OP_div, DW_OP_consts 32, DW_OP_mul, DW_OP_consts 9, DW_OP_plus, DW_OP_stack_value] $r1
	@DEBUG_VALUE: frame_energy_mean_square:mean <- $s4
	.loc	2 116 41                        @ DoA.c:116:41
	vldr	s6, [r2, #40]
	.loc	2 116 38                        @ DoA.c:116:38
	vadd.f32	s4, s4, s8
.Ltmp174:
	@DEBUG_VALUE: i <- [DW_OP_consts 128, DW_OP_div, DW_OP_consts 32, DW_OP_mul, DW_OP_consts 10, DW_OP_plus, DW_OP_stack_value] $r1
	@DEBUG_VALUE: frame_energy_mean_square:mean <- $s4
	.loc	2 116 41                        @ DoA.c:116:41
	vldr	s8, [r2, #44]
	.loc	2 116 38                        @ DoA.c:116:38
	vadd.f32	s4, s4, s6
.Ltmp175:
	@DEBUG_VALUE: i <- [DW_OP_consts 128, DW_OP_div, DW_OP_consts 32, DW_OP_mul, DW_OP_consts 11, DW_OP_plus, DW_OP_stack_value] $r1
	@DEBUG_VALUE: frame_energy_mean_square:mean <- $s4
	.loc	2 116 41                        @ DoA.c:116:41
	vldr	s6, [r2, #48]
	.loc	2 116 38                        @ DoA.c:116:38
	vadd.f32	s4, s4, s8
.Ltmp176:
	@DEBUG_VALUE: i <- [DW_OP_consts 128, DW_OP_div, DW_OP_consts 32, DW_OP_mul, DW_OP_consts 12, DW_OP_plus, DW_OP_stack_value] $r1
	@DEBUG_VALUE: frame_energy_mean_square:mean <- $s4
	.loc	2 116 41                        @ DoA.c:116:41
	vldr	s8, [r2, #52]
	.loc	2 116 38                        @ DoA.c:116:38
	vadd.f32	s4, s4, s6
.Ltmp177:
	@DEBUG_VALUE: i <- [DW_OP_consts 128, DW_OP_div, DW_OP_consts 32, DW_OP_mul, DW_OP_consts 13, DW_OP_plus, DW_OP_stack_value] $r1
	@DEBUG_VALUE: frame_energy_mean_square:mean <- $s4
	.loc	2 116 41                        @ DoA.c:116:41
	vldr	s6, [r2, #56]
	.loc	2 116 38                        @ DoA.c:116:38
	vadd.f32	s4, s4, s8
.Ltmp178:
	@DEBUG_VALUE: i <- [DW_OP_consts 128, DW_OP_div, DW_OP_consts 32, DW_OP_mul, DW_OP_consts 14, DW_OP_plus, DW_OP_stack_value] $r1
	@DEBUG_VALUE: frame_energy_mean_square:mean <- $s4
	.loc	2 116 41                        @ DoA.c:116:41
	vldr	s8, [r2, #60]
	.loc	2 116 38                        @ DoA.c:116:38
	vadd.f32	s4, s4, s6
.Ltmp179:
	@DEBUG_VALUE: i <- [DW_OP_consts 128, DW_OP_div, DW_OP_consts 32, DW_OP_mul, DW_OP_consts 15, DW_OP_plus, DW_OP_stack_value] $r1
	@DEBUG_VALUE: frame_energy_mean_square:mean <- $s4
	.loc	2 116 41                        @ DoA.c:116:41
	vldr	s6, [r2, #64]
	.loc	2 116 38                        @ DoA.c:116:38
	vadd.f32	s4, s4, s8
.Ltmp180:
	@DEBUG_VALUE: i <- [DW_OP_consts 128, DW_OP_div, DW_OP_consts 32, DW_OP_mul, DW_OP_consts 16, DW_OP_plus, DW_OP_stack_value] $r1
	@DEBUG_VALUE: frame_energy_mean_square:mean <- $s4
	.loc	2 116 41                        @ DoA.c:116:41
	vldr	s8, [r2, #68]
	.loc	2 116 38                        @ DoA.c:116:38
	vadd.f32	s4, s4, s6
.Ltmp181:
	@DEBUG_VALUE: i <- [DW_OP_consts 128, DW_OP_div, DW_OP_consts 32, DW_OP_mul, DW_OP_consts 17, DW_OP_plus, DW_OP_stack_value] $r1
	@DEBUG_VALUE: frame_energy_mean_square:mean <- $s4
	.loc	2 116 41                        @ DoA.c:116:41
	vldr	s6, [r2, #72]
	.loc	2 116 38                        @ DoA.c:116:38
	vadd.f32	s4, s4, s8
.Ltmp182:
	@DEBUG_VALUE: i <- [DW_OP_consts 128, DW_OP_div, DW_OP_consts 32, DW_OP_mul, DW_OP_consts 18, DW_OP_plus, DW_OP_stack_value] $r1
	@DEBUG_VALUE: frame_energy_mean_square:mean <- $s4
	.loc	2 116 41                        @ DoA.c:116:41
	vldr	s8, [r2, #76]
	.loc	2 116 38                        @ DoA.c:116:38
	vadd.f32	s4, s4, s6
.Ltmp183:
	@DEBUG_VALUE: i <- [DW_OP_consts 128, DW_OP_div, DW_OP_consts 32, DW_OP_mul, DW_OP_consts 19, DW_OP_plus, DW_OP_stack_value] $r1
	@DEBUG_VALUE: frame_energy_mean_square:mean <- $s4
	.loc	2 116 41                        @ DoA.c:116:41
	vldr	s6, [r2, #80]
	.loc	2 116 38                        @ DoA.c:116:38
	vadd.f32	s4, s4, s8
.Ltmp184:
	@DEBUG_VALUE: i <- [DW_OP_consts 128, DW_OP_div, DW_OP_consts 32, DW_OP_mul, DW_OP_consts 20, DW_OP_plus, DW_OP_stack_value] $r1
	@DEBUG_VALUE: frame_energy_mean_square:mean <- $s4
	.loc	2 116 41                        @ DoA.c:116:41
	vldr	s8, [r2, #84]
	.loc	2 116 38                        @ DoA.c:116:38
	vadd.f32	s4, s4, s6
.Ltmp185:
	@DEBUG_VALUE: i <- [DW_OP_consts 128, DW_OP_div, DW_OP_consts 32, DW_OP_mul, DW_OP_consts 21, DW_OP_plus, DW_OP_stack_value] $r1
	@DEBUG_VALUE: frame_energy_mean_square:mean <- $s4
	.loc	2 116 41                        @ DoA.c:116:41
	vldr	s6, [r2, #88]
	.loc	2 116 38                        @ DoA.c:116:38
	vadd.f32	s4, s4, s8
.Ltmp186:
	@DEBUG_VALUE: i <- [DW_OP_consts 128, DW_OP_div, DW_OP_consts 32, DW_OP_mul, DW_OP_consts 22, DW_OP_plus, DW_OP_stack_value] $r1
	@DEBUG_VALUE: frame_energy_mean_square:mean <- $s4
	.loc	2 116 41                        @ DoA.c:116:41
	vldr	s8, [r2, #92]
	.loc	2 116 38                        @ DoA.c:116:38
	vadd.f32	s4, s4, s6
.Ltmp187:
	@DEBUG_VALUE: i <- [DW_OP_consts 128, DW_OP_div, DW_OP_consts 32, DW_OP_mul, DW_OP_consts 23, DW_OP_plus, DW_OP_stack_value] $r1
	@DEBUG_VALUE: frame_energy_mean_square:mean <- $s4
	.loc	2 116 41                        @ DoA.c:116:41
	vldr	s6, [r2, #96]
	.loc	2 116 38                        @ DoA.c:116:38
	vadd.f32	s4, s4, s8
.Ltmp188:
	@DEBUG_VALUE: i <- [DW_OP_consts 128, DW_OP_div, DW_OP_consts 32, DW_OP_mul, DW_OP_consts 24, DW_OP_plus, DW_OP_stack_value] $r1
	@DEBUG_VALUE: frame_energy_mean_square:mean <- $s4
	.loc	2 116 41                        @ DoA.c:116:41
	vldr	s8, [r2, #100]
	.loc	2 116 38                        @ DoA.c:116:38
	vadd.f32	s4, s4, s6
.Ltmp189:
	@DEBUG_VALUE: i <- [DW_OP_consts 128, DW_OP_div, DW_OP_consts 32, DW_OP_mul, DW_OP_consts 25, DW_OP_plus, DW_OP_stack_value] $r1
	@DEBUG_VALUE: frame_energy_mean_square:mean <- $s4
	.loc	2 116 41                        @ DoA.c:116:41
	vldr	s6, [r2, #104]
	.loc	2 116 38                        @ DoA.c:116:38
	vadd.f32	s4, s4, s8
.Ltmp190:
	@DEBUG_VALUE: i <- [DW_OP_consts 128, DW_OP_div, DW_OP_consts 32, DW_OP_mul, DW_OP_consts 26, DW_OP_plus, DW_OP_stack_value] $r1
	@DEBUG_VALUE: frame_energy_mean_square:mean <- $s4
	.loc	2 116 41                        @ DoA.c:116:41
	vldr	s8, [r2, #108]
	.loc	2 116 38                        @ DoA.c:116:38
	vadd.f32	s4, s4, s6
.Ltmp191:
	@DEBUG_VALUE: i <- [DW_OP_consts 128, DW_OP_div, DW_OP_consts 32, DW_OP_mul, DW_OP_consts 27, DW_OP_plus, DW_OP_stack_value] $r1
	@DEBUG_VALUE: frame_energy_mean_square:mean <- $s4
	.loc	2 116 41                        @ DoA.c:116:41
	vldr	s6, [r2, #112]
	.loc	2 116 38                        @ DoA.c:116:38
	vadd.f32	s4, s4, s8
.Ltmp192:
	@DEBUG_VALUE: i <- [DW_OP_consts 128, DW_OP_div, DW_OP_consts 32, DW_OP_mul, DW_OP_consts 28, DW_OP_plus, DW_OP_stack_value] $r1
	@DEBUG_VALUE: frame_energy_mean_square:mean <- $s4
	.loc	2 116 41                        @ DoA.c:116:41
	vldr	s8, [r2, #116]
	.loc	2 116 38                        @ DoA.c:116:38
	vadd.f32	s4, s4, s6
.Ltmp193:
	@DEBUG_VALUE: i <- [DW_OP_consts 128, DW_OP_div, DW_OP_consts 32, DW_OP_mul, DW_OP_consts 29, DW_OP_plus, DW_OP_stack_value] $r1
	@DEBUG_VALUE: frame_energy_mean_square:mean <- $s4
	.loc	2 116 41                        @ DoA.c:116:41
	vldr	s6, [r2, #120]
	.loc	2 116 38                        @ DoA.c:116:38
	vadd.f32	s4, s4, s8
.Ltmp194:
	@DEBUG_VALUE: i <- [DW_OP_consts 128, DW_OP_div, DW_OP_consts 32, DW_OP_mul, DW_OP_consts 30, DW_OP_plus, DW_OP_stack_value] $r1
	@DEBUG_VALUE: frame_energy_mean_square:mean <- $s4
	.loc	2 116 41                        @ DoA.c:116:41
	vldr	s8, [r2, #124]
	.loc	2 116 38                        @ DoA.c:116:38
	vadd.f32	s4, s4, s6
.Ltmp195:
	@DEBUG_VALUE: i <- [DW_OP_consts 128, DW_OP_div, DW_OP_consts 32, DW_OP_mul, DW_OP_consts 31, DW_OP_plus, DW_OP_stack_value] $r1
	@DEBUG_VALUE: frame_energy_mean_square:mean <- $s4
	vadd.f32	s4, s4, s8
.Ltmp196:
	@DEBUG_VALUE: i <- [DW_OP_consts 128, DW_OP_div, DW_OP_consts 32, DW_OP_mul, DW_OP_consts 32, DW_OP_plus, DW_OP_stack_value] $r1
	@DEBUG_VALUE: frame_energy_mean_square:mean <- $s4
	.loc	2 116 5                         @ DoA.c:116:5
	le	lr, .LBB2_7
.Ltmp197:
@ %bb.8:
	@DEBUG_VALUE: frame_energy_mean_square:mean <- $s4
	.loc	2 0 5                           @ DoA.c:0:5
	mov.w	lr, #16
	@DEBUG_VALUE: i <- 0
.Ltmp198:
	@DEBUG_VALUE: frame_energy_mean_square:e <- 0.000000e+00
	@DEBUG_VALUE: frame_energy_mean_square:mean <- $s6
	movs	r1, #0
	@DEBUG_VALUE: frame_energy_mean_square:e <- 0.000000e+00
	@DEBUG_VALUE: i <- 0
	.loc	2 117 10 is_stmt 1              @ DoA.c:117:10
	vmul.f32	s6, s4, s0
.Ltmp199:
	.loc	2 0 10 is_stmt 0                @ DoA.c:0:10
	vldr	s4, .LCPI2_13
.Ltmp200:
	.loc	2 443 5 is_stmt 1               @ DoA.c:443:5
	vmov	r5, s6
.Ltmp201:
	.p2align	2
.LBB2_9:                                @ =>This Inner Loop Header: Depth=1
	@DEBUG_VALUE: frame_energy_mean_square:e <- $s4
	@DEBUG_VALUE: i <- [DW_OP_consts 64, DW_OP_div, DW_OP_consts 16, DW_OP_mul, DW_OP_stack_value] $r1
	.loc	2 121 19                        @ DoA.c:121:19
	adds	r2, r0, r1
.Ltmp202:
	.loc	2 120 23                        @ DoA.c:120:23
	adds	r1, #64
.Ltmp203:
	.loc	2 121 19                        @ DoA.c:121:19
	vldr	s8, [r2]
.Ltmp204:
	@DEBUG_VALUE: i <- [DW_OP_consts 64, DW_OP_div, DW_OP_consts 16, DW_OP_mul, DW_OP_consts 1, DW_OP_plus, DW_OP_stack_value] $r1
	vldr	s10, [r2, #4]
.Ltmp205:
	@DEBUG_VALUE: i <- [DW_OP_consts 64, DW_OP_div, DW_OP_consts 16, DW_OP_mul, DW_OP_consts 2, DW_OP_plus, DW_OP_stack_value] $r1
	.loc	2 121 24 is_stmt 0              @ DoA.c:121:24
	vsub.f32	s8, s8, s6
.Ltmp206:
	@DEBUG_VALUE: v <- $s8
	.loc	2 122 11 is_stmt 1              @ DoA.c:122:11
	vfma.f32	s4, s8, s8
.Ltmp207:
	@DEBUG_VALUE: frame_energy_mean_square:e <- $s4
	.loc	2 121 24                        @ DoA.c:121:24
	vsub.f32	s8, s10, s6
.Ltmp208:
	@DEBUG_VALUE: v <- $s8
	.loc	2 121 19 is_stmt 0              @ DoA.c:121:19
	vldr	s10, [r2, #8]
.Ltmp209:
	@DEBUG_VALUE: i <- [DW_OP_consts 64, DW_OP_div, DW_OP_consts 16, DW_OP_mul, DW_OP_consts 3, DW_OP_plus, DW_OP_stack_value] $r1
	.loc	2 122 11 is_stmt 1              @ DoA.c:122:11
	vfma.f32	s4, s8, s8
.Ltmp210:
	@DEBUG_VALUE: frame_energy_mean_square:e <- $s4
	.loc	2 121 24                        @ DoA.c:121:24
	vsub.f32	s8, s10, s6
.Ltmp211:
	@DEBUG_VALUE: v <- $s8
	.loc	2 121 19 is_stmt 0              @ DoA.c:121:19
	vldr	s10, [r2, #12]
	.loc	2 122 11 is_stmt 1              @ DoA.c:122:11
	vfma.f32	s4, s8, s8
.Ltmp212:
	@DEBUG_VALUE: frame_energy_mean_square:e <- $s4
	.loc	2 121 24                        @ DoA.c:121:24
	vsub.f32	s8, s10, s6
.Ltmp213:
	@DEBUG_VALUE: v <- $s8
	.loc	2 121 19 is_stmt 0              @ DoA.c:121:19
	vldr	s10, [r2, #16]
	.loc	2 122 11 is_stmt 1              @ DoA.c:122:11
	vfma.f32	s4, s8, s8
.Ltmp214:
	@DEBUG_VALUE: i <- [DW_OP_consts 64, DW_OP_div, DW_OP_consts 16, DW_OP_mul, DW_OP_consts 4, DW_OP_plus, DW_OP_stack_value] $r1
	@DEBUG_VALUE: frame_energy_mean_square:e <- $s4
	.loc	2 121 24                        @ DoA.c:121:24
	vsub.f32	s8, s10, s6
.Ltmp215:
	@DEBUG_VALUE: v <- $s8
	.loc	2 121 19 is_stmt 0              @ DoA.c:121:19
	vldr	s10, [r2, #20]
	.loc	2 122 11 is_stmt 1              @ DoA.c:122:11
	vfma.f32	s4, s8, s8
.Ltmp216:
	@DEBUG_VALUE: i <- [DW_OP_consts 64, DW_OP_div, DW_OP_consts 16, DW_OP_mul, DW_OP_consts 5, DW_OP_plus, DW_OP_stack_value] $r1
	@DEBUG_VALUE: frame_energy_mean_square:e <- $s4
	.loc	2 121 24                        @ DoA.c:121:24
	vsub.f32	s8, s10, s6
.Ltmp217:
	@DEBUG_VALUE: v <- $s8
	.loc	2 121 19 is_stmt 0              @ DoA.c:121:19
	vldr	s10, [r2, #24]
	.loc	2 122 11 is_stmt 1              @ DoA.c:122:11
	vfma.f32	s4, s8, s8
.Ltmp218:
	@DEBUG_VALUE: i <- [DW_OP_consts 64, DW_OP_div, DW_OP_consts 16, DW_OP_mul, DW_OP_consts 6, DW_OP_plus, DW_OP_stack_value] $r1
	@DEBUG_VALUE: frame_energy_mean_square:e <- $s4
	.loc	2 121 24                        @ DoA.c:121:24
	vsub.f32	s8, s10, s6
.Ltmp219:
	@DEBUG_VALUE: v <- $s8
	.loc	2 121 19 is_stmt 0              @ DoA.c:121:19
	vldr	s10, [r2, #28]
	.loc	2 122 11 is_stmt 1              @ DoA.c:122:11
	vfma.f32	s4, s8, s8
.Ltmp220:
	@DEBUG_VALUE: i <- [DW_OP_consts 64, DW_OP_div, DW_OP_consts 16, DW_OP_mul, DW_OP_consts 7, DW_OP_plus, DW_OP_stack_value] $r1
	@DEBUG_VALUE: frame_energy_mean_square:e <- $s4
	.loc	2 121 24                        @ DoA.c:121:24
	vsub.f32	s8, s10, s6
.Ltmp221:
	@DEBUG_VALUE: v <- $s8
	.loc	2 121 19 is_stmt 0              @ DoA.c:121:19
	vldr	s10, [r2, #32]
	.loc	2 122 11 is_stmt 1              @ DoA.c:122:11
	vfma.f32	s4, s8, s8
.Ltmp222:
	@DEBUG_VALUE: i <- [DW_OP_consts 64, DW_OP_div, DW_OP_consts 16, DW_OP_mul, DW_OP_consts 8, DW_OP_plus, DW_OP_stack_value] $r1
	@DEBUG_VALUE: frame_energy_mean_square:e <- $s4
	.loc	2 121 24                        @ DoA.c:121:24
	vsub.f32	s8, s10, s6
.Ltmp223:
	@DEBUG_VALUE: v <- $s8
	.loc	2 121 19 is_stmt 0              @ DoA.c:121:19
	vldr	s10, [r2, #36]
	.loc	2 122 11 is_stmt 1              @ DoA.c:122:11
	vfma.f32	s4, s8, s8
.Ltmp224:
	@DEBUG_VALUE: i <- [DW_OP_consts 64, DW_OP_div, DW_OP_consts 16, DW_OP_mul, DW_OP_consts 9, DW_OP_plus, DW_OP_stack_value] $r1
	@DEBUG_VALUE: frame_energy_mean_square:e <- $s4
	.loc	2 121 24                        @ DoA.c:121:24
	vsub.f32	s8, s10, s6
.Ltmp225:
	@DEBUG_VALUE: v <- $s8
	.loc	2 121 19 is_stmt 0              @ DoA.c:121:19
	vldr	s10, [r2, #40]
	.loc	2 122 11 is_stmt 1              @ DoA.c:122:11
	vfma.f32	s4, s8, s8
.Ltmp226:
	@DEBUG_VALUE: i <- [DW_OP_consts 64, DW_OP_div, DW_OP_consts 16, DW_OP_mul, DW_OP_consts 10, DW_OP_plus, DW_OP_stack_value] $r1
	@DEBUG_VALUE: frame_energy_mean_square:e <- $s4
	.loc	2 121 24                        @ DoA.c:121:24
	vsub.f32	s8, s10, s6
.Ltmp227:
	@DEBUG_VALUE: v <- $s8
	.loc	2 121 19 is_stmt 0              @ DoA.c:121:19
	vldr	s10, [r2, #44]
	.loc	2 122 11 is_stmt 1              @ DoA.c:122:11
	vfma.f32	s4, s8, s8
.Ltmp228:
	@DEBUG_VALUE: i <- [DW_OP_consts 64, DW_OP_div, DW_OP_consts 16, DW_OP_mul, DW_OP_consts 11, DW_OP_plus, DW_OP_stack_value] $r1
	@DEBUG_VALUE: frame_energy_mean_square:e <- $s4
	.loc	2 121 24                        @ DoA.c:121:24
	vsub.f32	s8, s10, s6
.Ltmp229:
	@DEBUG_VALUE: v <- $s8
	.loc	2 121 19 is_stmt 0              @ DoA.c:121:19
	vldr	s10, [r2, #48]
	.loc	2 122 11 is_stmt 1              @ DoA.c:122:11
	vfma.f32	s4, s8, s8
.Ltmp230:
	@DEBUG_VALUE: i <- [DW_OP_consts 64, DW_OP_div, DW_OP_consts 16, DW_OP_mul, DW_OP_consts 12, DW_OP_plus, DW_OP_stack_value] $r1
	@DEBUG_VALUE: frame_energy_mean_square:e <- $s4
	.loc	2 121 24                        @ DoA.c:121:24
	vsub.f32	s8, s10, s6
.Ltmp231:
	@DEBUG_VALUE: v <- $s8
	.loc	2 121 19 is_stmt 0              @ DoA.c:121:19
	vldr	s10, [r2, #52]
	.loc	2 122 11 is_stmt 1              @ DoA.c:122:11
	vfma.f32	s4, s8, s8
.Ltmp232:
	@DEBUG_VALUE: i <- [DW_OP_consts 64, DW_OP_div, DW_OP_consts 16, DW_OP_mul, DW_OP_consts 13, DW_OP_plus, DW_OP_stack_value] $r1
	@DEBUG_VALUE: frame_energy_mean_square:e <- $s4
	.loc	2 121 24                        @ DoA.c:121:24
	vsub.f32	s8, s10, s6
.Ltmp233:
	@DEBUG_VALUE: v <- $s8
	.loc	2 121 19 is_stmt 0              @ DoA.c:121:19
	vldr	s10, [r2, #56]
	.loc	2 122 11 is_stmt 1              @ DoA.c:122:11
	vfma.f32	s4, s8, s8
.Ltmp234:
	@DEBUG_VALUE: i <- [DW_OP_consts 64, DW_OP_div, DW_OP_consts 16, DW_OP_mul, DW_OP_consts 14, DW_OP_plus, DW_OP_stack_value] $r1
	@DEBUG_VALUE: frame_energy_mean_square:e <- $s4
	.loc	2 121 24                        @ DoA.c:121:24
	vsub.f32	s8, s10, s6
.Ltmp235:
	@DEBUG_VALUE: v <- $s8
	.loc	2 121 19 is_stmt 0              @ DoA.c:121:19
	vldr	s10, [r2, #60]
	.loc	2 122 11 is_stmt 1              @ DoA.c:122:11
	vfma.f32	s4, s8, s8
.Ltmp236:
	@DEBUG_VALUE: i <- [DW_OP_consts 64, DW_OP_div, DW_OP_consts 16, DW_OP_mul, DW_OP_consts 15, DW_OP_plus, DW_OP_stack_value] $r1
	@DEBUG_VALUE: frame_energy_mean_square:e <- $s4
	.loc	2 121 24                        @ DoA.c:121:24
	vsub.f32	s8, s10, s6
.Ltmp237:
	@DEBUG_VALUE: v <- $s8
	.loc	2 122 11                        @ DoA.c:122:11
	vfma.f32	s4, s8, s8
.Ltmp238:
	@DEBUG_VALUE: i <- [DW_OP_consts 64, DW_OP_div, DW_OP_consts 16, DW_OP_mul, DW_OP_consts 16, DW_OP_plus, DW_OP_stack_value] $r1
	@DEBUG_VALUE: frame_energy_mean_square:e <- $s4
	.loc	2 120 5                         @ DoA.c:120:5
	le	lr, .LBB2_9
.Ltmp239:
@ %bb.10:
	.loc	2 124 7                         @ DoA.c:124:7
	vmul.f32	s6, s2, s0
.Ltmp240:
	@DEBUG_VALUE: doa_process_one_frame:ER <- undef
	@DEBUG_VALUE: doa_process_one_frame:meanR0 <- undef
	@DEBUG_VALUE: frame_energy_mean_square:e <- undef
	.loc	2 0 7 is_stmt 0                 @ DoA.c:0:7
	vldr	s2, __arm_cp.2_15
	vldr	s16, __arm_cp.2_16
.Ltmp241:
	.loc	2 434 28 is_stmt 1              @ DoA.c:434:28
	vcmp.f32	s6, s2
	vmrs	APSR_nzcv, fpscr
	bge	.LBB2_12
.Ltmp242:
@ %bb.11:
	.loc	2 0 28 is_stmt 0                @ DoA.c:0:28
	vmul.f32	s0, s4, s0
.Ltmp243:
	@DEBUG_VALUE: doa_process_one_frame:ER <- $s0
	@DEBUG_VALUE: frame_energy_mean_square:e <- $s0
	.loc	2 434 28                        @ DoA.c:434:28
	vcmp.f32	s0, s2
	vmrs	APSR_nzcv, fpscr
	blt.w	.LBB2_41
.Ltmp244:
.LBB2_12:
	.loc	2 451 27 is_stmt 1              @ DoA.c:451:27
	movw	r8, :lower16:fft_left_imag
	mov.w	r1, #1024
	movt	r8, :upper16:fft_left_imag
	mov	r0, r8
	bl	__aeabi_memclr4
.Ltmp245:
	.loc	2 454 27                        @ DoA.c:454:27
	movw	r10, :lower16:fft_right_imag
	mov.w	r1, #1024
	movt	r10, :upper16:fft_right_imag
	mov	r0, r10
	bl	__aeabi_memclr4
.Ltmp246:
	.loc	2 0 27 is_stmt 0                @ DoA.c:0:27
	mov.w	lr, #64
	movw	r9, :lower16:fft_left_real
	movw	r11, :lower16:fft_right_real
	movw	r0, :lower16:left_buffer
	movw	r1, :lower16:right_buffer
	movw	r2, :lower16:hann_window
	movt	r9, :upper16:fft_left_real
	movt	r11, :upper16:fft_right_real
	mov	r7, r9
	movt	r0, :upper16:left_buffer
	mov	r3, r11
	movt	r1, :upper16:right_buffer
	movt	r2, :upper16:hann_window
	.p2align	2
.LBB2_13:                               @ =>This Inner Loop Header: Depth=1
	.loc	2 444 20 is_stmt 1              @ DoA.c:444:20
	vldrw.u32	q0, [r0], #16
	.loc	2 444 36 is_stmt 0              @ DoA.c:444:36
	vsub.f32	q0, q0, r4
	.loc	2 445 20 is_stmt 1              @ DoA.c:445:20
	vldrw.u32	q1, [r1], #16
	.loc	2 445 36 is_stmt 0              @ DoA.c:445:36
	vsub.f32	q1, q1, r5
	.loc	2 447 14 is_stmt 1              @ DoA.c:447:14
	vldrw.u32	q2, [r2], #16
	.loc	2 447 11 is_stmt 0              @ DoA.c:447:11
	vmul.f32	q0, q0, q2
	.loc	2 450 27 is_stmt 1              @ DoA.c:450:27
	vstrb.8	q0, [r7], #16
	.loc	2 448 11                        @ DoA.c:448:11
	vmul.f32	q0, q1, q2
	.loc	2 453 27                        @ DoA.c:453:27
	vstrb.8	q0, [r3], #16
.Ltmp247:
	.loc	2 443 38                        @ DoA.c:443:38
	le	lr, .LBB2_13
.Ltmp248:
@ %bb.14:
	@DEBUG_VALUE: fft_rfft_full:N <- 256
	.loc	2 177 5                         @ DoA.c:177:5
	movw	r4, :lower16:specL_packed
	movw	r0, :lower16:g_rfft
	movt	r4, :upper16:specL_packed
.Ltmp249:
	@DEBUG_VALUE: fft_rfft_full:packed_out <- $r4
	mov	r1, r9
	movt	r0, :upper16:g_rfft
.Ltmp250:
	@DEBUG_VALUE: fft_rfft_full:real <- $r9
	mov	r2, r4
	movs	r3, #0
	movs	r5, #0
	bl	arm_rfft_fast_f32
.Ltmp251:
	@DEBUG_VALUE: unpack_rfft_packed_to_full:N <- 256
	@DEBUG_VALUE: unpack_rfft_packed_to_full:packed <- $r4
	@DEBUG_VALUE: unpack_rfft_packed_to_full:outRe <- $r9
	.loc	2 134 18                        @ DoA.c:134:18
	ldrd	r0, r1, [r4]
	.loc	2 135 16                        @ DoA.c:135:16
	str.w	r5, [r8]
	.loc	2 134 16                        @ DoA.c:134:16
	str.w	r0, [r9]
.Ltmp252:
	@DEBUG_VALUE: unpack_rfft_packed_to_full:outIm <- $r8
	@DEBUG_VALUE: fft_rfft_full:imag <- $r8
	.loc	2 0 16 is_stmt 0                @ DoA.c:0:16
	add.w	r0, r4, #36
	@DEBUG_VALUE: k <- 1
	.loc	2 138 16 is_stmt 1              @ DoA.c:138:16
	str.w	r5, [r8, #512]
	.loc	2 137 16                        @ DoA.c:137:16
	str.w	r1, [r9, #512]
	movs	r1, #0
.Ltmp253:
	.p2align	2
.LBB2_15:                               @ =>This Inner Loop Header: Depth=1
	@DEBUG_VALUE: fft_rfft_full:imag <- $r8
	@DEBUG_VALUE: unpack_rfft_packed_to_full:outIm <- $r8
	@DEBUG_VALUE: unpack_rfft_packed_to_full:outRe <- $r9
	@DEBUG_VALUE: unpack_rfft_packed_to_full:packed <- $r4
	@DEBUG_VALUE: unpack_rfft_packed_to_full:N <- 256
	@DEBUG_VALUE: fft_rfft_full:real <- $r9
	@DEBUG_VALUE: fft_rfft_full:packed_out <- $r4
	@DEBUG_VALUE: fft_rfft_full:N <- 256
	@DEBUG_VALUE: k <- [DW_OP_consts 18446744073709551600, DW_OP_div, DW_OP_consts 4, DW_OP_mul, DW_OP_consts 1, DW_OP_plus, DW_OP_stack_value] $r1
	@DEBUG_VALUE: re <- undef
	@DEBUG_VALUE: im <- undef
	.loc	2 142 24                        @ DoA.c:142:24
	vldr	s0, [r0, #-28]
.Ltmp254:
	@DEBUG_VALUE: re <- $s0
	.loc	2 143 24                        @ DoA.c:143:24
	vldr	s2, [r0, #-24]
.Ltmp255:
	@DEBUG_VALUE: im <- $s2
	.loc	2 145 18                        @ DoA.c:145:18
	add.w	r2, r9, r5
	.loc	2 149 22                        @ DoA.c:149:22
	add.w	r3, r9, r1
	.loc	2 143 24                        @ DoA.c:143:24
	vldr	s6, [r0, #-16]
	.loc	2 145 18                        @ DoA.c:145:18
	vstr	s0, [r2, #4]
	.loc	2 149 22                        @ DoA.c:149:22
	vstr	s0, [r3, #1020]
	.loc	2 150 24                        @ DoA.c:150:24
	vneg.f32	s0, s2
.Ltmp256:
	.loc	2 146 18                        @ DoA.c:146:18
	add.w	r7, r8, r5
	.loc	2 150 22                        @ DoA.c:150:22
	add.w	r6, r8, r1
	.loc	2 143 24                        @ DoA.c:143:24
	vldr	s10, [r0, #-8]
	.loc	2 146 18                        @ DoA.c:146:18
	vstr	s2, [r7, #4]
	.loc	2 150 22                        @ DoA.c:150:22
	vstr	s0, [r6, #1020]
.Ltmp257:
	@DEBUG_VALUE: im <- $s6
	@DEBUG_VALUE: re <- $s4
	@DEBUG_VALUE: k <- [DW_OP_consts 18446744073709551600, DW_OP_div, DW_OP_consts 4, DW_OP_mul, DW_OP_consts 2, DW_OP_plus, DW_OP_stack_value] $r1
	.loc	2 150 24 is_stmt 0              @ DoA.c:150:24
	vneg.f32	s0, s6
	.loc	2 142 24 is_stmt 1              @ DoA.c:142:24
	vldr	s4, [r0, #-20]
.Ltmp258:
	vldr	s8, [r0, #-12]
	.loc	2 146 18                        @ DoA.c:146:18
	vstr	s6, [r7, #8]
	.loc	2 150 22                        @ DoA.c:150:22
	vstr	s0, [r6, #1016]
	.loc	2 150 24 is_stmt 0              @ DoA.c:150:24
	vneg.f32	s0, s10
.Ltmp259:
	.loc	2 140 5 is_stmt 1               @ DoA.c:140:5
	cmn.w	r1, #496
.Ltmp260:
	.loc	2 145 18                        @ DoA.c:145:18
	vstr	s4, [r2, #8]
	.loc	2 149 22                        @ DoA.c:149:22
	vstr	s4, [r3, #1016]
	.loc	2 145 18                        @ DoA.c:145:18
	vstr	s8, [r2, #12]
	.loc	2 146 18                        @ DoA.c:146:18
	vstr	s10, [r7, #12]
	.loc	2 149 22                        @ DoA.c:149:22
	vstr	s8, [r3, #1012]
	.loc	2 150 22                        @ DoA.c:150:22
	vstr	s0, [r6, #1012]
.Ltmp261:
	@DEBUG_VALUE: k <- [DW_OP_consts 18446744073709551600, DW_OP_div, DW_OP_consts 4, DW_OP_mul, DW_OP_consts 4, DW_OP_plus, DW_OP_stack_value] $r1
	.loc	2 140 5                         @ DoA.c:140:5
	beq	.LBB2_17
.Ltmp262:
@ %bb.16:                               @   in Loop: Header=BB2_15 Depth=1
	@DEBUG_VALUE: k <- [DW_OP_consts 18446744073709551600, DW_OP_div, DW_OP_consts 4, DW_OP_mul, DW_OP_consts 4, DW_OP_plus, DW_OP_stack_value] $r1
	@DEBUG_VALUE: im <- $s6
	@DEBUG_VALUE: fft_rfft_full:imag <- $r8
	@DEBUG_VALUE: unpack_rfft_packed_to_full:outIm <- $r8
	@DEBUG_VALUE: unpack_rfft_packed_to_full:outRe <- $r9
	@DEBUG_VALUE: unpack_rfft_packed_to_full:packed <- $r4
	@DEBUG_VALUE: unpack_rfft_packed_to_full:N <- 256
	@DEBUG_VALUE: fft_rfft_full:real <- $r9
	@DEBUG_VALUE: fft_rfft_full:packed_out <- $r4
	@DEBUG_VALUE: fft_rfft_full:N <- 256
	@DEBUG_VALUE: k <- [DW_OP_consts 18446744073709551600, DW_OP_div, DW_OP_consts 4, DW_OP_mul, DW_OP_consts 4, DW_OP_plus, DW_OP_stack_value] $r1
	@DEBUG_VALUE: re <- undef
	@DEBUG_VALUE: im <- undef
	.loc	2 143 24                        @ DoA.c:143:24
	vldr	s2, [r0]
.Ltmp263:
	@DEBUG_VALUE: im <- $s2
	.loc	2 142 24                        @ DoA.c:142:24
	vldr	s0, [r0, #-4]
.Ltmp264:
	@DEBUG_VALUE: re <- $s0
	.loc	2 146 18                        @ DoA.c:146:18
	vstr	s2, [r7, #16]
	.loc	2 150 24                        @ DoA.c:150:24
	vneg.f32	s2, s2
.Ltmp265:
	.loc	2 145 18                        @ DoA.c:145:18
	vstr	s0, [r2, #16]
	.loc	2 149 22                        @ DoA.c:149:22
	vstr	s0, [r3, #1008]
	.loc	2 150 22                        @ DoA.c:150:22
	vstr	s2, [r6, #1008]
.Ltmp266:
	@DEBUG_VALUE: k <- [DW_OP_consts 18446744073709551600, DW_OP_div, DW_OP_consts 4, DW_OP_mul, DW_OP_consts 5, DW_OP_plus, DW_OP_stack_value] $r1
	.loc	2 0 22 is_stmt 0                @ DoA.c:0:22
	subs	r1, #16
.Ltmp267:
	adds	r5, #16
	adds	r0, #32
	b	.LBB2_15
.Ltmp268:
.LBB2_17:
	@DEBUG_VALUE: fft_rfft_full:N <- 256
	.loc	2 177 5 is_stmt 1               @ DoA.c:177:5
	movw	r4, :lower16:specR_packed
	movw	r0, :lower16:g_rfft
	movt	r4, :upper16:specR_packed
.Ltmp269:
	@DEBUG_VALUE: fft_rfft_full:packed_out <- $r4
	mov	r1, r11
	movt	r0, :upper16:g_rfft
.Ltmp270:
	@DEBUG_VALUE: fft_rfft_full:real <- $r11
	mov	r2, r4
	movs	r3, #0
	movs	r5, #0
	bl	arm_rfft_fast_f32
.Ltmp271:
	@DEBUG_VALUE: unpack_rfft_packed_to_full:N <- 256
	@DEBUG_VALUE: unpack_rfft_packed_to_full:packed <- $r4
	@DEBUG_VALUE: unpack_rfft_packed_to_full:outRe <- $r11
	.loc	2 134 18                        @ DoA.c:134:18
	ldrd	r0, r1, [r4]
	.loc	2 135 16                        @ DoA.c:135:16
	str.w	r5, [r10]
	.loc	2 134 16                        @ DoA.c:134:16
	str.w	r0, [r11]
.Ltmp272:
	@DEBUG_VALUE: unpack_rfft_packed_to_full:outIm <- $r10
	@DEBUG_VALUE: fft_rfft_full:imag <- $r10
	.loc	2 0 16 is_stmt 0                @ DoA.c:0:16
	add.w	r0, r4, #36
	@DEBUG_VALUE: k <- 1
	.loc	2 138 16 is_stmt 1              @ DoA.c:138:16
	str.w	r5, [r10, #512]
	.loc	2 137 16                        @ DoA.c:137:16
	str.w	r1, [r11, #512]
	movs	r1, #0
.Ltmp273:
	.p2align	2
.LBB2_18:                               @ =>This Inner Loop Header: Depth=1
	@DEBUG_VALUE: fft_rfft_full:imag <- $r10
	@DEBUG_VALUE: unpack_rfft_packed_to_full:outIm <- $r10
	@DEBUG_VALUE: unpack_rfft_packed_to_full:outRe <- $r11
	@DEBUG_VALUE: unpack_rfft_packed_to_full:packed <- $r4
	@DEBUG_VALUE: unpack_rfft_packed_to_full:N <- 256
	@DEBUG_VALUE: fft_rfft_full:real <- $r11
	@DEBUG_VALUE: fft_rfft_full:packed_out <- $r4
	@DEBUG_VALUE: fft_rfft_full:N <- 256
	@DEBUG_VALUE: k <- [DW_OP_consts 18446744073709551600, DW_OP_div, DW_OP_consts 4, DW_OP_mul, DW_OP_consts 1, DW_OP_plus, DW_OP_stack_value] $r1
	@DEBUG_VALUE: re <- undef
	@DEBUG_VALUE: im <- undef
	.loc	2 142 24                        @ DoA.c:142:24
	vldr	s0, [r0, #-28]
.Ltmp274:
	@DEBUG_VALUE: re <- $s0
	.loc	2 143 24                        @ DoA.c:143:24
	vldr	s2, [r0, #-24]
.Ltmp275:
	@DEBUG_VALUE: im <- $s2
	.loc	2 145 18                        @ DoA.c:145:18
	add.w	r2, r11, r5
	.loc	2 149 22                        @ DoA.c:149:22
	add.w	r3, r11, r1
	.loc	2 143 24                        @ DoA.c:143:24
	vldr	s6, [r0, #-16]
	.loc	2 145 18                        @ DoA.c:145:18
	vstr	s0, [r2, #4]
	.loc	2 149 22                        @ DoA.c:149:22
	vstr	s0, [r3, #1020]
	.loc	2 150 24                        @ DoA.c:150:24
	vneg.f32	s0, s2
.Ltmp276:
	.loc	2 146 18                        @ DoA.c:146:18
	add.w	r7, r10, r5
	.loc	2 150 22                        @ DoA.c:150:22
	add.w	r6, r10, r1
	.loc	2 143 24                        @ DoA.c:143:24
	vldr	s10, [r0, #-8]
	.loc	2 146 18                        @ DoA.c:146:18
	vstr	s2, [r7, #4]
	.loc	2 150 22                        @ DoA.c:150:22
	vstr	s0, [r6, #1020]
.Ltmp277:
	@DEBUG_VALUE: im <- $s6
	@DEBUG_VALUE: re <- $s4
	@DEBUG_VALUE: k <- [DW_OP_consts 18446744073709551600, DW_OP_div, DW_OP_consts 4, DW_OP_mul, DW_OP_consts 2, DW_OP_plus, DW_OP_stack_value] $r1
	.loc	2 150 24 is_stmt 0              @ DoA.c:150:24
	vneg.f32	s0, s6
	.loc	2 142 24 is_stmt 1              @ DoA.c:142:24
	vldr	s4, [r0, #-20]
.Ltmp278:
	vldr	s8, [r0, #-12]
	.loc	2 146 18                        @ DoA.c:146:18
	vstr	s6, [r7, #8]
	.loc	2 150 22                        @ DoA.c:150:22
	vstr	s0, [r6, #1016]
	.loc	2 150 24 is_stmt 0              @ DoA.c:150:24
	vneg.f32	s0, s10
.Ltmp279:
	.loc	2 140 5 is_stmt 1               @ DoA.c:140:5
	cmn.w	r1, #496
.Ltmp280:
	.loc	2 145 18                        @ DoA.c:145:18
	vstr	s4, [r2, #8]
	.loc	2 149 22                        @ DoA.c:149:22
	vstr	s4, [r3, #1016]
	.loc	2 145 18                        @ DoA.c:145:18
	vstr	s8, [r2, #12]
	.loc	2 146 18                        @ DoA.c:146:18
	vstr	s10, [r7, #12]
	.loc	2 149 22                        @ DoA.c:149:22
	vstr	s8, [r3, #1012]
	.loc	2 150 22                        @ DoA.c:150:22
	vstr	s0, [r6, #1012]
.Ltmp281:
	@DEBUG_VALUE: k <- [DW_OP_consts 18446744073709551600, DW_OP_div, DW_OP_consts 4, DW_OP_mul, DW_OP_consts 4, DW_OP_plus, DW_OP_stack_value] $r1
	.loc	2 140 5                         @ DoA.c:140:5
	beq	.LBB2_20
.Ltmp282:
@ %bb.19:                               @   in Loop: Header=BB2_18 Depth=1
	@DEBUG_VALUE: k <- [DW_OP_consts 18446744073709551600, DW_OP_div, DW_OP_consts 4, DW_OP_mul, DW_OP_consts 4, DW_OP_plus, DW_OP_stack_value] $r1
	@DEBUG_VALUE: im <- $s6
	@DEBUG_VALUE: fft_rfft_full:imag <- $r10
	@DEBUG_VALUE: unpack_rfft_packed_to_full:outIm <- $r10
	@DEBUG_VALUE: unpack_rfft_packed_to_full:outRe <- $r11
	@DEBUG_VALUE: unpack_rfft_packed_to_full:packed <- $r4
	@DEBUG_VALUE: unpack_rfft_packed_to_full:N <- 256
	@DEBUG_VALUE: fft_rfft_full:real <- $r11
	@DEBUG_VALUE: fft_rfft_full:packed_out <- $r4
	@DEBUG_VALUE: fft_rfft_full:N <- 256
	@DEBUG_VALUE: k <- [DW_OP_consts 18446744073709551600, DW_OP_div, DW_OP_consts 4, DW_OP_mul, DW_OP_consts 4, DW_OP_plus, DW_OP_stack_value] $r1
	@DEBUG_VALUE: re <- undef
	@DEBUG_VALUE: im <- undef
	.loc	2 143 24                        @ DoA.c:143:24
	vldr	s2, [r0]
.Ltmp283:
	@DEBUG_VALUE: im <- $s2
	.loc	2 142 24                        @ DoA.c:142:24
	vldr	s0, [r0, #-4]
.Ltmp284:
	@DEBUG_VALUE: re <- $s0
	.loc	2 146 18                        @ DoA.c:146:18
	vstr	s2, [r7, #16]
	.loc	2 150 24                        @ DoA.c:150:24
	vneg.f32	s2, s2
.Ltmp285:
	.loc	2 145 18                        @ DoA.c:145:18
	vstr	s0, [r2, #16]
	.loc	2 149 22                        @ DoA.c:149:22
	vstr	s0, [r3, #1008]
	.loc	2 150 22                        @ DoA.c:150:22
	vstr	s2, [r6, #1008]
.Ltmp286:
	@DEBUG_VALUE: k <- [DW_OP_consts 18446744073709551600, DW_OP_div, DW_OP_consts 4, DW_OP_mul, DW_OP_consts 5, DW_OP_plus, DW_OP_stack_value] $r1
	.loc	2 0 22 is_stmt 0                @ DoA.c:0:22
	subs	r1, #16
.Ltmp287:
	adds	r5, #16
	adds	r0, #32
	b	.LBB2_18
.Ltmp288:
.LBB2_20:
	vldr	s0, .LCPI2_0
	vldr	s18, .LCPI2_4
	mov.w	r12, #0
	add.w	r1, r9, #1016
	movs	r5, #1
	movs	r4, #254
	@DEBUG_VALUE: k <- 1
	movs	r3, #0
	.loc	2 462 22 is_stmt 1              @ DoA.c:462:22
	str.w	r12, [r9]
	.loc	2 463 22                        @ DoA.c:463:22
	str.w	r12, [r8]
	.loc	2 465 33                        @ DoA.c:465:33
	str.w	r12, [r9, #512]
	.loc	2 466 33                        @ DoA.c:466:33
	str.w	r12, [r8, #512]
	b	.LBB2_23
	.p2align	2
.LBB2_21:                               @   in Loop: Header=BB2_23 Depth=1
.Ltmp289:
	@DEBUG_VALUE: k <- [DW_OP_plus_uconst 1, DW_OP_stack_value] $r5
	.loc	2 474 23                        @ DoA.c:474:23
	add.w	r0, r8, r3
	mov	r2, r4
	vmov.f32	s2, s0
	.loc	2 473 23                        @ DoA.c:473:23
	str.w	r12, [r6, #8]
	.loc	2 474 23                        @ DoA.c:474:23
	str.w	r12, [r0, #8]
	.loc	2 476 36                        @ DoA.c:476:36
	str.w	r12, [r1]
.Ltmp290:
.LBB2_22:                               @   in Loop: Header=BB2_23 Depth=1
	@DEBUG_VALUE: k <- [DW_OP_plus_uconst 1, DW_OP_stack_value] $r5
	.loc	2 0 0 is_stmt 0                 @ DoA.c:0:0
	add.w	r0, r8, r2, lsl #2
	subs	r1, #8
	subs	r4, #2
	vstr	s2, [r0]
.Ltmp291:
	@DEBUG_VALUE: k <- [DW_OP_plus_uconst 2, DW_OP_stack_value] undef
	adds	r3, #8
	adds	r5, r7, #2
.Ltmp292:
.LBB2_23:                               @ =>This Inner Loop Header: Depth=1
	@DEBUG_VALUE: k <- $r5
	.loc	2 471 21 is_stmt 1              @ DoA.c:471:21
	cmp	r5, #19
	add.w	r6, r9, r3
	blo	.LBB2_27
.Ltmp293:
@ %bb.24:                               @   in Loop: Header=BB2_23 Depth=1
	@DEBUG_VALUE: k <- $r5
	.loc	2 474 23                        @ DoA.c:474:23
	add.w	r2, r8, r3
	.loc	2 476 6                         @ DoA.c:476:6
	adds	r7, r4, #1
	.loc	2 473 23                        @ DoA.c:473:23
	str.w	r12, [r6, #4]
	.loc	2 474 23                        @ DoA.c:474:23
	str.w	r12, [r2, #4]
	.loc	2 476 36                        @ DoA.c:476:36
	str.w	r12, [r1, #4]
	vmov.f32	s2, s0
	b	.LBB2_28
.Ltmp294:
	.p2align	2
@ %bb.25:
	.loc	2 0 36 is_stmt 0                @ DoA.c:0:36
__arm_cp.2_15:
	.long	0x37a7c5ac                      @ float 1.99999995E-5
.Lcpi_end1:
	.size	__arm_cp.2_15, .Lcpi_end1-__arm_cp.2_15
	.p2align	2
@ %bb.26:
__arm_cp.2_16:
	.long	0xc3340000                      @ float -180
.Lcpi_end2:
	.size	__arm_cp.2_16, .Lcpi_end2-__arm_cp.2_16
	.p2align	2
.LBB2_27:                               @   in Loop: Header=BB2_23 Depth=1
.Ltmp295:
	@DEBUG_VALUE: k <- $r5
	.loc	2 484 39 is_stmt 1              @ DoA.c:484:39
	add.w	r7, r10, r3
	.loc	2 483 22                        @ DoA.c:483:22
	vldr	s2, [r6, #4]
	.loc	2 483 39 is_stmt 0              @ DoA.c:483:39
	add.w	r2, r11, r3
	.loc	2 484 39 is_stmt 1              @ DoA.c:484:39
	vldr	s6, [r7, #4]
	.loc	2 483 39                        @ DoA.c:483:39
	vldr	s4, [r2, #4]
	.loc	2 484 22                        @ DoA.c:484:22
	add.w	r2, r8, r3
	vldr	s8, [r2, #4]
	.loc	2 487 20                        @ DoA.c:487:20
	vnmul.f32	s10, s2, s6
	.loc	2 484 38                        @ DoA.c:484:38
	vmul.f32	s6, s8, s6
	.loc	2 487 20                        @ DoA.c:487:20
	vfma.f32	s10, s8, s4
.Ltmp296:
	@DEBUG_VALUE: imag <- $s10
	.loc	2 484 20                        @ DoA.c:484:20
	vfma.f32	s6, s2, s4
.Ltmp297:
	@DEBUG_VALUE: real <- $s6
	.loc	2 489 43                        @ DoA.c:489:43
	vmul.f32	s2, s10, s10
	.loc	2 498 34                        @ DoA.c:498:34
	rsb.w	r7, r5, #256
	.loc	2 489 37                        @ DoA.c:489:37
	vfma.f32	s2, s6, s6
	.loc	2 489 21 is_stmt 0              @ DoA.c:489:21
	vsqrt.f32	s2, s2
	.loc	2 489 50                        @ DoA.c:489:50
	vadd.f32	s2, s2, s18
.Ltmp298:
	@DEBUG_VALUE: mag <- $s2
	.loc	2 491 26 is_stmt 1              @ DoA.c:491:26
	vdiv.f32	s4, s6, s2
.Ltmp299:
	@DEBUG_VALUE: reN <- $s4
	.loc	2 492 26                        @ DoA.c:492:26
	vdiv.f32	s2, s10, s2
.Ltmp300:
	@DEBUG_VALUE: imN <- $s2
	.loc	2 494 26                        @ DoA.c:494:26
	vstr	s4, [r6, #4]
	.loc	2 495 26                        @ DoA.c:495:26
	vstr	s2, [r2, #4]
	.loc	2 499 41                        @ DoA.c:499:41
	vneg.f32	s2, s2
.Ltmp301:
	.loc	2 498 39                        @ DoA.c:498:39
	vstr	s4, [r1, #4]
.Ltmp302:
.LBB2_28:                               @   in Loop: Header=BB2_23 Depth=1
	@DEBUG_VALUE: k <- $r5
	.loc	2 0 0 is_stmt 0                 @ DoA.c:0:0
	add.w	r7, r8, r7, lsl #2
.Ltmp303:
	.loc	2 468 23 is_stmt 1              @ DoA.c:468:23
	adds	r2, r5, #1
.Ltmp304:
	.loc	2 468 5 is_stmt 0               @ DoA.c:468:5
	cmp	r2, #128
.Ltmp305:
	.loc	2 0 0                           @ DoA.c:0:0
	vstr	s2, [r7]
.Ltmp306:
	@DEBUG_VALUE: k <- [DW_OP_plus_uconst 1, DW_OP_stack_value] $r5
	.loc	2 468 5                         @ DoA.c:468:5
	beq	.LBB2_31
.Ltmp307:
@ %bb.29:                               @   in Loop: Header=BB2_23 Depth=1
	@DEBUG_VALUE: k <- [DW_OP_plus_uconst 1, DW_OP_stack_value] $r5
	@DEBUG_VALUE: k <- [DW_OP_plus_uconst 1, DW_OP_stack_value] $r5
	.loc	2 0 5                           @ DoA.c:0:5
	subs	r7, r2, #1
.Ltmp308:
	.loc	2 471 21 is_stmt 1              @ DoA.c:471:21
	cmp	r7, #17
	bhi	.LBB2_21
.Ltmp309:
@ %bb.30:                               @   in Loop: Header=BB2_23 Depth=1
	@DEBUG_VALUE: k <- [DW_OP_plus_uconst 1, DW_OP_stack_value] $r5
	.loc	2 484 39                        @ DoA.c:484:39
	add.w	r0, r10, r3
	.loc	2 483 22                        @ DoA.c:483:22
	vldr	s2, [r6, #8]
	.loc	2 483 39 is_stmt 0              @ DoA.c:483:39
	add.w	r2, r11, r3
	.loc	2 484 39 is_stmt 1              @ DoA.c:484:39
	vldr	s6, [r0, #8]
	.loc	2 483 39                        @ DoA.c:483:39
	vldr	s4, [r2, #8]
	.loc	2 484 22                        @ DoA.c:484:22
	add.w	r2, r8, r3
	vldr	s8, [r2, #8]
	.loc	2 487 20                        @ DoA.c:487:20
	vnmul.f32	s10, s2, s6
	.loc	2 484 38                        @ DoA.c:484:38
	vmul.f32	s6, s8, s6
	.loc	2 487 20                        @ DoA.c:487:20
	vfma.f32	s10, s8, s4
.Ltmp310:
	@DEBUG_VALUE: imag <- $s10
	.loc	2 484 20                        @ DoA.c:484:20
	vfma.f32	s6, s2, s4
.Ltmp311:
	@DEBUG_VALUE: real <- $s6
	.loc	2 489 43                        @ DoA.c:489:43
	vmul.f32	s2, s10, s10
	.loc	2 489 37 is_stmt 0              @ DoA.c:489:37
	vfma.f32	s2, s6, s6
	.loc	2 489 21                        @ DoA.c:489:21
	vsqrt.f32	s2, s2
	.loc	2 489 50                        @ DoA.c:489:50
	vadd.f32	s2, s2, s18
.Ltmp312:
	@DEBUG_VALUE: mag <- $s2
	.loc	2 491 26 is_stmt 1              @ DoA.c:491:26
	vdiv.f32	s4, s6, s2
.Ltmp313:
	@DEBUG_VALUE: reN <- $s4
	.loc	2 492 26                        @ DoA.c:492:26
	vdiv.f32	s2, s10, s2
.Ltmp314:
	@DEBUG_VALUE: imN <- $s2
	.loc	2 494 26                        @ DoA.c:494:26
	vstr	s4, [r6, #8]
	.loc	2 495 26                        @ DoA.c:495:26
	vstr	s2, [r2, #8]
	.loc	2 498 34                        @ DoA.c:498:34
	rsb.w	r2, r5, #255
	.loc	2 499 41                        @ DoA.c:499:41
	vneg.f32	s2, s2
.Ltmp315:
	.loc	2 498 39                        @ DoA.c:498:39
	vstr	s4, [r1]
	b	.LBB2_22
.Ltmp316:
.LBB2_31:
	@DEBUG_VALUE: ifft_irfft_full:N <- 256
	@DEBUG_VALUE: pack_full_to_rfft_packed:N <- 256
	@DEBUG_VALUE: ifft_irfft_full:real <- $r9
	@DEBUG_VALUE: pack_full_to_rfft_packed:inRe <- $r9
	.loc	2 158 17                        @ DoA.c:158:17
	ldr.w	r0, [r9]
	.loc	2 158 15 is_stmt 0              @ DoA.c:158:15
	movw	r1, :lower16:cpsd_packed
	.loc	2 159 17 is_stmt 1              @ DoA.c:159:17
	ldr.w	r2, [r9, #512]
	mov.w	lr, #31
	@DEBUG_VALUE: k <- 1
	.loc	2 158 15                        @ DoA.c:158:15
	movt	r1, :upper16:cpsd_packed
.Ltmp317:
	@DEBUG_VALUE: pack_full_to_rfft_packed:packed <- $r1
	.loc	2 0 15 is_stmt 0                @ DoA.c:0:15
	add.w	r3, r8, #4
	.loc	2 158 15                        @ DoA.c:158:15
	strd	r0, r2, [r1]
	add.w	r0, r9, #4
	add.w	r2, r1, #8
.Ltmp318:
	@DEBUG_VALUE: pack_full_to_rfft_packed:inIm <- $r8
	@DEBUG_VALUE: ifft_irfft_full:imag <- $r8
	.p2align	2
.LBB2_32:                               @ =>This Inner Loop Header: Depth=1
	@DEBUG_VALUE: ifft_irfft_full:imag <- $r8
	@DEBUG_VALUE: pack_full_to_rfft_packed:inIm <- $r8
	@DEBUG_VALUE: pack_full_to_rfft_packed:packed <- $r1
	@DEBUG_VALUE: k <- 1
	@DEBUG_VALUE: pack_full_to_rfft_packed:inRe <- $r9
	@DEBUG_VALUE: ifft_irfft_full:real <- $r9
	@DEBUG_VALUE: pack_full_to_rfft_packed:N <- 256
	@DEBUG_VALUE: ifft_irfft_full:N <- 256
	.loc	2 163 27 is_stmt 1              @ DoA.c:163:27
	vldrw.u32	q0, [r0], #16
	.loc	2 164 27                        @ DoA.c:164:27
	vldrw.u32	q1, [r3], #16
	.loc	2 164 25 is_stmt 0              @ DoA.c:164:25
	vst20.32	{q0, q1}, [r2]
	vst21.32	{q0, q1}, [r2]!
	le	lr, .LBB2_32
.Ltmp319:
@ %bb.33:
	@DEBUG_VALUE: ifft_irfft_full:imag <- $r8
	@DEBUG_VALUE: pack_full_to_rfft_packed:inIm <- $r8
	@DEBUG_VALUE: pack_full_to_rfft_packed:packed <- $r1
	@DEBUG_VALUE: k <- 1
	@DEBUG_VALUE: pack_full_to_rfft_packed:inRe <- $r9
	@DEBUG_VALUE: ifft_irfft_full:real <- $r9
	@DEBUG_VALUE: pack_full_to_rfft_packed:N <- 256
	@DEBUG_VALUE: ifft_irfft_full:N <- 256
	@DEBUG_VALUE: k <- 127
	.loc	2 164 27                        @ DoA.c:164:27
	ldrd	r7, r6, [r8, #500]
	.loc	2 163 27 is_stmt 1              @ DoA.c:163:27
	add.w	r3, r9, #500
	ldm	r3, {r0, r2, r3}
	.loc	2 164 27                        @ DoA.c:164:27
	ldr.w	r5, [r8, #508]
.Ltmp320:
	@DEBUG_VALUE: k <- 128
	.loc	2 163 25                        @ DoA.c:163:25
	strd	r0, r7, [r1, #1000]
	strd	r2, r6, [r1, #1008]
.Ltmp321:
	.loc	2 189 5                         @ DoA.c:189:5
	movw	r6, :lower16:ifft_time_tmp
	movw	r0, :lower16:g_rfft
	movt	r6, :upper16:ifft_time_tmp
.Ltmp322:
	.loc	2 163 25                        @ DoA.c:163:25
	strd	r3, r5, [r1, #1016]
.Ltmp323:
	.loc	2 189 5                         @ DoA.c:189:5
	movt	r0, :upper16:g_rfft
	mov	r2, r6
	movs	r3, #1
	bl	arm_rfft_fast_f32
.Ltmp324:
	@DEBUG_VALUE: i <- 0
	.loc	2 195 17                        @ DoA.c:195:17
	mov	r0, r8
	mov.w	r1, #1024
	bl	__aeabi_memclr4
.Ltmp325:
	.loc	2 194 17                        @ DoA.c:194:17
	mov	r0, r9
	mov	r1, r6
	mov.w	r2, #1024
	bl	__aeabi_memcpy4
.Ltmp326:
	@DEBUG_VALUE: i <- 0
	@DEBUG_VALUE: i <- undef
	.loc	2 506 23                        @ DoA.c:506:23
	movw	r4, :lower16:cross_corr
	mov	r1, r6
	movt	r4, :upper16:cross_corr
	mov.w	r2, #1024
	mov	r0, r4
	bl	__aeabi_memcpy4
.Ltmp327:
	.loc	2 0 23 is_stmt 0                @ DoA.c:0:23
	vldr	s2, .LCPI2_5
	mvn	r1, #8
	movs	r0, #0
.Ltmp328:
	@DEBUG_VALUE: i <- undef
	.p2align	2
.LBB2_34:                               @ =>This Inner Loop Header: Depth=1
	@DEBUG_VALUE: doa_process_one_frame:best_n <- $r0
	@DEBUG_VALUE: doa_process_one_frame:max_val <- $s2
	@DEBUG_VALUE: n <- $r1
	uxtb	r2, r1
.Ltmp329:
	@DEBUG_VALUE: idx <- $r2
	.loc	2 514 21 is_stmt 1              @ DoA.c:514:21
	add.w	r2, r4, r2, lsl #2
.Ltmp330:
	vldr	s0, [r2]
.Ltmp331:
	@DEBUG_VALUE: val <- $s0
	.loc	2 0 21 is_stmt 0                @ DoA.c:0:21
	adds	r2, r1, #1
	uxtb	r2, r2
.Ltmp332:
	@DEBUG_VALUE: idx <- $r2
	.loc	2 514 21                        @ DoA.c:514:21
	add.w	r2, r4, r2, lsl #2
.Ltmp333:
	.loc	2 515 13 is_stmt 1              @ DoA.c:515:13
	vmaxnm.f32	s4, s0, s2
	vcmp.f32	s0, s2
	.loc	2 514 21                        @ DoA.c:514:21
	vldr	s0, [r2]
.Ltmp334:
	@DEBUG_VALUE: val <- $s0
	.loc	2 0 21 is_stmt 0                @ DoA.c:0:21
	adds	r2, r1, #2
	.loc	2 515 13 is_stmt 1              @ DoA.c:515:13
	vmrs	APSR_nzcv, fpscr
	uxtb	r3, r2
.Ltmp335:
	@DEBUG_VALUE: idx <- $r3
	.loc	2 514 21                        @ DoA.c:514:21
	add.w	r3, r4, r3, lsl #2
.Ltmp336:
	.loc	2 515 13                        @ DoA.c:515:13
	vmaxnm.f32	s2, s0, s4
.Ltmp337:
	vcmp.f32	s0, s4
	.loc	2 514 21                        @ DoA.c:514:21
	vldr	s4, [r3]
.Ltmp338:
	@DEBUG_VALUE: val <- $s4
	.loc	2 515 13                        @ DoA.c:515:13
	csel	r0, r1, r0, gt
.Ltmp339:
	@DEBUG_VALUE: n <- [DW_OP_plus_uconst 1, DW_OP_stack_value] $r1
	@DEBUG_VALUE: doa_process_one_frame:max_val <- $s4
	@DEBUG_VALUE: doa_process_one_frame:best_n <- $r0
	vmrs	APSR_nzcv, fpscr
	vcmp.f32	s4, s2
	csinc	r0, r0, r1, le
.Ltmp340:
	@DEBUG_VALUE: n <- [DW_OP_plus_uconst 2, DW_OP_stack_value] $r1
	@DEBUG_VALUE: doa_process_one_frame:max_val <- $s2
	@DEBUG_VALUE: doa_process_one_frame:best_n <- $r0
	vmaxnm.f32	s0, s4, s2
	vmrs	APSR_nzcv, fpscr
.Ltmp341:
	.loc	2 512 40                        @ DoA.c:512:40
	add.w	r1, r1, #3
.Ltmp342:
	.loc	2 515 13                        @ DoA.c:515:13
	csel	r0, r2, r0, gt
.Ltmp343:
	@DEBUG_VALUE: n <- [DW_OP_plus_uconst 3, DW_OP_stack_value] $r1
	@DEBUG_VALUE: doa_process_one_frame:max_val <- $s0
	@DEBUG_VALUE: doa_process_one_frame:best_n <- $r0
	.loc	2 512 5                         @ DoA.c:512:5
	cmp	r1, #10
	beq	.LBB2_36
.Ltmp344:
@ %bb.35:                               @   in Loop: Header=BB2_34 Depth=1
	@DEBUG_VALUE: doa_process_one_frame:max_val <- $s0
	@DEBUG_VALUE: n <- [DW_OP_plus_uconst 3, DW_OP_stack_value] $r1
	@DEBUG_VALUE: val <- $s4
	@DEBUG_VALUE: doa_process_one_frame:best_n <- $r0
	@DEBUG_VALUE: doa_process_one_frame:best_n <- $r0
	@DEBUG_VALUE: doa_process_one_frame:max_val <- $s0
	@DEBUG_VALUE: n <- [DW_OP_plus_uconst 3, DW_OP_stack_value] undef
	.loc	2 0 5 is_stmt 0                 @ DoA.c:0:5
	uxtb	r2, r1
.Ltmp345:
	@DEBUG_VALUE: idx <- $r2
	.loc	2 514 21 is_stmt 1              @ DoA.c:514:21
	add.w	r2, r4, r2, lsl #2
.Ltmp346:
	vldr	s4, [r2]
.Ltmp347:
	@DEBUG_VALUE: val <- $s4
	.loc	2 515 13                        @ DoA.c:515:13
	vcmp.f32	s4, s0
	vmrs	APSR_nzcv, fpscr
	vmaxnm.f32	s2, s4, s0
	csel	r0, r1, r0, gt
.Ltmp348:
	@DEBUG_VALUE: n <- [DW_OP_plus_uconst 4, DW_OP_stack_value] undef
	@DEBUG_VALUE: doa_process_one_frame:max_val <- $s2
	@DEBUG_VALUE: doa_process_one_frame:best_n <- $r0
	.loc	2 0 13 is_stmt 0                @ DoA.c:0:13
	adds	r1, #1
	b	.LBB2_34
.Ltmp349:
.LBB2_36:
	@DEBUG_VALUE: doa_process_one_frame:max_val <- $s0
	@DEBUG_VALUE: doa_process_one_frame:best_n <- $r0
	.loc	2 520 24 is_stmt 1              @ DoA.c:520:24
	add.w	r1, r0, #255
	.loc	2 521 20                        @ DoA.c:521:20
	add.w	r3, r0, #256
	.loc	2 520 38                        @ DoA.c:520:38
	asrs	r2, r1, #31
	mov.w	lr, #19
	add.w	r2, r1, r2, lsr #24
	.loc	2 521 34                        @ DoA.c:521:34
	asrs	r7, r3, #31
	add.w	r7, r3, r7, lsr #24
	.loc	2 520 38                        @ DoA.c:520:38
	bic	r2, r2, #255
	subs	r1, r1, r2
.Ltmp350:
	@DEBUG_VALUE: doa_process_one_frame:i0 <- $r1
	.loc	2 521 34                        @ DoA.c:521:34
	bic	r2, r7, #255
	.loc	2 522 24                        @ DoA.c:522:24
	addw	r7, r0, #257
	.loc	2 522 38 is_stmt 0              @ DoA.c:522:38
	asrs	r6, r7, #31
	add.w	r6, r7, r6, lsr #24
	.loc	2 523 14 is_stmt 1              @ DoA.c:523:14
	add.w	r1, r4, r1, lsl #2
.Ltmp351:
	.loc	2 521 34                        @ DoA.c:521:34
	subs	r2, r3, r2
.Ltmp352:
	@DEBUG_VALUE: doa_process_one_frame:i1 <- $r2
	.loc	2 522 38                        @ DoA.c:522:38
	bic	r3, r6, #255
	subs	r3, r7, r3
.Ltmp353:
	@DEBUG_VALUE: doa_process_one_frame:i2 <- $r3
	.loc	2 523 14                        @ DoA.c:523:14
	vldr	s2, [r1]
.Ltmp354:
	@DEBUG_VALUE: doa_process_one_frame:y0 <- $s2
	.loc	2 524 14                        @ DoA.c:524:14
	add.w	r1, r4, r2, lsl #2
	.loc	2 525 14                        @ DoA.c:525:14
	add.w	r2, r4, r3, lsl #2
.Ltmp355:
	.loc	2 524 14                        @ DoA.c:524:14
	vldr	s4, [r1]
.Ltmp356:
	@DEBUG_VALUE: doa_process_one_frame:y1 <- $s4
	.loc	2 525 14                        @ DoA.c:525:14
	vldr	s6, [r2]
.Ltmp357:
	@DEBUG_VALUE: doa_process_one_frame:y2 <- $s6
	.loc	2 0 14 is_stmt 0                @ DoA.c:0:14
	vmov.f32	s8, #-2.000000e+00
	.loc	2 526 20 is_stmt 1              @ DoA.c:526:20
	vmov.f32	s10, s2
	vfma.f32	s10, s4, s8
	.loc	2 527 14                        @ DoA.c:527:14
	vsub.f32	s2, s2, s6
.Ltmp358:
	.loc	2 526 30                        @ DoA.c:526:30
	vadd.f32	s4, s10, s6
.Ltmp359:
	@DEBUG_VALUE: doa_process_one_frame:denom <- $s4
	.loc	2 0 30 is_stmt 0                @ DoA.c:0:30
	vmov.f32	s6, #5.000000e-01
.Ltmp360:
	.loc	2 527 14 is_stmt 1              @ DoA.c:527:14
	vmul.f32	s2, s2, s6
	vldr	s8, .LCPI2_0
	vdiv.f32	s2, s2, s4
	.loc	2 527 15 is_stmt 0              @ DoA.c:527:15
	vabs.f32	s4, s4
.Ltmp361:
	.loc	2 539 9 is_stmt 1               @ DoA.c:539:9
	mov	lr, lr
	mvn	r1, #8
.Ltmp362:
	.loc	2 527 14                        @ DoA.c:527:14
	vcmp.f32	s4, s18
	vmrs	APSR_nzcv, fpscr
	.loc	2 536 20                        @ DoA.c:536:20
	vmov	s4, r0
.Ltmp363:
	.loc	2 539 9                         @ DoA.c:539:9
	rsb.w	r0, r0, #0
.Ltmp364:
	.loc	2 536 20                        @ DoA.c:536:20
	vcvt.f32.s32	s4, s4
	@DEBUG_VALUE: n <- -9
.Ltmp365:
	@DEBUG_VALUE: doa_process_one_frame:second_max <- -1.000000e+09
	.loc	2 527 14                        @ DoA.c:527:14
	vselgt.f32	s2, s2, s8
.Ltmp366:
	@DEBUG_VALUE: doa_process_one_frame:frac <- $s2
	.loc	2 528 6                         @ DoA.c:528:6
	vminnm.f32	s2, s2, s6
.Ltmp367:
	@DEBUG_VALUE: doa_process_one_frame:frac <- $s2
	.loc	2 0 6 is_stmt 0                 @ DoA.c:0:6
	vldr	s6, .LCPI2_5
	b	.LBB2_38
.Ltmp368:
	.p2align	2
.LBB2_37:                               @   in Loop: Header=BB2_38 Depth=1
	@DEBUG_VALUE: n <- $r1
	@DEBUG_VALUE: doa_process_one_frame:second_max <- $s6
	@DEBUG_VALUE: doa_process_one_frame:frac <- $s2
	@DEBUG_VALUE: doa_process_one_frame:i2 <- $r3
	@DEBUG_VALUE: doa_process_one_frame:max_val <- $s0
	@DEBUG_VALUE: doa_process_one_frame:second_max <- $s6
	.loc	2 539 67 is_stmt 1              @ DoA.c:539:67
	adds	r1, #1
.Ltmp369:
	@DEBUG_VALUE: n <- $r1
	.loc	2 539 9 is_stmt 0               @ DoA.c:539:9
	subs.w	lr, lr, #1
	bne	.LBB2_38
	b	.LBB2_40
.Ltmp370:
.LBB2_38:                               @ =>This Inner Loop Header: Depth=1
	@DEBUG_VALUE: doa_process_one_frame:frac <- $s2
	@DEBUG_VALUE: doa_process_one_frame:i2 <- $r3
	@DEBUG_VALUE: doa_process_one_frame:max_val <- $s0
	@DEBUG_VALUE: doa_process_one_frame:second_max <- $s6
	@DEBUG_VALUE: n <- $r1
	.loc	2 540 17 is_stmt 1              @ DoA.c:540:17
	adds	r2, r0, r1
	it	mi
	rsbmi	r2, r2, #0
.Ltmp371:
	.loc	2 540 17 is_stmt 0              @ DoA.c:540:17
	cmp	r2, #10
	blo	.LBB2_37
.Ltmp372:
@ %bb.39:                               @   in Loop: Header=BB2_38 Depth=1
	@DEBUG_VALUE: n <- $r1
	@DEBUG_VALUE: doa_process_one_frame:second_max <- $s6
	@DEBUG_VALUE: doa_process_one_frame:frac <- $s2
	@DEBUG_VALUE: doa_process_one_frame:i2 <- $r3
	@DEBUG_VALUE: doa_process_one_frame:max_val <- $s0
	.loc	2 0 17                          @ DoA.c:0:17
	uxtb	r2, r1
.Ltmp373:
	@DEBUG_VALUE: idx <- $r2
	.loc	2 542 25 is_stmt 1              @ DoA.c:542:25
	add.w	r2, r4, r2, lsl #2
.Ltmp374:
	vldr	s8, [r2]
.Ltmp375:
	@DEBUG_VALUE: val <- $s8
	.loc	2 543 17                        @ DoA.c:543:17
	vmaxnm.f32	s6, s8, s6
.Ltmp376:
	@DEBUG_VALUE: doa_process_one_frame:second_max <- $s6
	.loc	2 0 17 is_stmt 0                @ DoA.c:0:17
	b	.LBB2_37
.Ltmp377:
.LBB2_40:
	@DEBUG_VALUE: doa_process_one_frame:second_max <- $s6
	@DEBUG_VALUE: doa_process_one_frame:frac <- $s2
	@DEBUG_VALUE: doa_process_one_frame:i2 <- $r3
	@DEBUG_VALUE: doa_process_one_frame:max_val <- $s0
	.loc	2 545 39 is_stmt 1              @ DoA.c:545:39
	vabs.f32	s6, s6
.Ltmp378:
	.loc	2 545 57 is_stmt 0              @ DoA.c:545:57
	vadd.f32	s6, s6, s18
	.loc	2 545 36                        @ DoA.c:545:36
	vdiv.f32	s0, s0, s6
.Ltmp379:
	@DEBUG_VALUE: doa_process_one_frame:peak_ratio <- $s0
	.loc	2 0 36                          @ DoA.c:0:36
	vldr	s6, .LCPI2_6
	.loc	2 546 13 is_stmt 1              @ DoA.c:546:13
	vcmp.f32	s0, s6
	vmrs	APSR_nzcv, fpscr
	bge	.LBB2_42
.Ltmp380:
.LBB2_41:
	.loc	2 0 13 is_stmt 0                @ DoA.c:0:13
	movs	r0, #0
	b	.LBB2_43
.LBB2_42:
.Ltmp381:
	@DEBUG_VALUE: doa_process_one_frame:peak_ratio <- $s0
	@DEBUG_VALUE: doa_process_one_frame:frac <- $s2
	@DEBUG_VALUE: doa_process_one_frame:i2 <- $r3
	vmov.f32	s0, #-5.000000e-01
.Ltmp382:
	.loc	2 532 6 is_stmt 1               @ DoA.c:532:6
	vmaxnm.f32	s0, s2, s0
.Ltmp383:
	@DEBUG_VALUE: doa_process_one_frame:frac <- $s0
	.loc	2 0 6 is_stmt 0                 @ DoA.c:0:6
	vldr	s2, .LCPI2_7
	.loc	2 536 34 is_stmt 1              @ DoA.c:536:34
	vadd.f32	s0, s0, s4
.Ltmp384:
	@DEBUG_VALUE: doa_process_one_frame:best_n_f <- $s0
	.loc	2 553 35                        @ DoA.c:553:35
	vdiv.f32	s0, s0, s2
.Ltmp385:
	@DEBUG_VALUE: doa_process_one_frame:delta_t <- $s0
	.loc	2 0 35 is_stmt 0                @ DoA.c:0:35
	vldr	s2, .LCPI2_8
	.loc	2 555 35 is_stmt 1              @ DoA.c:555:35
	vmul.f32	s0, s0, s2
.Ltmp386:
	.loc	2 0 35 is_stmt 0                @ DoA.c:0:35
	vldr	s2, .LCPI2_9
	.loc	2 555 46                        @ DoA.c:555:46
	vdiv.f32	s0, s0, s2
.Ltmp387:
	@DEBUG_VALUE: doa_process_one_frame:ratio <- $s0
	.loc	2 0 46                          @ DoA.c:0:46
	vmov.f32	s2, #1.000000e+00
	.loc	2 556 9 is_stmt 1               @ DoA.c:556:9
	vminnm.f32	s0, s0, s2
.Ltmp388:
	@DEBUG_VALUE: doa_process_one_frame:ratio <- $s0
	.loc	2 0 9 is_stmt 0                 @ DoA.c:0:9
	vmov.f32	s2, #-1.000000e+00
	.loc	2 557 9 is_stmt 1               @ DoA.c:557:9
	vmaxnm.f32	s0, s0, s2
.Ltmp389:
	@DEBUG_VALUE: doa_process_one_frame:ratio <- $s0
	.loc	2 559 19                        @ DoA.c:559:19
	bl	__hardfp_asinf
.Ltmp390:
	.loc	2 0 19 is_stmt 0                @ DoA.c:0:19
	vldr	s2, .LCPI2_10
	.loc	2 561 22 is_stmt 1              @ DoA.c:561:22
	movw	r0, :lower16:angle_calc_amount
	.loc	2 559 32                        @ DoA.c:559:32
	vmul.f32	s0, s0, s2
	vldr	s2, .LCPI2_11
	.loc	2 561 22                        @ DoA.c:561:22
	movt	r0, :upper16:angle_calc_amount
	.loc	2 559 41                        @ DoA.c:559:41
	vdiv.f32	s16, s0, s2
.Ltmp391:
	@DEBUG_VALUE: doa_process_one_frame:angle <- $s16
	.loc	2 561 22                        @ DoA.c:561:22
	ldr	r1, [r0]
	adds	r1, #1
	str	r1, [r0]
.Ltmp392:
	.loc	2 567 4                         @ DoA.c:567:4
	adr	r0, .LCPI2_12
	.loc	2 567 29 is_stmt 0              @ DoA.c:567:29
	vcvt.f64.f32	d0, s16
	.loc	2 567 4                         @ DoA.c:567:4
	vmov	r2, r3, d0
	bl	__2printf
.Ltmp393:
	.loc	2 0 4                           @ DoA.c:0:4
	movs	r0, #1
.Ltmp394:
.LBB2_43:
	movw	r1, :lower16:speech_detected
	movt	r1, :upper16:speech_detected
	.loc	2 573 1 is_stmt 1               @ DoA.c:573:1
	vmov.f32	s0, s16
	.loc	2 0 0 is_stmt 0                 @ DoA.c:0:0
	strb	r0, [r1]
	.loc	2 573 1 epilogue_begin          @ DoA.c:573:1
	vpop	{d8, d9}
	add	sp, #4
	pop.w	{r4, r5, r6, r7, r8, r9, r10, r11, pc}
.Ltmp395:
	.p2align	2
@ %bb.44:
	.loc	2 0 1                           @ DoA.c:0:1
.LCPI2_0:
	.long	0x00000000                      @ float 0
.LCPI2_4:
	.long	0x2b8cbccc                      @ float 9.99999996E-13
.LCPI2_5:
	.long	0xce6e6b28                      @ float -1.0E+9
.LCPI2_6:
	.long	0x3fa66666                      @ float 1.29999995
.LCPI2_7:
	.long	0x473b8000                      @ float 48000
.LCPI2_8:
	.long	0x43ab8000                      @ float 343
.LCPI2_9:
	.long	0x3d8f5c29                      @ float 0.0700000003
.LCPI2_10:
	.long	0x43340000                      @ float 180
.LCPI2_11:
	.long	0x40490fdb                      @ float 3.14159274
.LCPI2_12:
.L.str.1:
	.asciz	"angle:  %.2f\n\000\000"
.Lfunc_end2:
	.size	doa_process_one_frame, .Lfunc_end2-doa_process_one_frame
	.cfi_endproc
	.cantunwind
	.fnend
                                        @ -- End function
	.hidden	angle_calc_amount               @ @angle_calc_amount
	.type	angle_calc_amount,%object
	.section	.bss.angle_calc_amount,"aw",%nobits
	.globl	angle_calc_amount
	.p2align	2, 0x0
angle_calc_amount:
	.long	0                               @ 0x0
	.size	angle_calc_amount, 4

	.hidden	speech_detected                 @ @speech_detected
	.type	speech_detected,%object
	.section	.bss.speech_detected,"aw",%nobits
	.globl	speech_detected
speech_detected:
	.byte	0                               @ 0x0
	.size	speech_detected, 1

	.hidden	mic_spacing                     @ @mic_spacing
	.type	mic_spacing,%object
	.section	.data.mic_spacing,"aw",%progbits
	.globl	mic_spacing
	.p2align	2, 0x0
mic_spacing:
	.long	0x3d0f5c29                      @ float 0.0350000001
	.long	0x3d8f5c29                      @ float 0.0700000003
	.long	0x3dd70a3d                      @ float 0.104999997
	.long	0x3d0f5c29                      @ float 0.0350000001
	.long	0x3d8f5c29                      @ float 0.0700000003
	.long	0x3d0f5c29                      @ float 0.0350000001
	.size	mic_spacing, 24

	.type	g_rfft,%object                  @ @g_rfft
	.section	.bss.g_rfft,"aw",%nobits
	.p2align	2, 0x0
g_rfft:
	.zero	48
	.size	g_rfft, 48

	.hidden	hann_window                     @ @hann_window
	.type	hann_window,%object
	.section	.bss.hann_window,"aw",%nobits
	.globl	hann_window
	.p2align	2, 0x0
hann_window:
	.zero	1024
	.size	hann_window, 1024

	.type	specL_packed,%object            @ @specL_packed
	.section	.bss.specL_packed,"aw",%nobits
	.p2align	2, 0x0
specL_packed:
	.zero	1024
	.size	specL_packed, 1024

	.type	specR_packed,%object            @ @specR_packed
	.section	.bss.specR_packed,"aw",%nobits
	.p2align	2, 0x0
specR_packed:
	.zero	1024
	.size	specR_packed, 1024

	.type	cpsd_packed,%object             @ @cpsd_packed
	.section	.bss.cpsd_packed,"aw",%nobits
	.p2align	2, 0x0
cpsd_packed:
	.zero	1024
	.size	cpsd_packed, 1024

	.type	ifft_time_tmp,%object           @ @ifft_time_tmp
	.section	.bss.ifft_time_tmp,"aw",%nobits
	.p2align	2, 0x0
ifft_time_tmp:
	.zero	1024
	.size	ifft_time_tmp, 1024

	.hidden	left_buffer                     @ @left_buffer
	.type	left_buffer,%object
	.section	.bss.left_buffer,"aw",%nobits
	.globl	left_buffer
	.p2align	2, 0x0
left_buffer:
	.zero	1024
	.size	left_buffer, 1024

	.hidden	right_buffer                    @ @right_buffer
	.type	right_buffer,%object
	.section	.bss.right_buffer,"aw",%nobits
	.globl	right_buffer
	.p2align	2, 0x0
right_buffer:
	.zero	1024
	.size	right_buffer, 1024

	.hidden	fft_left_real                   @ @fft_left_real
	.type	fft_left_real,%object
	.section	.bss.fft_left_real,"aw",%nobits
	.globl	fft_left_real
	.p2align	2, 0x0
fft_left_real:
	.zero	1024
	.size	fft_left_real, 1024

	.hidden	fft_left_imag                   @ @fft_left_imag
	.type	fft_left_imag,%object
	.section	.bss.fft_left_imag,"aw",%nobits
	.globl	fft_left_imag
	.p2align	2, 0x0
fft_left_imag:
	.zero	1024
	.size	fft_left_imag, 1024

	.hidden	fft_right_real                  @ @fft_right_real
	.type	fft_right_real,%object
	.section	.bss.fft_right_real,"aw",%nobits
	.globl	fft_right_real
	.p2align	2, 0x0
fft_right_real:
	.zero	1024
	.size	fft_right_real, 1024

	.hidden	fft_right_imag                  @ @fft_right_imag
	.type	fft_right_imag,%object
	.section	.bss.fft_right_imag,"aw",%nobits
	.globl	fft_right_imag
	.p2align	2, 0x0
fft_right_imag:
	.zero	1024
	.size	fft_right_imag, 1024

	.hidden	cross_corr                      @ @cross_corr
	.type	cross_corr,%object
	.section	.bss.cross_corr,"aw",%nobits
	.globl	cross_corr
	.p2align	2, 0x0
cross_corr:
	.zero	1024
	.size	cross_corr, 1024

	.hidden	mic_spacing_tdoa                @ @mic_spacing_tdoa
	.type	mic_spacing_tdoa,%object
	.section	.bss.mic_spacing_tdoa,"aw",%nobits
	.globl	mic_spacing_tdoa
	.p2align	2, 0x0
mic_spacing_tdoa:
	.zero	24
	.size	mic_spacing_tdoa, 24

	.hidden	mic_buffer1                     @ @mic_buffer1
	.type	mic_buffer1,%object
	.section	.bss.mic_buffer1,"aw",%nobits
	.globl	mic_buffer1
	.p2align	2, 0x0
mic_buffer1:
	.zero	1024
	.size	mic_buffer1, 1024

	.hidden	mic_buffer2                     @ @mic_buffer2
	.type	mic_buffer2,%object
	.section	.bss.mic_buffer2,"aw",%nobits
	.globl	mic_buffer2
	.p2align	2, 0x0
mic_buffer2:
	.zero	1024
	.size	mic_buffer2, 1024

	.hidden	mic_buffer3                     @ @mic_buffer3
	.type	mic_buffer3,%object
	.section	.bss.mic_buffer3,"aw",%nobits
	.globl	mic_buffer3
	.p2align	2, 0x0
mic_buffer3:
	.zero	1024
	.size	mic_buffer3, 1024

	.hidden	mic_buffer4                     @ @mic_buffer4
	.type	mic_buffer4,%object
	.section	.bss.mic_buffer4,"aw",%nobits
	.globl	mic_buffer4
	.p2align	2, 0x0
mic_buffer4:
	.zero	1024
	.size	mic_buffer4, 1024

	.hidden	_printf_percent
	.hidden	_printf_widthprec
	.hidden	_printf_d
	.hidden	_printf_f
	.hidden	_printf_int_dec
	.hidden	_printf_fp_dec
	.section	.debug_loc,"",%progbits
.Ldebug_loc0:
	.long	-1
	.long	.Lfunc_begin0                   @   base address
	.long	.Lfunc_begin0-.Lfunc_begin0
	.long	.Ltmp2-.Lfunc_begin0
	.short	1                               @ Loc expr size
	.byte	80                              @ DW_OP_reg0
	.long	.Ltmp2-.Lfunc_begin0
	.long	.Ltmp34-.Lfunc_begin0
	.short	1                               @ Loc expr size
	.byte	88                              @ DW_OP_reg8
	.long	0
	.long	0
.Ldebug_loc1:
	.long	-1
	.long	.Lfunc_begin0                   @   base address
	.long	.Lfunc_begin0-.Lfunc_begin0
	.long	.Ltmp6-.Lfunc_begin0
	.short	1                               @ Loc expr size
	.byte	81                              @ DW_OP_reg1
	.long	.Ltmp7-.Lfunc_begin0
	.long	.Ltmp18-.Lfunc_begin0
	.short	4                               @ Loc expr size
	.byte	243                             @ DW_OP_GNU_entry_value
	.byte	1                               @ 1
	.byte	81                              @ DW_OP_reg1
	.byte	159                             @ DW_OP_stack_value
	.long	0
	.long	0
.Ldebug_loc2:
	.long	-1
	.long	.Lfunc_begin0                   @   base address
	.long	.Ltmp1-.Lfunc_begin0
	.long	.Ltmp6-.Lfunc_begin0
	.short	3                               @ Loc expr size
	.byte	17                              @ DW_OP_consts
	.byte	0                               @ 0
	.byte	159                             @ DW_OP_stack_value
	.long	.Ltmp6-.Lfunc_begin0
	.long	.Ltmp8-.Lfunc_begin0
	.short	1                               @ Loc expr size
	.byte	86                              @ DW_OP_reg6
	.long	.Ltmp8-.Lfunc_begin0
	.long	.Ltmp10-.Lfunc_begin0
	.short	5                               @ Loc expr size
	.byte	118                             @ DW_OP_breg6
	.byte	0                               @ 0
	.byte	49                              @ DW_OP_lit1
	.byte	33                              @ DW_OP_or
	.byte	159                             @ DW_OP_stack_value
	.long	.Ltmp10-.Lfunc_begin0
	.long	.Ltmp12-.Lfunc_begin0
	.short	5                               @ Loc expr size
	.byte	118                             @ DW_OP_breg6
	.byte	0                               @ 0
	.byte	50                              @ DW_OP_lit2
	.byte	33                              @ DW_OP_or
	.byte	159                             @ DW_OP_stack_value
	.long	.Ltmp12-.Lfunc_begin0
	.long	.Ltmp14-.Lfunc_begin0
	.short	5                               @ Loc expr size
	.byte	118                             @ DW_OP_breg6
	.byte	0                               @ 0
	.byte	51                              @ DW_OP_lit3
	.byte	33                              @ DW_OP_or
	.byte	159                             @ DW_OP_stack_value
	.long	.Ltmp14-.Lfunc_begin0
	.long	.Ltmp18-.Lfunc_begin0
	.short	1                               @ Loc expr size
	.byte	86                              @ DW_OP_reg6
	.long	.Ltmp19-.Lfunc_begin0
	.long	.Ltmp23-.Lfunc_begin0
	.short	1                               @ Loc expr size
	.byte	86                              @ DW_OP_reg6
	.long	.Ltmp23-.Lfunc_begin0
	.long	.Ltmp25-.Lfunc_begin0
	.short	3                               @ Loc expr size
	.byte	118                             @ DW_OP_breg6
	.byte	1                               @ 1
	.byte	159                             @ DW_OP_stack_value
	.long	.Ltmp25-.Lfunc_begin0
	.long	.Ltmp29-.Lfunc_begin0
	.short	1                               @ Loc expr size
	.byte	84                              @ DW_OP_reg4
	.long	.Ltmp29-.Lfunc_begin0
	.long	.Ltmp31-.Lfunc_begin0
	.short	3                               @ Loc expr size
	.byte	118                             @ DW_OP_breg6
	.byte	2                               @ 2
	.byte	159                             @ DW_OP_stack_value
	.long	.Ltmp31-.Lfunc_begin0
	.long	.Ltmp33-.Lfunc_begin0
	.short	1                               @ Loc expr size
	.byte	84                              @ DW_OP_reg4
	.long	0
	.long	0
.Ldebug_loc3:
	.long	-1
	.long	.Lfunc_begin1                   @   base address
	.long	.Ltmp37-.Lfunc_begin1
	.long	.Ltmp39-.Lfunc_begin1
	.short	1                               @ Loc expr size
	.byte	80                              @ DW_OP_reg0
	.long	.Ltmp39-.Lfunc_begin1
	.long	.Ltmp40-.Lfunc_begin1
	.short	1                               @ Loc expr size
	.byte	81                              @ DW_OP_reg1
	.long	0
	.long	0
.Ldebug_loc4:
	.long	-1
	.long	.Lfunc_begin1                   @   base address
	.long	.Ltmp41-.Lfunc_begin1
	.long	.Ltmp43-.Lfunc_begin1
	.short	1                               @ Loc expr size
	.byte	85                              @ DW_OP_reg5
	.long	.Ltmp43-.Lfunc_begin1
	.long	.Ltmp45-.Lfunc_begin1
	.short	5                               @ Loc expr size
	.byte	117                             @ DW_OP_breg5
	.byte	0                               @ 0
	.byte	49                              @ DW_OP_lit1
	.byte	33                              @ DW_OP_or
	.byte	159                             @ DW_OP_stack_value
	.long	.Ltmp45-.Lfunc_begin1
	.long	.Ltmp47-.Lfunc_begin1
	.short	5                               @ Loc expr size
	.byte	117                             @ DW_OP_breg5
	.byte	0                               @ 0
	.byte	50                              @ DW_OP_lit2
	.byte	33                              @ DW_OP_or
	.byte	159                             @ DW_OP_stack_value
	.long	.Ltmp47-.Lfunc_begin1
	.long	.Ltmp49-.Lfunc_begin1
	.short	5                               @ Loc expr size
	.byte	117                             @ DW_OP_breg5
	.byte	0                               @ 0
	.byte	51                              @ DW_OP_lit3
	.byte	33                              @ DW_OP_or
	.byte	159                             @ DW_OP_stack_value
	.long	.Ltmp49-.Lfunc_begin1
	.long	.Ltmp51-.Lfunc_begin1
	.short	5                               @ Loc expr size
	.byte	117                             @ DW_OP_breg5
	.byte	0                               @ 0
	.byte	52                              @ DW_OP_lit4
	.byte	33                              @ DW_OP_or
	.byte	159                             @ DW_OP_stack_value
	.long	.Ltmp51-.Lfunc_begin1
	.long	.Ltmp53-.Lfunc_begin1
	.short	5                               @ Loc expr size
	.byte	117                             @ DW_OP_breg5
	.byte	0                               @ 0
	.byte	53                              @ DW_OP_lit5
	.byte	33                              @ DW_OP_or
	.byte	159                             @ DW_OP_stack_value
	.long	.Ltmp53-.Lfunc_begin1
	.long	.Ltmp55-.Lfunc_begin1
	.short	5                               @ Loc expr size
	.byte	117                             @ DW_OP_breg5
	.byte	0                               @ 0
	.byte	54                              @ DW_OP_lit6
	.byte	33                              @ DW_OP_or
	.byte	159                             @ DW_OP_stack_value
	.long	.Ltmp55-.Lfunc_begin1
	.long	.Ltmp57-.Lfunc_begin1
	.short	5                               @ Loc expr size
	.byte	117                             @ DW_OP_breg5
	.byte	0                               @ 0
	.byte	55                              @ DW_OP_lit7
	.byte	33                              @ DW_OP_or
	.byte	159                             @ DW_OP_stack_value
	.long	.Ltmp57-.Lfunc_begin1
	.long	.Ltmp59-.Lfunc_begin1
	.short	5                               @ Loc expr size
	.byte	117                             @ DW_OP_breg5
	.byte	0                               @ 0
	.byte	56                              @ DW_OP_lit8
	.byte	33                              @ DW_OP_or
	.byte	159                             @ DW_OP_stack_value
	.long	.Ltmp59-.Lfunc_begin1
	.long	.Ltmp61-.Lfunc_begin1
	.short	5                               @ Loc expr size
	.byte	117                             @ DW_OP_breg5
	.byte	0                               @ 0
	.byte	57                              @ DW_OP_lit9
	.byte	33                              @ DW_OP_or
	.byte	159                             @ DW_OP_stack_value
	.long	.Ltmp61-.Lfunc_begin1
	.long	.Ltmp63-.Lfunc_begin1
	.short	5                               @ Loc expr size
	.byte	117                             @ DW_OP_breg5
	.byte	0                               @ 0
	.byte	58                              @ DW_OP_lit10
	.byte	33                              @ DW_OP_or
	.byte	159                             @ DW_OP_stack_value
	.long	.Ltmp63-.Lfunc_begin1
	.long	.Ltmp65-.Lfunc_begin1
	.short	5                               @ Loc expr size
	.byte	117                             @ DW_OP_breg5
	.byte	0                               @ 0
	.byte	59                              @ DW_OP_lit11
	.byte	33                              @ DW_OP_or
	.byte	159                             @ DW_OP_stack_value
	.long	.Ltmp65-.Lfunc_begin1
	.long	.Ltmp67-.Lfunc_begin1
	.short	5                               @ Loc expr size
	.byte	117                             @ DW_OP_breg5
	.byte	0                               @ 0
	.byte	60                              @ DW_OP_lit12
	.byte	33                              @ DW_OP_or
	.byte	159                             @ DW_OP_stack_value
	.long	.Ltmp67-.Lfunc_begin1
	.long	.Ltmp69-.Lfunc_begin1
	.short	5                               @ Loc expr size
	.byte	117                             @ DW_OP_breg5
	.byte	0                               @ 0
	.byte	61                              @ DW_OP_lit13
	.byte	33                              @ DW_OP_or
	.byte	159                             @ DW_OP_stack_value
	.long	.Ltmp69-.Lfunc_begin1
	.long	.Ltmp71-.Lfunc_begin1
	.short	5                               @ Loc expr size
	.byte	117                             @ DW_OP_breg5
	.byte	0                               @ 0
	.byte	62                              @ DW_OP_lit14
	.byte	33                              @ DW_OP_or
	.byte	159                             @ DW_OP_stack_value
	.long	.Ltmp71-.Lfunc_begin1
	.long	.Ltmp73-.Lfunc_begin1
	.short	5                               @ Loc expr size
	.byte	117                             @ DW_OP_breg5
	.byte	0                               @ 0
	.byte	63                              @ DW_OP_lit15
	.byte	33                              @ DW_OP_or
	.byte	159                             @ DW_OP_stack_value
	.long	.Ltmp76-.Lfunc_begin1
	.long	.Ltmp78-.Lfunc_begin1
	.short	3                               @ Loc expr size
	.byte	117                             @ DW_OP_breg5
	.byte	16                              @ 16
	.byte	159                             @ DW_OP_stack_value
	.long	0
	.long	0
.Ldebug_loc5:
	.long	-1
	.long	.Lfunc_begin2                   @   base address
	.long	.Ltmp84-.Lfunc_begin2
	.long	.Ltmp85-.Lfunc_begin2
	.short	10                              @ Loc expr size
	.byte	113                             @ DW_OP_breg1
	.byte	0                               @ 0
	.byte	17                              @ DW_OP_consts
	.byte	128                             @ 128
	.byte	1                               @ 
	.byte	27                              @ DW_OP_div
	.byte	17                              @ DW_OP_consts
	.byte	32                              @ 32
	.byte	30                              @ DW_OP_mul
	.byte	159                             @ DW_OP_stack_value
	.long	.Ltmp85-.Lfunc_begin2
	.long	.Ltmp86-.Lfunc_begin2
	.short	13                              @ Loc expr size
	.byte	113                             @ DW_OP_breg1
	.byte	0                               @ 0
	.byte	17                              @ DW_OP_consts
	.byte	128                             @ 128
	.byte	1                               @ 
	.byte	27                              @ DW_OP_div
	.byte	17                              @ DW_OP_consts
	.byte	32                              @ 32
	.byte	30                              @ DW_OP_mul
	.byte	17                              @ DW_OP_consts
	.byte	3                               @ 3
	.byte	34                              @ DW_OP_plus
	.byte	159                             @ DW_OP_stack_value
	.long	.Ltmp90-.Lfunc_begin2
	.long	.Ltmp91-.Lfunc_begin2
	.short	13                              @ Loc expr size
	.byte	113                             @ DW_OP_breg1
	.byte	0                               @ 0
	.byte	17                              @ DW_OP_consts
	.byte	128                             @ 128
	.byte	1                               @ 
	.byte	27                              @ DW_OP_div
	.byte	17                              @ DW_OP_consts
	.byte	32                              @ 32
	.byte	30                              @ DW_OP_mul
	.byte	17                              @ DW_OP_consts
	.byte	4                               @ 4
	.byte	34                              @ DW_OP_plus
	.byte	159                             @ DW_OP_stack_value
	.long	.Ltmp91-.Lfunc_begin2
	.long	.Ltmp92-.Lfunc_begin2
	.short	13                              @ Loc expr size
	.byte	113                             @ DW_OP_breg1
	.byte	0                               @ 0
	.byte	17                              @ DW_OP_consts
	.byte	128                             @ 128
	.byte	1                               @ 
	.byte	27                              @ DW_OP_div
	.byte	17                              @ DW_OP_consts
	.byte	32                              @ 32
	.byte	30                              @ DW_OP_mul
	.byte	17                              @ DW_OP_consts
	.byte	5                               @ 5
	.byte	34                              @ DW_OP_plus
	.byte	159                             @ DW_OP_stack_value
	.long	.Ltmp92-.Lfunc_begin2
	.long	.Ltmp93-.Lfunc_begin2
	.short	13                              @ Loc expr size
	.byte	113                             @ DW_OP_breg1
	.byte	0                               @ 0
	.byte	17                              @ DW_OP_consts
	.byte	128                             @ 128
	.byte	1                               @ 
	.byte	27                              @ DW_OP_div
	.byte	17                              @ DW_OP_consts
	.byte	32                              @ 32
	.byte	30                              @ DW_OP_mul
	.byte	17                              @ DW_OP_consts
	.byte	6                               @ 6
	.byte	34                              @ DW_OP_plus
	.byte	159                             @ DW_OP_stack_value
	.long	.Ltmp93-.Lfunc_begin2
	.long	.Ltmp94-.Lfunc_begin2
	.short	13                              @ Loc expr size
	.byte	113                             @ DW_OP_breg1
	.byte	0                               @ 0
	.byte	17                              @ DW_OP_consts
	.byte	128                             @ 128
	.byte	1                               @ 
	.byte	27                              @ DW_OP_div
	.byte	17                              @ DW_OP_consts
	.byte	32                              @ 32
	.byte	30                              @ DW_OP_mul
	.byte	17                              @ DW_OP_consts
	.byte	7                               @ 7
	.byte	34                              @ DW_OP_plus
	.byte	159                             @ DW_OP_stack_value
	.long	.Ltmp94-.Lfunc_begin2
	.long	.Ltmp95-.Lfunc_begin2
	.short	13                              @ Loc expr size
	.byte	113                             @ DW_OP_breg1
	.byte	0                               @ 0
	.byte	17                              @ DW_OP_consts
	.byte	128                             @ 128
	.byte	1                               @ 
	.byte	27                              @ DW_OP_div
	.byte	17                              @ DW_OP_consts
	.byte	32                              @ 32
	.byte	30                              @ DW_OP_mul
	.byte	17                              @ DW_OP_consts
	.byte	8                               @ 8
	.byte	34                              @ DW_OP_plus
	.byte	159                             @ DW_OP_stack_value
	.long	.Ltmp95-.Lfunc_begin2
	.long	.Ltmp96-.Lfunc_begin2
	.short	13                              @ Loc expr size
	.byte	113                             @ DW_OP_breg1
	.byte	0                               @ 0
	.byte	17                              @ DW_OP_consts
	.byte	128                             @ 128
	.byte	1                               @ 
	.byte	27                              @ DW_OP_div
	.byte	17                              @ DW_OP_consts
	.byte	32                              @ 32
	.byte	30                              @ DW_OP_mul
	.byte	17                              @ DW_OP_consts
	.byte	9                               @ 9
	.byte	34                              @ DW_OP_plus
	.byte	159                             @ DW_OP_stack_value
	.long	.Ltmp96-.Lfunc_begin2
	.long	.Ltmp97-.Lfunc_begin2
	.short	13                              @ Loc expr size
	.byte	113                             @ DW_OP_breg1
	.byte	0                               @ 0
	.byte	17                              @ DW_OP_consts
	.byte	128                             @ 128
	.byte	1                               @ 
	.byte	27                              @ DW_OP_div
	.byte	17                              @ DW_OP_consts
	.byte	32                              @ 32
	.byte	30                              @ DW_OP_mul
	.byte	17                              @ DW_OP_consts
	.byte	10                              @ 10
	.byte	34                              @ DW_OP_plus
	.byte	159                             @ DW_OP_stack_value
	.long	.Ltmp97-.Lfunc_begin2
	.long	.Ltmp98-.Lfunc_begin2
	.short	13                              @ Loc expr size
	.byte	113                             @ DW_OP_breg1
	.byte	0                               @ 0
	.byte	17                              @ DW_OP_consts
	.byte	128                             @ 128
	.byte	1                               @ 
	.byte	27                              @ DW_OP_div
	.byte	17                              @ DW_OP_consts
	.byte	32                              @ 32
	.byte	30                              @ DW_OP_mul
	.byte	17                              @ DW_OP_consts
	.byte	11                              @ 11
	.byte	34                              @ DW_OP_plus
	.byte	159                             @ DW_OP_stack_value
	.long	.Ltmp98-.Lfunc_begin2
	.long	.Ltmp99-.Lfunc_begin2
	.short	13                              @ Loc expr size
	.byte	113                             @ DW_OP_breg1
	.byte	0                               @ 0
	.byte	17                              @ DW_OP_consts
	.byte	128                             @ 128
	.byte	1                               @ 
	.byte	27                              @ DW_OP_div
	.byte	17                              @ DW_OP_consts
	.byte	32                              @ 32
	.byte	30                              @ DW_OP_mul
	.byte	17                              @ DW_OP_consts
	.byte	12                              @ 12
	.byte	34                              @ DW_OP_plus
	.byte	159                             @ DW_OP_stack_value
	.long	.Ltmp99-.Lfunc_begin2
	.long	.Ltmp100-.Lfunc_begin2
	.short	13                              @ Loc expr size
	.byte	113                             @ DW_OP_breg1
	.byte	0                               @ 0
	.byte	17                              @ DW_OP_consts
	.byte	128                             @ 128
	.byte	1                               @ 
	.byte	27                              @ DW_OP_div
	.byte	17                              @ DW_OP_consts
	.byte	32                              @ 32
	.byte	30                              @ DW_OP_mul
	.byte	17                              @ DW_OP_consts
	.byte	13                              @ 13
	.byte	34                              @ DW_OP_plus
	.byte	159                             @ DW_OP_stack_value
	.long	.Ltmp100-.Lfunc_begin2
	.long	.Ltmp101-.Lfunc_begin2
	.short	13                              @ Loc expr size
	.byte	113                             @ DW_OP_breg1
	.byte	0                               @ 0
	.byte	17                              @ DW_OP_consts
	.byte	128                             @ 128
	.byte	1                               @ 
	.byte	27                              @ DW_OP_div
	.byte	17                              @ DW_OP_consts
	.byte	32                              @ 32
	.byte	30                              @ DW_OP_mul
	.byte	17                              @ DW_OP_consts
	.byte	14                              @ 14
	.byte	34                              @ DW_OP_plus
	.byte	159                             @ DW_OP_stack_value
	.long	.Ltmp101-.Lfunc_begin2
	.long	.Ltmp102-.Lfunc_begin2
	.short	13                              @ Loc expr size
	.byte	113                             @ DW_OP_breg1
	.byte	0                               @ 0
	.byte	17                              @ DW_OP_consts
	.byte	128                             @ 128
	.byte	1                               @ 
	.byte	27                              @ DW_OP_div
	.byte	17                              @ DW_OP_consts
	.byte	32                              @ 32
	.byte	30                              @ DW_OP_mul
	.byte	17                              @ DW_OP_consts
	.byte	15                              @ 15
	.byte	34                              @ DW_OP_plus
	.byte	159                             @ DW_OP_stack_value
	.long	.Ltmp102-.Lfunc_begin2
	.long	.Ltmp103-.Lfunc_begin2
	.short	13                              @ Loc expr size
	.byte	113                             @ DW_OP_breg1
	.byte	0                               @ 0
	.byte	17                              @ DW_OP_consts
	.byte	128                             @ 128
	.byte	1                               @ 
	.byte	27                              @ DW_OP_div
	.byte	17                              @ DW_OP_consts
	.byte	32                              @ 32
	.byte	30                              @ DW_OP_mul
	.byte	17                              @ DW_OP_consts
	.byte	16                              @ 16
	.byte	34                              @ DW_OP_plus
	.byte	159                             @ DW_OP_stack_value
	.long	.Ltmp103-.Lfunc_begin2
	.long	.Ltmp104-.Lfunc_begin2
	.short	13                              @ Loc expr size
	.byte	113                             @ DW_OP_breg1
	.byte	0                               @ 0
	.byte	17                              @ DW_OP_consts
	.byte	128                             @ 128
	.byte	1                               @ 
	.byte	27                              @ DW_OP_div
	.byte	17                              @ DW_OP_consts
	.byte	32                              @ 32
	.byte	30                              @ DW_OP_mul
	.byte	17                              @ DW_OP_consts
	.byte	17                              @ 17
	.byte	34                              @ DW_OP_plus
	.byte	159                             @ DW_OP_stack_value
	.long	.Ltmp104-.Lfunc_begin2
	.long	.Ltmp105-.Lfunc_begin2
	.short	13                              @ Loc expr size
	.byte	113                             @ DW_OP_breg1
	.byte	0                               @ 0
	.byte	17                              @ DW_OP_consts
	.byte	128                             @ 128
	.byte	1                               @ 
	.byte	27                              @ DW_OP_div
	.byte	17                              @ DW_OP_consts
	.byte	32                              @ 32
	.byte	30                              @ DW_OP_mul
	.byte	17                              @ DW_OP_consts
	.byte	18                              @ 18
	.byte	34                              @ DW_OP_plus
	.byte	159                             @ DW_OP_stack_value
	.long	.Ltmp105-.Lfunc_begin2
	.long	.Ltmp106-.Lfunc_begin2
	.short	13                              @ Loc expr size
	.byte	113                             @ DW_OP_breg1
	.byte	0                               @ 0
	.byte	17                              @ DW_OP_consts
	.byte	128                             @ 128
	.byte	1                               @ 
	.byte	27                              @ DW_OP_div
	.byte	17                              @ DW_OP_consts
	.byte	32                              @ 32
	.byte	30                              @ DW_OP_mul
	.byte	17                              @ DW_OP_consts
	.byte	19                              @ 19
	.byte	34                              @ DW_OP_plus
	.byte	159                             @ DW_OP_stack_value
	.long	.Ltmp106-.Lfunc_begin2
	.long	.Ltmp107-.Lfunc_begin2
	.short	13                              @ Loc expr size
	.byte	113                             @ DW_OP_breg1
	.byte	0                               @ 0
	.byte	17                              @ DW_OP_consts
	.byte	128                             @ 128
	.byte	1                               @ 
	.byte	27                              @ DW_OP_div
	.byte	17                              @ DW_OP_consts
	.byte	32                              @ 32
	.byte	30                              @ DW_OP_mul
	.byte	17                              @ DW_OP_consts
	.byte	20                              @ 20
	.byte	34                              @ DW_OP_plus
	.byte	159                             @ DW_OP_stack_value
	.long	.Ltmp107-.Lfunc_begin2
	.long	.Ltmp108-.Lfunc_begin2
	.short	13                              @ Loc expr size
	.byte	113                             @ DW_OP_breg1
	.byte	0                               @ 0
	.byte	17                              @ DW_OP_consts
	.byte	128                             @ 128
	.byte	1                               @ 
	.byte	27                              @ DW_OP_div
	.byte	17                              @ DW_OP_consts
	.byte	32                              @ 32
	.byte	30                              @ DW_OP_mul
	.byte	17                              @ DW_OP_consts
	.byte	21                              @ 21
	.byte	34                              @ DW_OP_plus
	.byte	159                             @ DW_OP_stack_value
	.long	.Ltmp108-.Lfunc_begin2
	.long	.Ltmp109-.Lfunc_begin2
	.short	13                              @ Loc expr size
	.byte	113                             @ DW_OP_breg1
	.byte	0                               @ 0
	.byte	17                              @ DW_OP_consts
	.byte	128                             @ 128
	.byte	1                               @ 
	.byte	27                              @ DW_OP_div
	.byte	17                              @ DW_OP_consts
	.byte	32                              @ 32
	.byte	30                              @ DW_OP_mul
	.byte	17                              @ DW_OP_consts
	.byte	22                              @ 22
	.byte	34                              @ DW_OP_plus
	.byte	159                             @ DW_OP_stack_value
	.long	.Ltmp109-.Lfunc_begin2
	.long	.Ltmp110-.Lfunc_begin2
	.short	13                              @ Loc expr size
	.byte	113                             @ DW_OP_breg1
	.byte	0                               @ 0
	.byte	17                              @ DW_OP_consts
	.byte	128                             @ 128
	.byte	1                               @ 
	.byte	27                              @ DW_OP_div
	.byte	17                              @ DW_OP_consts
	.byte	32                              @ 32
	.byte	30                              @ DW_OP_mul
	.byte	17                              @ DW_OP_consts
	.byte	23                              @ 23
	.byte	34                              @ DW_OP_plus
	.byte	159                             @ DW_OP_stack_value
	.long	.Ltmp110-.Lfunc_begin2
	.long	.Ltmp111-.Lfunc_begin2
	.short	13                              @ Loc expr size
	.byte	113                             @ DW_OP_breg1
	.byte	0                               @ 0
	.byte	17                              @ DW_OP_consts
	.byte	128                             @ 128
	.byte	1                               @ 
	.byte	27                              @ DW_OP_div
	.byte	17                              @ DW_OP_consts
	.byte	32                              @ 32
	.byte	30                              @ DW_OP_mul
	.byte	17                              @ DW_OP_consts
	.byte	24                              @ 24
	.byte	34                              @ DW_OP_plus
	.byte	159                             @ DW_OP_stack_value
	.long	.Ltmp111-.Lfunc_begin2
	.long	.Ltmp112-.Lfunc_begin2
	.short	13                              @ Loc expr size
	.byte	113                             @ DW_OP_breg1
	.byte	0                               @ 0
	.byte	17                              @ DW_OP_consts
	.byte	128                             @ 128
	.byte	1                               @ 
	.byte	27                              @ DW_OP_div
	.byte	17                              @ DW_OP_consts
	.byte	32                              @ 32
	.byte	30                              @ DW_OP_mul
	.byte	17                              @ DW_OP_consts
	.byte	25                              @ 25
	.byte	34                              @ DW_OP_plus
	.byte	159                             @ DW_OP_stack_value
	.long	.Ltmp112-.Lfunc_begin2
	.long	.Ltmp113-.Lfunc_begin2
	.short	13                              @ Loc expr size
	.byte	113                             @ DW_OP_breg1
	.byte	0                               @ 0
	.byte	17                              @ DW_OP_consts
	.byte	128                             @ 128
	.byte	1                               @ 
	.byte	27                              @ DW_OP_div
	.byte	17                              @ DW_OP_consts
	.byte	32                              @ 32
	.byte	30                              @ DW_OP_mul
	.byte	17                              @ DW_OP_consts
	.byte	26                              @ 26
	.byte	34                              @ DW_OP_plus
	.byte	159                             @ DW_OP_stack_value
	.long	.Ltmp113-.Lfunc_begin2
	.long	.Ltmp114-.Lfunc_begin2
	.short	13                              @ Loc expr size
	.byte	113                             @ DW_OP_breg1
	.byte	0                               @ 0
	.byte	17                              @ DW_OP_consts
	.byte	128                             @ 128
	.byte	1                               @ 
	.byte	27                              @ DW_OP_div
	.byte	17                              @ DW_OP_consts
	.byte	32                              @ 32
	.byte	30                              @ DW_OP_mul
	.byte	17                              @ DW_OP_consts
	.byte	27                              @ 27
	.byte	34                              @ DW_OP_plus
	.byte	159                             @ DW_OP_stack_value
	.long	.Ltmp114-.Lfunc_begin2
	.long	.Ltmp115-.Lfunc_begin2
	.short	13                              @ Loc expr size
	.byte	113                             @ DW_OP_breg1
	.byte	0                               @ 0
	.byte	17                              @ DW_OP_consts
	.byte	128                             @ 128
	.byte	1                               @ 
	.byte	27                              @ DW_OP_div
	.byte	17                              @ DW_OP_consts
	.byte	32                              @ 32
	.byte	30                              @ DW_OP_mul
	.byte	17                              @ DW_OP_consts
	.byte	28                              @ 28
	.byte	34                              @ DW_OP_plus
	.byte	159                             @ DW_OP_stack_value
	.long	.Ltmp115-.Lfunc_begin2
	.long	.Ltmp116-.Lfunc_begin2
	.short	13                              @ Loc expr size
	.byte	113                             @ DW_OP_breg1
	.byte	0                               @ 0
	.byte	17                              @ DW_OP_consts
	.byte	128                             @ 128
	.byte	1                               @ 
	.byte	27                              @ DW_OP_div
	.byte	17                              @ DW_OP_consts
	.byte	32                              @ 32
	.byte	30                              @ DW_OP_mul
	.byte	17                              @ DW_OP_consts
	.byte	29                              @ 29
	.byte	34                              @ DW_OP_plus
	.byte	159                             @ DW_OP_stack_value
	.long	.Ltmp116-.Lfunc_begin2
	.long	.Ltmp117-.Lfunc_begin2
	.short	13                              @ Loc expr size
	.byte	113                             @ DW_OP_breg1
	.byte	0                               @ 0
	.byte	17                              @ DW_OP_consts
	.byte	128                             @ 128
	.byte	1                               @ 
	.byte	27                              @ DW_OP_div
	.byte	17                              @ DW_OP_consts
	.byte	32                              @ 32
	.byte	30                              @ DW_OP_mul
	.byte	17                              @ DW_OP_consts
	.byte	30                              @ 30
	.byte	34                              @ DW_OP_plus
	.byte	159                             @ DW_OP_stack_value
	.long	.Ltmp117-.Lfunc_begin2
	.long	.Ltmp118-.Lfunc_begin2
	.short	13                              @ Loc expr size
	.byte	113                             @ DW_OP_breg1
	.byte	0                               @ 0
	.byte	17                              @ DW_OP_consts
	.byte	128                             @ 128
	.byte	1                               @ 
	.byte	27                              @ DW_OP_div
	.byte	17                              @ DW_OP_consts
	.byte	32                              @ 32
	.byte	30                              @ DW_OP_mul
	.byte	17                              @ DW_OP_consts
	.byte	31                              @ 31
	.byte	34                              @ DW_OP_plus
	.byte	159                             @ DW_OP_stack_value
	.long	.Ltmp118-.Lfunc_begin2
	.long	.Ltmp119-.Lfunc_begin2
	.short	13                              @ Loc expr size
	.byte	113                             @ DW_OP_breg1
	.byte	0                               @ 0
	.byte	17                              @ DW_OP_consts
	.byte	128                             @ 128
	.byte	1                               @ 
	.byte	27                              @ DW_OP_div
	.byte	17                              @ DW_OP_consts
	.byte	32                              @ 32
	.byte	30                              @ DW_OP_mul
	.byte	17                              @ DW_OP_consts
	.byte	32                              @ 32
	.byte	34                              @ DW_OP_plus
	.byte	159                             @ DW_OP_stack_value
	.long	0
	.long	0
.Ldebug_loc6:
	.long	-1
	.long	.Lfunc_begin2                   @   base address
	.long	.Ltmp84-.Lfunc_begin2
	.long	.Ltmp87-.Lfunc_begin2
	.short	3                               @ Loc expr size
	.byte	144                             @ super-register DW_OP_regx
	.byte	129                             @ 257
	.byte	2                               @ 
	.long	.Ltmp87-.Lfunc_begin2
	.long	.Ltmp118-.Lfunc_begin2
	.short	3                               @ Loc expr size
	.byte	144                             @ super-register DW_OP_regx
	.byte	128                             @ 256
	.byte	2                               @ 
	.long	.Ltmp118-.Lfunc_begin2
	.long	.Ltmp120-.Lfunc_begin2
	.short	3                               @ Loc expr size
	.byte	144                             @ super-register DW_OP_regx
	.byte	129                             @ 257
	.byte	2                               @ 
	.long	.Ltmp120-.Lfunc_begin2
	.long	.Ltmp121-.Lfunc_begin2
	.short	3                               @ Loc expr size
	.byte	144                             @ super-register DW_OP_regx
	.byte	130                             @ 258
	.byte	2                               @ 
	.long	0
	.long	0
.Ldebug_loc7:
	.long	-1
	.long	.Lfunc_begin2                   @   base address
	.long	.Ltmp84-.Lfunc_begin2
	.long	.Ltmp161-.Lfunc_begin2
	.short	4                               @ Loc expr size
	.byte	17                              @ DW_OP_consts
	.byte	128                             @ 256
	.byte	2                               @ 
	.byte	159                             @ DW_OP_stack_value
	.long	0
	.long	0
.Ldebug_loc8:
	.long	-1
	.long	.Lfunc_begin2                   @   base address
	.long	.Ltmp123-.Lfunc_begin2
	.long	.Ltmp125-.Lfunc_begin2
	.short	10                              @ Loc expr size
	.byte	113                             @ DW_OP_breg1
	.byte	0                               @ 0
	.byte	17                              @ DW_OP_consts
	.byte	192                             @ 64
	.byte	0                               @ 
	.byte	27                              @ DW_OP_div
	.byte	17                              @ DW_OP_consts
	.byte	16                              @ 16
	.byte	30                              @ DW_OP_mul
	.byte	159                             @ DW_OP_stack_value
	.long	.Ltmp126-.Lfunc_begin2
	.long	.Ltmp127-.Lfunc_begin2
	.short	13                              @ Loc expr size
	.byte	113                             @ DW_OP_breg1
	.byte	0                               @ 0
	.byte	17                              @ DW_OP_consts
	.byte	192                             @ 64
	.byte	0                               @ 
	.byte	27                              @ DW_OP_div
	.byte	17                              @ DW_OP_consts
	.byte	16                              @ 16
	.byte	30                              @ DW_OP_mul
	.byte	17                              @ DW_OP_consts
	.byte	1                               @ 1
	.byte	34                              @ DW_OP_plus
	.byte	159                             @ DW_OP_stack_value
	.long	.Ltmp127-.Lfunc_begin2
	.long	.Ltmp131-.Lfunc_begin2
	.short	13                              @ Loc expr size
	.byte	113                             @ DW_OP_breg1
	.byte	0                               @ 0
	.byte	17                              @ DW_OP_consts
	.byte	192                             @ 64
	.byte	0                               @ 
	.byte	27                              @ DW_OP_div
	.byte	17                              @ DW_OP_consts
	.byte	16                              @ 16
	.byte	30                              @ DW_OP_mul
	.byte	17                              @ DW_OP_consts
	.byte	2                               @ 2
	.byte	34                              @ DW_OP_plus
	.byte	159                             @ DW_OP_stack_value
	.long	.Ltmp131-.Lfunc_begin2
	.long	.Ltmp136-.Lfunc_begin2
	.short	13                              @ Loc expr size
	.byte	113                             @ DW_OP_breg1
	.byte	0                               @ 0
	.byte	17                              @ DW_OP_consts
	.byte	192                             @ 64
	.byte	0                               @ 
	.byte	27                              @ DW_OP_div
	.byte	17                              @ DW_OP_consts
	.byte	16                              @ 16
	.byte	30                              @ DW_OP_mul
	.byte	17                              @ DW_OP_consts
	.byte	3                               @ 3
	.byte	34                              @ DW_OP_plus
	.byte	159                             @ DW_OP_stack_value
	.long	.Ltmp136-.Lfunc_begin2
	.long	.Ltmp138-.Lfunc_begin2
	.short	13                              @ Loc expr size
	.byte	113                             @ DW_OP_breg1
	.byte	0                               @ 0
	.byte	17                              @ DW_OP_consts
	.byte	192                             @ 64
	.byte	0                               @ 
	.byte	27                              @ DW_OP_div
	.byte	17                              @ DW_OP_consts
	.byte	16                              @ 16
	.byte	30                              @ DW_OP_mul
	.byte	17                              @ DW_OP_consts
	.byte	4                               @ 4
	.byte	34                              @ DW_OP_plus
	.byte	159                             @ DW_OP_stack_value
	.long	.Ltmp138-.Lfunc_begin2
	.long	.Ltmp140-.Lfunc_begin2
	.short	13                              @ Loc expr size
	.byte	113                             @ DW_OP_breg1
	.byte	0                               @ 0
	.byte	17                              @ DW_OP_consts
	.byte	192                             @ 64
	.byte	0                               @ 
	.byte	27                              @ DW_OP_div
	.byte	17                              @ DW_OP_consts
	.byte	16                              @ 16
	.byte	30                              @ DW_OP_mul
	.byte	17                              @ DW_OP_consts
	.byte	5                               @ 5
	.byte	34                              @ DW_OP_plus
	.byte	159                             @ DW_OP_stack_value
	.long	.Ltmp140-.Lfunc_begin2
	.long	.Ltmp142-.Lfunc_begin2
	.short	13                              @ Loc expr size
	.byte	113                             @ DW_OP_breg1
	.byte	0                               @ 0
	.byte	17                              @ DW_OP_consts
	.byte	192                             @ 64
	.byte	0                               @ 
	.byte	27                              @ DW_OP_div
	.byte	17                              @ DW_OP_consts
	.byte	16                              @ 16
	.byte	30                              @ DW_OP_mul
	.byte	17                              @ DW_OP_consts
	.byte	6                               @ 6
	.byte	34                              @ DW_OP_plus
	.byte	159                             @ DW_OP_stack_value
	.long	.Ltmp142-.Lfunc_begin2
	.long	.Ltmp144-.Lfunc_begin2
	.short	13                              @ Loc expr size
	.byte	113                             @ DW_OP_breg1
	.byte	0                               @ 0
	.byte	17                              @ DW_OP_consts
	.byte	192                             @ 64
	.byte	0                               @ 
	.byte	27                              @ DW_OP_div
	.byte	17                              @ DW_OP_consts
	.byte	16                              @ 16
	.byte	30                              @ DW_OP_mul
	.byte	17                              @ DW_OP_consts
	.byte	7                               @ 7
	.byte	34                              @ DW_OP_plus
	.byte	159                             @ DW_OP_stack_value
	.long	.Ltmp144-.Lfunc_begin2
	.long	.Ltmp146-.Lfunc_begin2
	.short	13                              @ Loc expr size
	.byte	113                             @ DW_OP_breg1
	.byte	0                               @ 0
	.byte	17                              @ DW_OP_consts
	.byte	192                             @ 64
	.byte	0                               @ 
	.byte	27                              @ DW_OP_div
	.byte	17                              @ DW_OP_consts
	.byte	16                              @ 16
	.byte	30                              @ DW_OP_mul
	.byte	17                              @ DW_OP_consts
	.byte	8                               @ 8
	.byte	34                              @ DW_OP_plus
	.byte	159                             @ DW_OP_stack_value
	.long	.Ltmp146-.Lfunc_begin2
	.long	.Ltmp148-.Lfunc_begin2
	.short	13                              @ Loc expr size
	.byte	113                             @ DW_OP_breg1
	.byte	0                               @ 0
	.byte	17                              @ DW_OP_consts
	.byte	192                             @ 64
	.byte	0                               @ 
	.byte	27                              @ DW_OP_div
	.byte	17                              @ DW_OP_consts
	.byte	16                              @ 16
	.byte	30                              @ DW_OP_mul
	.byte	17                              @ DW_OP_consts
	.byte	9                               @ 9
	.byte	34                              @ DW_OP_plus
	.byte	159                             @ DW_OP_stack_value
	.long	.Ltmp148-.Lfunc_begin2
	.long	.Ltmp150-.Lfunc_begin2
	.short	13                              @ Loc expr size
	.byte	113                             @ DW_OP_breg1
	.byte	0                               @ 0
	.byte	17                              @ DW_OP_consts
	.byte	192                             @ 64
	.byte	0                               @ 
	.byte	27                              @ DW_OP_div
	.byte	17                              @ DW_OP_consts
	.byte	16                              @ 16
	.byte	30                              @ DW_OP_mul
	.byte	17                              @ DW_OP_consts
	.byte	10                              @ 10
	.byte	34                              @ DW_OP_plus
	.byte	159                             @ DW_OP_stack_value
	.long	.Ltmp150-.Lfunc_begin2
	.long	.Ltmp152-.Lfunc_begin2
	.short	13                              @ Loc expr size
	.byte	113                             @ DW_OP_breg1
	.byte	0                               @ 0
	.byte	17                              @ DW_OP_consts
	.byte	192                             @ 64
	.byte	0                               @ 
	.byte	27                              @ DW_OP_div
	.byte	17                              @ DW_OP_consts
	.byte	16                              @ 16
	.byte	30                              @ DW_OP_mul
	.byte	17                              @ DW_OP_consts
	.byte	11                              @ 11
	.byte	34                              @ DW_OP_plus
	.byte	159                             @ DW_OP_stack_value
	.long	.Ltmp152-.Lfunc_begin2
	.long	.Ltmp154-.Lfunc_begin2
	.short	13                              @ Loc expr size
	.byte	113                             @ DW_OP_breg1
	.byte	0                               @ 0
	.byte	17                              @ DW_OP_consts
	.byte	192                             @ 64
	.byte	0                               @ 
	.byte	27                              @ DW_OP_div
	.byte	17                              @ DW_OP_consts
	.byte	16                              @ 16
	.byte	30                              @ DW_OP_mul
	.byte	17                              @ DW_OP_consts
	.byte	12                              @ 12
	.byte	34                              @ DW_OP_plus
	.byte	159                             @ DW_OP_stack_value
	.long	.Ltmp154-.Lfunc_begin2
	.long	.Ltmp156-.Lfunc_begin2
	.short	13                              @ Loc expr size
	.byte	113                             @ DW_OP_breg1
	.byte	0                               @ 0
	.byte	17                              @ DW_OP_consts
	.byte	192                             @ 64
	.byte	0                               @ 
	.byte	27                              @ DW_OP_div
	.byte	17                              @ DW_OP_consts
	.byte	16                              @ 16
	.byte	30                              @ DW_OP_mul
	.byte	17                              @ DW_OP_consts
	.byte	13                              @ 13
	.byte	34                              @ DW_OP_plus
	.byte	159                             @ DW_OP_stack_value
	.long	.Ltmp156-.Lfunc_begin2
	.long	.Ltmp158-.Lfunc_begin2
	.short	13                              @ Loc expr size
	.byte	113                             @ DW_OP_breg1
	.byte	0                               @ 0
	.byte	17                              @ DW_OP_consts
	.byte	192                             @ 64
	.byte	0                               @ 
	.byte	27                              @ DW_OP_div
	.byte	17                              @ DW_OP_consts
	.byte	16                              @ 16
	.byte	30                              @ DW_OP_mul
	.byte	17                              @ DW_OP_consts
	.byte	14                              @ 14
	.byte	34                              @ DW_OP_plus
	.byte	159                             @ DW_OP_stack_value
	.long	.Ltmp158-.Lfunc_begin2
	.long	.Ltmp160-.Lfunc_begin2
	.short	13                              @ Loc expr size
	.byte	113                             @ DW_OP_breg1
	.byte	0                               @ 0
	.byte	17                              @ DW_OP_consts
	.byte	192                             @ 64
	.byte	0                               @ 
	.byte	27                              @ DW_OP_div
	.byte	17                              @ DW_OP_consts
	.byte	16                              @ 16
	.byte	30                              @ DW_OP_mul
	.byte	17                              @ DW_OP_consts
	.byte	15                              @ 15
	.byte	34                              @ DW_OP_plus
	.byte	159                             @ DW_OP_stack_value
	.long	.Ltmp160-.Lfunc_begin2
	.long	.Ltmp161-.Lfunc_begin2
	.short	13                              @ Loc expr size
	.byte	113                             @ DW_OP_breg1
	.byte	0                               @ 0
	.byte	17                              @ DW_OP_consts
	.byte	192                             @ 64
	.byte	0                               @ 
	.byte	27                              @ DW_OP_div
	.byte	17                              @ DW_OP_consts
	.byte	16                              @ 16
	.byte	30                              @ DW_OP_mul
	.byte	17                              @ DW_OP_consts
	.byte	16                              @ 16
	.byte	34                              @ DW_OP_plus
	.byte	159                             @ DW_OP_stack_value
	.long	0
	.long	0
.Ldebug_loc9:
	.long	-1
	.long	.Lfunc_begin2                   @   base address
	.long	.Ltmp120-.Lfunc_begin2
	.long	.Ltmp123-.Lfunc_begin2
	.short	6                               @ Loc expr size
	.byte	158                             @ DW_OP_implicit_value
	.byte	4                               @ 4
	.byte	0                               @  
	.byte	0                               @  
	.byte	0                               @  
	.byte	0                               @  
	.long	.Ltmp123-.Lfunc_begin2
	.long	.Ltmp161-.Lfunc_begin2
	.short	3                               @ Loc expr size
	.byte	144                             @ super-register DW_OP_regx
	.byte	129                             @ 257
	.byte	2                               @ 
	.long	0
	.long	0
.Ldebug_loc10:
	.long	-1
	.long	.Lfunc_begin2                   @   base address
	.long	.Ltmp128-.Lfunc_begin2
	.long	.Ltmp161-.Lfunc_begin2
	.short	3                               @ Loc expr size
	.byte	144                             @ super-register DW_OP_regx
	.byte	131                             @ 259
	.byte	2                               @ 
	.long	0
	.long	0
.Ldebug_loc11:
	.long	-1
	.long	.Lfunc_begin2                   @   base address
	.long	.Ltmp162-.Lfunc_begin2
	.long	.Ltmp198-.Lfunc_begin2
	.short	3                               @ Loc expr size
	.byte	144                             @ super-register DW_OP_regx
	.byte	130                             @ 258
	.byte	2                               @ 
	.long	.Ltmp198-.Lfunc_begin2
	.long	.Ltmp199-.Lfunc_begin2
	.short	3                               @ Loc expr size
	.byte	144                             @ super-register DW_OP_regx
	.byte	131                             @ 259
	.byte	2                               @ 
	.long	0
	.long	0
.Ldebug_loc12:
	.long	-1
	.long	.Lfunc_begin2                   @   base address
	.long	.Ltmp162-.Lfunc_begin2
	.long	.Ltmp163-.Lfunc_begin2
	.short	10                              @ Loc expr size
	.byte	113                             @ DW_OP_breg1
	.byte	0                               @ 0
	.byte	17                              @ DW_OP_consts
	.byte	128                             @ 128
	.byte	1                               @ 
	.byte	27                              @ DW_OP_div
	.byte	17                              @ DW_OP_consts
	.byte	32                              @ 32
	.byte	30                              @ DW_OP_mul
	.byte	159                             @ DW_OP_stack_value
	.long	.Ltmp163-.Lfunc_begin2
	.long	.Ltmp164-.Lfunc_begin2
	.short	13                              @ Loc expr size
	.byte	113                             @ DW_OP_breg1
	.byte	0                               @ 0
	.byte	17                              @ DW_OP_consts
	.byte	128                             @ 128
	.byte	1                               @ 
	.byte	27                              @ DW_OP_div
	.byte	17                              @ DW_OP_consts
	.byte	32                              @ 32
	.byte	30                              @ DW_OP_mul
	.byte	17                              @ DW_OP_consts
	.byte	3                               @ 3
	.byte	34                              @ DW_OP_plus
	.byte	159                             @ DW_OP_stack_value
	.long	.Ltmp168-.Lfunc_begin2
	.long	.Ltmp169-.Lfunc_begin2
	.short	13                              @ Loc expr size
	.byte	113                             @ DW_OP_breg1
	.byte	0                               @ 0
	.byte	17                              @ DW_OP_consts
	.byte	128                             @ 128
	.byte	1                               @ 
	.byte	27                              @ DW_OP_div
	.byte	17                              @ DW_OP_consts
	.byte	32                              @ 32
	.byte	30                              @ DW_OP_mul
	.byte	17                              @ DW_OP_consts
	.byte	4                               @ 4
	.byte	34                              @ DW_OP_plus
	.byte	159                             @ DW_OP_stack_value
	.long	.Ltmp169-.Lfunc_begin2
	.long	.Ltmp170-.Lfunc_begin2
	.short	13                              @ Loc expr size
	.byte	113                             @ DW_OP_breg1
	.byte	0                               @ 0
	.byte	17                              @ DW_OP_consts
	.byte	128                             @ 128
	.byte	1                               @ 
	.byte	27                              @ DW_OP_div
	.byte	17                              @ DW_OP_consts
	.byte	32                              @ 32
	.byte	30                              @ DW_OP_mul
	.byte	17                              @ DW_OP_consts
	.byte	5                               @ 5
	.byte	34                              @ DW_OP_plus
	.byte	159                             @ DW_OP_stack_value
	.long	.Ltmp170-.Lfunc_begin2
	.long	.Ltmp171-.Lfunc_begin2
	.short	13                              @ Loc expr size
	.byte	113                             @ DW_OP_breg1
	.byte	0                               @ 0
	.byte	17                              @ DW_OP_consts
	.byte	128                             @ 128
	.byte	1                               @ 
	.byte	27                              @ DW_OP_div
	.byte	17                              @ DW_OP_consts
	.byte	32                              @ 32
	.byte	30                              @ DW_OP_mul
	.byte	17                              @ DW_OP_consts
	.byte	6                               @ 6
	.byte	34                              @ DW_OP_plus
	.byte	159                             @ DW_OP_stack_value
	.long	.Ltmp171-.Lfunc_begin2
	.long	.Ltmp172-.Lfunc_begin2
	.short	13                              @ Loc expr size
	.byte	113                             @ DW_OP_breg1
	.byte	0                               @ 0
	.byte	17                              @ DW_OP_consts
	.byte	128                             @ 128
	.byte	1                               @ 
	.byte	27                              @ DW_OP_div
	.byte	17                              @ DW_OP_consts
	.byte	32                              @ 32
	.byte	30                              @ DW_OP_mul
	.byte	17                              @ DW_OP_consts
	.byte	7                               @ 7
	.byte	34                              @ DW_OP_plus
	.byte	159                             @ DW_OP_stack_value
	.long	.Ltmp172-.Lfunc_begin2
	.long	.Ltmp173-.Lfunc_begin2
	.short	13                              @ Loc expr size
	.byte	113                             @ DW_OP_breg1
	.byte	0                               @ 0
	.byte	17                              @ DW_OP_consts
	.byte	128                             @ 128
	.byte	1                               @ 
	.byte	27                              @ DW_OP_div
	.byte	17                              @ DW_OP_consts
	.byte	32                              @ 32
	.byte	30                              @ DW_OP_mul
	.byte	17                              @ DW_OP_consts
	.byte	8                               @ 8
	.byte	34                              @ DW_OP_plus
	.byte	159                             @ DW_OP_stack_value
	.long	.Ltmp173-.Lfunc_begin2
	.long	.Ltmp174-.Lfunc_begin2
	.short	13                              @ Loc expr size
	.byte	113                             @ DW_OP_breg1
	.byte	0                               @ 0
	.byte	17                              @ DW_OP_consts
	.byte	128                             @ 128
	.byte	1                               @ 
	.byte	27                              @ DW_OP_div
	.byte	17                              @ DW_OP_consts
	.byte	32                              @ 32
	.byte	30                              @ DW_OP_mul
	.byte	17                              @ DW_OP_consts
	.byte	9                               @ 9
	.byte	34                              @ DW_OP_plus
	.byte	159                             @ DW_OP_stack_value
	.long	.Ltmp174-.Lfunc_begin2
	.long	.Ltmp175-.Lfunc_begin2
	.short	13                              @ Loc expr size
	.byte	113                             @ DW_OP_breg1
	.byte	0                               @ 0
	.byte	17                              @ DW_OP_consts
	.byte	128                             @ 128
	.byte	1                               @ 
	.byte	27                              @ DW_OP_div
	.byte	17                              @ DW_OP_consts
	.byte	32                              @ 32
	.byte	30                              @ DW_OP_mul
	.byte	17                              @ DW_OP_consts
	.byte	10                              @ 10
	.byte	34                              @ DW_OP_plus
	.byte	159                             @ DW_OP_stack_value
	.long	.Ltmp175-.Lfunc_begin2
	.long	.Ltmp176-.Lfunc_begin2
	.short	13                              @ Loc expr size
	.byte	113                             @ DW_OP_breg1
	.byte	0                               @ 0
	.byte	17                              @ DW_OP_consts
	.byte	128                             @ 128
	.byte	1                               @ 
	.byte	27                              @ DW_OP_div
	.byte	17                              @ DW_OP_consts
	.byte	32                              @ 32
	.byte	30                              @ DW_OP_mul
	.byte	17                              @ DW_OP_consts
	.byte	11                              @ 11
	.byte	34                              @ DW_OP_plus
	.byte	159                             @ DW_OP_stack_value
	.long	.Ltmp176-.Lfunc_begin2
	.long	.Ltmp177-.Lfunc_begin2
	.short	13                              @ Loc expr size
	.byte	113                             @ DW_OP_breg1
	.byte	0                               @ 0
	.byte	17                              @ DW_OP_consts
	.byte	128                             @ 128
	.byte	1                               @ 
	.byte	27                              @ DW_OP_div
	.byte	17                              @ DW_OP_consts
	.byte	32                              @ 32
	.byte	30                              @ DW_OP_mul
	.byte	17                              @ DW_OP_consts
	.byte	12                              @ 12
	.byte	34                              @ DW_OP_plus
	.byte	159                             @ DW_OP_stack_value
	.long	.Ltmp177-.Lfunc_begin2
	.long	.Ltmp178-.Lfunc_begin2
	.short	13                              @ Loc expr size
	.byte	113                             @ DW_OP_breg1
	.byte	0                               @ 0
	.byte	17                              @ DW_OP_consts
	.byte	128                             @ 128
	.byte	1                               @ 
	.byte	27                              @ DW_OP_div
	.byte	17                              @ DW_OP_consts
	.byte	32                              @ 32
	.byte	30                              @ DW_OP_mul
	.byte	17                              @ DW_OP_consts
	.byte	13                              @ 13
	.byte	34                              @ DW_OP_plus
	.byte	159                             @ DW_OP_stack_value
	.long	.Ltmp178-.Lfunc_begin2
	.long	.Ltmp179-.Lfunc_begin2
	.short	13                              @ Loc expr size
	.byte	113                             @ DW_OP_breg1
	.byte	0                               @ 0
	.byte	17                              @ DW_OP_consts
	.byte	128                             @ 128
	.byte	1                               @ 
	.byte	27                              @ DW_OP_div
	.byte	17                              @ DW_OP_consts
	.byte	32                              @ 32
	.byte	30                              @ DW_OP_mul
	.byte	17                              @ DW_OP_consts
	.byte	14                              @ 14
	.byte	34                              @ DW_OP_plus
	.byte	159                             @ DW_OP_stack_value
	.long	.Ltmp179-.Lfunc_begin2
	.long	.Ltmp180-.Lfunc_begin2
	.short	13                              @ Loc expr size
	.byte	113                             @ DW_OP_breg1
	.byte	0                               @ 0
	.byte	17                              @ DW_OP_consts
	.byte	128                             @ 128
	.byte	1                               @ 
	.byte	27                              @ DW_OP_div
	.byte	17                              @ DW_OP_consts
	.byte	32                              @ 32
	.byte	30                              @ DW_OP_mul
	.byte	17                              @ DW_OP_consts
	.byte	15                              @ 15
	.byte	34                              @ DW_OP_plus
	.byte	159                             @ DW_OP_stack_value
	.long	.Ltmp180-.Lfunc_begin2
	.long	.Ltmp181-.Lfunc_begin2
	.short	13                              @ Loc expr size
	.byte	113                             @ DW_OP_breg1
	.byte	0                               @ 0
	.byte	17                              @ DW_OP_consts
	.byte	128                             @ 128
	.byte	1                               @ 
	.byte	27                              @ DW_OP_div
	.byte	17                              @ DW_OP_consts
	.byte	32                              @ 32
	.byte	30                              @ DW_OP_mul
	.byte	17                              @ DW_OP_consts
	.byte	16                              @ 16
	.byte	34                              @ DW_OP_plus
	.byte	159                             @ DW_OP_stack_value
	.long	.Ltmp181-.Lfunc_begin2
	.long	.Ltmp182-.Lfunc_begin2
	.short	13                              @ Loc expr size
	.byte	113                             @ DW_OP_breg1
	.byte	0                               @ 0
	.byte	17                              @ DW_OP_consts
	.byte	128                             @ 128
	.byte	1                               @ 
	.byte	27                              @ DW_OP_div
	.byte	17                              @ DW_OP_consts
	.byte	32                              @ 32
	.byte	30                              @ DW_OP_mul
	.byte	17                              @ DW_OP_consts
	.byte	17                              @ 17
	.byte	34                              @ DW_OP_plus
	.byte	159                             @ DW_OP_stack_value
	.long	.Ltmp182-.Lfunc_begin2
	.long	.Ltmp183-.Lfunc_begin2
	.short	13                              @ Loc expr size
	.byte	113                             @ DW_OP_breg1
	.byte	0                               @ 0
	.byte	17                              @ DW_OP_consts
	.byte	128                             @ 128
	.byte	1                               @ 
	.byte	27                              @ DW_OP_div
	.byte	17                              @ DW_OP_consts
	.byte	32                              @ 32
	.byte	30                              @ DW_OP_mul
	.byte	17                              @ DW_OP_consts
	.byte	18                              @ 18
	.byte	34                              @ DW_OP_plus
	.byte	159                             @ DW_OP_stack_value
	.long	.Ltmp183-.Lfunc_begin2
	.long	.Ltmp184-.Lfunc_begin2
	.short	13                              @ Loc expr size
	.byte	113                             @ DW_OP_breg1
	.byte	0                               @ 0
	.byte	17                              @ DW_OP_consts
	.byte	128                             @ 128
	.byte	1                               @ 
	.byte	27                              @ DW_OP_div
	.byte	17                              @ DW_OP_consts
	.byte	32                              @ 32
	.byte	30                              @ DW_OP_mul
	.byte	17                              @ DW_OP_consts
	.byte	19                              @ 19
	.byte	34                              @ DW_OP_plus
	.byte	159                             @ DW_OP_stack_value
	.long	.Ltmp184-.Lfunc_begin2
	.long	.Ltmp185-.Lfunc_begin2
	.short	13                              @ Loc expr size
	.byte	113                             @ DW_OP_breg1
	.byte	0                               @ 0
	.byte	17                              @ DW_OP_consts
	.byte	128                             @ 128
	.byte	1                               @ 
	.byte	27                              @ DW_OP_div
	.byte	17                              @ DW_OP_consts
	.byte	32                              @ 32
	.byte	30                              @ DW_OP_mul
	.byte	17                              @ DW_OP_consts
	.byte	20                              @ 20
	.byte	34                              @ DW_OP_plus
	.byte	159                             @ DW_OP_stack_value
	.long	.Ltmp185-.Lfunc_begin2
	.long	.Ltmp186-.Lfunc_begin2
	.short	13                              @ Loc expr size
	.byte	113                             @ DW_OP_breg1
	.byte	0                               @ 0
	.byte	17                              @ DW_OP_consts
	.byte	128                             @ 128
	.byte	1                               @ 
	.byte	27                              @ DW_OP_div
	.byte	17                              @ DW_OP_consts
	.byte	32                              @ 32
	.byte	30                              @ DW_OP_mul
	.byte	17                              @ DW_OP_consts
	.byte	21                              @ 21
	.byte	34                              @ DW_OP_plus
	.byte	159                             @ DW_OP_stack_value
	.long	.Ltmp186-.Lfunc_begin2
	.long	.Ltmp187-.Lfunc_begin2
	.short	13                              @ Loc expr size
	.byte	113                             @ DW_OP_breg1
	.byte	0                               @ 0
	.byte	17                              @ DW_OP_consts
	.byte	128                             @ 128
	.byte	1                               @ 
	.byte	27                              @ DW_OP_div
	.byte	17                              @ DW_OP_consts
	.byte	32                              @ 32
	.byte	30                              @ DW_OP_mul
	.byte	17                              @ DW_OP_consts
	.byte	22                              @ 22
	.byte	34                              @ DW_OP_plus
	.byte	159                             @ DW_OP_stack_value
	.long	.Ltmp187-.Lfunc_begin2
	.long	.Ltmp188-.Lfunc_begin2
	.short	13                              @ Loc expr size
	.byte	113                             @ DW_OP_breg1
	.byte	0                               @ 0
	.byte	17                              @ DW_OP_consts
	.byte	128                             @ 128
	.byte	1                               @ 
	.byte	27                              @ DW_OP_div
	.byte	17                              @ DW_OP_consts
	.byte	32                              @ 32
	.byte	30                              @ DW_OP_mul
	.byte	17                              @ DW_OP_consts
	.byte	23                              @ 23
	.byte	34                              @ DW_OP_plus
	.byte	159                             @ DW_OP_stack_value
	.long	.Ltmp188-.Lfunc_begin2
	.long	.Ltmp189-.Lfunc_begin2
	.short	13                              @ Loc expr size
	.byte	113                             @ DW_OP_breg1
	.byte	0                               @ 0
	.byte	17                              @ DW_OP_consts
	.byte	128                             @ 128
	.byte	1                               @ 
	.byte	27                              @ DW_OP_div
	.byte	17                              @ DW_OP_consts
	.byte	32                              @ 32
	.byte	30                              @ DW_OP_mul
	.byte	17                              @ DW_OP_consts
	.byte	24                              @ 24
	.byte	34                              @ DW_OP_plus
	.byte	159                             @ DW_OP_stack_value
	.long	.Ltmp189-.Lfunc_begin2
	.long	.Ltmp190-.Lfunc_begin2
	.short	13                              @ Loc expr size
	.byte	113                             @ DW_OP_breg1
	.byte	0                               @ 0
	.byte	17                              @ DW_OP_consts
	.byte	128                             @ 128
	.byte	1                               @ 
	.byte	27                              @ DW_OP_div
	.byte	17                              @ DW_OP_consts
	.byte	32                              @ 32
	.byte	30                              @ DW_OP_mul
	.byte	17                              @ DW_OP_consts
	.byte	25                              @ 25
	.byte	34                              @ DW_OP_plus
	.byte	159                             @ DW_OP_stack_value
	.long	.Ltmp190-.Lfunc_begin2
	.long	.Ltmp191-.Lfunc_begin2
	.short	13                              @ Loc expr size
	.byte	113                             @ DW_OP_breg1
	.byte	0                               @ 0
	.byte	17                              @ DW_OP_consts
	.byte	128                             @ 128
	.byte	1                               @ 
	.byte	27                              @ DW_OP_div
	.byte	17                              @ DW_OP_consts
	.byte	32                              @ 32
	.byte	30                              @ DW_OP_mul
	.byte	17                              @ DW_OP_consts
	.byte	26                              @ 26
	.byte	34                              @ DW_OP_plus
	.byte	159                             @ DW_OP_stack_value
	.long	.Ltmp191-.Lfunc_begin2
	.long	.Ltmp192-.Lfunc_begin2
	.short	13                              @ Loc expr size
	.byte	113                             @ DW_OP_breg1
	.byte	0                               @ 0
	.byte	17                              @ DW_OP_consts
	.byte	128                             @ 128
	.byte	1                               @ 
	.byte	27                              @ DW_OP_div
	.byte	17                              @ DW_OP_consts
	.byte	32                              @ 32
	.byte	30                              @ DW_OP_mul
	.byte	17                              @ DW_OP_consts
	.byte	27                              @ 27
	.byte	34                              @ DW_OP_plus
	.byte	159                             @ DW_OP_stack_value
	.long	.Ltmp192-.Lfunc_begin2
	.long	.Ltmp193-.Lfunc_begin2
	.short	13                              @ Loc expr size
	.byte	113                             @ DW_OP_breg1
	.byte	0                               @ 0
	.byte	17                              @ DW_OP_consts
	.byte	128                             @ 128
	.byte	1                               @ 
	.byte	27                              @ DW_OP_div
	.byte	17                              @ DW_OP_consts
	.byte	32                              @ 32
	.byte	30                              @ DW_OP_mul
	.byte	17                              @ DW_OP_consts
	.byte	28                              @ 28
	.byte	34                              @ DW_OP_plus
	.byte	159                             @ DW_OP_stack_value
	.long	.Ltmp193-.Lfunc_begin2
	.long	.Ltmp194-.Lfunc_begin2
	.short	13                              @ Loc expr size
	.byte	113                             @ DW_OP_breg1
	.byte	0                               @ 0
	.byte	17                              @ DW_OP_consts
	.byte	128                             @ 128
	.byte	1                               @ 
	.byte	27                              @ DW_OP_div
	.byte	17                              @ DW_OP_consts
	.byte	32                              @ 32
	.byte	30                              @ DW_OP_mul
	.byte	17                              @ DW_OP_consts
	.byte	29                              @ 29
	.byte	34                              @ DW_OP_plus
	.byte	159                             @ DW_OP_stack_value
	.long	.Ltmp194-.Lfunc_begin2
	.long	.Ltmp195-.Lfunc_begin2
	.short	13                              @ Loc expr size
	.byte	113                             @ DW_OP_breg1
	.byte	0                               @ 0
	.byte	17                              @ DW_OP_consts
	.byte	128                             @ 128
	.byte	1                               @ 
	.byte	27                              @ DW_OP_div
	.byte	17                              @ DW_OP_consts
	.byte	32                              @ 32
	.byte	30                              @ DW_OP_mul
	.byte	17                              @ DW_OP_consts
	.byte	30                              @ 30
	.byte	34                              @ DW_OP_plus
	.byte	159                             @ DW_OP_stack_value
	.long	.Ltmp195-.Lfunc_begin2
	.long	.Ltmp196-.Lfunc_begin2
	.short	13                              @ Loc expr size
	.byte	113                             @ DW_OP_breg1
	.byte	0                               @ 0
	.byte	17                              @ DW_OP_consts
	.byte	128                             @ 128
	.byte	1                               @ 
	.byte	27                              @ DW_OP_div
	.byte	17                              @ DW_OP_consts
	.byte	32                              @ 32
	.byte	30                              @ DW_OP_mul
	.byte	17                              @ DW_OP_consts
	.byte	31                              @ 31
	.byte	34                              @ DW_OP_plus
	.byte	159                             @ DW_OP_stack_value
	.long	.Ltmp196-.Lfunc_begin2
	.long	.Ltmp197-.Lfunc_begin2
	.short	13                              @ Loc expr size
	.byte	113                             @ DW_OP_breg1
	.byte	0                               @ 0
	.byte	17                              @ DW_OP_consts
	.byte	128                             @ 128
	.byte	1                               @ 
	.byte	27                              @ DW_OP_div
	.byte	17                              @ DW_OP_consts
	.byte	32                              @ 32
	.byte	30                              @ DW_OP_mul
	.byte	17                              @ DW_OP_consts
	.byte	32                              @ 32
	.byte	34                              @ DW_OP_plus
	.byte	159                             @ DW_OP_stack_value
	.long	0
	.long	0
.Ldebug_loc13:
	.long	-1
	.long	.Lfunc_begin2                   @   base address
	.long	.Ltmp201-.Lfunc_begin2
	.long	.Ltmp203-.Lfunc_begin2
	.short	10                              @ Loc expr size
	.byte	113                             @ DW_OP_breg1
	.byte	0                               @ 0
	.byte	17                              @ DW_OP_consts
	.byte	192                             @ 64
	.byte	0                               @ 
	.byte	27                              @ DW_OP_div
	.byte	17                              @ DW_OP_consts
	.byte	16                              @ 16
	.byte	30                              @ DW_OP_mul
	.byte	159                             @ DW_OP_stack_value
	.long	.Ltmp204-.Lfunc_begin2
	.long	.Ltmp205-.Lfunc_begin2
	.short	13                              @ Loc expr size
	.byte	113                             @ DW_OP_breg1
	.byte	0                               @ 0
	.byte	17                              @ DW_OP_consts
	.byte	192                             @ 64
	.byte	0                               @ 
	.byte	27                              @ DW_OP_div
	.byte	17                              @ DW_OP_consts
	.byte	16                              @ 16
	.byte	30                              @ DW_OP_mul
	.byte	17                              @ DW_OP_consts
	.byte	1                               @ 1
	.byte	34                              @ DW_OP_plus
	.byte	159                             @ DW_OP_stack_value
	.long	.Ltmp205-.Lfunc_begin2
	.long	.Ltmp209-.Lfunc_begin2
	.short	13                              @ Loc expr size
	.byte	113                             @ DW_OP_breg1
	.byte	0                               @ 0
	.byte	17                              @ DW_OP_consts
	.byte	192                             @ 64
	.byte	0                               @ 
	.byte	27                              @ DW_OP_div
	.byte	17                              @ DW_OP_consts
	.byte	16                              @ 16
	.byte	30                              @ DW_OP_mul
	.byte	17                              @ DW_OP_consts
	.byte	2                               @ 2
	.byte	34                              @ DW_OP_plus
	.byte	159                             @ DW_OP_stack_value
	.long	.Ltmp209-.Lfunc_begin2
	.long	.Ltmp214-.Lfunc_begin2
	.short	13                              @ Loc expr size
	.byte	113                             @ DW_OP_breg1
	.byte	0                               @ 0
	.byte	17                              @ DW_OP_consts
	.byte	192                             @ 64
	.byte	0                               @ 
	.byte	27                              @ DW_OP_div
	.byte	17                              @ DW_OP_consts
	.byte	16                              @ 16
	.byte	30                              @ DW_OP_mul
	.byte	17                              @ DW_OP_consts
	.byte	3                               @ 3
	.byte	34                              @ DW_OP_plus
	.byte	159                             @ DW_OP_stack_value
	.long	.Ltmp214-.Lfunc_begin2
	.long	.Ltmp216-.Lfunc_begin2
	.short	13                              @ Loc expr size
	.byte	113                             @ DW_OP_breg1
	.byte	0                               @ 0
	.byte	17                              @ DW_OP_consts
	.byte	192                             @ 64
	.byte	0                               @ 
	.byte	27                              @ DW_OP_div
	.byte	17                              @ DW_OP_consts
	.byte	16                              @ 16
	.byte	30                              @ DW_OP_mul
	.byte	17                              @ DW_OP_consts
	.byte	4                               @ 4
	.byte	34                              @ DW_OP_plus
	.byte	159                             @ DW_OP_stack_value
	.long	.Ltmp216-.Lfunc_begin2
	.long	.Ltmp218-.Lfunc_begin2
	.short	13                              @ Loc expr size
	.byte	113                             @ DW_OP_breg1
	.byte	0                               @ 0
	.byte	17                              @ DW_OP_consts
	.byte	192                             @ 64
	.byte	0                               @ 
	.byte	27                              @ DW_OP_div
	.byte	17                              @ DW_OP_consts
	.byte	16                              @ 16
	.byte	30                              @ DW_OP_mul
	.byte	17                              @ DW_OP_consts
	.byte	5                               @ 5
	.byte	34                              @ DW_OP_plus
	.byte	159                             @ DW_OP_stack_value
	.long	.Ltmp218-.Lfunc_begin2
	.long	.Ltmp220-.Lfunc_begin2
	.short	13                              @ Loc expr size
	.byte	113                             @ DW_OP_breg1
	.byte	0                               @ 0
	.byte	17                              @ DW_OP_consts
	.byte	192                             @ 64
	.byte	0                               @ 
	.byte	27                              @ DW_OP_div
	.byte	17                              @ DW_OP_consts
	.byte	16                              @ 16
	.byte	30                              @ DW_OP_mul
	.byte	17                              @ DW_OP_consts
	.byte	6                               @ 6
	.byte	34                              @ DW_OP_plus
	.byte	159                             @ DW_OP_stack_value
	.long	.Ltmp220-.Lfunc_begin2
	.long	.Ltmp222-.Lfunc_begin2
	.short	13                              @ Loc expr size
	.byte	113                             @ DW_OP_breg1
	.byte	0                               @ 0
	.byte	17                              @ DW_OP_consts
	.byte	192                             @ 64
	.byte	0                               @ 
	.byte	27                              @ DW_OP_div
	.byte	17                              @ DW_OP_consts
	.byte	16                              @ 16
	.byte	30                              @ DW_OP_mul
	.byte	17                              @ DW_OP_consts
	.byte	7                               @ 7
	.byte	34                              @ DW_OP_plus
	.byte	159                             @ DW_OP_stack_value
	.long	.Ltmp222-.Lfunc_begin2
	.long	.Ltmp224-.Lfunc_begin2
	.short	13                              @ Loc expr size
	.byte	113                             @ DW_OP_breg1
	.byte	0                               @ 0
	.byte	17                              @ DW_OP_consts
	.byte	192                             @ 64
	.byte	0                               @ 
	.byte	27                              @ DW_OP_div
	.byte	17                              @ DW_OP_consts
	.byte	16                              @ 16
	.byte	30                              @ DW_OP_mul
	.byte	17                              @ DW_OP_consts
	.byte	8                               @ 8
	.byte	34                              @ DW_OP_plus
	.byte	159                             @ DW_OP_stack_value
	.long	.Ltmp224-.Lfunc_begin2
	.long	.Ltmp226-.Lfunc_begin2
	.short	13                              @ Loc expr size
	.byte	113                             @ DW_OP_breg1
	.byte	0                               @ 0
	.byte	17                              @ DW_OP_consts
	.byte	192                             @ 64
	.byte	0                               @ 
	.byte	27                              @ DW_OP_div
	.byte	17                              @ DW_OP_consts
	.byte	16                              @ 16
	.byte	30                              @ DW_OP_mul
	.byte	17                              @ DW_OP_consts
	.byte	9                               @ 9
	.byte	34                              @ DW_OP_plus
	.byte	159                             @ DW_OP_stack_value
	.long	.Ltmp226-.Lfunc_begin2
	.long	.Ltmp228-.Lfunc_begin2
	.short	13                              @ Loc expr size
	.byte	113                             @ DW_OP_breg1
	.byte	0                               @ 0
	.byte	17                              @ DW_OP_consts
	.byte	192                             @ 64
	.byte	0                               @ 
	.byte	27                              @ DW_OP_div
	.byte	17                              @ DW_OP_consts
	.byte	16                              @ 16
	.byte	30                              @ DW_OP_mul
	.byte	17                              @ DW_OP_consts
	.byte	10                              @ 10
	.byte	34                              @ DW_OP_plus
	.byte	159                             @ DW_OP_stack_value
	.long	.Ltmp228-.Lfunc_begin2
	.long	.Ltmp230-.Lfunc_begin2
	.short	13                              @ Loc expr size
	.byte	113                             @ DW_OP_breg1
	.byte	0                               @ 0
	.byte	17                              @ DW_OP_consts
	.byte	192                             @ 64
	.byte	0                               @ 
	.byte	27                              @ DW_OP_div
	.byte	17                              @ DW_OP_consts
	.byte	16                              @ 16
	.byte	30                              @ DW_OP_mul
	.byte	17                              @ DW_OP_consts
	.byte	11                              @ 11
	.byte	34                              @ DW_OP_plus
	.byte	159                             @ DW_OP_stack_value
	.long	.Ltmp230-.Lfunc_begin2
	.long	.Ltmp232-.Lfunc_begin2
	.short	13                              @ Loc expr size
	.byte	113                             @ DW_OP_breg1
	.byte	0                               @ 0
	.byte	17                              @ DW_OP_consts
	.byte	192                             @ 64
	.byte	0                               @ 
	.byte	27                              @ DW_OP_div
	.byte	17                              @ DW_OP_consts
	.byte	16                              @ 16
	.byte	30                              @ DW_OP_mul
	.byte	17                              @ DW_OP_consts
	.byte	12                              @ 12
	.byte	34                              @ DW_OP_plus
	.byte	159                             @ DW_OP_stack_value
	.long	.Ltmp232-.Lfunc_begin2
	.long	.Ltmp234-.Lfunc_begin2
	.short	13                              @ Loc expr size
	.byte	113                             @ DW_OP_breg1
	.byte	0                               @ 0
	.byte	17                              @ DW_OP_consts
	.byte	192                             @ 64
	.byte	0                               @ 
	.byte	27                              @ DW_OP_div
	.byte	17                              @ DW_OP_consts
	.byte	16                              @ 16
	.byte	30                              @ DW_OP_mul
	.byte	17                              @ DW_OP_consts
	.byte	13                              @ 13
	.byte	34                              @ DW_OP_plus
	.byte	159                             @ DW_OP_stack_value
	.long	.Ltmp234-.Lfunc_begin2
	.long	.Ltmp236-.Lfunc_begin2
	.short	13                              @ Loc expr size
	.byte	113                             @ DW_OP_breg1
	.byte	0                               @ 0
	.byte	17                              @ DW_OP_consts
	.byte	192                             @ 64
	.byte	0                               @ 
	.byte	27                              @ DW_OP_div
	.byte	17                              @ DW_OP_consts
	.byte	16                              @ 16
	.byte	30                              @ DW_OP_mul
	.byte	17                              @ DW_OP_consts
	.byte	14                              @ 14
	.byte	34                              @ DW_OP_plus
	.byte	159                             @ DW_OP_stack_value
	.long	.Ltmp236-.Lfunc_begin2
	.long	.Ltmp238-.Lfunc_begin2
	.short	13                              @ Loc expr size
	.byte	113                             @ DW_OP_breg1
	.byte	0                               @ 0
	.byte	17                              @ DW_OP_consts
	.byte	192                             @ 64
	.byte	0                               @ 
	.byte	27                              @ DW_OP_div
	.byte	17                              @ DW_OP_consts
	.byte	16                              @ 16
	.byte	30                              @ DW_OP_mul
	.byte	17                              @ DW_OP_consts
	.byte	15                              @ 15
	.byte	34                              @ DW_OP_plus
	.byte	159                             @ DW_OP_stack_value
	.long	.Ltmp238-.Lfunc_begin2
	.long	.Ltmp239-.Lfunc_begin2
	.short	13                              @ Loc expr size
	.byte	113                             @ DW_OP_breg1
	.byte	0                               @ 0
	.byte	17                              @ DW_OP_consts
	.byte	192                             @ 64
	.byte	0                               @ 
	.byte	27                              @ DW_OP_div
	.byte	17                              @ DW_OP_consts
	.byte	16                              @ 16
	.byte	30                              @ DW_OP_mul
	.byte	17                              @ DW_OP_consts
	.byte	16                              @ 16
	.byte	34                              @ DW_OP_plus
	.byte	159                             @ DW_OP_stack_value
	.long	0
	.long	0
.Ldebug_loc14:
	.long	-1
	.long	.Lfunc_begin2                   @   base address
	.long	.Ltmp198-.Lfunc_begin2
	.long	.Ltmp201-.Lfunc_begin2
	.short	6                               @ Loc expr size
	.byte	158                             @ DW_OP_implicit_value
	.byte	4                               @ 4
	.byte	0                               @  
	.byte	0                               @  
	.byte	0                               @  
	.byte	0                               @  
	.long	.Ltmp201-.Lfunc_begin2
	.long	.Ltmp239-.Lfunc_begin2
	.short	3                               @ Loc expr size
	.byte	144                             @ super-register DW_OP_regx
	.byte	130                             @ 258
	.byte	2                               @ 
	.long	0
	.long	0
.Ldebug_loc15:
	.long	-1
	.long	.Lfunc_begin2                   @   base address
	.long	.Ltmp206-.Lfunc_begin2
	.long	.Ltmp239-.Lfunc_begin2
	.short	3                               @ Loc expr size
	.byte	144                             @ super-register DW_OP_regx
	.byte	132                             @ 260
	.byte	2                               @ 
	.long	0
	.long	0
.Ldebug_loc16:
	.long	-1
	.long	.Lfunc_begin2                   @   base address
	.long	.Ltmp243-.Lfunc_begin2
	.long	.Ltmp244-.Lfunc_begin2
	.short	3                               @ Loc expr size
	.byte	144                             @ super-register DW_OP_regx
	.byte	128                             @ 256
	.byte	2                               @ 
	.long	0
	.long	0
.Ldebug_loc17:
	.long	-1
	.long	.Lfunc_begin2                   @   base address
	.long	.Ltmp249-.Lfunc_begin2
	.long	.Ltmp268-.Lfunc_begin2
	.short	1                               @ Loc expr size
	.byte	84                              @ DW_OP_reg4
	.long	0
	.long	0
.Ldebug_loc18:
	.long	-1
	.long	.Lfunc_begin2                   @   base address
	.long	.Ltmp250-.Lfunc_begin2
	.long	.Ltmp268-.Lfunc_begin2
	.short	1                               @ Loc expr size
	.byte	89                              @ DW_OP_reg9
	.long	0
	.long	0
.Ldebug_loc19:
	.long	-1
	.long	.Lfunc_begin2                   @   base address
	.long	.Ltmp252-.Lfunc_begin2
	.long	.Ltmp268-.Lfunc_begin2
	.short	1                               @ Loc expr size
	.byte	88                              @ DW_OP_reg8
	.long	0
	.long	0
.Ldebug_loc20:
	.long	-1
	.long	.Lfunc_begin2                   @   base address
	.long	.Ltmp252-.Lfunc_begin2
	.long	.Ltmp268-.Lfunc_begin2
	.short	1                               @ Loc expr size
	.byte	88                              @ DW_OP_reg8
	.long	0
	.long	0
.Ldebug_loc21:
	.long	-1
	.long	.Lfunc_begin2                   @   base address
	.long	.Ltmp253-.Lfunc_begin2
	.long	.Ltmp257-.Lfunc_begin2
	.short	12                              @ Loc expr size
	.byte	113                             @ DW_OP_breg1
	.byte	0                               @ 0
	.byte	17                              @ DW_OP_consts
	.byte	112                             @ -16
	.byte	27                              @ DW_OP_div
	.byte	17                              @ DW_OP_consts
	.byte	4                               @ 4
	.byte	30                              @ DW_OP_mul
	.byte	17                              @ DW_OP_consts
	.byte	1                               @ 1
	.byte	34                              @ DW_OP_plus
	.byte	159                             @ DW_OP_stack_value
	.long	.Ltmp257-.Lfunc_begin2
	.long	.Ltmp261-.Lfunc_begin2
	.short	12                              @ Loc expr size
	.byte	113                             @ DW_OP_breg1
	.byte	0                               @ 0
	.byte	17                              @ DW_OP_consts
	.byte	112                             @ -16
	.byte	27                              @ DW_OP_div
	.byte	17                              @ DW_OP_consts
	.byte	4                               @ 4
	.byte	30                              @ DW_OP_mul
	.byte	17                              @ DW_OP_consts
	.byte	2                               @ 2
	.byte	34                              @ DW_OP_plus
	.byte	159                             @ DW_OP_stack_value
	.long	.Ltmp261-.Lfunc_begin2
	.long	.Ltmp266-.Lfunc_begin2
	.short	12                              @ Loc expr size
	.byte	113                             @ DW_OP_breg1
	.byte	0                               @ 0
	.byte	17                              @ DW_OP_consts
	.byte	112                             @ -16
	.byte	27                              @ DW_OP_div
	.byte	17                              @ DW_OP_consts
	.byte	4                               @ 4
	.byte	30                              @ DW_OP_mul
	.byte	17                              @ DW_OP_consts
	.byte	4                               @ 4
	.byte	34                              @ DW_OP_plus
	.byte	159                             @ DW_OP_stack_value
	.long	.Ltmp266-.Lfunc_begin2
	.long	.Ltmp267-.Lfunc_begin2
	.short	12                              @ Loc expr size
	.byte	113                             @ DW_OP_breg1
	.byte	0                               @ 0
	.byte	17                              @ DW_OP_consts
	.byte	112                             @ -16
	.byte	27                              @ DW_OP_div
	.byte	17                              @ DW_OP_consts
	.byte	4                               @ 4
	.byte	30                              @ DW_OP_mul
	.byte	17                              @ DW_OP_consts
	.byte	5                               @ 5
	.byte	34                              @ DW_OP_plus
	.byte	159                             @ DW_OP_stack_value
	.long	0
	.long	0
.Ldebug_loc22:
	.long	-1
	.long	.Lfunc_begin2                   @   base address
	.long	.Ltmp254-.Lfunc_begin2
	.long	.Ltmp256-.Lfunc_begin2
	.short	3                               @ Loc expr size
	.byte	144                             @ super-register DW_OP_regx
	.byte	128                             @ 256
	.byte	2                               @ 
	.long	.Ltmp257-.Lfunc_begin2
	.long	.Ltmp258-.Lfunc_begin2
	.short	3                               @ Loc expr size
	.byte	144                             @ super-register DW_OP_regx
	.byte	130                             @ 258
	.byte	2                               @ 
	.long	.Ltmp264-.Lfunc_begin2
	.long	.Ltmp268-.Lfunc_begin2
	.short	3                               @ Loc expr size
	.byte	144                             @ super-register DW_OP_regx
	.byte	128                             @ 256
	.byte	2                               @ 
	.long	0
	.long	0
.Ldebug_loc23:
	.long	-1
	.long	.Lfunc_begin2                   @   base address
	.long	.Ltmp255-.Lfunc_begin2
	.long	.Ltmp257-.Lfunc_begin2
	.short	3                               @ Loc expr size
	.byte	144                             @ super-register DW_OP_regx
	.byte	129                             @ 257
	.byte	2                               @ 
	.long	.Ltmp257-.Lfunc_begin2
	.long	.Ltmp262-.Lfunc_begin2
	.short	3                               @ Loc expr size
	.byte	144                             @ super-register DW_OP_regx
	.byte	131                             @ 259
	.byte	2                               @ 
	.long	.Ltmp263-.Lfunc_begin2
	.long	.Ltmp265-.Lfunc_begin2
	.short	3                               @ Loc expr size
	.byte	144                             @ super-register DW_OP_regx
	.byte	129                             @ 257
	.byte	2                               @ 
	.long	0
	.long	0
.Ldebug_loc24:
	.long	-1
	.long	.Lfunc_begin2                   @   base address
	.long	.Ltmp269-.Lfunc_begin2
	.long	.Ltmp288-.Lfunc_begin2
	.short	1                               @ Loc expr size
	.byte	84                              @ DW_OP_reg4
	.long	0
	.long	0
.Ldebug_loc25:
	.long	-1
	.long	.Lfunc_begin2                   @   base address
	.long	.Ltmp270-.Lfunc_begin2
	.long	.Ltmp288-.Lfunc_begin2
	.short	1                               @ Loc expr size
	.byte	91                              @ DW_OP_reg11
	.long	0
	.long	0
.Ldebug_loc26:
	.long	-1
	.long	.Lfunc_begin2                   @   base address
	.long	.Ltmp272-.Lfunc_begin2
	.long	.Ltmp288-.Lfunc_begin2
	.short	1                               @ Loc expr size
	.byte	90                              @ DW_OP_reg10
	.long	0
	.long	0
.Ldebug_loc27:
	.long	-1
	.long	.Lfunc_begin2                   @   base address
	.long	.Ltmp272-.Lfunc_begin2
	.long	.Ltmp288-.Lfunc_begin2
	.short	1                               @ Loc expr size
	.byte	90                              @ DW_OP_reg10
	.long	0
	.long	0
.Ldebug_loc28:
	.long	-1
	.long	.Lfunc_begin2                   @   base address
	.long	.Ltmp273-.Lfunc_begin2
	.long	.Ltmp277-.Lfunc_begin2
	.short	12                              @ Loc expr size
	.byte	113                             @ DW_OP_breg1
	.byte	0                               @ 0
	.byte	17                              @ DW_OP_consts
	.byte	112                             @ -16
	.byte	27                              @ DW_OP_div
	.byte	17                              @ DW_OP_consts
	.byte	4                               @ 4
	.byte	30                              @ DW_OP_mul
	.byte	17                              @ DW_OP_consts
	.byte	1                               @ 1
	.byte	34                              @ DW_OP_plus
	.byte	159                             @ DW_OP_stack_value
	.long	.Ltmp277-.Lfunc_begin2
	.long	.Ltmp281-.Lfunc_begin2
	.short	12                              @ Loc expr size
	.byte	113                             @ DW_OP_breg1
	.byte	0                               @ 0
	.byte	17                              @ DW_OP_consts
	.byte	112                             @ -16
	.byte	27                              @ DW_OP_div
	.byte	17                              @ DW_OP_consts
	.byte	4                               @ 4
	.byte	30                              @ DW_OP_mul
	.byte	17                              @ DW_OP_consts
	.byte	2                               @ 2
	.byte	34                              @ DW_OP_plus
	.byte	159                             @ DW_OP_stack_value
	.long	.Ltmp281-.Lfunc_begin2
	.long	.Ltmp286-.Lfunc_begin2
	.short	12                              @ Loc expr size
	.byte	113                             @ DW_OP_breg1
	.byte	0                               @ 0
	.byte	17                              @ DW_OP_consts
	.byte	112                             @ -16
	.byte	27                              @ DW_OP_div
	.byte	17                              @ DW_OP_consts
	.byte	4                               @ 4
	.byte	30                              @ DW_OP_mul
	.byte	17                              @ DW_OP_consts
	.byte	4                               @ 4
	.byte	34                              @ DW_OP_plus
	.byte	159                             @ DW_OP_stack_value
	.long	.Ltmp286-.Lfunc_begin2
	.long	.Ltmp287-.Lfunc_begin2
	.short	12                              @ Loc expr size
	.byte	113                             @ DW_OP_breg1
	.byte	0                               @ 0
	.byte	17                              @ DW_OP_consts
	.byte	112                             @ -16
	.byte	27                              @ DW_OP_div
	.byte	17                              @ DW_OP_consts
	.byte	4                               @ 4
	.byte	30                              @ DW_OP_mul
	.byte	17                              @ DW_OP_consts
	.byte	5                               @ 5
	.byte	34                              @ DW_OP_plus
	.byte	159                             @ DW_OP_stack_value
	.long	0
	.long	0
.Ldebug_loc29:
	.long	-1
	.long	.Lfunc_begin2                   @   base address
	.long	.Ltmp274-.Lfunc_begin2
	.long	.Ltmp276-.Lfunc_begin2
	.short	3                               @ Loc expr size
	.byte	144                             @ super-register DW_OP_regx
	.byte	128                             @ 256
	.byte	2                               @ 
	.long	.Ltmp277-.Lfunc_begin2
	.long	.Ltmp278-.Lfunc_begin2
	.short	3                               @ Loc expr size
	.byte	144                             @ super-register DW_OP_regx
	.byte	130                             @ 258
	.byte	2                               @ 
	.long	.Ltmp284-.Lfunc_begin2
	.long	.Ltmp288-.Lfunc_begin2
	.short	3                               @ Loc expr size
	.byte	144                             @ super-register DW_OP_regx
	.byte	128                             @ 256
	.byte	2                               @ 
	.long	0
	.long	0
.Ldebug_loc30:
	.long	-1
	.long	.Lfunc_begin2                   @   base address
	.long	.Ltmp275-.Lfunc_begin2
	.long	.Ltmp277-.Lfunc_begin2
	.short	3                               @ Loc expr size
	.byte	144                             @ super-register DW_OP_regx
	.byte	129                             @ 257
	.byte	2                               @ 
	.long	.Ltmp277-.Lfunc_begin2
	.long	.Ltmp282-.Lfunc_begin2
	.short	3                               @ Loc expr size
	.byte	144                             @ super-register DW_OP_regx
	.byte	131                             @ 259
	.byte	2                               @ 
	.long	.Ltmp283-.Lfunc_begin2
	.long	.Ltmp285-.Lfunc_begin2
	.short	3                               @ Loc expr size
	.byte	144                             @ super-register DW_OP_regx
	.byte	129                             @ 257
	.byte	2                               @ 
	.long	0
	.long	0
.Ldebug_loc31:
	.long	-1
	.long	.Lfunc_begin2                   @   base address
	.long	.Ltmp289-.Lfunc_begin2
	.long	.Ltmp291-.Lfunc_begin2
	.short	3                               @ Loc expr size
	.byte	117                             @ DW_OP_breg5
	.byte	1                               @ 1
	.byte	159                             @ DW_OP_stack_value
	.long	.Ltmp292-.Lfunc_begin2
	.long	.Ltmp294-.Lfunc_begin2
	.short	1                               @ Loc expr size
	.byte	85                              @ DW_OP_reg5
	.long	.Ltmp295-.Lfunc_begin2
	.long	.Ltmp306-.Lfunc_begin2
	.short	1                               @ Loc expr size
	.byte	85                              @ DW_OP_reg5
	.long	.Ltmp306-.Lfunc_begin2
	.long	.Ltmp316-.Lfunc_begin2
	.short	3                               @ Loc expr size
	.byte	117                             @ DW_OP_breg5
	.byte	1                               @ 1
	.byte	159                             @ DW_OP_stack_value
	.long	0
	.long	0
.Ldebug_loc32:
	.long	-1
	.long	.Lfunc_begin2                   @   base address
	.long	.Ltmp296-.Lfunc_begin2
	.long	.Ltmp302-.Lfunc_begin2
	.short	3                               @ Loc expr size
	.byte	144                             @ super-register DW_OP_regx
	.byte	133                             @ 261
	.byte	2                               @ 
	.long	.Ltmp310-.Lfunc_begin2
	.long	.Ltmp316-.Lfunc_begin2
	.short	3                               @ Loc expr size
	.byte	144                             @ super-register DW_OP_regx
	.byte	133                             @ 261
	.byte	2                               @ 
	.long	0
	.long	0
.Ldebug_loc33:
	.long	-1
	.long	.Lfunc_begin2                   @   base address
	.long	.Ltmp297-.Lfunc_begin2
	.long	.Ltmp302-.Lfunc_begin2
	.short	3                               @ Loc expr size
	.byte	144                             @ super-register DW_OP_regx
	.byte	131                             @ 259
	.byte	2                               @ 
	.long	.Ltmp311-.Lfunc_begin2
	.long	.Ltmp316-.Lfunc_begin2
	.short	3                               @ Loc expr size
	.byte	144                             @ super-register DW_OP_regx
	.byte	131                             @ 259
	.byte	2                               @ 
	.long	0
	.long	0
.Ldebug_loc34:
	.long	-1
	.long	.Lfunc_begin2                   @   base address
	.long	.Ltmp298-.Lfunc_begin2
	.long	.Ltmp300-.Lfunc_begin2
	.short	3                               @ Loc expr size
	.byte	144                             @ super-register DW_OP_regx
	.byte	129                             @ 257
	.byte	2                               @ 
	.long	.Ltmp312-.Lfunc_begin2
	.long	.Ltmp314-.Lfunc_begin2
	.short	3                               @ Loc expr size
	.byte	144                             @ super-register DW_OP_regx
	.byte	129                             @ 257
	.byte	2                               @ 
	.long	0
	.long	0
.Ldebug_loc35:
	.long	-1
	.long	.Lfunc_begin2                   @   base address
	.long	.Ltmp299-.Lfunc_begin2
	.long	.Ltmp302-.Lfunc_begin2
	.short	3                               @ Loc expr size
	.byte	144                             @ super-register DW_OP_regx
	.byte	130                             @ 258
	.byte	2                               @ 
	.long	.Ltmp313-.Lfunc_begin2
	.long	.Ltmp316-.Lfunc_begin2
	.short	3                               @ Loc expr size
	.byte	144                             @ super-register DW_OP_regx
	.byte	130                             @ 258
	.byte	2                               @ 
	.long	0
	.long	0
.Ldebug_loc36:
	.long	-1
	.long	.Lfunc_begin2                   @   base address
	.long	.Ltmp300-.Lfunc_begin2
	.long	.Ltmp301-.Lfunc_begin2
	.short	3                               @ Loc expr size
	.byte	144                             @ super-register DW_OP_regx
	.byte	129                             @ 257
	.byte	2                               @ 
	.long	.Ltmp314-.Lfunc_begin2
	.long	.Ltmp315-.Lfunc_begin2
	.short	3                               @ Loc expr size
	.byte	144                             @ super-register DW_OP_regx
	.byte	129                             @ 257
	.byte	2                               @ 
	.long	0
	.long	0
.Ldebug_loc37:
	.long	-1
	.long	.Lfunc_begin2                   @   base address
	.long	.Ltmp318-.Lfunc_begin2
	.long	.Ltmp319-.Lfunc_begin2
	.short	3                               @ Loc expr size
	.byte	17                              @ DW_OP_consts
	.byte	1                               @ 1
	.byte	159                             @ DW_OP_stack_value
	.long	.Ltmp319-.Lfunc_begin2
	.long	.Ltmp320-.Lfunc_begin2
	.short	4                               @ Loc expr size
	.byte	17                              @ DW_OP_consts
	.byte	255                             @ 127
	.byte	0                               @ 
	.byte	159                             @ DW_OP_stack_value
	.long	.Ltmp320-.Lfunc_begin2
	.long	.Ltmp328-.Lfunc_begin2
	.short	4                               @ Loc expr size
	.byte	17                              @ DW_OP_consts
	.byte	128                             @ 128
	.byte	1                               @ 
	.byte	159                             @ DW_OP_stack_value
	.long	0
	.long	0
.Ldebug_loc38:
	.long	-1
	.long	.Lfunc_begin2                   @   base address
	.long	.Ltmp317-.Lfunc_begin2
	.long	.Ltmp324-.Lfunc_begin2
	.short	1                               @ Loc expr size
	.byte	81                              @ DW_OP_reg1
	.long	0
	.long	0
.Ldebug_loc39:
	.long	-1
	.long	.Lfunc_begin2                   @   base address
	.long	.Ltmp318-.Lfunc_begin2
	.long	.Ltmp328-.Lfunc_begin2
	.short	1                               @ Loc expr size
	.byte	88                              @ DW_OP_reg8
	.long	0
	.long	0
.Ldebug_loc40:
	.long	-1
	.long	.Lfunc_begin2                   @   base address
	.long	.Ltmp318-.Lfunc_begin2
	.long	.Ltmp328-.Lfunc_begin2
	.short	1                               @ Loc expr size
	.byte	88                              @ DW_OP_reg8
	.long	0
	.long	0
.Ldebug_loc41:
	.long	-1
	.long	.Lfunc_begin2                   @   base address
	.long	.Ltmp324-.Lfunc_begin2
	.long	.Ltmp326-.Lfunc_begin2
	.short	3                               @ Loc expr size
	.byte	17                              @ DW_OP_consts
	.byte	0                               @ 0
	.byte	159                             @ DW_OP_stack_value
	.long	0
	.long	0
.Ldebug_loc42:
	.long	-1
	.long	.Lfunc_begin2                   @   base address
	.long	.Ltmp326-.Lfunc_begin2
	.long	.Ltmp328-.Lfunc_begin2
	.short	3                               @ Loc expr size
	.byte	17                              @ DW_OP_consts
	.byte	0                               @ 0
	.byte	159                             @ DW_OP_stack_value
	.long	0
	.long	0
.Ldebug_loc43:
	.long	-1
	.long	.Lfunc_begin2                   @   base address
	.long	.Ltmp328-.Lfunc_begin2
	.long	.Ltmp364-.Lfunc_begin2
	.short	1                               @ Loc expr size
	.byte	80                              @ DW_OP_reg0
	.long	0
	.long	0
.Ldebug_loc44:
	.long	-1
	.long	.Lfunc_begin2                   @   base address
	.long	.Ltmp328-.Lfunc_begin2
	.long	.Ltmp337-.Lfunc_begin2
	.short	3                               @ Loc expr size
	.byte	144                             @ super-register DW_OP_regx
	.byte	129                             @ 257
	.byte	2                               @ 
	.long	.Ltmp339-.Lfunc_begin2
	.long	.Ltmp340-.Lfunc_begin2
	.short	3                               @ Loc expr size
	.byte	144                             @ super-register DW_OP_regx
	.byte	130                             @ 258
	.byte	2                               @ 
	.long	.Ltmp340-.Lfunc_begin2
	.long	.Ltmp343-.Lfunc_begin2
	.short	3                               @ Loc expr size
	.byte	144                             @ super-register DW_OP_regx
	.byte	129                             @ 257
	.byte	2                               @ 
	.long	.Ltmp343-.Lfunc_begin2
	.long	.Ltmp348-.Lfunc_begin2
	.short	3                               @ Loc expr size
	.byte	144                             @ super-register DW_OP_regx
	.byte	128                             @ 256
	.byte	2                               @ 
	.long	.Ltmp348-.Lfunc_begin2
	.long	.Ltmp349-.Lfunc_begin2
	.short	3                               @ Loc expr size
	.byte	144                             @ super-register DW_OP_regx
	.byte	129                             @ 257
	.byte	2                               @ 
	.long	.Ltmp349-.Lfunc_begin2
	.long	.Ltmp379-.Lfunc_begin2
	.short	3                               @ Loc expr size
	.byte	144                             @ super-register DW_OP_regx
	.byte	128                             @ 256
	.byte	2                               @ 
	.long	0
	.long	0
.Ldebug_loc45:
	.long	-1
	.long	.Lfunc_begin2                   @   base address
	.long	.Ltmp328-.Lfunc_begin2
	.long	.Ltmp339-.Lfunc_begin2
	.short	1                               @ Loc expr size
	.byte	81                              @ DW_OP_reg1
	.long	.Ltmp339-.Lfunc_begin2
	.long	.Ltmp340-.Lfunc_begin2
	.short	3                               @ Loc expr size
	.byte	113                             @ DW_OP_breg1
	.byte	1                               @ 1
	.byte	159                             @ DW_OP_stack_value
	.long	.Ltmp340-.Lfunc_begin2
	.long	.Ltmp342-.Lfunc_begin2
	.short	3                               @ Loc expr size
	.byte	113                             @ DW_OP_breg1
	.byte	2                               @ 2
	.byte	159                             @ DW_OP_stack_value
	.long	.Ltmp343-.Lfunc_begin2
	.long	.Ltmp344-.Lfunc_begin2
	.short	3                               @ Loc expr size
	.byte	113                             @ DW_OP_breg1
	.byte	3                               @ 3
	.byte	159                             @ DW_OP_stack_value
	.long	0
	.long	0
.Ldebug_loc46:
	.long	-1
	.long	.Lfunc_begin2                   @   base address
	.long	.Ltmp329-.Lfunc_begin2
	.long	.Ltmp330-.Lfunc_begin2
	.short	1                               @ Loc expr size
	.byte	82                              @ DW_OP_reg2
	.long	.Ltmp332-.Lfunc_begin2
	.long	.Ltmp333-.Lfunc_begin2
	.short	1                               @ Loc expr size
	.byte	82                              @ DW_OP_reg2
	.long	.Ltmp335-.Lfunc_begin2
	.long	.Ltmp336-.Lfunc_begin2
	.short	1                               @ Loc expr size
	.byte	83                              @ DW_OP_reg3
	.long	.Ltmp345-.Lfunc_begin2
	.long	.Ltmp346-.Lfunc_begin2
	.short	1                               @ Loc expr size
	.byte	82                              @ DW_OP_reg2
	.long	0
	.long	0
.Ldebug_loc47:
	.long	-1
	.long	.Lfunc_begin2                   @   base address
	.long	.Ltmp331-.Lfunc_begin2
	.long	.Ltmp338-.Lfunc_begin2
	.short	3                               @ Loc expr size
	.byte	144                             @ super-register DW_OP_regx
	.byte	128                             @ 256
	.byte	2                               @ 
	.long	.Ltmp338-.Lfunc_begin2
	.long	.Ltmp349-.Lfunc_begin2
	.short	3                               @ Loc expr size
	.byte	144                             @ super-register DW_OP_regx
	.byte	130                             @ 258
	.byte	2                               @ 
	.long	0
	.long	0
.Ldebug_loc48:
	.long	-1
	.long	.Lfunc_begin2                   @   base address
	.long	.Ltmp350-.Lfunc_begin2
	.long	.Ltmp351-.Lfunc_begin2
	.short	1                               @ Loc expr size
	.byte	81                              @ DW_OP_reg1
	.long	0
	.long	0
.Ldebug_loc49:
	.long	-1
	.long	.Lfunc_begin2                   @   base address
	.long	.Ltmp352-.Lfunc_begin2
	.long	.Ltmp355-.Lfunc_begin2
	.short	1                               @ Loc expr size
	.byte	82                              @ DW_OP_reg2
	.long	0
	.long	0
.Ldebug_loc50:
	.long	-1
	.long	.Lfunc_begin2                   @   base address
	.long	.Ltmp353-.Lfunc_begin2
	.long	.Ltmp380-.Lfunc_begin2
	.short	1                               @ Loc expr size
	.byte	83                              @ DW_OP_reg3
	.long	.Ltmp381-.Lfunc_begin2
	.long	.Ltmp390-.Lfunc_begin2
	.short	1                               @ Loc expr size
	.byte	83                              @ DW_OP_reg3
	.long	0
	.long	0
.Ldebug_loc51:
	.long	-1
	.long	.Lfunc_begin2                   @   base address
	.long	.Ltmp354-.Lfunc_begin2
	.long	.Ltmp358-.Lfunc_begin2
	.short	3                               @ Loc expr size
	.byte	144                             @ super-register DW_OP_regx
	.byte	129                             @ 257
	.byte	2                               @ 
	.long	0
	.long	0
.Ldebug_loc52:
	.long	-1
	.long	.Lfunc_begin2                   @   base address
	.long	.Ltmp356-.Lfunc_begin2
	.long	.Ltmp359-.Lfunc_begin2
	.short	3                               @ Loc expr size
	.byte	144                             @ super-register DW_OP_regx
	.byte	130                             @ 258
	.byte	2                               @ 
	.long	0
	.long	0
.Ldebug_loc53:
	.long	-1
	.long	.Lfunc_begin2                   @   base address
	.long	.Ltmp357-.Lfunc_begin2
	.long	.Ltmp360-.Lfunc_begin2
	.short	3                               @ Loc expr size
	.byte	144                             @ super-register DW_OP_regx
	.byte	131                             @ 259
	.byte	2                               @ 
	.long	0
	.long	0
.Ldebug_loc54:
	.long	-1
	.long	.Lfunc_begin2                   @   base address
	.long	.Ltmp359-.Lfunc_begin2
	.long	.Ltmp361-.Lfunc_begin2
	.short	3                               @ Loc expr size
	.byte	144                             @ super-register DW_OP_regx
	.byte	130                             @ 258
	.byte	2                               @ 
	.long	0
	.long	0
.Ldebug_loc55:
	.long	-1
	.long	.Lfunc_begin2                   @   base address
	.long	.Ltmp368-.Lfunc_begin2
	.long	.Ltmp377-.Lfunc_begin2
	.short	1                               @ Loc expr size
	.byte	81                              @ DW_OP_reg1
	.long	0
	.long	0
.Ldebug_loc56:
	.long	-1
	.long	.Lfunc_begin2                   @   base address
	.long	.Ltmp365-.Lfunc_begin2
	.long	.Ltmp368-.Lfunc_begin2
	.short	6                               @ Loc expr size
	.byte	158                             @ DW_OP_implicit_value
	.byte	4                               @ 4
	.byte	40                              @ (
	.byte	107                             @ k
	.byte	110                             @ n
	.byte	206                             @ Î
	.long	.Ltmp368-.Lfunc_begin2
	.long	.Ltmp378-.Lfunc_begin2
	.short	3                               @ Loc expr size
	.byte	144                             @ super-register DW_OP_regx
	.byte	131                             @ 259
	.byte	2                               @ 
	.long	0
	.long	0
.Ldebug_loc57:
	.long	-1
	.long	.Lfunc_begin2                   @   base address
	.long	.Ltmp366-.Lfunc_begin2
	.long	.Ltmp380-.Lfunc_begin2
	.short	3                               @ Loc expr size
	.byte	144                             @ super-register DW_OP_regx
	.byte	129                             @ 257
	.byte	2                               @ 
	.long	.Ltmp381-.Lfunc_begin2
	.long	.Ltmp383-.Lfunc_begin2
	.short	3                               @ Loc expr size
	.byte	144                             @ super-register DW_OP_regx
	.byte	129                             @ 257
	.byte	2                               @ 
	.long	.Ltmp383-.Lfunc_begin2
	.long	.Ltmp384-.Lfunc_begin2
	.short	3                               @ Loc expr size
	.byte	144                             @ super-register DW_OP_regx
	.byte	128                             @ 256
	.byte	2                               @ 
	.long	0
	.long	0
.Ldebug_loc58:
	.long	-1
	.long	.Lfunc_begin2                   @   base address
	.long	.Ltmp373-.Lfunc_begin2
	.long	.Ltmp374-.Lfunc_begin2
	.short	1                               @ Loc expr size
	.byte	82                              @ DW_OP_reg2
	.long	0
	.long	0
.Ldebug_loc59:
	.long	-1
	.long	.Lfunc_begin2                   @   base address
	.long	.Ltmp375-.Lfunc_begin2
	.long	.Ltmp377-.Lfunc_begin2
	.short	3                               @ Loc expr size
	.byte	144                             @ super-register DW_OP_regx
	.byte	132                             @ 260
	.byte	2                               @ 
	.long	0
	.long	0
.Ldebug_loc60:
	.long	-1
	.long	.Lfunc_begin2                   @   base address
	.long	.Ltmp379-.Lfunc_begin2
	.long	.Ltmp380-.Lfunc_begin2
	.short	3                               @ Loc expr size
	.byte	144                             @ super-register DW_OP_regx
	.byte	128                             @ 256
	.byte	2                               @ 
	.long	.Ltmp381-.Lfunc_begin2
	.long	.Ltmp382-.Lfunc_begin2
	.short	3                               @ Loc expr size
	.byte	144                             @ super-register DW_OP_regx
	.byte	128                             @ 256
	.byte	2                               @ 
	.long	0
	.long	0
.Ldebug_loc61:
	.long	-1
	.long	.Lfunc_begin2                   @   base address
	.long	.Ltmp384-.Lfunc_begin2
	.long	.Ltmp385-.Lfunc_begin2
	.short	3                               @ Loc expr size
	.byte	144                             @ super-register DW_OP_regx
	.byte	128                             @ 256
	.byte	2                               @ 
	.long	0
	.long	0
.Ldebug_loc62:
	.long	-1
	.long	.Lfunc_begin2                   @   base address
	.long	.Ltmp385-.Lfunc_begin2
	.long	.Ltmp386-.Lfunc_begin2
	.short	3                               @ Loc expr size
	.byte	144                             @ super-register DW_OP_regx
	.byte	128                             @ 256
	.byte	2                               @ 
	.long	0
	.long	0
.Ldebug_loc63:
	.long	-1
	.long	.Lfunc_begin2                   @   base address
	.long	.Ltmp387-.Lfunc_begin2
	.long	.Ltmp390-.Lfunc_begin2
	.short	3                               @ Loc expr size
	.byte	144                             @ super-register DW_OP_regx
	.byte	128                             @ 256
	.byte	2                               @ 
	.long	0
	.long	0
.Ldebug_loc64:
	.long	-1
	.long	.Lfunc_begin2                   @   base address
	.long	.Ltmp391-.Lfunc_begin2
	.long	.Ltmp394-.Lfunc_begin2
	.short	3                               @ Loc expr size
	.byte	144                             @ super-register DW_OP_regx
	.byte	136                             @ 264
	.byte	2                               @ 
	.long	0
	.long	0
	.section	.debug_abbrev,"",%progbits
	.byte	1                               @ Abbreviation Code
	.byte	17                              @ DW_TAG_compile_unit
	.byte	1                               @ DW_CHILDREN_yes
	.byte	37                              @ DW_AT_producer
	.byte	14                              @ DW_FORM_strp
	.byte	19                              @ DW_AT_language
	.byte	5                               @ DW_FORM_data2
	.byte	3                               @ DW_AT_name
	.byte	14                              @ DW_FORM_strp
	.byte	16                              @ DW_AT_stmt_list
	.byte	23                              @ DW_FORM_sec_offset
	.byte	27                              @ DW_AT_comp_dir
	.byte	14                              @ DW_FORM_strp
	.byte	17                              @ DW_AT_low_pc
	.byte	1                               @ DW_FORM_addr
	.byte	85                              @ DW_AT_ranges
	.byte	23                              @ DW_FORM_sec_offset
	.byte	0                               @ EOM(1)
	.byte	0                               @ EOM(2)
	.byte	2                               @ Abbreviation Code
	.byte	52                              @ DW_TAG_variable
	.byte	0                               @ DW_CHILDREN_no
	.byte	3                               @ DW_AT_name
	.byte	14                              @ DW_FORM_strp
	.byte	73                              @ DW_AT_type
	.byte	19                              @ DW_FORM_ref4
	.byte	63                              @ DW_AT_external
	.byte	25                              @ DW_FORM_flag_present
	.byte	58                              @ DW_AT_decl_file
	.byte	11                              @ DW_FORM_data1
	.byte	59                              @ DW_AT_decl_line
	.byte	11                              @ DW_FORM_data1
	.byte	2                               @ DW_AT_location
	.byte	24                              @ DW_FORM_exprloc
	.byte	0                               @ EOM(1)
	.byte	0                               @ EOM(2)
	.byte	3                               @ Abbreviation Code
	.byte	22                              @ DW_TAG_typedef
	.byte	0                               @ DW_CHILDREN_no
	.byte	73                              @ DW_AT_type
	.byte	19                              @ DW_FORM_ref4
	.byte	3                               @ DW_AT_name
	.byte	14                              @ DW_FORM_strp
	.byte	58                              @ DW_AT_decl_file
	.byte	11                              @ DW_FORM_data1
	.byte	59                              @ DW_AT_decl_line
	.byte	11                              @ DW_FORM_data1
	.byte	0                               @ EOM(1)
	.byte	0                               @ EOM(2)
	.byte	4                               @ Abbreviation Code
	.byte	36                              @ DW_TAG_base_type
	.byte	0                               @ DW_CHILDREN_no
	.byte	3                               @ DW_AT_name
	.byte	14                              @ DW_FORM_strp
	.byte	62                              @ DW_AT_encoding
	.byte	11                              @ DW_FORM_data1
	.byte	11                              @ DW_AT_byte_size
	.byte	11                              @ DW_FORM_data1
	.byte	0                               @ EOM(1)
	.byte	0                               @ EOM(2)
	.byte	5                               @ Abbreviation Code
	.byte	53                              @ DW_TAG_volatile_type
	.byte	0                               @ DW_CHILDREN_no
	.byte	73                              @ DW_AT_type
	.byte	19                              @ DW_FORM_ref4
	.byte	0                               @ EOM(1)
	.byte	0                               @ EOM(2)
	.byte	6                               @ Abbreviation Code
	.byte	1                               @ DW_TAG_array_type
	.byte	1                               @ DW_CHILDREN_yes
	.byte	73                              @ DW_AT_type
	.byte	19                              @ DW_FORM_ref4
	.byte	0                               @ EOM(1)
	.byte	0                               @ EOM(2)
	.byte	7                               @ Abbreviation Code
	.byte	33                              @ DW_TAG_subrange_type
	.byte	0                               @ DW_CHILDREN_no
	.byte	73                              @ DW_AT_type
	.byte	19                              @ DW_FORM_ref4
	.byte	55                              @ DW_AT_count
	.byte	11                              @ DW_FORM_data1
	.byte	0                               @ EOM(1)
	.byte	0                               @ EOM(2)
	.byte	8                               @ Abbreviation Code
	.byte	36                              @ DW_TAG_base_type
	.byte	0                               @ DW_CHILDREN_no
	.byte	3                               @ DW_AT_name
	.byte	14                              @ DW_FORM_strp
	.byte	11                              @ DW_AT_byte_size
	.byte	11                              @ DW_FORM_data1
	.byte	62                              @ DW_AT_encoding
	.byte	11                              @ DW_FORM_data1
	.byte	0                               @ EOM(1)
	.byte	0                               @ EOM(2)
	.byte	9                               @ Abbreviation Code
	.byte	52                              @ DW_TAG_variable
	.byte	0                               @ DW_CHILDREN_no
	.byte	73                              @ DW_AT_type
	.byte	19                              @ DW_FORM_ref4
	.byte	58                              @ DW_AT_decl_file
	.byte	11                              @ DW_FORM_data1
	.byte	59                              @ DW_AT_decl_line
	.byte	11                              @ DW_FORM_data1
	.byte	2                               @ DW_AT_location
	.byte	24                              @ DW_FORM_exprloc
	.byte	0                               @ EOM(1)
	.byte	0                               @ EOM(2)
	.byte	10                              @ Abbreviation Code
	.byte	52                              @ DW_TAG_variable
	.byte	0                               @ DW_CHILDREN_no
	.byte	73                              @ DW_AT_type
	.byte	19                              @ DW_FORM_ref4
	.byte	58                              @ DW_AT_decl_file
	.byte	11                              @ DW_FORM_data1
	.byte	59                              @ DW_AT_decl_line
	.byte	5                               @ DW_FORM_data2
	.byte	2                               @ DW_AT_location
	.byte	24                              @ DW_FORM_exprloc
	.byte	0                               @ EOM(1)
	.byte	0                               @ EOM(2)
	.byte	11                              @ Abbreviation Code
	.byte	33                              @ DW_TAG_subrange_type
	.byte	0                               @ DW_CHILDREN_no
	.byte	73                              @ DW_AT_type
	.byte	19                              @ DW_FORM_ref4
	.byte	55                              @ DW_AT_count
	.byte	5                               @ DW_FORM_data2
	.byte	0                               @ EOM(1)
	.byte	0                               @ EOM(2)
	.byte	12                              @ Abbreviation Code
	.byte	52                              @ DW_TAG_variable
	.byte	0                               @ DW_CHILDREN_no
	.byte	3                               @ DW_AT_name
	.byte	14                              @ DW_FORM_strp
	.byte	73                              @ DW_AT_type
	.byte	19                              @ DW_FORM_ref4
	.byte	58                              @ DW_AT_decl_file
	.byte	11                              @ DW_FORM_data1
	.byte	59                              @ DW_AT_decl_line
	.byte	11                              @ DW_FORM_data1
	.byte	2                               @ DW_AT_location
	.byte	24                              @ DW_FORM_exprloc
	.byte	0                               @ EOM(1)
	.byte	0                               @ EOM(2)
	.byte	13                              @ Abbreviation Code
	.byte	22                              @ DW_TAG_typedef
	.byte	0                               @ DW_CHILDREN_no
	.byte	73                              @ DW_AT_type
	.byte	19                              @ DW_FORM_ref4
	.byte	3                               @ DW_AT_name
	.byte	14                              @ DW_FORM_strp
	.byte	58                              @ DW_AT_decl_file
	.byte	11                              @ DW_FORM_data1
	.byte	59                              @ DW_AT_decl_line
	.byte	5                               @ DW_FORM_data2
	.byte	0                               @ EOM(1)
	.byte	0                               @ EOM(2)
	.byte	14                              @ Abbreviation Code
	.byte	19                              @ DW_TAG_structure_type
	.byte	1                               @ DW_CHILDREN_yes
	.byte	11                              @ DW_AT_byte_size
	.byte	11                              @ DW_FORM_data1
	.byte	58                              @ DW_AT_decl_file
	.byte	11                              @ DW_FORM_data1
	.byte	59                              @ DW_AT_decl_line
	.byte	5                               @ DW_FORM_data2
	.byte	0                               @ EOM(1)
	.byte	0                               @ EOM(2)
	.byte	15                              @ Abbreviation Code
	.byte	13                              @ DW_TAG_member
	.byte	0                               @ DW_CHILDREN_no
	.byte	3                               @ DW_AT_name
	.byte	14                              @ DW_FORM_strp
	.byte	73                              @ DW_AT_type
	.byte	19                              @ DW_FORM_ref4
	.byte	58                              @ DW_AT_decl_file
	.byte	11                              @ DW_FORM_data1
	.byte	59                              @ DW_AT_decl_line
	.byte	5                               @ DW_FORM_data2
	.byte	56                              @ DW_AT_data_member_location
	.byte	11                              @ DW_FORM_data1
	.byte	0                               @ EOM(1)
	.byte	0                               @ EOM(2)
	.byte	16                              @ Abbreviation Code
	.byte	15                              @ DW_TAG_pointer_type
	.byte	0                               @ DW_CHILDREN_no
	.byte	73                              @ DW_AT_type
	.byte	19                              @ DW_FORM_ref4
	.byte	0                               @ EOM(1)
	.byte	0                               @ EOM(2)
	.byte	17                              @ Abbreviation Code
	.byte	38                              @ DW_TAG_const_type
	.byte	0                               @ DW_CHILDREN_no
	.byte	73                              @ DW_AT_type
	.byte	19                              @ DW_FORM_ref4
	.byte	0                               @ EOM(1)
	.byte	0                               @ EOM(2)
	.byte	18                              @ Abbreviation Code
	.byte	4                               @ DW_TAG_enumeration_type
	.byte	1                               @ DW_CHILDREN_yes
	.byte	73                              @ DW_AT_type
	.byte	19                              @ DW_FORM_ref4
	.byte	11                              @ DW_AT_byte_size
	.byte	11                              @ DW_FORM_data1
	.byte	58                              @ DW_AT_decl_file
	.byte	11                              @ DW_FORM_data1
	.byte	59                              @ DW_AT_decl_line
	.byte	5                               @ DW_FORM_data2
	.byte	0                               @ EOM(1)
	.byte	0                               @ EOM(2)
	.byte	19                              @ Abbreviation Code
	.byte	40                              @ DW_TAG_enumerator
	.byte	0                               @ DW_CHILDREN_no
	.byte	3                               @ DW_AT_name
	.byte	14                              @ DW_FORM_strp
	.byte	28                              @ DW_AT_const_value
	.byte	13                              @ DW_FORM_sdata
	.byte	0                               @ EOM(1)
	.byte	0                               @ EOM(2)
	.byte	20                              @ Abbreviation Code
	.byte	46                              @ DW_TAG_subprogram
	.byte	1                               @ DW_CHILDREN_yes
	.byte	17                              @ DW_AT_low_pc
	.byte	1                               @ DW_FORM_addr
	.byte	18                              @ DW_AT_high_pc
	.byte	6                               @ DW_FORM_data4
	.byte	64                              @ DW_AT_frame_base
	.byte	24                              @ DW_FORM_exprloc
	.ascii	"\227B"                         @ DW_AT_GNU_all_call_sites
	.byte	25                              @ DW_FORM_flag_present
	.byte	49                              @ DW_AT_abstract_origin
	.byte	19                              @ DW_FORM_ref4
	.byte	0                               @ EOM(1)
	.byte	0                               @ EOM(2)
	.byte	21                              @ Abbreviation Code
	.byte	5                               @ DW_TAG_formal_parameter
	.byte	0                               @ DW_CHILDREN_no
	.byte	2                               @ DW_AT_location
	.byte	23                              @ DW_FORM_sec_offset
	.byte	49                              @ DW_AT_abstract_origin
	.byte	19                              @ DW_FORM_ref4
	.byte	0                               @ EOM(1)
	.byte	0                               @ EOM(2)
	.byte	22                              @ Abbreviation Code
	.byte	11                              @ DW_TAG_lexical_block
	.byte	1                               @ DW_CHILDREN_yes
	.byte	85                              @ DW_AT_ranges
	.byte	23                              @ DW_FORM_sec_offset
	.byte	0                               @ EOM(1)
	.byte	0                               @ EOM(2)
	.byte	23                              @ Abbreviation Code
	.byte	52                              @ DW_TAG_variable
	.byte	0                               @ DW_CHILDREN_no
	.byte	2                               @ DW_AT_location
	.byte	23                              @ DW_FORM_sec_offset
	.byte	49                              @ DW_AT_abstract_origin
	.byte	19                              @ DW_FORM_ref4
	.byte	0                               @ EOM(1)
	.byte	0                               @ EOM(2)
	.byte	24                              @ Abbreviation Code
	.byte	46                              @ DW_TAG_subprogram
	.byte	1                               @ DW_CHILDREN_yes
	.byte	3                               @ DW_AT_name
	.byte	14                              @ DW_FORM_strp
	.byte	58                              @ DW_AT_decl_file
	.byte	11                              @ DW_FORM_data1
	.byte	59                              @ DW_AT_decl_line
	.byte	11                              @ DW_FORM_data1
	.byte	39                              @ DW_AT_prototyped
	.byte	25                              @ DW_FORM_flag_present
	.byte	63                              @ DW_AT_external
	.byte	25                              @ DW_FORM_flag_present
	.byte	32                              @ DW_AT_inline
	.byte	11                              @ DW_FORM_data1
	.byte	0                               @ EOM(1)
	.byte	0                               @ EOM(2)
	.byte	25                              @ Abbreviation Code
	.byte	5                               @ DW_TAG_formal_parameter
	.byte	0                               @ DW_CHILDREN_no
	.byte	3                               @ DW_AT_name
	.byte	14                              @ DW_FORM_strp
	.byte	58                              @ DW_AT_decl_file
	.byte	11                              @ DW_FORM_data1
	.byte	59                              @ DW_AT_decl_line
	.byte	11                              @ DW_FORM_data1
	.byte	73                              @ DW_AT_type
	.byte	19                              @ DW_FORM_ref4
	.byte	0                               @ EOM(1)
	.byte	0                               @ EOM(2)
	.byte	26                              @ Abbreviation Code
	.byte	11                              @ DW_TAG_lexical_block
	.byte	1                               @ DW_CHILDREN_yes
	.byte	0                               @ EOM(1)
	.byte	0                               @ EOM(2)
	.byte	27                              @ Abbreviation Code
	.byte	52                              @ DW_TAG_variable
	.byte	0                               @ DW_CHILDREN_no
	.byte	3                               @ DW_AT_name
	.byte	14                              @ DW_FORM_strp
	.byte	58                              @ DW_AT_decl_file
	.byte	11                              @ DW_FORM_data1
	.byte	59                              @ DW_AT_decl_line
	.byte	11                              @ DW_FORM_data1
	.byte	73                              @ DW_AT_type
	.byte	19                              @ DW_FORM_ref4
	.byte	0                               @ EOM(1)
	.byte	0                               @ EOM(2)
	.byte	28                              @ Abbreviation Code
	.byte	46                              @ DW_TAG_subprogram
	.byte	1                               @ DW_CHILDREN_yes
	.byte	17                              @ DW_AT_low_pc
	.byte	1                               @ DW_FORM_addr
	.byte	18                              @ DW_AT_high_pc
	.byte	6                               @ DW_FORM_data4
	.byte	64                              @ DW_AT_frame_base
	.byte	24                              @ DW_FORM_exprloc
	.ascii	"\227B"                         @ DW_AT_GNU_all_call_sites
	.byte	25                              @ DW_FORM_flag_present
	.byte	3                               @ DW_AT_name
	.byte	14                              @ DW_FORM_strp
	.byte	58                              @ DW_AT_decl_file
	.byte	11                              @ DW_FORM_data1
	.byte	59                              @ DW_AT_decl_line
	.byte	11                              @ DW_FORM_data1
	.byte	39                              @ DW_AT_prototyped
	.byte	25                              @ DW_FORM_flag_present
	.byte	63                              @ DW_AT_external
	.byte	25                              @ DW_FORM_flag_present
	.byte	0                               @ EOM(1)
	.byte	0                               @ EOM(2)
	.byte	29                              @ Abbreviation Code
	.byte	52                              @ DW_TAG_variable
	.byte	0                               @ DW_CHILDREN_no
	.byte	2                               @ DW_AT_location
	.byte	23                              @ DW_FORM_sec_offset
	.byte	3                               @ DW_AT_name
	.byte	14                              @ DW_FORM_strp
	.byte	58                              @ DW_AT_decl_file
	.byte	11                              @ DW_FORM_data1
	.byte	59                              @ DW_AT_decl_line
	.byte	11                              @ DW_FORM_data1
	.byte	73                              @ DW_AT_type
	.byte	19                              @ DW_FORM_ref4
	.byte	0                               @ EOM(1)
	.byte	0                               @ EOM(2)
	.byte	30                              @ Abbreviation Code
	.byte	29                              @ DW_TAG_inlined_subroutine
	.byte	1                               @ DW_CHILDREN_yes
	.byte	49                              @ DW_AT_abstract_origin
	.byte	19                              @ DW_FORM_ref4
	.byte	17                              @ DW_AT_low_pc
	.byte	1                               @ DW_FORM_addr
	.byte	18                              @ DW_AT_high_pc
	.byte	6                               @ DW_FORM_data4
	.byte	88                              @ DW_AT_call_file
	.byte	11                              @ DW_FORM_data1
	.byte	89                              @ DW_AT_call_line
	.byte	11                              @ DW_FORM_data1
	.byte	87                              @ DW_AT_call_column
	.byte	11                              @ DW_FORM_data1
	.byte	0                               @ EOM(1)
	.byte	0                               @ EOM(2)
	.byte	31                              @ Abbreviation Code
	.byte	11                              @ DW_TAG_lexical_block
	.byte	1                               @ DW_CHILDREN_yes
	.byte	17                              @ DW_AT_low_pc
	.byte	1                               @ DW_FORM_addr
	.byte	18                              @ DW_AT_high_pc
	.byte	6                               @ DW_FORM_data4
	.byte	0                               @ EOM(1)
	.byte	0                               @ EOM(2)
	.byte	32                              @ Abbreviation Code
	.byte	46                              @ DW_TAG_subprogram
	.byte	1                               @ DW_CHILDREN_yes
	.byte	3                               @ DW_AT_name
	.byte	14                              @ DW_FORM_strp
	.byte	58                              @ DW_AT_decl_file
	.byte	11                              @ DW_FORM_data1
	.byte	59                              @ DW_AT_decl_line
	.byte	11                              @ DW_FORM_data1
	.byte	39                              @ DW_AT_prototyped
	.byte	25                              @ DW_FORM_flag_present
	.byte	73                              @ DW_AT_type
	.byte	19                              @ DW_FORM_ref4
	.byte	32                              @ DW_AT_inline
	.byte	11                              @ DW_FORM_data1
	.byte	0                               @ EOM(1)
	.byte	0                               @ EOM(2)
	.byte	33                              @ Abbreviation Code
	.byte	46                              @ DW_TAG_subprogram
	.byte	1                               @ DW_CHILDREN_yes
	.byte	3                               @ DW_AT_name
	.byte	14                              @ DW_FORM_strp
	.byte	58                              @ DW_AT_decl_file
	.byte	11                              @ DW_FORM_data1
	.byte	59                              @ DW_AT_decl_line
	.byte	11                              @ DW_FORM_data1
	.byte	39                              @ DW_AT_prototyped
	.byte	25                              @ DW_FORM_flag_present
	.byte	32                              @ DW_AT_inline
	.byte	11                              @ DW_FORM_data1
	.byte	0                               @ EOM(1)
	.byte	0                               @ EOM(2)
	.byte	34                              @ Abbreviation Code
	.byte	46                              @ DW_TAG_subprogram
	.byte	1                               @ DW_CHILDREN_yes
	.byte	17                              @ DW_AT_low_pc
	.byte	1                               @ DW_FORM_addr
	.byte	18                              @ DW_AT_high_pc
	.byte	6                               @ DW_FORM_data4
	.byte	64                              @ DW_AT_frame_base
	.byte	24                              @ DW_FORM_exprloc
	.ascii	"\227B"                         @ DW_AT_GNU_all_call_sites
	.byte	25                              @ DW_FORM_flag_present
	.byte	3                               @ DW_AT_name
	.byte	14                              @ DW_FORM_strp
	.byte	58                              @ DW_AT_decl_file
	.byte	11                              @ DW_FORM_data1
	.byte	59                              @ DW_AT_decl_line
	.byte	5                               @ DW_FORM_data2
	.byte	39                              @ DW_AT_prototyped
	.byte	25                              @ DW_FORM_flag_present
	.byte	73                              @ DW_AT_type
	.byte	19                              @ DW_FORM_ref4
	.byte	63                              @ DW_AT_external
	.byte	25                              @ DW_FORM_flag_present
	.byte	0                               @ EOM(1)
	.byte	0                               @ EOM(2)
	.byte	35                              @ Abbreviation Code
	.byte	52                              @ DW_TAG_variable
	.byte	0                               @ DW_CHILDREN_no
	.byte	2                               @ DW_AT_location
	.byte	23                              @ DW_FORM_sec_offset
	.byte	3                               @ DW_AT_name
	.byte	14                              @ DW_FORM_strp
	.byte	58                              @ DW_AT_decl_file
	.byte	11                              @ DW_FORM_data1
	.byte	59                              @ DW_AT_decl_line
	.byte	5                               @ DW_FORM_data2
	.byte	73                              @ DW_AT_type
	.byte	19                              @ DW_FORM_ref4
	.byte	0                               @ EOM(1)
	.byte	0                               @ EOM(2)
	.byte	36                              @ Abbreviation Code
	.byte	52                              @ DW_TAG_variable
	.byte	0                               @ DW_CHILDREN_no
	.byte	3                               @ DW_AT_name
	.byte	14                              @ DW_FORM_strp
	.byte	58                              @ DW_AT_decl_file
	.byte	11                              @ DW_FORM_data1
	.byte	59                              @ DW_AT_decl_line
	.byte	5                               @ DW_FORM_data2
	.byte	73                              @ DW_AT_type
	.byte	19                              @ DW_FORM_ref4
	.byte	0                               @ EOM(1)
	.byte	0                               @ EOM(2)
	.byte	37                              @ Abbreviation Code
	.byte	29                              @ DW_TAG_inlined_subroutine
	.byte	1                               @ DW_CHILDREN_yes
	.byte	49                              @ DW_AT_abstract_origin
	.byte	19                              @ DW_FORM_ref4
	.byte	85                              @ DW_AT_ranges
	.byte	23                              @ DW_FORM_sec_offset
	.byte	88                              @ DW_AT_call_file
	.byte	11                              @ DW_FORM_data1
	.byte	89                              @ DW_AT_call_line
	.byte	5                               @ DW_FORM_data2
	.byte	87                              @ DW_AT_call_column
	.byte	11                              @ DW_FORM_data1
	.byte	0                               @ EOM(1)
	.byte	0                               @ EOM(2)
	.byte	38                              @ Abbreviation Code
	.byte	29                              @ DW_TAG_inlined_subroutine
	.byte	1                               @ DW_CHILDREN_yes
	.byte	49                              @ DW_AT_abstract_origin
	.byte	19                              @ DW_FORM_ref4
	.byte	17                              @ DW_AT_low_pc
	.byte	1                               @ DW_FORM_addr
	.byte	18                              @ DW_AT_high_pc
	.byte	6                               @ DW_FORM_data4
	.byte	88                              @ DW_AT_call_file
	.byte	11                              @ DW_FORM_data1
	.byte	89                              @ DW_AT_call_line
	.byte	5                               @ DW_FORM_data2
	.byte	87                              @ DW_AT_call_column
	.byte	11                              @ DW_FORM_data1
	.byte	0                               @ EOM(1)
	.byte	0                               @ EOM(2)
	.byte	39                              @ Abbreviation Code
	.byte	5                               @ DW_TAG_formal_parameter
	.byte	0                               @ DW_CHILDREN_no
	.byte	28                              @ DW_AT_const_value
	.byte	13                              @ DW_FORM_sdata
	.byte	49                              @ DW_AT_abstract_origin
	.byte	19                              @ DW_FORM_ref4
	.byte	0                               @ EOM(1)
	.byte	0                               @ EOM(2)
	.byte	40                              @ Abbreviation Code
	.byte	5                               @ DW_TAG_formal_parameter
	.byte	0                               @ DW_CHILDREN_no
	.byte	2                               @ DW_AT_location
	.byte	24                              @ DW_FORM_exprloc
	.byte	49                              @ DW_AT_abstract_origin
	.byte	19                              @ DW_FORM_ref4
	.byte	0                               @ EOM(1)
	.byte	0                               @ EOM(2)
	.byte	41                              @ Abbreviation Code
	.byte	29                              @ DW_TAG_inlined_subroutine
	.byte	1                               @ DW_CHILDREN_yes
	.byte	49                              @ DW_AT_abstract_origin
	.byte	19                              @ DW_FORM_ref4
	.byte	85                              @ DW_AT_ranges
	.byte	23                              @ DW_FORM_sec_offset
	.byte	88                              @ DW_AT_call_file
	.byte	11                              @ DW_FORM_data1
	.byte	89                              @ DW_AT_call_line
	.byte	11                              @ DW_FORM_data1
	.byte	87                              @ DW_AT_call_column
	.byte	11                              @ DW_FORM_data1
	.byte	0                               @ EOM(1)
	.byte	0                               @ EOM(2)
	.byte	0                               @ EOM(3)
	.section	.debug_info,"",%progbits
.Lcu_begin0:
	.long	.Ldebug_info_end0-.Ldebug_info_start0 @ Length of Unit
.Ldebug_info_start0:
	.short	4                               @ DWARF version number
	.long	.debug_abbrev                   @ Offset Into Abbrev. Section
	.byte	4                               @ Address Size (in bytes)
	.byte	1                               @ Abbrev [1] 0xb:0xa9b DW_TAG_compile_unit
	.long	.Linfo_string0                  @ DW_AT_producer
	.short	29                              @ DW_AT_language
	.long	.Linfo_string1                  @ DW_AT_name
	.long	.Lline_table_start0             @ DW_AT_stmt_list
	.long	.Linfo_string2                  @ DW_AT_comp_dir
	.long	0                               @ DW_AT_low_pc
	.long	.Ldebug_ranges13                @ DW_AT_ranges
	.byte	2                               @ Abbrev [2] 0x26:0x11 DW_TAG_variable
	.long	.Linfo_string3                  @ DW_AT_name
	.long	55                              @ DW_AT_type
                                        @ DW_AT_external
	.byte	2                               @ DW_AT_decl_file
	.byte	60                              @ DW_AT_decl_line
	.byte	5                               @ DW_AT_location
	.byte	3
	.long	angle_calc_amount
	.byte	3                               @ Abbrev [3] 0x37:0xb DW_TAG_typedef
	.long	66                              @ DW_AT_type
	.long	.Linfo_string5                  @ DW_AT_name
	.byte	1                               @ DW_AT_decl_file
	.byte	64                              @ DW_AT_decl_line
	.byte	4                               @ Abbrev [4] 0x42:0x7 DW_TAG_base_type
	.long	.Linfo_string4                  @ DW_AT_name
	.byte	7                               @ DW_AT_encoding
	.byte	4                               @ DW_AT_byte_size
	.byte	2                               @ Abbrev [2] 0x49:0x11 DW_TAG_variable
	.long	.Linfo_string6                  @ DW_AT_name
	.long	90                              @ DW_AT_type
                                        @ DW_AT_external
	.byte	2                               @ DW_AT_decl_file
	.byte	62                              @ DW_AT_decl_line
	.byte	5                               @ DW_AT_location
	.byte	3
	.long	speech_detected
	.byte	5                               @ Abbrev [5] 0x5a:0x5 DW_TAG_volatile_type
	.long	95                              @ DW_AT_type
	.byte	3                               @ Abbrev [3] 0x5f:0xb DW_TAG_typedef
	.long	106                             @ DW_AT_type
	.long	.Linfo_string8                  @ DW_AT_name
	.byte	1                               @ DW_AT_decl_file
	.byte	62                              @ DW_AT_decl_line
	.byte	4                               @ Abbrev [4] 0x6a:0x7 DW_TAG_base_type
	.long	.Linfo_string7                  @ DW_AT_name
	.byte	8                               @ DW_AT_encoding
	.byte	1                               @ DW_AT_byte_size
	.byte	2                               @ Abbrev [2] 0x71:0x11 DW_TAG_variable
	.long	.Linfo_string9                  @ DW_AT_name
	.long	130                             @ DW_AT_type
                                        @ DW_AT_external
	.byte	2                               @ DW_AT_decl_file
	.byte	66                              @ DW_AT_decl_line
	.byte	5                               @ DW_AT_location
	.byte	3
	.long	mic_spacing
	.byte	6                               @ Abbrev [6] 0x82:0xc DW_TAG_array_type
	.long	142                             @ DW_AT_type
	.byte	7                               @ Abbrev [7] 0x87:0x6 DW_TAG_subrange_type
	.long	149                             @ DW_AT_type
	.byte	6                               @ DW_AT_count
	.byte	0                               @ End Of Children Mark
	.byte	4                               @ Abbrev [4] 0x8e:0x7 DW_TAG_base_type
	.long	.Linfo_string10                 @ DW_AT_name
	.byte	4                               @ DW_AT_encoding
	.byte	4                               @ DW_AT_byte_size
	.byte	8                               @ Abbrev [8] 0x95:0x7 DW_TAG_base_type
	.long	.Linfo_string11                 @ DW_AT_name
	.byte	8                               @ DW_AT_byte_size
	.byte	7                               @ DW_AT_encoding
	.byte	9                               @ Abbrev [9] 0x9c:0xd DW_TAG_variable
	.long	169                             @ DW_AT_type
	.byte	2                               @ DW_AT_decl_file
	.byte	208                             @ DW_AT_decl_line
	.byte	5                               @ DW_AT_location
	.byte	3
	.long	.L.str
	.byte	6                               @ Abbrev [6] 0xa9:0xc DW_TAG_array_type
	.long	181                             @ DW_AT_type
	.byte	7                               @ Abbrev [7] 0xae:0x6 DW_TAG_subrange_type
	.long	149                             @ DW_AT_type
	.byte	49                              @ DW_AT_count
	.byte	0                               @ End Of Children Mark
	.byte	4                               @ Abbrev [4] 0xb5:0x7 DW_TAG_base_type
	.long	.Linfo_string12                 @ DW_AT_name
	.byte	8                               @ DW_AT_encoding
	.byte	1                               @ DW_AT_byte_size
	.byte	10                              @ Abbrev [10] 0xbc:0xe DW_TAG_variable
	.long	202                             @ DW_AT_type
	.byte	2                               @ DW_AT_decl_file
	.short	567                             @ DW_AT_decl_line
	.byte	5                               @ DW_AT_location
	.byte	3
	.long	.L.str.1
	.byte	6                               @ Abbrev [6] 0xca:0xc DW_TAG_array_type
	.long	181                             @ DW_AT_type
	.byte	7                               @ Abbrev [7] 0xcf:0x6 DW_TAG_subrange_type
	.long	149                             @ DW_AT_type
	.byte	14                              @ DW_AT_count
	.byte	0                               @ End Of Children Mark
	.byte	2                               @ Abbrev [2] 0xd6:0x11 DW_TAG_variable
	.long	.Linfo_string13                 @ DW_AT_name
	.long	231                             @ DW_AT_type
                                        @ DW_AT_external
	.byte	2                               @ DW_AT_decl_file
	.byte	51                              @ DW_AT_decl_line
	.byte	5                               @ DW_AT_location
	.byte	3
	.long	left_buffer
	.byte	6                               @ Abbrev [6] 0xe7:0xd DW_TAG_array_type
	.long	142                             @ DW_AT_type
	.byte	11                              @ Abbrev [11] 0xec:0x7 DW_TAG_subrange_type
	.long	149                             @ DW_AT_type
	.short	256                             @ DW_AT_count
	.byte	0                               @ End Of Children Mark
	.byte	2                               @ Abbrev [2] 0xf4:0x11 DW_TAG_variable
	.long	.Linfo_string14                 @ DW_AT_name
	.long	231                             @ DW_AT_type
                                        @ DW_AT_external
	.byte	2                               @ DW_AT_decl_file
	.byte	52                              @ DW_AT_decl_line
	.byte	5                               @ DW_AT_location
	.byte	3
	.long	right_buffer
	.byte	2                               @ Abbrev [2] 0x105:0x11 DW_TAG_variable
	.long	.Linfo_string15                 @ DW_AT_name
	.long	231                             @ DW_AT_type
                                        @ DW_AT_external
	.byte	2                               @ DW_AT_decl_file
	.byte	54                              @ DW_AT_decl_line
	.byte	5                               @ DW_AT_location
	.byte	3
	.long	cross_corr
	.byte	2                               @ Abbrev [2] 0x116:0x11 DW_TAG_variable
	.long	.Linfo_string16                 @ DW_AT_name
	.long	231                             @ DW_AT_type
                                        @ DW_AT_external
	.byte	2                               @ DW_AT_decl_file
	.byte	56                              @ DW_AT_decl_line
	.byte	5                               @ DW_AT_location
	.byte	3
	.long	fft_left_real
	.byte	2                               @ Abbrev [2] 0x127:0x11 DW_TAG_variable
	.long	.Linfo_string17                 @ DW_AT_name
	.long	231                             @ DW_AT_type
                                        @ DW_AT_external
	.byte	2                               @ DW_AT_decl_file
	.byte	56                              @ DW_AT_decl_line
	.byte	5                               @ DW_AT_location
	.byte	3
	.long	fft_left_imag
	.byte	2                               @ Abbrev [2] 0x138:0x11 DW_TAG_variable
	.long	.Linfo_string18                 @ DW_AT_name
	.long	231                             @ DW_AT_type
                                        @ DW_AT_external
	.byte	2                               @ DW_AT_decl_file
	.byte	57                              @ DW_AT_decl_line
	.byte	5                               @ DW_AT_location
	.byte	3
	.long	fft_right_real
	.byte	2                               @ Abbrev [2] 0x149:0x11 DW_TAG_variable
	.long	.Linfo_string19                 @ DW_AT_name
	.long	231                             @ DW_AT_type
                                        @ DW_AT_external
	.byte	2                               @ DW_AT_decl_file
	.byte	57                              @ DW_AT_decl_line
	.byte	5                               @ DW_AT_location
	.byte	3
	.long	fft_right_imag
	.byte	2                               @ Abbrev [2] 0x15a:0x11 DW_TAG_variable
	.long	.Linfo_string20                 @ DW_AT_name
	.long	231                             @ DW_AT_type
                                        @ DW_AT_external
	.byte	2                               @ DW_AT_decl_file
	.byte	59                              @ DW_AT_decl_line
	.byte	5                               @ DW_AT_location
	.byte	3
	.long	hann_window
	.byte	2                               @ Abbrev [2] 0x16b:0x11 DW_TAG_variable
	.long	.Linfo_string21                 @ DW_AT_name
	.long	130                             @ DW_AT_type
                                        @ DW_AT_external
	.byte	2                               @ DW_AT_decl_file
	.byte	75                              @ DW_AT_decl_line
	.byte	5                               @ DW_AT_location
	.byte	3
	.long	mic_spacing_tdoa
	.byte	2                               @ Abbrev [2] 0x17c:0x11 DW_TAG_variable
	.long	.Linfo_string22                 @ DW_AT_name
	.long	231                             @ DW_AT_type
                                        @ DW_AT_external
	.byte	2                               @ DW_AT_decl_file
	.byte	77                              @ DW_AT_decl_line
	.byte	5                               @ DW_AT_location
	.byte	3
	.long	mic_buffer1
	.byte	2                               @ Abbrev [2] 0x18d:0x11 DW_TAG_variable
	.long	.Linfo_string23                 @ DW_AT_name
	.long	231                             @ DW_AT_type
                                        @ DW_AT_external
	.byte	2                               @ DW_AT_decl_file
	.byte	78                              @ DW_AT_decl_line
	.byte	5                               @ DW_AT_location
	.byte	3
	.long	mic_buffer2
	.byte	2                               @ Abbrev [2] 0x19e:0x11 DW_TAG_variable
	.long	.Linfo_string24                 @ DW_AT_name
	.long	231                             @ DW_AT_type
                                        @ DW_AT_external
	.byte	2                               @ DW_AT_decl_file
	.byte	79                              @ DW_AT_decl_line
	.byte	5                               @ DW_AT_location
	.byte	3
	.long	mic_buffer3
	.byte	2                               @ Abbrev [2] 0x1af:0x11 DW_TAG_variable
	.long	.Linfo_string25                 @ DW_AT_name
	.long	231                             @ DW_AT_type
                                        @ DW_AT_external
	.byte	2                               @ DW_AT_decl_file
	.byte	80                              @ DW_AT_decl_line
	.byte	5                               @ DW_AT_location
	.byte	3
	.long	mic_buffer4
	.byte	12                              @ Abbrev [12] 0x1c0:0x11 DW_TAG_variable
	.long	.Linfo_string26                 @ DW_AT_name
	.long	465                             @ DW_AT_type
	.byte	2                               @ DW_AT_decl_file
	.byte	87                              @ DW_AT_decl_line
	.byte	5                               @ DW_AT_location
	.byte	3
	.long	g_rfft
	.byte	13                              @ Abbrev [13] 0x1d1:0xc DW_TAG_typedef
	.long	477                             @ DW_AT_type
	.long	.Linfo_string44                 @ DW_AT_name
	.byte	3                               @ DW_AT_decl_file
	.short	575                             @ DW_AT_decl_line
	.byte	14                              @ Abbrev [14] 0x1dd:0x2d DW_TAG_structure_type
	.byte	48                              @ DW_AT_byte_size
	.byte	3                               @ DW_AT_decl_file
	.short	570                             @ DW_AT_decl_line
	.byte	15                              @ Abbrev [15] 0x1e2:0xd DW_TAG_member
	.long	.Linfo_string27                 @ DW_AT_name
	.long	522                             @ DW_AT_type
	.byte	3                               @ DW_AT_decl_file
	.short	572                             @ DW_AT_decl_line
	.byte	0                               @ DW_AT_data_member_location
	.byte	15                              @ Abbrev [15] 0x1ef:0xd DW_TAG_member
	.long	.Linfo_string42                 @ DW_AT_name
	.long	670                             @ DW_AT_type
	.byte	3                               @ DW_AT_decl_file
	.short	573                             @ DW_AT_decl_line
	.byte	40                              @ DW_AT_data_member_location
	.byte	15                              @ Abbrev [15] 0x1fc:0xd DW_TAG_member
	.long	.Linfo_string43                 @ DW_AT_name
	.long	688                             @ DW_AT_type
	.byte	3                               @ DW_AT_decl_file
	.short	574                             @ DW_AT_decl_line
	.byte	44                              @ DW_AT_data_member_location
	.byte	0                               @ End Of Children Mark
	.byte	13                              @ Abbrev [13] 0x20a:0xc DW_TAG_typedef
	.long	534                             @ DW_AT_type
	.long	.Linfo_string41                 @ DW_AT_name
	.byte	3                               @ DW_AT_decl_file
	.short	307                             @ DW_AT_decl_line
	.byte	14                              @ Abbrev [14] 0x216:0x88 DW_TAG_structure_type
	.byte	40                              @ DW_AT_byte_size
	.byte	3                               @ DW_AT_decl_file
	.short	293                             @ DW_AT_decl_line
	.byte	15                              @ Abbrev [15] 0x21b:0xd DW_TAG_member
	.long	.Linfo_string28                 @ DW_AT_name
	.long	670                             @ DW_AT_type
	.byte	3                               @ DW_AT_decl_file
	.short	295                             @ DW_AT_decl_line
	.byte	0                               @ DW_AT_data_member_location
	.byte	15                              @ Abbrev [15] 0x228:0xd DW_TAG_member
	.long	.Linfo_string31                 @ DW_AT_name
	.long	688                             @ DW_AT_type
	.byte	3                               @ DW_AT_decl_file
	.short	296                             @ DW_AT_decl_line
	.byte	4                               @ DW_AT_data_member_location
	.byte	15                              @ Abbrev [15] 0x235:0xd DW_TAG_member
	.long	.Linfo_string33                 @ DW_AT_name
	.long	710                             @ DW_AT_type
	.byte	3                               @ DW_AT_decl_file
	.short	297                             @ DW_AT_decl_line
	.byte	8                               @ DW_AT_data_member_location
	.byte	15                              @ Abbrev [15] 0x242:0xd DW_TAG_member
	.long	.Linfo_string34                 @ DW_AT_name
	.long	670                             @ DW_AT_type
	.byte	3                               @ DW_AT_decl_file
	.short	298                             @ DW_AT_decl_line
	.byte	12                              @ DW_AT_data_member_location
	.byte	15                              @ Abbrev [15] 0x24f:0xd DW_TAG_member
	.long	.Linfo_string35                 @ DW_AT_name
	.long	720                             @ DW_AT_type
	.byte	3                               @ DW_AT_decl_file
	.short	300                             @ DW_AT_decl_line
	.byte	16                              @ DW_AT_data_member_location
	.byte	15                              @ Abbrev [15] 0x25c:0xd DW_TAG_member
	.long	.Linfo_string36                 @ DW_AT_name
	.long	720                             @ DW_AT_type
	.byte	3                               @ DW_AT_decl_file
	.short	301                             @ DW_AT_decl_line
	.byte	20                              @ DW_AT_data_member_location
	.byte	15                              @ Abbrev [15] 0x269:0xd DW_TAG_member
	.long	.Linfo_string37                 @ DW_AT_name
	.long	720                             @ DW_AT_type
	.byte	3                               @ DW_AT_decl_file
	.short	302                             @ DW_AT_decl_line
	.byte	24                              @ DW_AT_data_member_location
	.byte	15                              @ Abbrev [15] 0x276:0xd DW_TAG_member
	.long	.Linfo_string38                 @ DW_AT_name
	.long	688                             @ DW_AT_type
	.byte	3                               @ DW_AT_decl_file
	.short	303                             @ DW_AT_decl_line
	.byte	28                              @ DW_AT_data_member_location
	.byte	15                              @ Abbrev [15] 0x283:0xd DW_TAG_member
	.long	.Linfo_string39                 @ DW_AT_name
	.long	688                             @ DW_AT_type
	.byte	3                               @ DW_AT_decl_file
	.short	304                             @ DW_AT_decl_line
	.byte	32                              @ DW_AT_data_member_location
	.byte	15                              @ Abbrev [15] 0x290:0xd DW_TAG_member
	.long	.Linfo_string40                 @ DW_AT_name
	.long	688                             @ DW_AT_type
	.byte	3                               @ DW_AT_decl_file
	.short	305                             @ DW_AT_decl_line
	.byte	36                              @ DW_AT_data_member_location
	.byte	0                               @ End Of Children Mark
	.byte	3                               @ Abbrev [3] 0x29e:0xb DW_TAG_typedef
	.long	681                             @ DW_AT_type
	.long	.Linfo_string30                 @ DW_AT_name
	.byte	1                               @ DW_AT_decl_file
	.byte	63                              @ DW_AT_decl_line
	.byte	4                               @ Abbrev [4] 0x2a9:0x7 DW_TAG_base_type
	.long	.Linfo_string29                 @ DW_AT_name
	.byte	7                               @ DW_AT_encoding
	.byte	2                               @ DW_AT_byte_size
	.byte	16                              @ Abbrev [16] 0x2b0:0x5 DW_TAG_pointer_type
	.long	693                             @ DW_AT_type
	.byte	17                              @ Abbrev [17] 0x2b5:0x5 DW_TAG_const_type
	.long	698                             @ DW_AT_type
	.byte	13                              @ Abbrev [13] 0x2ba:0xc DW_TAG_typedef
	.long	142                             @ DW_AT_type
	.long	.Linfo_string32                 @ DW_AT_name
	.byte	4                               @ DW_AT_decl_file
	.short	334                             @ DW_AT_decl_line
	.byte	16                              @ Abbrev [16] 0x2c6:0x5 DW_TAG_pointer_type
	.long	715                             @ DW_AT_type
	.byte	17                              @ Abbrev [17] 0x2cb:0x5 DW_TAG_const_type
	.long	670                             @ DW_AT_type
	.byte	16                              @ Abbrev [16] 0x2d0:0x5 DW_TAG_pointer_type
	.long	725                             @ DW_AT_type
	.byte	17                              @ Abbrev [17] 0x2d5:0x5 DW_TAG_const_type
	.long	55                              @ DW_AT_type
	.byte	12                              @ Abbrev [12] 0x2da:0x11 DW_TAG_variable
	.long	.Linfo_string45                 @ DW_AT_name
	.long	747                             @ DW_AT_type
	.byte	2                               @ DW_AT_decl_file
	.byte	91                              @ DW_AT_decl_line
	.byte	5                               @ DW_AT_location
	.byte	3
	.long	specL_packed
	.byte	6                               @ Abbrev [6] 0x2eb:0xd DW_TAG_array_type
	.long	698                             @ DW_AT_type
	.byte	11                              @ Abbrev [11] 0x2f0:0x7 DW_TAG_subrange_type
	.long	149                             @ DW_AT_type
	.short	256                             @ DW_AT_count
	.byte	0                               @ End Of Children Mark
	.byte	12                              @ Abbrev [12] 0x2f8:0x11 DW_TAG_variable
	.long	.Linfo_string46                 @ DW_AT_name
	.long	747                             @ DW_AT_type
	.byte	2                               @ DW_AT_decl_file
	.byte	92                              @ DW_AT_decl_line
	.byte	5                               @ DW_AT_location
	.byte	3
	.long	specR_packed
	.byte	12                              @ Abbrev [12] 0x309:0x11 DW_TAG_variable
	.long	.Linfo_string47                 @ DW_AT_name
	.long	747                             @ DW_AT_type
	.byte	2                               @ DW_AT_decl_file
	.byte	93                              @ DW_AT_decl_line
	.byte	5                               @ DW_AT_location
	.byte	3
	.long	cpsd_packed
	.byte	12                              @ Abbrev [12] 0x31a:0x11 DW_TAG_variable
	.long	.Linfo_string48                 @ DW_AT_name
	.long	747                             @ DW_AT_type
	.byte	2                               @ DW_AT_decl_file
	.byte	94                              @ DW_AT_decl_line
	.byte	5                               @ DW_AT_location
	.byte	3
	.long	ifft_time_tmp
	.byte	18                              @ Abbrev [18] 0x32b:0x3a DW_TAG_enumeration_type
	.long	869                             @ DW_AT_type
	.byte	1                               @ DW_AT_byte_size
	.byte	4                               @ DW_AT_decl_file
	.short	588                             @ DW_AT_decl_line
	.byte	19                              @ Abbrev [19] 0x334:0x6 DW_TAG_enumerator
	.long	.Linfo_string50                 @ DW_AT_name
	.byte	0                               @ DW_AT_const_value
	.byte	19                              @ Abbrev [19] 0x33a:0x6 DW_TAG_enumerator
	.long	.Linfo_string51                 @ DW_AT_name
	.byte	127                             @ DW_AT_const_value
	.byte	19                              @ Abbrev [19] 0x340:0x6 DW_TAG_enumerator
	.long	.Linfo_string52                 @ DW_AT_name
	.byte	126                             @ DW_AT_const_value
	.byte	19                              @ Abbrev [19] 0x346:0x6 DW_TAG_enumerator
	.long	.Linfo_string53                 @ DW_AT_name
	.byte	125                             @ DW_AT_const_value
	.byte	19                              @ Abbrev [19] 0x34c:0x6 DW_TAG_enumerator
	.long	.Linfo_string54                 @ DW_AT_name
	.byte	124                             @ DW_AT_const_value
	.byte	19                              @ Abbrev [19] 0x352:0x6 DW_TAG_enumerator
	.long	.Linfo_string55                 @ DW_AT_name
	.byte	123                             @ DW_AT_const_value
	.byte	19                              @ Abbrev [19] 0x358:0x6 DW_TAG_enumerator
	.long	.Linfo_string56                 @ DW_AT_name
	.byte	122                             @ DW_AT_const_value
	.byte	19                              @ Abbrev [19] 0x35e:0x6 DW_TAG_enumerator
	.long	.Linfo_string57                 @ DW_AT_name
	.byte	121                             @ DW_AT_const_value
	.byte	0                               @ End Of Children Mark
	.byte	4                               @ Abbrev [4] 0x365:0x7 DW_TAG_base_type
	.long	.Linfo_string49                 @ DW_AT_name
	.byte	6                               @ DW_AT_encoding
	.byte	1                               @ DW_AT_byte_size
	.byte	4                               @ Abbrev [4] 0x36c:0x7 DW_TAG_base_type
	.long	.Linfo_string58                 @ DW_AT_name
	.byte	5                               @ DW_AT_encoding
	.byte	4                               @ DW_AT_byte_size
	.byte	16                              @ Abbrev [16] 0x373:0x5 DW_TAG_pointer_type
	.long	698                             @ DW_AT_type
	.byte	20                              @ Abbrev [20] 0x378:0x31 DW_TAG_subprogram
	.long	.Lfunc_begin0                   @ DW_AT_low_pc
	.long	.Lfunc_end0-.Lfunc_begin0       @ DW_AT_high_pc
	.byte	1                               @ DW_AT_frame_base
	.byte	93
                                        @ DW_AT_GNU_all_call_sites
	.long	937                             @ DW_AT_abstract_origin
	.byte	21                              @ Abbrev [21] 0x387:0x9 DW_TAG_formal_parameter
	.long	.Ldebug_loc0                    @ DW_AT_location
	.long	945                             @ DW_AT_abstract_origin
	.byte	21                              @ Abbrev [21] 0x390:0x9 DW_TAG_formal_parameter
	.long	.Ldebug_loc1                    @ DW_AT_location
	.long	956                             @ DW_AT_abstract_origin
	.byte	22                              @ Abbrev [22] 0x399:0xf DW_TAG_lexical_block
	.long	.Ldebug_ranges0                 @ DW_AT_ranges
	.byte	23                              @ Abbrev [23] 0x39e:0x9 DW_TAG_variable
	.long	.Ldebug_loc2                    @ DW_AT_location
	.long	968                             @ DW_AT_abstract_origin
	.byte	0                               @ End Of Children Mark
	.byte	0                               @ End Of Children Mark
	.byte	24                              @ Abbrev [24] 0x3a9:0x2c DW_TAG_subprogram
	.long	.Linfo_string59                 @ DW_AT_name
	.byte	2                               @ DW_AT_decl_file
	.byte	99                              @ DW_AT_decl_line
                                        @ DW_AT_prototyped
                                        @ DW_AT_external
	.byte	1                               @ DW_AT_inline
	.byte	25                              @ Abbrev [25] 0x3b1:0xb DW_TAG_formal_parameter
	.long	.Linfo_string60                 @ DW_AT_name
	.byte	2                               @ DW_AT_decl_file
	.byte	99                              @ DW_AT_decl_line
	.long	981                             @ DW_AT_type
	.byte	25                              @ Abbrev [25] 0x3bc:0xb DW_TAG_formal_parameter
	.long	.Linfo_string61                 @ DW_AT_name
	.byte	2                               @ DW_AT_decl_file
	.byte	99                              @ DW_AT_decl_line
	.long	876                             @ DW_AT_type
	.byte	26                              @ Abbrev [26] 0x3c7:0xd DW_TAG_lexical_block
	.byte	27                              @ Abbrev [27] 0x3c8:0xb DW_TAG_variable
	.long	.Linfo_string62                 @ DW_AT_name
	.byte	2                               @ DW_AT_decl_file
	.byte	101                             @ DW_AT_decl_line
	.long	876                             @ DW_AT_type
	.byte	0                               @ End Of Children Mark
	.byte	0                               @ End Of Children Mark
	.byte	16                              @ Abbrev [16] 0x3d5:0x5 DW_TAG_pointer_type
	.long	142                             @ DW_AT_type
	.byte	28                              @ Abbrev [28] 0x3da:0x5a DW_TAG_subprogram
	.long	.Lfunc_begin1                   @ DW_AT_low_pc
	.long	.Lfunc_end1-.Lfunc_begin1       @ DW_AT_high_pc
	.byte	1                               @ DW_AT_frame_base
	.byte	93
                                        @ DW_AT_GNU_all_call_sites
	.long	.Linfo_string86                 @ DW_AT_name
	.byte	2                               @ DW_AT_decl_file
	.byte	202                             @ DW_AT_decl_line
                                        @ DW_AT_prototyped
                                        @ DW_AT_external
	.byte	29                              @ Abbrev [29] 0x3eb:0xf DW_TAG_variable
	.long	.Ldebug_loc3                    @ DW_AT_location
	.long	.Linfo_string88                 @ DW_AT_name
	.byte	2                               @ DW_AT_decl_file
	.byte	204                             @ DW_AT_decl_line
	.long	2713                            @ DW_AT_type
	.byte	30                              @ Abbrev [30] 0x3fa:0x24 DW_TAG_inlined_subroutine
	.long	937                             @ DW_AT_abstract_origin
	.long	.Ltmp41                         @ DW_AT_low_pc
	.long	.Ltmp78-.Ltmp41                 @ DW_AT_high_pc
	.byte	2                               @ DW_AT_call_file
	.byte	211                             @ DW_AT_call_line
	.byte	5                               @ DW_AT_call_column
	.byte	31                              @ Abbrev [31] 0x40a:0x13 DW_TAG_lexical_block
	.long	.Ltmp41                         @ DW_AT_low_pc
	.long	.Ltmp78-.Ltmp41                 @ DW_AT_high_pc
	.byte	23                              @ Abbrev [23] 0x413:0x9 DW_TAG_variable
	.long	.Ldebug_loc4                    @ DW_AT_location
	.long	968                             @ DW_AT_abstract_origin
	.byte	0                               @ End Of Children Mark
	.byte	0                               @ End Of Children Mark
	.byte	31                              @ Abbrev [31] 0x41e:0x15 DW_TAG_lexical_block
	.long	.Ltmp78                         @ DW_AT_low_pc
	.long	.Ltmp82-.Ltmp78                 @ DW_AT_high_pc
	.byte	27                              @ Abbrev [27] 0x427:0xb DW_TAG_variable
	.long	.Linfo_string69                 @ DW_AT_name
	.byte	2                               @ DW_AT_decl_file
	.byte	214                             @ DW_AT_decl_line
	.long	876                             @ DW_AT_type
	.byte	0                               @ End Of Children Mark
	.byte	0                               @ End Of Children Mark
	.byte	32                              @ Abbrev [32] 0x434:0x6b DW_TAG_subprogram
	.long	.Linfo_string63                 @ DW_AT_name
	.byte	2                               @ DW_AT_decl_file
	.byte	113                             @ DW_AT_decl_line
                                        @ DW_AT_prototyped
	.long	142                             @ DW_AT_type
	.byte	1                               @ DW_AT_inline
	.byte	25                              @ Abbrev [25] 0x440:0xb DW_TAG_formal_parameter
	.long	.Linfo_string64                 @ DW_AT_name
	.byte	2                               @ DW_AT_decl_file
	.byte	113                             @ DW_AT_decl_line
	.long	1183                            @ DW_AT_type
	.byte	25                              @ Abbrev [25] 0x44b:0xb DW_TAG_formal_parameter
	.long	.Linfo_string65                 @ DW_AT_name
	.byte	2                               @ DW_AT_decl_file
	.byte	113                             @ DW_AT_decl_line
	.long	876                             @ DW_AT_type
	.byte	25                              @ Abbrev [25] 0x456:0xb DW_TAG_formal_parameter
	.long	.Linfo_string66                 @ DW_AT_name
	.byte	2                               @ DW_AT_decl_file
	.byte	113                             @ DW_AT_decl_line
	.long	981                             @ DW_AT_type
	.byte	27                              @ Abbrev [27] 0x461:0xb DW_TAG_variable
	.long	.Linfo_string67                 @ DW_AT_name
	.byte	2                               @ DW_AT_decl_file
	.byte	115                             @ DW_AT_decl_line
	.long	142                             @ DW_AT_type
	.byte	27                              @ Abbrev [27] 0x46c:0xb DW_TAG_variable
	.long	.Linfo_string68                 @ DW_AT_name
	.byte	2                               @ DW_AT_decl_file
	.byte	119                             @ DW_AT_decl_line
	.long	142                             @ DW_AT_type
	.byte	26                              @ Abbrev [26] 0x477:0xd DW_TAG_lexical_block
	.byte	27                              @ Abbrev [27] 0x478:0xb DW_TAG_variable
	.long	.Linfo_string69                 @ DW_AT_name
	.byte	2                               @ DW_AT_decl_file
	.byte	116                             @ DW_AT_decl_line
	.long	876                             @ DW_AT_type
	.byte	0                               @ End Of Children Mark
	.byte	26                              @ Abbrev [26] 0x484:0x1a DW_TAG_lexical_block
	.byte	27                              @ Abbrev [27] 0x485:0xb DW_TAG_variable
	.long	.Linfo_string69                 @ DW_AT_name
	.byte	2                               @ DW_AT_decl_file
	.byte	120                             @ DW_AT_decl_line
	.long	876                             @ DW_AT_type
	.byte	26                              @ Abbrev [26] 0x490:0xd DW_TAG_lexical_block
	.byte	27                              @ Abbrev [27] 0x491:0xb DW_TAG_variable
	.long	.Linfo_string70                 @ DW_AT_name
	.byte	2                               @ DW_AT_decl_file
	.byte	121                             @ DW_AT_decl_line
	.long	142                             @ DW_AT_type
	.byte	0                               @ End Of Children Mark
	.byte	0                               @ End Of Children Mark
	.byte	0                               @ End Of Children Mark
	.byte	16                              @ Abbrev [16] 0x49f:0x5 DW_TAG_pointer_type
	.long	1188                            @ DW_AT_type
	.byte	17                              @ Abbrev [17] 0x4a4:0x5 DW_TAG_const_type
	.long	142                             @ DW_AT_type
	.byte	33                              @ Abbrev [33] 0x4a9:0x35 DW_TAG_subprogram
	.long	.Linfo_string71                 @ DW_AT_name
	.byte	2                               @ DW_AT_decl_file
	.byte	173                             @ DW_AT_decl_line
                                        @ DW_AT_prototyped
	.byte	1                               @ DW_AT_inline
	.byte	25                              @ Abbrev [25] 0x4b1:0xb DW_TAG_formal_parameter
	.long	.Linfo_string72                 @ DW_AT_name
	.byte	2                               @ DW_AT_decl_file
	.byte	173                             @ DW_AT_decl_line
	.long	981                             @ DW_AT_type
	.byte	25                              @ Abbrev [25] 0x4bc:0xb DW_TAG_formal_parameter
	.long	.Linfo_string73                 @ DW_AT_name
	.byte	2                               @ DW_AT_decl_file
	.byte	173                             @ DW_AT_decl_line
	.long	981                             @ DW_AT_type
	.byte	25                              @ Abbrev [25] 0x4c7:0xb DW_TAG_formal_parameter
	.long	.Linfo_string65                 @ DW_AT_name
	.byte	2                               @ DW_AT_decl_file
	.byte	173                             @ DW_AT_decl_line
	.long	876                             @ DW_AT_type
	.byte	25                              @ Abbrev [25] 0x4d2:0xb DW_TAG_formal_parameter
	.long	.Linfo_string74                 @ DW_AT_name
	.byte	2                               @ DW_AT_decl_file
	.byte	173                             @ DW_AT_decl_line
	.long	883                             @ DW_AT_type
	.byte	0                               @ End Of Children Mark
	.byte	33                              @ Abbrev [33] 0x4de:0x5a DW_TAG_subprogram
	.long	.Linfo_string75                 @ DW_AT_name
	.byte	2                               @ DW_AT_decl_file
	.byte	130                             @ DW_AT_decl_line
                                        @ DW_AT_prototyped
	.byte	1                               @ DW_AT_inline
	.byte	25                              @ Abbrev [25] 0x4e6:0xb DW_TAG_formal_parameter
	.long	.Linfo_string76                 @ DW_AT_name
	.byte	2                               @ DW_AT_decl_file
	.byte	130                             @ DW_AT_decl_line
	.long	688                             @ DW_AT_type
	.byte	25                              @ Abbrev [25] 0x4f1:0xb DW_TAG_formal_parameter
	.long	.Linfo_string77                 @ DW_AT_name
	.byte	2                               @ DW_AT_decl_file
	.byte	131                             @ DW_AT_decl_line
	.long	981                             @ DW_AT_type
	.byte	25                              @ Abbrev [25] 0x4fc:0xb DW_TAG_formal_parameter
	.long	.Linfo_string78                 @ DW_AT_name
	.byte	2                               @ DW_AT_decl_file
	.byte	131                             @ DW_AT_decl_line
	.long	981                             @ DW_AT_type
	.byte	25                              @ Abbrev [25] 0x507:0xb DW_TAG_formal_parameter
	.long	.Linfo_string65                 @ DW_AT_name
	.byte	2                               @ DW_AT_decl_file
	.byte	132                             @ DW_AT_decl_line
	.long	876                             @ DW_AT_type
	.byte	26                              @ Abbrev [26] 0x512:0x25 DW_TAG_lexical_block
	.byte	27                              @ Abbrev [27] 0x513:0xb DW_TAG_variable
	.long	.Linfo_string79                 @ DW_AT_name
	.byte	2                               @ DW_AT_decl_file
	.byte	140                             @ DW_AT_decl_line
	.long	876                             @ DW_AT_type
	.byte	26                              @ Abbrev [26] 0x51e:0x18 DW_TAG_lexical_block
	.byte	27                              @ Abbrev [27] 0x51f:0xb DW_TAG_variable
	.long	.Linfo_string80                 @ DW_AT_name
	.byte	2                               @ DW_AT_decl_file
	.byte	142                             @ DW_AT_decl_line
	.long	698                             @ DW_AT_type
	.byte	27                              @ Abbrev [27] 0x52a:0xb DW_TAG_variable
	.long	.Linfo_string81                 @ DW_AT_name
	.byte	2                               @ DW_AT_decl_file
	.byte	143                             @ DW_AT_decl_line
	.long	698                             @ DW_AT_type
	.byte	0                               @ End Of Children Mark
	.byte	0                               @ End Of Children Mark
	.byte	0                               @ End Of Children Mark
	.byte	33                              @ Abbrev [33] 0x538:0x42 DW_TAG_subprogram
	.long	.Linfo_string82                 @ DW_AT_name
	.byte	2                               @ DW_AT_decl_file
	.byte	155                             @ DW_AT_decl_line
                                        @ DW_AT_prototyped
	.byte	1                               @ DW_AT_inline
	.byte	25                              @ Abbrev [25] 0x540:0xb DW_TAG_formal_parameter
	.long	.Linfo_string83                 @ DW_AT_name
	.byte	2                               @ DW_AT_decl_file
	.byte	155                             @ DW_AT_decl_line
	.long	1183                            @ DW_AT_type
	.byte	25                              @ Abbrev [25] 0x54b:0xb DW_TAG_formal_parameter
	.long	.Linfo_string84                 @ DW_AT_name
	.byte	2                               @ DW_AT_decl_file
	.byte	155                             @ DW_AT_decl_line
	.long	1183                            @ DW_AT_type
	.byte	25                              @ Abbrev [25] 0x556:0xb DW_TAG_formal_parameter
	.long	.Linfo_string76                 @ DW_AT_name
	.byte	2                               @ DW_AT_decl_file
	.byte	156                             @ DW_AT_decl_line
	.long	883                             @ DW_AT_type
	.byte	25                              @ Abbrev [25] 0x561:0xb DW_TAG_formal_parameter
	.long	.Linfo_string65                 @ DW_AT_name
	.byte	2                               @ DW_AT_decl_file
	.byte	156                             @ DW_AT_decl_line
	.long	876                             @ DW_AT_type
	.byte	26                              @ Abbrev [26] 0x56c:0xd DW_TAG_lexical_block
	.byte	27                              @ Abbrev [27] 0x56d:0xb DW_TAG_variable
	.long	.Linfo_string79                 @ DW_AT_name
	.byte	2                               @ DW_AT_decl_file
	.byte	161                             @ DW_AT_decl_line
	.long	876                             @ DW_AT_type
	.byte	0                               @ End Of Children Mark
	.byte	0                               @ End Of Children Mark
	.byte	33                              @ Abbrev [33] 0x57a:0x37 DW_TAG_subprogram
	.long	.Linfo_string85                 @ DW_AT_name
	.byte	2                               @ DW_AT_decl_file
	.byte	183                             @ DW_AT_decl_line
                                        @ DW_AT_prototyped
	.byte	1                               @ DW_AT_inline
	.byte	25                              @ Abbrev [25] 0x582:0xb DW_TAG_formal_parameter
	.long	.Linfo_string72                 @ DW_AT_name
	.byte	2                               @ DW_AT_decl_file
	.byte	183                             @ DW_AT_decl_line
	.long	981                             @ DW_AT_type
	.byte	25                              @ Abbrev [25] 0x58d:0xb DW_TAG_formal_parameter
	.long	.Linfo_string73                 @ DW_AT_name
	.byte	2                               @ DW_AT_decl_file
	.byte	183                             @ DW_AT_decl_line
	.long	981                             @ DW_AT_type
	.byte	25                              @ Abbrev [25] 0x598:0xb DW_TAG_formal_parameter
	.long	.Linfo_string65                 @ DW_AT_name
	.byte	2                               @ DW_AT_decl_file
	.byte	183                             @ DW_AT_decl_line
	.long	876                             @ DW_AT_type
	.byte	26                              @ Abbrev [26] 0x5a3:0xd DW_TAG_lexical_block
	.byte	27                              @ Abbrev [27] 0x5a4:0xb DW_TAG_variable
	.long	.Linfo_string69                 @ DW_AT_name
	.byte	2                               @ DW_AT_decl_file
	.byte	192                             @ DW_AT_decl_line
	.long	876                             @ DW_AT_type
	.byte	0                               @ End Of Children Mark
	.byte	0                               @ End Of Children Mark
	.byte	34                              @ Abbrev [34] 0x5b1:0x4e8 DW_TAG_subprogram
	.long	.Lfunc_begin2                   @ DW_AT_low_pc
	.long	.Lfunc_end2-.Lfunc_begin2       @ DW_AT_high_pc
	.byte	1                               @ DW_AT_frame_base
	.byte	93
                                        @ DW_AT_GNU_all_call_sites
	.long	.Linfo_string87                 @ DW_AT_name
	.byte	2                               @ DW_AT_decl_file
	.short	428                             @ DW_AT_decl_line
                                        @ DW_AT_prototyped
	.long	142                             @ DW_AT_type
                                        @ DW_AT_external
	.byte	35                              @ Abbrev [35] 0x5c7:0x10 DW_TAG_variable
	.long	.Ldebug_loc16                   @ DW_AT_location
	.long	.Linfo_string90                 @ DW_AT_name
	.byte	2                               @ DW_AT_decl_file
	.short	432                             @ DW_AT_decl_line
	.long	142                             @ DW_AT_type
	.byte	35                              @ Abbrev [35] 0x5d7:0x10 DW_TAG_variable
	.long	.Ldebug_loc43                   @ DW_AT_location
	.long	.Linfo_string94                 @ DW_AT_name
	.byte	2                               @ DW_AT_decl_file
	.short	509                             @ DW_AT_decl_line
	.long	876                             @ DW_AT_type
	.byte	35                              @ Abbrev [35] 0x5e7:0x10 DW_TAG_variable
	.long	.Ldebug_loc44                   @ DW_AT_location
	.long	.Linfo_string95                 @ DW_AT_name
	.byte	2                               @ DW_AT_decl_file
	.short	510                             @ DW_AT_decl_line
	.long	142                             @ DW_AT_type
	.byte	35                              @ Abbrev [35] 0x5f7:0x10 DW_TAG_variable
	.long	.Ldebug_loc48                   @ DW_AT_location
	.long	.Linfo_string98                 @ DW_AT_name
	.byte	2                               @ DW_AT_decl_file
	.short	520                             @ DW_AT_decl_line
	.long	876                             @ DW_AT_type
	.byte	35                              @ Abbrev [35] 0x607:0x10 DW_TAG_variable
	.long	.Ldebug_loc49                   @ DW_AT_location
	.long	.Linfo_string99                 @ DW_AT_name
	.byte	2                               @ DW_AT_decl_file
	.short	521                             @ DW_AT_decl_line
	.long	876                             @ DW_AT_type
	.byte	35                              @ Abbrev [35] 0x617:0x10 DW_TAG_variable
	.long	.Ldebug_loc50                   @ DW_AT_location
	.long	.Linfo_string100                @ DW_AT_name
	.byte	2                               @ DW_AT_decl_file
	.short	522                             @ DW_AT_decl_line
	.long	876                             @ DW_AT_type
	.byte	35                              @ Abbrev [35] 0x627:0x10 DW_TAG_variable
	.long	.Ldebug_loc51                   @ DW_AT_location
	.long	.Linfo_string101                @ DW_AT_name
	.byte	2                               @ DW_AT_decl_file
	.short	523                             @ DW_AT_decl_line
	.long	142                             @ DW_AT_type
	.byte	35                              @ Abbrev [35] 0x637:0x10 DW_TAG_variable
	.long	.Ldebug_loc52                   @ DW_AT_location
	.long	.Linfo_string102                @ DW_AT_name
	.byte	2                               @ DW_AT_decl_file
	.short	524                             @ DW_AT_decl_line
	.long	142                             @ DW_AT_type
	.byte	35                              @ Abbrev [35] 0x647:0x10 DW_TAG_variable
	.long	.Ldebug_loc53                   @ DW_AT_location
	.long	.Linfo_string103                @ DW_AT_name
	.byte	2                               @ DW_AT_decl_file
	.short	525                             @ DW_AT_decl_line
	.long	142                             @ DW_AT_type
	.byte	35                              @ Abbrev [35] 0x657:0x10 DW_TAG_variable
	.long	.Ldebug_loc54                   @ DW_AT_location
	.long	.Linfo_string104                @ DW_AT_name
	.byte	2                               @ DW_AT_decl_file
	.short	526                             @ DW_AT_decl_line
	.long	142                             @ DW_AT_type
	.byte	35                              @ Abbrev [35] 0x667:0x10 DW_TAG_variable
	.long	.Ldebug_loc56                   @ DW_AT_location
	.long	.Linfo_string105                @ DW_AT_name
	.byte	2                               @ DW_AT_decl_file
	.short	538                             @ DW_AT_decl_line
	.long	142                             @ DW_AT_type
	.byte	35                              @ Abbrev [35] 0x677:0x10 DW_TAG_variable
	.long	.Ldebug_loc57                   @ DW_AT_location
	.long	.Linfo_string106                @ DW_AT_name
	.byte	2                               @ DW_AT_decl_file
	.short	527                             @ DW_AT_decl_line
	.long	142                             @ DW_AT_type
	.byte	35                              @ Abbrev [35] 0x687:0x10 DW_TAG_variable
	.long	.Ldebug_loc60                   @ DW_AT_location
	.long	.Linfo_string107                @ DW_AT_name
	.byte	2                               @ DW_AT_decl_file
	.short	545                             @ DW_AT_decl_line
	.long	142                             @ DW_AT_type
	.byte	35                              @ Abbrev [35] 0x697:0x10 DW_TAG_variable
	.long	.Ldebug_loc61                   @ DW_AT_location
	.long	.Linfo_string108                @ DW_AT_name
	.byte	2                               @ DW_AT_decl_file
	.short	536                             @ DW_AT_decl_line
	.long	142                             @ DW_AT_type
	.byte	35                              @ Abbrev [35] 0x6a7:0x10 DW_TAG_variable
	.long	.Ldebug_loc62                   @ DW_AT_location
	.long	.Linfo_string109                @ DW_AT_name
	.byte	2                               @ DW_AT_decl_file
	.short	553                             @ DW_AT_decl_line
	.long	142                             @ DW_AT_type
	.byte	35                              @ Abbrev [35] 0x6b7:0x10 DW_TAG_variable
	.long	.Ldebug_loc63                   @ DW_AT_location
	.long	.Linfo_string110                @ DW_AT_name
	.byte	2                               @ DW_AT_decl_file
	.short	555                             @ DW_AT_decl_line
	.long	142                             @ DW_AT_type
	.byte	35                              @ Abbrev [35] 0x6c7:0x10 DW_TAG_variable
	.long	.Ldebug_loc64                   @ DW_AT_location
	.long	.Linfo_string111                @ DW_AT_name
	.byte	2                               @ DW_AT_decl_file
	.short	559                             @ DW_AT_decl_line
	.long	142                             @ DW_AT_type
	.byte	36                              @ Abbrev [36] 0x6d7:0xc DW_TAG_variable
	.long	.Linfo_string112                @ DW_AT_name
	.byte	2                               @ DW_AT_decl_file
	.short	430                             @ DW_AT_decl_line
	.long	142                             @ DW_AT_type
	.byte	36                              @ Abbrev [36] 0x6e3:0xc DW_TAG_variable
	.long	.Linfo_string113                @ DW_AT_name
	.byte	2                               @ DW_AT_decl_file
	.short	430                             @ DW_AT_decl_line
	.long	142                             @ DW_AT_type
	.byte	36                              @ Abbrev [36] 0x6ef:0xc DW_TAG_variable
	.long	.Linfo_string114                @ DW_AT_name
	.byte	2                               @ DW_AT_decl_file
	.short	431                             @ DW_AT_decl_line
	.long	142                             @ DW_AT_type
	.byte	36                              @ Abbrev [36] 0x6fb:0xc DW_TAG_variable
	.long	.Linfo_string115                @ DW_AT_name
	.byte	2                               @ DW_AT_decl_file
	.short	440                             @ DW_AT_decl_line
	.long	142                             @ DW_AT_type
	.byte	36                              @ Abbrev [36] 0x707:0xc DW_TAG_variable
	.long	.Linfo_string116                @ DW_AT_name
	.byte	2                               @ DW_AT_decl_file
	.short	441                             @ DW_AT_decl_line
	.long	142                             @ DW_AT_type
	.byte	37                              @ Abbrev [37] 0x713:0x5e DW_TAG_inlined_subroutine
	.long	1076                            @ DW_AT_abstract_origin
	.long	.Ldebug_ranges1                 @ DW_AT_ranges
	.byte	2                               @ DW_AT_call_file
	.short	431                             @ DW_AT_call_line
	.byte	16                              @ DW_AT_call_column
	.byte	21                              @ Abbrev [21] 0x720:0x9 DW_TAG_formal_parameter
	.long	.Ldebug_loc7                    @ DW_AT_location
	.long	1099                            @ DW_AT_abstract_origin
	.byte	23                              @ Abbrev [23] 0x729:0x9 DW_TAG_variable
	.long	.Ldebug_loc6                    @ DW_AT_location
	.long	1121                            @ DW_AT_abstract_origin
	.byte	23                              @ Abbrev [23] 0x732:0x9 DW_TAG_variable
	.long	.Ldebug_loc9                    @ DW_AT_location
	.long	1132                            @ DW_AT_abstract_origin
	.byte	31                              @ Abbrev [31] 0x73b:0x13 DW_TAG_lexical_block
	.long	.Ltmp84                         @ DW_AT_low_pc
	.long	.Ltmp119-.Ltmp84                @ DW_AT_high_pc
	.byte	23                              @ Abbrev [23] 0x744:0x9 DW_TAG_variable
	.long	.Ldebug_loc5                    @ DW_AT_location
	.long	1144                            @ DW_AT_abstract_origin
	.byte	0                               @ End Of Children Mark
	.byte	31                              @ Abbrev [31] 0x74e:0x22 DW_TAG_lexical_block
	.long	.Ltmp123                        @ DW_AT_low_pc
	.long	.Ltmp161-.Ltmp123               @ DW_AT_high_pc
	.byte	23                              @ Abbrev [23] 0x757:0x9 DW_TAG_variable
	.long	.Ldebug_loc8                    @ DW_AT_location
	.long	1157                            @ DW_AT_abstract_origin
	.byte	22                              @ Abbrev [22] 0x760:0xf DW_TAG_lexical_block
	.long	.Ldebug_ranges2                 @ DW_AT_ranges
	.byte	23                              @ Abbrev [23] 0x765:0x9 DW_TAG_variable
	.long	.Ldebug_loc10                   @ DW_AT_location
	.long	1169                            @ DW_AT_abstract_origin
	.byte	0                               @ End Of Children Mark
	.byte	0                               @ End Of Children Mark
	.byte	0                               @ End Of Children Mark
	.byte	22                              @ Abbrev [22] 0x771:0x34 DW_TAG_lexical_block
	.long	.Ldebug_ranges3                 @ DW_AT_ranges
	.byte	36                              @ Abbrev [36] 0x776:0xc DW_TAG_variable
	.long	.Linfo_string69                 @ DW_AT_name
	.byte	2                               @ DW_AT_decl_file
	.short	443                             @ DW_AT_decl_line
	.long	876                             @ DW_AT_type
	.byte	31                              @ Abbrev [31] 0x782:0x22 DW_TAG_lexical_block
	.long	.Ltmp244                        @ DW_AT_low_pc
	.long	.Ltmp247-.Ltmp244               @ DW_AT_high_pc
	.byte	36                              @ Abbrev [36] 0x78b:0xc DW_TAG_variable
	.long	.Linfo_string117                @ DW_AT_name
	.byte	2                               @ DW_AT_decl_file
	.short	444                             @ DW_AT_decl_line
	.long	142                             @ DW_AT_type
	.byte	36                              @ Abbrev [36] 0x797:0xc DW_TAG_variable
	.long	.Linfo_string118                @ DW_AT_name
	.byte	2                               @ DW_AT_decl_file
	.short	445                             @ DW_AT_decl_line
	.long	142                             @ DW_AT_type
	.byte	0                               @ End Of Children Mark
	.byte	0                               @ End Of Children Mark
	.byte	37                              @ Abbrev [37] 0x7a5:0x55 DW_TAG_inlined_subroutine
	.long	1076                            @ DW_AT_abstract_origin
	.long	.Ldebug_ranges4                 @ DW_AT_ranges
	.byte	2                               @ DW_AT_call_file
	.short	432                             @ DW_AT_call_line
	.byte	16                              @ DW_AT_call_column
	.byte	23                              @ Abbrev [23] 0x7b2:0x9 DW_TAG_variable
	.long	.Ldebug_loc11                   @ DW_AT_location
	.long	1121                            @ DW_AT_abstract_origin
	.byte	23                              @ Abbrev [23] 0x7bb:0x9 DW_TAG_variable
	.long	.Ldebug_loc14                   @ DW_AT_location
	.long	1132                            @ DW_AT_abstract_origin
	.byte	31                              @ Abbrev [31] 0x7c4:0x13 DW_TAG_lexical_block
	.long	.Ltmp162                        @ DW_AT_low_pc
	.long	.Ltmp197-.Ltmp162               @ DW_AT_high_pc
	.byte	23                              @ Abbrev [23] 0x7cd:0x9 DW_TAG_variable
	.long	.Ldebug_loc12                   @ DW_AT_location
	.long	1144                            @ DW_AT_abstract_origin
	.byte	0                               @ End Of Children Mark
	.byte	31                              @ Abbrev [31] 0x7d7:0x22 DW_TAG_lexical_block
	.long	.Ltmp201                        @ DW_AT_low_pc
	.long	.Ltmp239-.Ltmp201               @ DW_AT_high_pc
	.byte	23                              @ Abbrev [23] 0x7e0:0x9 DW_TAG_variable
	.long	.Ldebug_loc13                   @ DW_AT_location
	.long	1157                            @ DW_AT_abstract_origin
	.byte	22                              @ Abbrev [22] 0x7e9:0xf DW_TAG_lexical_block
	.long	.Ldebug_ranges5                 @ DW_AT_ranges
	.byte	23                              @ Abbrev [23] 0x7ee:0x9 DW_TAG_variable
	.long	.Ldebug_loc15                   @ DW_AT_location
	.long	1169                            @ DW_AT_abstract_origin
	.byte	0                               @ End Of Children Mark
	.byte	0                               @ End Of Children Mark
	.byte	0                               @ End Of Children Mark
	.byte	38                              @ Abbrev [38] 0x7fa:0x8e DW_TAG_inlined_subroutine
	.long	1193                            @ DW_AT_abstract_origin
	.long	.Ltmp248                        @ DW_AT_low_pc
	.long	.Ltmp268-.Ltmp248               @ DW_AT_high_pc
	.byte	2                               @ DW_AT_call_file
	.short	458                             @ DW_AT_call_line
	.byte	5                               @ DW_AT_call_column
	.byte	21                              @ Abbrev [21] 0x80b:0x9 DW_TAG_formal_parameter
	.long	.Ldebug_loc18                   @ DW_AT_location
	.long	1201                            @ DW_AT_abstract_origin
	.byte	21                              @ Abbrev [21] 0x814:0x9 DW_TAG_formal_parameter
	.long	.Ldebug_loc20                   @ DW_AT_location
	.long	1212                            @ DW_AT_abstract_origin
	.byte	39                              @ Abbrev [39] 0x81d:0x7 DW_TAG_formal_parameter
	.ascii	"\200\002"                      @ DW_AT_const_value
	.long	1223                            @ DW_AT_abstract_origin
	.byte	21                              @ Abbrev [21] 0x824:0x9 DW_TAG_formal_parameter
	.long	.Ldebug_loc17                   @ DW_AT_location
	.long	1234                            @ DW_AT_abstract_origin
	.byte	30                              @ Abbrev [30] 0x82d:0x5a DW_TAG_inlined_subroutine
	.long	1246                            @ DW_AT_abstract_origin
	.long	.Ltmp251                        @ DW_AT_low_pc
	.long	.Ltmp268-.Ltmp251               @ DW_AT_high_pc
	.byte	2                               @ DW_AT_call_file
	.byte	180                             @ DW_AT_call_line
	.byte	5                               @ DW_AT_call_column
	.byte	40                              @ Abbrev [40] 0x83d:0x7 DW_TAG_formal_parameter
	.byte	1                               @ DW_AT_location
	.byte	84
	.long	1254                            @ DW_AT_abstract_origin
	.byte	40                              @ Abbrev [40] 0x844:0x7 DW_TAG_formal_parameter
	.byte	1                               @ DW_AT_location
	.byte	89
	.long	1265                            @ DW_AT_abstract_origin
	.byte	21                              @ Abbrev [21] 0x84b:0x9 DW_TAG_formal_parameter
	.long	.Ldebug_loc19                   @ DW_AT_location
	.long	1276                            @ DW_AT_abstract_origin
	.byte	39                              @ Abbrev [39] 0x854:0x7 DW_TAG_formal_parameter
	.ascii	"\200\002"                      @ DW_AT_const_value
	.long	1287                            @ DW_AT_abstract_origin
	.byte	31                              @ Abbrev [31] 0x85b:0x2b DW_TAG_lexical_block
	.long	.Ltmp253                        @ DW_AT_low_pc
	.long	.Ltmp268-.Ltmp253               @ DW_AT_high_pc
	.byte	23                              @ Abbrev [23] 0x864:0x9 DW_TAG_variable
	.long	.Ldebug_loc21                   @ DW_AT_location
	.long	1299                            @ DW_AT_abstract_origin
	.byte	22                              @ Abbrev [22] 0x86d:0x18 DW_TAG_lexical_block
	.long	.Ldebug_ranges6                 @ DW_AT_ranges
	.byte	23                              @ Abbrev [23] 0x872:0x9 DW_TAG_variable
	.long	.Ldebug_loc22                   @ DW_AT_location
	.long	1311                            @ DW_AT_abstract_origin
	.byte	23                              @ Abbrev [23] 0x87b:0x9 DW_TAG_variable
	.long	.Ldebug_loc23                   @ DW_AT_location
	.long	1322                            @ DW_AT_abstract_origin
	.byte	0                               @ End Of Children Mark
	.byte	0                               @ End Of Children Mark
	.byte	0                               @ End Of Children Mark
	.byte	0                               @ End Of Children Mark
	.byte	38                              @ Abbrev [38] 0x888:0x8e DW_TAG_inlined_subroutine
	.long	1193                            @ DW_AT_abstract_origin
	.long	.Ltmp268                        @ DW_AT_low_pc
	.long	.Ltmp288-.Ltmp268               @ DW_AT_high_pc
	.byte	2                               @ DW_AT_call_file
	.short	459                             @ DW_AT_call_line
	.byte	5                               @ DW_AT_call_column
	.byte	21                              @ Abbrev [21] 0x899:0x9 DW_TAG_formal_parameter
	.long	.Ldebug_loc25                   @ DW_AT_location
	.long	1201                            @ DW_AT_abstract_origin
	.byte	21                              @ Abbrev [21] 0x8a2:0x9 DW_TAG_formal_parameter
	.long	.Ldebug_loc27                   @ DW_AT_location
	.long	1212                            @ DW_AT_abstract_origin
	.byte	39                              @ Abbrev [39] 0x8ab:0x7 DW_TAG_formal_parameter
	.ascii	"\200\002"                      @ DW_AT_const_value
	.long	1223                            @ DW_AT_abstract_origin
	.byte	21                              @ Abbrev [21] 0x8b2:0x9 DW_TAG_formal_parameter
	.long	.Ldebug_loc24                   @ DW_AT_location
	.long	1234                            @ DW_AT_abstract_origin
	.byte	30                              @ Abbrev [30] 0x8bb:0x5a DW_TAG_inlined_subroutine
	.long	1246                            @ DW_AT_abstract_origin
	.long	.Ltmp271                        @ DW_AT_low_pc
	.long	.Ltmp288-.Ltmp271               @ DW_AT_high_pc
	.byte	2                               @ DW_AT_call_file
	.byte	180                             @ DW_AT_call_line
	.byte	5                               @ DW_AT_call_column
	.byte	40                              @ Abbrev [40] 0x8cb:0x7 DW_TAG_formal_parameter
	.byte	1                               @ DW_AT_location
	.byte	84
	.long	1254                            @ DW_AT_abstract_origin
	.byte	40                              @ Abbrev [40] 0x8d2:0x7 DW_TAG_formal_parameter
	.byte	1                               @ DW_AT_location
	.byte	91
	.long	1265                            @ DW_AT_abstract_origin
	.byte	21                              @ Abbrev [21] 0x8d9:0x9 DW_TAG_formal_parameter
	.long	.Ldebug_loc26                   @ DW_AT_location
	.long	1276                            @ DW_AT_abstract_origin
	.byte	39                              @ Abbrev [39] 0x8e2:0x7 DW_TAG_formal_parameter
	.ascii	"\200\002"                      @ DW_AT_const_value
	.long	1287                            @ DW_AT_abstract_origin
	.byte	31                              @ Abbrev [31] 0x8e9:0x2b DW_TAG_lexical_block
	.long	.Ltmp273                        @ DW_AT_low_pc
	.long	.Ltmp288-.Ltmp273               @ DW_AT_high_pc
	.byte	23                              @ Abbrev [23] 0x8f2:0x9 DW_TAG_variable
	.long	.Ldebug_loc28                   @ DW_AT_location
	.long	1299                            @ DW_AT_abstract_origin
	.byte	22                              @ Abbrev [22] 0x8fb:0x18 DW_TAG_lexical_block
	.long	.Ldebug_ranges7                 @ DW_AT_ranges
	.byte	23                              @ Abbrev [23] 0x900:0x9 DW_TAG_variable
	.long	.Ldebug_loc29                   @ DW_AT_location
	.long	1311                            @ DW_AT_abstract_origin
	.byte	23                              @ Abbrev [23] 0x909:0x9 DW_TAG_variable
	.long	.Ldebug_loc30                   @ DW_AT_location
	.long	1322                            @ DW_AT_abstract_origin
	.byte	0                               @ End Of Children Mark
	.byte	0                               @ End Of Children Mark
	.byte	0                               @ End Of Children Mark
	.byte	0                               @ End Of Children Mark
	.byte	31                              @ Abbrev [31] 0x916:0x70 DW_TAG_lexical_block
	.long	.Ltmp289                        @ DW_AT_low_pc
	.long	.Ltmp316-.Ltmp289               @ DW_AT_high_pc
	.byte	35                              @ Abbrev [35] 0x91f:0x10 DW_TAG_variable
	.long	.Ldebug_loc31                   @ DW_AT_location
	.long	.Linfo_string79                 @ DW_AT_name
	.byte	2                               @ DW_AT_decl_file
	.short	468                             @ DW_AT_decl_line
	.long	876                             @ DW_AT_type
	.byte	22                              @ Abbrev [22] 0x92f:0x56 DW_TAG_lexical_block
	.long	.Ldebug_ranges8                 @ DW_AT_ranges
	.byte	35                              @ Abbrev [35] 0x934:0x10 DW_TAG_variable
	.long	.Ldebug_loc32                   @ DW_AT_location
	.long	.Linfo_string73                 @ DW_AT_name
	.byte	2                               @ DW_AT_decl_file
	.short	486                             @ DW_AT_decl_line
	.long	142                             @ DW_AT_type
	.byte	35                              @ Abbrev [35] 0x944:0x10 DW_TAG_variable
	.long	.Ldebug_loc33                   @ DW_AT_location
	.long	.Linfo_string72                 @ DW_AT_name
	.byte	2                               @ DW_AT_decl_file
	.short	483                             @ DW_AT_decl_line
	.long	142                             @ DW_AT_type
	.byte	35                              @ Abbrev [35] 0x954:0x10 DW_TAG_variable
	.long	.Ldebug_loc34                   @ DW_AT_location
	.long	.Linfo_string91                 @ DW_AT_name
	.byte	2                               @ DW_AT_decl_file
	.short	489                             @ DW_AT_decl_line
	.long	142                             @ DW_AT_type
	.byte	35                              @ Abbrev [35] 0x964:0x10 DW_TAG_variable
	.long	.Ldebug_loc35                   @ DW_AT_location
	.long	.Linfo_string92                 @ DW_AT_name
	.byte	2                               @ DW_AT_decl_file
	.short	491                             @ DW_AT_decl_line
	.long	142                             @ DW_AT_type
	.byte	35                              @ Abbrev [35] 0x974:0x10 DW_TAG_variable
	.long	.Ldebug_loc36                   @ DW_AT_location
	.long	.Linfo_string93                 @ DW_AT_name
	.byte	2                               @ DW_AT_decl_file
	.short	492                             @ DW_AT_decl_line
	.long	142                             @ DW_AT_type
	.byte	0                               @ End Of Children Mark
	.byte	0                               @ End Of Children Mark
	.byte	38                              @ Abbrev [38] 0x986:0x78 DW_TAG_inlined_subroutine
	.long	1402                            @ DW_AT_abstract_origin
	.long	.Ltmp316                        @ DW_AT_low_pc
	.long	.Ltmp326-.Ltmp316               @ DW_AT_high_pc
	.byte	2                               @ DW_AT_call_file
	.short	503                             @ DW_AT_call_line
	.byte	5                               @ DW_AT_call_column
	.byte	40                              @ Abbrev [40] 0x997:0x7 DW_TAG_formal_parameter
	.byte	1                               @ DW_AT_location
	.byte	89
	.long	1410                            @ DW_AT_abstract_origin
	.byte	21                              @ Abbrev [21] 0x99e:0x9 DW_TAG_formal_parameter
	.long	.Ldebug_loc40                   @ DW_AT_location
	.long	1421                            @ DW_AT_abstract_origin
	.byte	39                              @ Abbrev [39] 0x9a7:0x7 DW_TAG_formal_parameter
	.ascii	"\200\002"                      @ DW_AT_const_value
	.long	1432                            @ DW_AT_abstract_origin
	.byte	41                              @ Abbrev [41] 0x9ae:0x3c DW_TAG_inlined_subroutine
	.long	1336                            @ DW_AT_abstract_origin
	.long	.Ldebug_ranges9                 @ DW_AT_ranges
	.byte	2                               @ DW_AT_call_file
	.byte	186                             @ DW_AT_call_line
	.byte	5                               @ DW_AT_call_column
	.byte	40                              @ Abbrev [40] 0x9ba:0x7 DW_TAG_formal_parameter
	.byte	1                               @ DW_AT_location
	.byte	89
	.long	1344                            @ DW_AT_abstract_origin
	.byte	21                              @ Abbrev [21] 0x9c1:0x9 DW_TAG_formal_parameter
	.long	.Ldebug_loc39                   @ DW_AT_location
	.long	1355                            @ DW_AT_abstract_origin
	.byte	21                              @ Abbrev [21] 0x9ca:0x9 DW_TAG_formal_parameter
	.long	.Ldebug_loc38                   @ DW_AT_location
	.long	1366                            @ DW_AT_abstract_origin
	.byte	39                              @ Abbrev [39] 0x9d3:0x7 DW_TAG_formal_parameter
	.ascii	"\200\002"                      @ DW_AT_const_value
	.long	1377                            @ DW_AT_abstract_origin
	.byte	22                              @ Abbrev [22] 0x9da:0xf DW_TAG_lexical_block
	.long	.Ldebug_ranges10                @ DW_AT_ranges
	.byte	23                              @ Abbrev [23] 0x9df:0x9 DW_TAG_variable
	.long	.Ldebug_loc37                   @ DW_AT_location
	.long	1389                            @ DW_AT_abstract_origin
	.byte	0                               @ End Of Children Mark
	.byte	0                               @ End Of Children Mark
	.byte	31                              @ Abbrev [31] 0x9ea:0x13 DW_TAG_lexical_block
	.long	.Ltmp324                        @ DW_AT_low_pc
	.long	.Ltmp326-.Ltmp324               @ DW_AT_high_pc
	.byte	23                              @ Abbrev [23] 0x9f3:0x9 DW_TAG_variable
	.long	.Ldebug_loc41                   @ DW_AT_location
	.long	1444                            @ DW_AT_abstract_origin
	.byte	0                               @ End Of Children Mark
	.byte	0                               @ End Of Children Mark
	.byte	31                              @ Abbrev [31] 0x9fe:0x1a DW_TAG_lexical_block
	.long	.Ltmp326                        @ DW_AT_low_pc
	.long	.Ltmp328-.Ltmp326               @ DW_AT_high_pc
	.byte	35                              @ Abbrev [35] 0xa07:0x10 DW_TAG_variable
	.long	.Ldebug_loc42                   @ DW_AT_location
	.long	.Linfo_string69                 @ DW_AT_name
	.byte	2                               @ DW_AT_decl_file
	.short	505                             @ DW_AT_decl_line
	.long	876                             @ DW_AT_type
	.byte	0                               @ End Of Children Mark
	.byte	31                              @ Abbrev [31] 0xa18:0x40 DW_TAG_lexical_block
	.long	.Ltmp329                        @ DW_AT_low_pc
	.long	.Ltmp349-.Ltmp329               @ DW_AT_high_pc
	.byte	35                              @ Abbrev [35] 0xa21:0x10 DW_TAG_variable
	.long	.Ldebug_loc45                   @ DW_AT_location
	.long	.Linfo_string62                 @ DW_AT_name
	.byte	2                               @ DW_AT_decl_file
	.short	512                             @ DW_AT_decl_line
	.long	876                             @ DW_AT_type
	.byte	22                              @ Abbrev [22] 0xa31:0x26 DW_TAG_lexical_block
	.long	.Ldebug_ranges11                @ DW_AT_ranges
	.byte	35                              @ Abbrev [35] 0xa36:0x10 DW_TAG_variable
	.long	.Ldebug_loc46                   @ DW_AT_location
	.long	.Linfo_string96                 @ DW_AT_name
	.byte	2                               @ DW_AT_decl_file
	.short	513                             @ DW_AT_decl_line
	.long	876                             @ DW_AT_type
	.byte	35                              @ Abbrev [35] 0xa46:0x10 DW_TAG_variable
	.long	.Ldebug_loc47                   @ DW_AT_location
	.long	.Linfo_string97                 @ DW_AT_name
	.byte	2                               @ DW_AT_decl_file
	.short	514                             @ DW_AT_decl_line
	.long	142                             @ DW_AT_type
	.byte	0                               @ End Of Children Mark
	.byte	0                               @ End Of Children Mark
	.byte	22                              @ Abbrev [22] 0xa58:0x40 DW_TAG_lexical_block
	.long	.Ldebug_ranges12                @ DW_AT_ranges
	.byte	35                              @ Abbrev [35] 0xa5d:0x10 DW_TAG_variable
	.long	.Ldebug_loc55                   @ DW_AT_location
	.long	.Linfo_string62                 @ DW_AT_name
	.byte	2                               @ DW_AT_decl_file
	.short	539                             @ DW_AT_decl_line
	.long	876                             @ DW_AT_type
	.byte	31                              @ Abbrev [31] 0xa6d:0x2a DW_TAG_lexical_block
	.long	.Ltmp370                        @ DW_AT_low_pc
	.long	.Ltmp377-.Ltmp370               @ DW_AT_high_pc
	.byte	35                              @ Abbrev [35] 0xa76:0x10 DW_TAG_variable
	.long	.Ldebug_loc58                   @ DW_AT_location
	.long	.Linfo_string96                 @ DW_AT_name
	.byte	2                               @ DW_AT_decl_file
	.short	541                             @ DW_AT_decl_line
	.long	876                             @ DW_AT_type
	.byte	35                              @ Abbrev [35] 0xa86:0x10 DW_TAG_variable
	.long	.Ldebug_loc59                   @ DW_AT_location
	.long	.Linfo_string97                 @ DW_AT_name
	.byte	2                               @ DW_AT_decl_file
	.short	542                             @ DW_AT_decl_line
	.long	142                             @ DW_AT_type
	.byte	0                               @ End Of Children Mark
	.byte	0                               @ End Of Children Mark
	.byte	0                               @ End Of Children Mark
	.byte	13                              @ Abbrev [13] 0xa99:0xc DW_TAG_typedef
	.long	811                             @ DW_AT_type
	.long	.Linfo_string89                 @ DW_AT_name
	.byte	4                               @ DW_AT_decl_file
	.short	598                             @ DW_AT_decl_line
	.byte	0                               @ End Of Children Mark
.Ldebug_info_end0:
	.section	.debug_ranges,"",%progbits
.Ldebug_ranges0:
	.long	.Lfunc_begin0
	.long	.Ltmp0
	.long	.Ltmp3
	.long	.Ltmp33
	.long	0
	.long	0
.Ldebug_ranges1:
	.long	.Ltmp84
	.long	.Ltmp122
	.long	.Ltmp123
	.long	.Ltmp161
	.long	.Ltmp239
	.long	.Ltmp241
	.long	0
	.long	0
.Ldebug_ranges2:
	.long	.Ltmp123
	.long	.Ltmp124
	.long	.Ltmp125
	.long	.Ltmp160
	.long	0
	.long	0
.Ldebug_ranges3:
	.long	.Ltmp122
	.long	.Ltmp123
	.long	.Ltmp200
	.long	.Ltmp201
	.long	.Ltmp244
	.long	.Ltmp248
	.long	0
	.long	0
.Ldebug_ranges4:
	.long	.Ltmp162
	.long	.Ltmp200
	.long	.Ltmp201
	.long	.Ltmp239
	.long	0
	.long	0
.Ldebug_ranges5:
	.long	.Ltmp201
	.long	.Ltmp202
	.long	.Ltmp203
	.long	.Ltmp238
	.long	0
	.long	0
.Ldebug_ranges6:
	.long	.Ltmp253
	.long	.Ltmp259
	.long	.Ltmp260
	.long	.Ltmp261
	.long	.Ltmp262
	.long	.Ltmp268
	.long	0
	.long	0
.Ldebug_ranges7:
	.long	.Ltmp273
	.long	.Ltmp279
	.long	.Ltmp280
	.long	.Ltmp281
	.long	.Ltmp282
	.long	.Ltmp288
	.long	0
	.long	0
.Ldebug_ranges8:
	.long	.Ltmp289
	.long	.Ltmp303
	.long	.Ltmp305
	.long	.Ltmp306
	.long	.Ltmp308
	.long	.Ltmp316
	.long	0
	.long	0
.Ldebug_ranges9:
	.long	.Ltmp316
	.long	.Ltmp321
	.long	.Ltmp322
	.long	.Ltmp323
	.long	0
	.long	0
.Ldebug_ranges10:
	.long	.Ltmp318
	.long	.Ltmp321
	.long	.Ltmp322
	.long	.Ltmp323
	.long	0
	.long	0
.Ldebug_ranges11:
	.long	.Ltmp329
	.long	.Ltmp341
	.long	.Ltmp342
	.long	.Ltmp343
	.long	.Ltmp345
	.long	.Ltmp349
	.long	0
	.long	0
.Ldebug_ranges12:
	.long	.Ltmp361
	.long	.Ltmp362
	.long	.Ltmp363
	.long	.Ltmp364
	.long	.Ltmp368
	.long	.Ltmp377
	.long	0
	.long	0
.Ldebug_ranges13:
	.long	.Lfunc_begin0
	.long	.Lfunc_end0
	.long	.Lfunc_begin1
	.long	.Lfunc_end1
	.long	.Lfunc_begin2
	.long	.Lfunc_end2
	.long	0
	.long	0
	.section	.debug_str,"MS",%progbits,1
.Linfo_string0:
	.asciz	"Component: Arm Compiler for Embedded 6.21 Tool: armclang [5ec1fd00]" @ string offset=0
.Linfo_string1:
	.asciz	"DoA.c"                         @ string offset=68
.Linfo_string2:
	.asciz	"C:\\Final_Code_Capstone\\Nuvoton_EchoTrack\\en-us--M55M1_Series_BSP_CMSIS_V3.01.003\\SampleCode\\NuEdgeWise\\PoseLandmark_YOLOv8n\\KEIL" @ string offset=74
.Linfo_string3:
	.asciz	"angle_calc_amount"             @ string offset=203
.Linfo_string4:
	.asciz	"unsigned int"                  @ string offset=221
.Linfo_string5:
	.asciz	"uint32_t"                      @ string offset=234
.Linfo_string6:
	.asciz	"speech_detected"               @ string offset=243
.Linfo_string7:
	.asciz	"unsigned char"                 @ string offset=259
.Linfo_string8:
	.asciz	"uint8_t"                       @ string offset=273
.Linfo_string9:
	.asciz	"mic_spacing"                   @ string offset=281
.Linfo_string10:
	.asciz	"float"                         @ string offset=293
.Linfo_string11:
	.asciz	"__ARRAY_SIZE_TYPE__"           @ string offset=299
.Linfo_string12:
	.asciz	"char"                          @ string offset=319
.Linfo_string13:
	.asciz	"left_buffer"                   @ string offset=324
.Linfo_string14:
	.asciz	"right_buffer"                  @ string offset=336
.Linfo_string15:
	.asciz	"cross_corr"                    @ string offset=349
.Linfo_string16:
	.asciz	"fft_left_real"                 @ string offset=360
.Linfo_string17:
	.asciz	"fft_left_imag"                 @ string offset=374
.Linfo_string18:
	.asciz	"fft_right_real"                @ string offset=388
.Linfo_string19:
	.asciz	"fft_right_imag"                @ string offset=403
.Linfo_string20:
	.asciz	"hann_window"                   @ string offset=418
.Linfo_string21:
	.asciz	"mic_spacing_tdoa"              @ string offset=430
.Linfo_string22:
	.asciz	"mic_buffer1"                   @ string offset=447
.Linfo_string23:
	.asciz	"mic_buffer2"                   @ string offset=459
.Linfo_string24:
	.asciz	"mic_buffer3"                   @ string offset=471
.Linfo_string25:
	.asciz	"mic_buffer4"                   @ string offset=483
.Linfo_string26:
	.asciz	"g_rfft"                        @ string offset=495
.Linfo_string27:
	.asciz	"Sint"                          @ string offset=502
.Linfo_string28:
	.asciz	"fftLen"                        @ string offset=507
.Linfo_string29:
	.asciz	"unsigned short"                @ string offset=514
.Linfo_string30:
	.asciz	"uint16_t"                      @ string offset=529
.Linfo_string31:
	.asciz	"pTwiddle"                      @ string offset=538
.Linfo_string32:
	.asciz	"float32_t"                     @ string offset=547
.Linfo_string33:
	.asciz	"pBitRevTable"                  @ string offset=557
.Linfo_string34:
	.asciz	"bitRevLength"                  @ string offset=570
.Linfo_string35:
	.asciz	"rearranged_twiddle_tab_stride1_arr" @ string offset=583
.Linfo_string36:
	.asciz	"rearranged_twiddle_tab_stride2_arr" @ string offset=618
.Linfo_string37:
	.asciz	"rearranged_twiddle_tab_stride3_arr" @ string offset=653
.Linfo_string38:
	.asciz	"rearranged_twiddle_stride1"    @ string offset=688
.Linfo_string39:
	.asciz	"rearranged_twiddle_stride2"    @ string offset=715
.Linfo_string40:
	.asciz	"rearranged_twiddle_stride3"    @ string offset=742
.Linfo_string41:
	.asciz	"arm_cfft_instance_f32"         @ string offset=769
.Linfo_string42:
	.asciz	"fftLenRFFT"                    @ string offset=791
.Linfo_string43:
	.asciz	"pTwiddleRFFT"                  @ string offset=802
.Linfo_string44:
	.asciz	"arm_rfft_fast_instance_f32"    @ string offset=815
.Linfo_string45:
	.asciz	"specL_packed"                  @ string offset=842
.Linfo_string46:
	.asciz	"specR_packed"                  @ string offset=855
.Linfo_string47:
	.asciz	"cpsd_packed"                   @ string offset=868
.Linfo_string48:
	.asciz	"ifft_time_tmp"                 @ string offset=880
.Linfo_string49:
	.asciz	"signed char"                   @ string offset=894
.Linfo_string50:
	.asciz	"ARM_MATH_SUCCESS"              @ string offset=906
.Linfo_string51:
	.asciz	"ARM_MATH_ARGUMENT_ERROR"       @ string offset=923
.Linfo_string52:
	.asciz	"ARM_MATH_LENGTH_ERROR"         @ string offset=947
.Linfo_string53:
	.asciz	"ARM_MATH_SIZE_MISMATCH"        @ string offset=969
.Linfo_string54:
	.asciz	"ARM_MATH_NANINF"               @ string offset=992
.Linfo_string55:
	.asciz	"ARM_MATH_SINGULAR"             @ string offset=1008
.Linfo_string56:
	.asciz	"ARM_MATH_TEST_FAILURE"         @ string offset=1026
.Linfo_string57:
	.asciz	"ARM_MATH_DECOMPOSITION_FAILURE" @ string offset=1048
.Linfo_string58:
	.asciz	"int"                           @ string offset=1079
.Linfo_string59:
	.asciz	"init_hann_window"              @ string offset=1083
.Linfo_string60:
	.asciz	"window"                        @ string offset=1100
.Linfo_string61:
	.asciz	"size"                          @ string offset=1107
.Linfo_string62:
	.asciz	"n"                             @ string offset=1112
.Linfo_string63:
	.asciz	"frame_energy_mean_square"      @ string offset=1114
.Linfo_string64:
	.asciz	"x"                             @ string offset=1139
.Linfo_string65:
	.asciz	"N"                             @ string offset=1141
.Linfo_string66:
	.asciz	"mean_out"                      @ string offset=1143
.Linfo_string67:
	.asciz	"mean"                          @ string offset=1152
.Linfo_string68:
	.asciz	"e"                             @ string offset=1157
.Linfo_string69:
	.asciz	"i"                             @ string offset=1159
.Linfo_string70:
	.asciz	"v"                             @ string offset=1161
.Linfo_string71:
	.asciz	"fft_rfft_full"                 @ string offset=1163
.Linfo_string72:
	.asciz	"real"                          @ string offset=1177
.Linfo_string73:
	.asciz	"imag"                          @ string offset=1182
.Linfo_string74:
	.asciz	"packed_out"                    @ string offset=1187
.Linfo_string75:
	.asciz	"unpack_rfft_packed_to_full"    @ string offset=1198
.Linfo_string76:
	.asciz	"packed"                        @ string offset=1225
.Linfo_string77:
	.asciz	"outRe"                         @ string offset=1232
.Linfo_string78:
	.asciz	"outIm"                         @ string offset=1238
.Linfo_string79:
	.asciz	"k"                             @ string offset=1244
.Linfo_string80:
	.asciz	"re"                            @ string offset=1246
.Linfo_string81:
	.asciz	"im"                            @ string offset=1249
.Linfo_string82:
	.asciz	"pack_full_to_rfft_packed"      @ string offset=1252
.Linfo_string83:
	.asciz	"inRe"                          @ string offset=1277
.Linfo_string84:
	.asciz	"inIm"                          @ string offset=1282
.Linfo_string85:
	.asciz	"ifft_irfft_full"               @ string offset=1287
.Linfo_string86:
	.asciz	"doa_init"                      @ string offset=1303
.Linfo_string87:
	.asciz	"doa_process_one_frame"         @ string offset=1312
.Linfo_string88:
	.asciz	"st"                            @ string offset=1334
.Linfo_string89:
	.asciz	"arm_status"                    @ string offset=1337
.Linfo_string90:
	.asciz	"ER"                            @ string offset=1348
.Linfo_string91:
	.asciz	"mag"                           @ string offset=1351
.Linfo_string92:
	.asciz	"reN"                           @ string offset=1355
.Linfo_string93:
	.asciz	"imN"                           @ string offset=1359
.Linfo_string94:
	.asciz	"best_n"                        @ string offset=1363
.Linfo_string95:
	.asciz	"max_val"                       @ string offset=1370
.Linfo_string96:
	.asciz	"idx"                           @ string offset=1378
.Linfo_string97:
	.asciz	"val"                           @ string offset=1382
.Linfo_string98:
	.asciz	"i0"                            @ string offset=1386
.Linfo_string99:
	.asciz	"i1"                            @ string offset=1389
.Linfo_string100:
	.asciz	"i2"                            @ string offset=1392
.Linfo_string101:
	.asciz	"y0"                            @ string offset=1395
.Linfo_string102:
	.asciz	"y1"                            @ string offset=1398
.Linfo_string103:
	.asciz	"y2"                            @ string offset=1401
.Linfo_string104:
	.asciz	"denom"                         @ string offset=1404
.Linfo_string105:
	.asciz	"second_max"                    @ string offset=1410
.Linfo_string106:
	.asciz	"frac"                          @ string offset=1421
.Linfo_string107:
	.asciz	"peak_ratio"                    @ string offset=1426
.Linfo_string108:
	.asciz	"best_n_f"                      @ string offset=1437
.Linfo_string109:
	.asciz	"delta_t"                       @ string offset=1446
.Linfo_string110:
	.asciz	"ratio"                         @ string offset=1454
.Linfo_string111:
	.asciz	"angle"                         @ string offset=1460
.Linfo_string112:
	.asciz	"meanL0"                        @ string offset=1466
.Linfo_string113:
	.asciz	"meanR0"                        @ string offset=1473
.Linfo_string114:
	.asciz	"EL"                            @ string offset=1480
.Linfo_string115:
	.asciz	"meanL"                         @ string offset=1483
.Linfo_string116:
	.asciz	"meanR"                         @ string offset=1489
.Linfo_string117:
	.asciz	"l"                             @ string offset=1495
.Linfo_string118:
	.asciz	"r"                             @ string offset=1497
	.ident	"Component: Arm Compiler for Embedded 6.21 Tool: armclang [5ec1fd00]"
	.section	".note.GNU-stack","",%progbits
	.eabi_attribute	30, 1	@ Tag_ABI_optimization_goals
	.ARM_attribute	16, 1	@ Tag_AV_eba
	.section	.debug_line,"",%progbits
.Lline_table_start0:
