	.text
	.syntax unified
	.eabi_attribute	67, "2.09"	@ Tag_conformance
	.cpu	cortex-m55
	.eabi_attribute	6, 21	@ Tag_CPU_arch
	.eabi_attribute	7, 77	@ Tag_CPU_arch_profile
	.eabi_attribute	8, 0	@ Tag_ARM_ISA_use
	.eabi_attribute	9, 3	@ Tag_THUMB_ISA_use
	.fpu	fpv5-d16
	.eabi_attribute	36, 1	@ Tag_FP_HP_extension
	.eabi_attribute	48, 2	@ Tag_MVE_arch
	.eabi_attribute	46, 1	@ Tag_DSP_extension
	.eabi_attribute	34, 1	@ Tag_CPU_unaligned_access
	.eabi_attribute	17, 1	@ Tag_ABI_PCS_GOT_use
	.eabi_attribute	20, 2	@ Tag_ABI_FP_denormal
	.eabi_attribute	21, 0	@ Tag_ABI_FP_exceptions
	.eabi_attribute	23, 1	@ Tag_ABI_FP_number_model
	.eabi_attribute	24, 1	@ Tag_ABI_align_needed
	.eabi_attribute	25, 1	@ Tag_ABI_align_preserved
	.eabi_attribute	28, 1	@ Tag_ABI_VFP_args
	.eabi_attribute	38, 1	@ Tag_ABI_FP_16bit_format
	.eabi_attribute	18, 2	@ Tag_ABI_PCS_wchar_t
	.eabi_attribute	26, 1	@ Tag_ABI_enum_size
	.eabi_attribute	14, 0	@ Tag_ABI_PCS_R9_use
	.file	"epwm.c"
	.file	1 "C:\\Keil_v5\\ARM\\ARMCLANG\\Bin\\..\\include" "stdint.h"
	.file	2 "C:\\Users\\rohankoshy\\Downloads\\en-us--M55M1_Series_BSP_CMSIS_V3.01.003\\SampleCode\\NuEdgeWise\\PoseLandmark_YOLOv8n\\KEIL" "../../../../Library/Device/Nuvoton/M55M1/Include/epwm_reg.h"
	.file	3 "C:\\Users\\rohankoshy\\Downloads\\en-us--M55M1_Series_BSP_CMSIS_V3.01.003\\SampleCode\\NuEdgeWise\\PoseLandmark_YOLOv8n\\KEIL" "../../../../Library/Device/Nuvoton/M55M1/Include/clk_reg.h"
	.file	4 "C:\\Users\\rohankoshy\\Downloads\\en-us--M55M1_Series_BSP_CMSIS_V3.01.003\\SampleCode\\NuEdgeWise\\PoseLandmark_YOLOv8n\\KEIL" "../../../../Library/Device/Nuvoton/M55M1/Include/ccap_reg.h"
	.section	.text.EPWM_ConfigCaptureChannel,"ax",%progbits
	.hidden	EPWM_ConfigCaptureChannel       @ -- Begin function EPWM_ConfigCaptureChannel
	.globl	EPWM_ConfigCaptureChannel
	.p2align	2
	.type	EPWM_ConfigCaptureChannel,%function
	.code	16                              @ @EPWM_ConfigCaptureChannel
	.thumb_func
EPWM_ConfigCaptureChannel:
.Lfunc_begin0:
	.file	5 "C:\\Users\\rohankoshy\\Downloads\\en-us--M55M1_Series_BSP_CMSIS_V3.01.003\\SampleCode\\NuEdgeWise\\PoseLandmark_YOLOv8n\\KEIL" "../../../../Library/StdDriver/src/epwm.c"
	.loc	5 36 0                          @ ../../../../Library/StdDriver/src/epwm.c:36:0
	.fnstart
	.cfi_sections .debug_frame
	.cfi_startproc
@ %bb.0:
	@DEBUG_VALUE: EPWM_ConfigCaptureChannel:epwm <- $r0
	@DEBUG_VALUE: EPWM_ConfigCaptureChannel:u32ChannelNum <- $r1
	@DEBUG_VALUE: EPWM_ConfigCaptureChannel:u32UnitTimeNsec <- $r2
	@DEBUG_VALUE: EPWM_ConfigCaptureChannel:u32CaptureEdge <- $r3
	.save	{r4, r5, r6, r7, r8, r9, r10, lr}
	push.w	{r4, r5, r6, r7, r8, r9, r10, lr}
	.cfi_def_cfa_offset 32
	.cfi_offset lr, -4
	.cfi_offset r10, -8
	.cfi_offset r9, -12
	.cfi_offset r8, -16
	.cfi_offset r7, -20
	.cfi_offset r6, -24
	.cfi_offset r5, -28
	.cfi_offset r4, -32
	mov	r9, r0
.Ltmp0:
	@DEBUG_VALUE: EPWM_ConfigCaptureChannel:epwm <- $r9
	@DEBUG_VALUE: EPWM_ConfigCaptureChannel:u16CNR <- 65535
	@DEBUG_VALUE: EPWM_ConfigCaptureChannel:u16Prescale <- 1
	@DEBUG_VALUE: EPWM_ConfigCaptureChannel:epwm <- $r9
	movw	r0, #5148
	mov	r10, r2
.Ltmp1:
	@DEBUG_VALUE: EPWM_ConfigCaptureChannel:u32UnitTimeNsec <- $r10
	@DEBUG_VALUE: EPWM_ConfigCaptureChannel:u32UnitTimeNsec <- $r10
	movt	r0, #16384
	movw	r2, #8192
.Ltmp2:
	.loc	5 0 0 is_stmt 0                 @ ../../../../Library/StdDriver/src/epwm.c:0:0
	ldr	r0, [r0]
	movt	r2, #16420
	mov	r8, r1
.Ltmp3:
	@DEBUG_VALUE: EPWM_ConfigCaptureChannel:u32ChannelNum <- $r8
	@DEBUG_VALUE: EPWM_ConfigCaptureChannel:u32ChannelNum <- $r8
	.loc	5 44 9 prologue_end is_stmt 1   @ ../../../../Library/StdDriver/src/epwm.c:44:9
	cmp	r9, r2
	beq	.LBB0_2
.Ltmp4:
@ %bb.1:
	@DEBUG_VALUE: EPWM_ConfigCaptureChannel:u32ChannelNum <- $r8
	@DEBUG_VALUE: EPWM_ConfigCaptureChannel:u32UnitTimeNsec <- $r10
	@DEBUG_VALUE: EPWM_ConfigCaptureChannel:u16Prescale <- 1
	@DEBUG_VALUE: EPWM_ConfigCaptureChannel:u16CNR <- 65535
	@DEBUG_VALUE: EPWM_ConfigCaptureChannel:epwm <- $r9
	@DEBUG_VALUE: EPWM_ConfigCaptureChannel:u32CaptureEdge <- $r3
	@DEBUG_VALUE: EPWM_ConfigCaptureChannel:u32Src <- undef
	.loc	5 61 9                          @ ../../../../Library/StdDriver/src/epwm.c:61:9
	bl	SystemCoreClockUpdate
.Ltmp5:
	@DEBUG_VALUE: EPWM_ConfigCaptureChannel:u32CaptureEdge <- [DW_OP_LLVM_entry_value 1] $r3
	.loc	5 69 31                         @ ../../../../Library/StdDriver/src/epwm.c:69:31
	bl	CLK_GetPCLK2Freq
.Ltmp6:
	@DEBUG_VALUE: EPWM_ConfigCaptureChannel:u32EPWMClockSrc <- $r0
	.loc	5 0 31 is_stmt 0                @ ../../../../Library/StdDriver/src/epwm.c:0:31
	b	.LBB0_5
.Ltmp7:
.LBB0_2:
	@DEBUG_VALUE: EPWM_ConfigCaptureChannel:u32ChannelNum <- $r8
	@DEBUG_VALUE: EPWM_ConfigCaptureChannel:u32UnitTimeNsec <- $r10
	@DEBUG_VALUE: EPWM_ConfigCaptureChannel:u16Prescale <- 1
	@DEBUG_VALUE: EPWM_ConfigCaptureChannel:u16CNR <- 65535
	@DEBUG_VALUE: EPWM_ConfigCaptureChannel:epwm <- $r9
	@DEBUG_VALUE: EPWM_ConfigCaptureChannel:u32CaptureEdge <- $r3
	@DEBUG_VALUE: EPWM_ConfigCaptureChannel:u32Src <- undef
	.loc	5 53 9 is_stmt 1                @ ../../../../Library/StdDriver/src/epwm.c:53:9
	lsls	r0, r0, #31
.Ltmp8:
	@DEBUG_VALUE: EPWM_ConfigCaptureChannel:u32Src <- $r0
	bne	.LBB0_4
.Ltmp9:
@ %bb.3:
	@DEBUG_VALUE: EPWM_ConfigCaptureChannel:u32Src <- $r0
	@DEBUG_VALUE: EPWM_ConfigCaptureChannel:u32ChannelNum <- $r8
	@DEBUG_VALUE: EPWM_ConfigCaptureChannel:u32UnitTimeNsec <- $r10
	@DEBUG_VALUE: EPWM_ConfigCaptureChannel:u16Prescale <- 1
	@DEBUG_VALUE: EPWM_ConfigCaptureChannel:u16CNR <- 65535
	@DEBUG_VALUE: EPWM_ConfigCaptureChannel:epwm <- $r9
	@DEBUG_VALUE: EPWM_ConfigCaptureChannel:u32CaptureEdge <- $r3
	.loc	5 61 9                          @ ../../../../Library/StdDriver/src/epwm.c:61:9
	bl	SystemCoreClockUpdate
.Ltmp10:
	@DEBUG_VALUE: EPWM_ConfigCaptureChannel:u32CaptureEdge <- [DW_OP_LLVM_entry_value 1] $r3
	.loc	5 65 31                         @ ../../../../Library/StdDriver/src/epwm.c:65:31
	bl	CLK_GetPCLK0Freq
.Ltmp11:
	@DEBUG_VALUE: EPWM_ConfigCaptureChannel:u32EPWMClockSrc <- $r0
	.loc	5 0 31 is_stmt 0                @ ../../../../Library/StdDriver/src/epwm.c:0:31
	b	.LBB0_5
.Ltmp12:
.LBB0_4:
	@DEBUG_VALUE: EPWM_ConfigCaptureChannel:u32Src <- $r0
	@DEBUG_VALUE: EPWM_ConfigCaptureChannel:u32ChannelNum <- $r8
	@DEBUG_VALUE: EPWM_ConfigCaptureChannel:u32UnitTimeNsec <- $r10
	@DEBUG_VALUE: EPWM_ConfigCaptureChannel:u16Prescale <- 1
	@DEBUG_VALUE: EPWM_ConfigCaptureChannel:u16CNR <- 65535
	@DEBUG_VALUE: EPWM_ConfigCaptureChannel:epwm <- $r9
	@DEBUG_VALUE: EPWM_ConfigCaptureChannel:u32CaptureEdge <- $r3
	.loc	5 56 27 is_stmt 1               @ ../../../../Library/StdDriver/src/epwm.c:56:27
	bl	CLK_GetHCLK0Freq
.Ltmp13:
	@DEBUG_VALUE: EPWM_ConfigCaptureChannel:u32CaptureEdge <- [DW_OP_LLVM_entry_value 1] $r3
	@DEBUG_VALUE: EPWM_ConfigCaptureChannel:u32EPWMClockSrc <- $r0
.LBB0_5:
	@DEBUG_VALUE: EPWM_ConfigCaptureChannel:u32EPWMClockSrc <- $r0
	@DEBUG_VALUE: EPWM_ConfigCaptureChannel:u32CaptureEdge <- [DW_OP_LLVM_entry_value 1] $r3
	@DEBUG_VALUE: EPWM_ConfigCaptureChannel:u32ChannelNum <- $r8
	@DEBUG_VALUE: EPWM_ConfigCaptureChannel:u32UnitTimeNsec <- $r10
	@DEBUG_VALUE: EPWM_ConfigCaptureChannel:u16Prescale <- 1
	@DEBUG_VALUE: EPWM_ConfigCaptureChannel:u16CNR <- 65535
	@DEBUG_VALUE: EPWM_ConfigCaptureChannel:epwm <- $r9
	@DEBUG_VALUE: EPWM_ConfigCaptureChannel:u32EPWMClockSrc <- $r0
	.loc	5 0 27 is_stmt 0                @ ../../../../Library/StdDriver/src/epwm.c:0:27
	movw	r1, #19923
	movt	r1, #4194
	.loc	5 73 21 is_stmt 1               @ ../../../../Library/StdDriver/src/epwm.c:73:21
	umull	r0, r1, r0, r1
.Ltmp14:
	.loc	5 0 21 is_stmt 0                @ ../../../../Library/StdDriver/src/epwm.c:0:21
	movw	r0, #16960
	.loc	5 73 21                         @ ../../../../Library/StdDriver/src/epwm.c:73:21
	lsrs	r2, r1, #6
.Ltmp15:
	@DEBUG_VALUE: EPWM_ConfigCaptureChannel:u32EPWMClockSrc <- $r2
	.loc	5 0 21                          @ ../../../../Library/StdDriver/src/epwm.c:0:21
	movt	r0, #15
.Ltmp16:
	@DEBUG_VALUE: u32Exit <- 0
	@DEBUG_VALUE: EPWM_ConfigCaptureChannel:u32NearestUnitTimeNsec <- undef
	@DEBUG_VALUE: EPWM_ConfigCaptureChannel:u16Prescale <- 1
	.loc	5 78 59 is_stmt 1               @ ../../../../Library/StdDriver/src/epwm.c:78:59
	udiv	r0, r0, r2
.Ltmp17:
	@DEBUG_VALUE: EPWM_ConfigCaptureChannel:u32NearestUnitTimeNsec <- $r0
	.loc	5 80 13                         @ ../../../../Library/StdDriver/src/epwm.c:80:13
	cmp	r0, r10
	bhs	.LBB0_17
.Ltmp18:
@ %bb.6:
	@DEBUG_VALUE: EPWM_ConfigCaptureChannel:u32NearestUnitTimeNsec <- $r0
	@DEBUG_VALUE: u32Exit <- 0
	@DEBUG_VALUE: EPWM_ConfigCaptureChannel:u32EPWMClockSrc <- $r2
	@DEBUG_VALUE: EPWM_ConfigCaptureChannel:u32CaptureEdge <- [DW_OP_LLVM_entry_value 1] $r3
	@DEBUG_VALUE: EPWM_ConfigCaptureChannel:u32ChannelNum <- $r8
	@DEBUG_VALUE: EPWM_ConfigCaptureChannel:u32UnitTimeNsec <- $r10
	@DEBUG_VALUE: EPWM_ConfigCaptureChannel:u16Prescale <- 1
	@DEBUG_VALUE: EPWM_ConfigCaptureChannel:u16CNR <- 65535
	@DEBUG_VALUE: EPWM_ConfigCaptureChannel:epwm <- $r9
	.loc	5 0 13 is_stmt 0                @ ../../../../Library/StdDriver/src/epwm.c:0:13
	movw	r12, #2304
	movw	r3, #33920
	movw	r5, #19264
	movw	r7, #50880
	movt	r12, #61
	movs	r1, #4
	movt	r3, #30
	mov	r4, r12
	movt	r5, #76
	movt	r7, #45
.Ltmp19:
.LBB0_7:                                @ =>This Inner Loop Header: Depth=1
	@DEBUG_VALUE: EPWM_ConfigCaptureChannel:u32NearestUnitTimeNsec <- $r0
	@DEBUG_VALUE: u32Exit <- 0
	@DEBUG_VALUE: EPWM_ConfigCaptureChannel:u32EPWMClockSrc <- $r2
	@DEBUG_VALUE: EPWM_ConfigCaptureChannel:u32CaptureEdge <- [DW_OP_LLVM_entry_value 1] $r3
	@DEBUG_VALUE: EPWM_ConfigCaptureChannel:u32ChannelNum <- $r8
	@DEBUG_VALUE: EPWM_ConfigCaptureChannel:u32UnitTimeNsec <- $r10
	@DEBUG_VALUE: EPWM_ConfigCaptureChannel:u16CNR <- 65535
	@DEBUG_VALUE: EPWM_ConfigCaptureChannel:epwm <- $r9
	@DEBUG_VALUE: EPWM_ConfigCaptureChannel:u16Prescale <- [DW_OP_consts 2000000, DW_OP_minus, DW_OP_consts 4000000, DW_OP_div, DW_OP_consts 4, DW_OP_mul, DW_OP_consts 1, DW_OP_plus, DW_OP_stack_value] $r3
	@DEBUG_VALUE: u32Exit <- [DW_OP_stack_value] 1
	.loc	5 87 76 is_stmt 1               @ ../../../../Library/StdDriver/src/epwm.c:87:76
	mul	r6, r0, r2
.Ltmp20:
	.loc	5 87 17 is_stmt 0               @ ../../../../Library/StdDriver/src/epwm.c:87:17
	cmp	r3, r6
	bls	.LBB0_18
.Ltmp21:
@ %bb.8:                                @   in Loop: Header=BB0_7 Depth=1
	@DEBUG_VALUE: u32Exit <- [DW_OP_stack_value] 1
	@DEBUG_VALUE: EPWM_ConfigCaptureChannel:u16Prescale <- [DW_OP_consts 2000000, DW_OP_minus, DW_OP_consts 4000000, DW_OP_div, DW_OP_consts 4, DW_OP_mul, DW_OP_consts 1, DW_OP_plus, DW_OP_stack_value] $r3
	@DEBUG_VALUE: EPWM_ConfigCaptureChannel:u32NearestUnitTimeNsec <- $r0
	@DEBUG_VALUE: EPWM_ConfigCaptureChannel:u32EPWMClockSrc <- $r2
	@DEBUG_VALUE: EPWM_ConfigCaptureChannel:u32CaptureEdge <- [DW_OP_LLVM_entry_value 1] $r3
	@DEBUG_VALUE: EPWM_ConfigCaptureChannel:u32ChannelNum <- $r8
	@DEBUG_VALUE: EPWM_ConfigCaptureChannel:u32UnitTimeNsec <- $r10
	@DEBUG_VALUE: EPWM_ConfigCaptureChannel:u16CNR <- 65535
	@DEBUG_VALUE: EPWM_ConfigCaptureChannel:epwm <- $r9
	@DEBUG_VALUE: EPWM_ConfigCaptureChannel:u16Prescale <- [DW_OP_consts 2000000, DW_OP_minus, DW_OP_consts 4000000, DW_OP_div, DW_OP_consts 4, DW_OP_mul, DW_OP_consts 2, DW_OP_plus, DW_OP_stack_value] $r3
	@DEBUG_VALUE: EPWM_ConfigCaptureChannel:u32NearestUnitTimeNsec <- undef
	@DEBUG_VALUE: u32Exit <- 0
	.loc	5 78 59 is_stmt 1               @ ../../../../Library/StdDriver/src/epwm.c:78:59
	udiv	r0, r3, r2
.Ltmp22:
	@DEBUG_VALUE: EPWM_ConfigCaptureChannel:u32NearestUnitTimeNsec <- $r0
	.loc	5 80 13                         @ ../../../../Library/StdDriver/src/epwm.c:80:13
	cmp	r0, r10
	bhs	.LBB0_19
.Ltmp23:
@ %bb.9:                                @   in Loop: Header=BB0_7 Depth=1
	@DEBUG_VALUE: EPWM_ConfigCaptureChannel:u16Prescale <- [DW_OP_consts 2000000, DW_OP_minus, DW_OP_consts 4000000, DW_OP_div, DW_OP_consts 4, DW_OP_mul, DW_OP_consts 2, DW_OP_plus, DW_OP_stack_value] $r3
	@DEBUG_VALUE: EPWM_ConfigCaptureChannel:u32NearestUnitTimeNsec <- $r0
	@DEBUG_VALUE: u32Exit <- 0
	@DEBUG_VALUE: EPWM_ConfigCaptureChannel:u32EPWMClockSrc <- $r2
	@DEBUG_VALUE: EPWM_ConfigCaptureChannel:u32CaptureEdge <- [DW_OP_LLVM_entry_value 1] $r3
	@DEBUG_VALUE: EPWM_ConfigCaptureChannel:u32ChannelNum <- $r8
	@DEBUG_VALUE: EPWM_ConfigCaptureChannel:u32UnitTimeNsec <- $r10
	@DEBUG_VALUE: EPWM_ConfigCaptureChannel:u16CNR <- 65535
	@DEBUG_VALUE: EPWM_ConfigCaptureChannel:epwm <- $r9
	@DEBUG_VALUE: EPWM_ConfigCaptureChannel:u16Prescale <- [DW_OP_consts 2000000, DW_OP_minus, DW_OP_consts 4000000, DW_OP_div, DW_OP_consts 4, DW_OP_mul, DW_OP_consts 2, DW_OP_plus, DW_OP_stack_value] $r3
	@DEBUG_VALUE: u32Exit <- [DW_OP_stack_value] 1
	.loc	5 87 76                         @ ../../../../Library/StdDriver/src/epwm.c:87:76
	mul	r6, r0, r2
.Ltmp24:
	.loc	5 87 17 is_stmt 0               @ ../../../../Library/StdDriver/src/epwm.c:87:17
	cmp	r7, r6
	bls	.LBB0_20
.Ltmp25:
@ %bb.10:                               @   in Loop: Header=BB0_7 Depth=1
	@DEBUG_VALUE: EPWM_ConfigCaptureChannel:u16Prescale <- [DW_OP_consts 2000000, DW_OP_minus, DW_OP_consts 4000000, DW_OP_div, DW_OP_consts 4, DW_OP_mul, DW_OP_consts 2, DW_OP_plus, DW_OP_stack_value] $r3
	@DEBUG_VALUE: u32Exit <- [DW_OP_stack_value] 1
	@DEBUG_VALUE: EPWM_ConfigCaptureChannel:u32NearestUnitTimeNsec <- $r0
	@DEBUG_VALUE: EPWM_ConfigCaptureChannel:u32EPWMClockSrc <- $r2
	@DEBUG_VALUE: EPWM_ConfigCaptureChannel:u32CaptureEdge <- [DW_OP_LLVM_entry_value 1] $r3
	@DEBUG_VALUE: EPWM_ConfigCaptureChannel:u32ChannelNum <- $r8
	@DEBUG_VALUE: EPWM_ConfigCaptureChannel:u32UnitTimeNsec <- $r10
	@DEBUG_VALUE: EPWM_ConfigCaptureChannel:u16CNR <- 65535
	@DEBUG_VALUE: EPWM_ConfigCaptureChannel:epwm <- $r9
	@DEBUG_VALUE: EPWM_ConfigCaptureChannel:u16Prescale <- [DW_OP_consts 2000000, DW_OP_minus, DW_OP_consts 4000000, DW_OP_div, DW_OP_consts 4, DW_OP_mul, DW_OP_consts 3, DW_OP_plus, DW_OP_stack_value] $r3
	@DEBUG_VALUE: EPWM_ConfigCaptureChannel:u32NearestUnitTimeNsec <- undef
	@DEBUG_VALUE: u32Exit <- 0
	.loc	5 78 59 is_stmt 1               @ ../../../../Library/StdDriver/src/epwm.c:78:59
	udiv	r0, r7, r2
.Ltmp26:
	@DEBUG_VALUE: EPWM_ConfigCaptureChannel:u32NearestUnitTimeNsec <- $r0
	.loc	5 80 13                         @ ../../../../Library/StdDriver/src/epwm.c:80:13
	cmp	r0, r10
	bhs	.LBB0_21
.Ltmp27:
@ %bb.11:                               @   in Loop: Header=BB0_7 Depth=1
	@DEBUG_VALUE: EPWM_ConfigCaptureChannel:u16Prescale <- [DW_OP_consts 2000000, DW_OP_minus, DW_OP_consts 4000000, DW_OP_div, DW_OP_consts 4, DW_OP_mul, DW_OP_consts 3, DW_OP_plus, DW_OP_stack_value] $r3
	@DEBUG_VALUE: EPWM_ConfigCaptureChannel:u32NearestUnitTimeNsec <- $r0
	@DEBUG_VALUE: u32Exit <- 0
	@DEBUG_VALUE: EPWM_ConfigCaptureChannel:u32EPWMClockSrc <- $r2
	@DEBUG_VALUE: EPWM_ConfigCaptureChannel:u32CaptureEdge <- [DW_OP_LLVM_entry_value 1] $r3
	@DEBUG_VALUE: EPWM_ConfigCaptureChannel:u32ChannelNum <- $r8
	@DEBUG_VALUE: EPWM_ConfigCaptureChannel:u32UnitTimeNsec <- $r10
	@DEBUG_VALUE: EPWM_ConfigCaptureChannel:u16CNR <- 65535
	@DEBUG_VALUE: EPWM_ConfigCaptureChannel:epwm <- $r9
	@DEBUG_VALUE: EPWM_ConfigCaptureChannel:u16Prescale <- [DW_OP_consts 2000000, DW_OP_minus, DW_OP_consts 4000000, DW_OP_div, DW_OP_consts 4, DW_OP_mul, DW_OP_consts 3, DW_OP_plus, DW_OP_stack_value] $r3
	@DEBUG_VALUE: u32Exit <- [DW_OP_stack_value] 1
	.loc	5 87 76                         @ ../../../../Library/StdDriver/src/epwm.c:87:76
	mul	r6, r0, r2
.Ltmp28:
	.loc	5 87 17 is_stmt 0               @ ../../../../Library/StdDriver/src/epwm.c:87:17
	cmp	r4, r6
	bls	.LBB0_22
.Ltmp29:
@ %bb.12:                               @   in Loop: Header=BB0_7 Depth=1
	@DEBUG_VALUE: EPWM_ConfigCaptureChannel:u16Prescale <- [DW_OP_consts 2000000, DW_OP_minus, DW_OP_consts 4000000, DW_OP_div, DW_OP_consts 4, DW_OP_mul, DW_OP_consts 3, DW_OP_plus, DW_OP_stack_value] $r3
	@DEBUG_VALUE: u32Exit <- [DW_OP_stack_value] 1
	@DEBUG_VALUE: EPWM_ConfigCaptureChannel:u32NearestUnitTimeNsec <- $r0
	@DEBUG_VALUE: EPWM_ConfigCaptureChannel:u32EPWMClockSrc <- $r2
	@DEBUG_VALUE: EPWM_ConfigCaptureChannel:u32CaptureEdge <- [DW_OP_LLVM_entry_value 1] $r3
	@DEBUG_VALUE: EPWM_ConfigCaptureChannel:u32ChannelNum <- $r8
	@DEBUG_VALUE: EPWM_ConfigCaptureChannel:u32UnitTimeNsec <- $r10
	@DEBUG_VALUE: EPWM_ConfigCaptureChannel:u16CNR <- 65535
	@DEBUG_VALUE: EPWM_ConfigCaptureChannel:epwm <- $r9
	@DEBUG_VALUE: EPWM_ConfigCaptureChannel:u16Prescale <- [DW_OP_consts 2000000, DW_OP_minus, DW_OP_consts 4000000, DW_OP_div, DW_OP_consts 4, DW_OP_mul, DW_OP_consts 4, DW_OP_plus, DW_OP_stack_value] $r3
	@DEBUG_VALUE: EPWM_ConfigCaptureChannel:u32NearestUnitTimeNsec <- undef
	@DEBUG_VALUE: u32Exit <- 0
	.loc	5 78 59 is_stmt 1               @ ../../../../Library/StdDriver/src/epwm.c:78:59
	udiv	r0, r4, r2
.Ltmp30:
	@DEBUG_VALUE: EPWM_ConfigCaptureChannel:u32NearestUnitTimeNsec <- $r0
	.loc	5 80 13                         @ ../../../../Library/StdDriver/src/epwm.c:80:13
	cmp	r0, r10
	bhs	.LBB0_23
.Ltmp31:
@ %bb.13:                               @   in Loop: Header=BB0_7 Depth=1
	@DEBUG_VALUE: EPWM_ConfigCaptureChannel:u16Prescale <- [DW_OP_consts 2000000, DW_OP_minus, DW_OP_consts 4000000, DW_OP_div, DW_OP_consts 4, DW_OP_mul, DW_OP_consts 4, DW_OP_plus, DW_OP_stack_value] $r3
	@DEBUG_VALUE: EPWM_ConfigCaptureChannel:u32NearestUnitTimeNsec <- $r0
	@DEBUG_VALUE: u32Exit <- 0
	@DEBUG_VALUE: EPWM_ConfigCaptureChannel:u32EPWMClockSrc <- $r2
	@DEBUG_VALUE: EPWM_ConfigCaptureChannel:u32CaptureEdge <- [DW_OP_LLVM_entry_value 1] $r3
	@DEBUG_VALUE: EPWM_ConfigCaptureChannel:u32ChannelNum <- $r8
	@DEBUG_VALUE: EPWM_ConfigCaptureChannel:u32UnitTimeNsec <- $r10
	@DEBUG_VALUE: EPWM_ConfigCaptureChannel:u16CNR <- 65535
	@DEBUG_VALUE: EPWM_ConfigCaptureChannel:epwm <- $r9
	@DEBUG_VALUE: EPWM_ConfigCaptureChannel:u16Prescale <- [DW_OP_consts 2000000, DW_OP_minus, DW_OP_consts 4000000, DW_OP_div, DW_OP_consts 4, DW_OP_mul, DW_OP_consts 4, DW_OP_plus, DW_OP_stack_value] $r3
	@DEBUG_VALUE: u32Exit <- undef
	.loc	5 87 17                         @ ../../../../Library/StdDriver/src/epwm.c:87:17
	cmp.w	r1, #4096
	beq	.LBB0_23
.Ltmp32:
@ %bb.14:                               @   in Loop: Header=BB0_7 Depth=1
	@DEBUG_VALUE: EPWM_ConfigCaptureChannel:u16Prescale <- [DW_OP_consts 2000000, DW_OP_minus, DW_OP_consts 4000000, DW_OP_div, DW_OP_consts 4, DW_OP_mul, DW_OP_consts 4, DW_OP_plus, DW_OP_stack_value] $r3
	@DEBUG_VALUE: EPWM_ConfigCaptureChannel:u32NearestUnitTimeNsec <- $r0
	@DEBUG_VALUE: EPWM_ConfigCaptureChannel:u32EPWMClockSrc <- $r2
	@DEBUG_VALUE: EPWM_ConfigCaptureChannel:u32CaptureEdge <- [DW_OP_LLVM_entry_value 1] $r3
	@DEBUG_VALUE: EPWM_ConfigCaptureChannel:u32ChannelNum <- $r8
	@DEBUG_VALUE: EPWM_ConfigCaptureChannel:u32UnitTimeNsec <- $r10
	@DEBUG_VALUE: EPWM_ConfigCaptureChannel:u16CNR <- 65535
	@DEBUG_VALUE: EPWM_ConfigCaptureChannel:epwm <- $r9
	.loc	5 87 0 is_stmt 0                @ ../../../../Library/StdDriver/src/epwm.c:87:0
	mul	r6, r0, r2
	.loc	5 87 17                         @ ../../../../Library/StdDriver/src/epwm.c:87:17
	cmp	r5, r6
	bls	.LBB0_23
.Ltmp33:
@ %bb.15:                               @   in Loop: Header=BB0_7 Depth=1
	@DEBUG_VALUE: EPWM_ConfigCaptureChannel:u16Prescale <- [DW_OP_consts 2000000, DW_OP_minus, DW_OP_consts 4000000, DW_OP_div, DW_OP_consts 4, DW_OP_mul, DW_OP_consts 4, DW_OP_plus, DW_OP_stack_value] $r3
	@DEBUG_VALUE: EPWM_ConfigCaptureChannel:u32NearestUnitTimeNsec <- $r0
	@DEBUG_VALUE: EPWM_ConfigCaptureChannel:u32EPWMClockSrc <- $r2
	@DEBUG_VALUE: EPWM_ConfigCaptureChannel:u32CaptureEdge <- [DW_OP_LLVM_entry_value 1] $r3
	@DEBUG_VALUE: EPWM_ConfigCaptureChannel:u32ChannelNum <- $r8
	@DEBUG_VALUE: EPWM_ConfigCaptureChannel:u32UnitTimeNsec <- $r10
	@DEBUG_VALUE: EPWM_ConfigCaptureChannel:u16CNR <- 65535
	@DEBUG_VALUE: EPWM_ConfigCaptureChannel:epwm <- $r9
	@DEBUG_VALUE: EPWM_ConfigCaptureChannel:u16Prescale <- [DW_OP_consts 2000000, DW_OP_minus, DW_OP_consts 4000000, DW_OP_div, DW_OP_consts 4, DW_OP_mul, DW_OP_consts 5, DW_OP_plus, DW_OP_stack_value] $r3
	@DEBUG_VALUE: EPWM_ConfigCaptureChannel:u32NearestUnitTimeNsec <- undef
	@DEBUG_VALUE: u32Exit <- 0
	.loc	5 78 59 is_stmt 1               @ ../../../../Library/StdDriver/src/epwm.c:78:59
	udiv	r0, r5, r2
.Ltmp34:
	@DEBUG_VALUE: EPWM_ConfigCaptureChannel:u32NearestUnitTimeNsec <- $r0
	.loc	5 80 13                         @ ../../../../Library/StdDriver/src/epwm.c:80:13
	add	r3, r12
.Ltmp35:
	adds	r1, #4
	add	r5, r12
	add	r4, r12
	cmp	r0, r10
	add	r7, r12
	blo	.LBB0_7
.Ltmp36:
@ %bb.16:
	@DEBUG_VALUE: EPWM_ConfigCaptureChannel:u32NearestUnitTimeNsec <- $r0
	@DEBUG_VALUE: u32Exit <- 0
	@DEBUG_VALUE: EPWM_ConfigCaptureChannel:u32EPWMClockSrc <- $r2
	@DEBUG_VALUE: EPWM_ConfigCaptureChannel:u32CaptureEdge <- [DW_OP_LLVM_entry_value 1] $r3
	@DEBUG_VALUE: EPWM_ConfigCaptureChannel:u32ChannelNum <- $r8
	@DEBUG_VALUE: EPWM_ConfigCaptureChannel:u32UnitTimeNsec <- $r10
	@DEBUG_VALUE: EPWM_ConfigCaptureChannel:u16CNR <- 65535
	@DEBUG_VALUE: EPWM_ConfigCaptureChannel:epwm <- $r9
	subs	r1, #4
	b	.LBB0_24
.Ltmp37:
.LBB0_17:
	@DEBUG_VALUE: EPWM_ConfigCaptureChannel:u32NearestUnitTimeNsec <- $r0
	@DEBUG_VALUE: u32Exit <- 0
	@DEBUG_VALUE: EPWM_ConfigCaptureChannel:u32EPWMClockSrc <- $r2
	@DEBUG_VALUE: EPWM_ConfigCaptureChannel:u32CaptureEdge <- [DW_OP_LLVM_entry_value 1] $r3
	@DEBUG_VALUE: EPWM_ConfigCaptureChannel:u32ChannelNum <- $r8
	@DEBUG_VALUE: EPWM_ConfigCaptureChannel:u32UnitTimeNsec <- $r10
	@DEBUG_VALUE: EPWM_ConfigCaptureChannel:u16Prescale <- 1
	@DEBUG_VALUE: EPWM_ConfigCaptureChannel:u16CNR <- 65535
	@DEBUG_VALUE: EPWM_ConfigCaptureChannel:epwm <- $r9
	.loc	5 0 13 is_stmt 0                @ ../../../../Library/StdDriver/src/epwm.c:0:13
	movs	r1, #0
	b	.LBB0_24
.Ltmp38:
.LBB0_18:
	@DEBUG_VALUE: u32Exit <- [DW_OP_stack_value] 1
	@DEBUG_VALUE: EPWM_ConfigCaptureChannel:u16Prescale <- [DW_OP_consts 2000000, DW_OP_minus, DW_OP_consts 4000000, DW_OP_div, DW_OP_consts 4, DW_OP_mul, DW_OP_consts 1, DW_OP_plus, DW_OP_stack_value] $r3
	@DEBUG_VALUE: EPWM_ConfigCaptureChannel:u32NearestUnitTimeNsec <- $r0
	@DEBUG_VALUE: EPWM_ConfigCaptureChannel:u32EPWMClockSrc <- $r2
	@DEBUG_VALUE: EPWM_ConfigCaptureChannel:u32CaptureEdge <- [DW_OP_LLVM_entry_value 1] $r3
	@DEBUG_VALUE: EPWM_ConfigCaptureChannel:u32ChannelNum <- $r8
	@DEBUG_VALUE: EPWM_ConfigCaptureChannel:u32UnitTimeNsec <- $r10
	@DEBUG_VALUE: EPWM_ConfigCaptureChannel:u16CNR <- 65535
	@DEBUG_VALUE: EPWM_ConfigCaptureChannel:epwm <- $r9
	.loc	5 87 17 is_stmt 1               @ ../../../../Library/StdDriver/src/epwm.c:87:17
	subs	r1, #3
	b	.LBB0_23
.Ltmp39:
.LBB0_19:
	@DEBUG_VALUE: EPWM_ConfigCaptureChannel:u16Prescale <- [DW_OP_consts 2000000, DW_OP_minus, DW_OP_consts 4000000, DW_OP_div, DW_OP_consts 4, DW_OP_mul, DW_OP_consts 2, DW_OP_plus, DW_OP_stack_value] $r3
	@DEBUG_VALUE: EPWM_ConfigCaptureChannel:u32NearestUnitTimeNsec <- $r0
	@DEBUG_VALUE: u32Exit <- 0
	@DEBUG_VALUE: EPWM_ConfigCaptureChannel:u32EPWMClockSrc <- $r2
	@DEBUG_VALUE: EPWM_ConfigCaptureChannel:u32CaptureEdge <- [DW_OP_LLVM_entry_value 1] $r3
	@DEBUG_VALUE: EPWM_ConfigCaptureChannel:u32ChannelNum <- $r8
	@DEBUG_VALUE: EPWM_ConfigCaptureChannel:u32UnitTimeNsec <- $r10
	@DEBUG_VALUE: EPWM_ConfigCaptureChannel:u16CNR <- 65535
	@DEBUG_VALUE: EPWM_ConfigCaptureChannel:epwm <- $r9
	.loc	5 80 13                         @ ../../../../Library/StdDriver/src/epwm.c:80:13
	subs	r1, #3
	b	.LBB0_24
.Ltmp40:
.LBB0_20:
	@DEBUG_VALUE: EPWM_ConfigCaptureChannel:u16Prescale <- [DW_OP_consts 2000000, DW_OP_minus, DW_OP_consts 4000000, DW_OP_div, DW_OP_consts 4, DW_OP_mul, DW_OP_consts 2, DW_OP_plus, DW_OP_stack_value] $r3
	@DEBUG_VALUE: EPWM_ConfigCaptureChannel:u32NearestUnitTimeNsec <- $r0
	@DEBUG_VALUE: EPWM_ConfigCaptureChannel:u32EPWMClockSrc <- $r2
	@DEBUG_VALUE: EPWM_ConfigCaptureChannel:u32CaptureEdge <- [DW_OP_LLVM_entry_value 1] $r3
	@DEBUG_VALUE: EPWM_ConfigCaptureChannel:u32ChannelNum <- $r8
	@DEBUG_VALUE: EPWM_ConfigCaptureChannel:u32UnitTimeNsec <- $r10
	@DEBUG_VALUE: EPWM_ConfigCaptureChannel:u16CNR <- 65535
	@DEBUG_VALUE: EPWM_ConfigCaptureChannel:epwm <- $r9
	.loc	5 104 17                        @ ../../../../Library/StdDriver/src/epwm.c:104:17
	subs	r1, #2
	b	.LBB0_23
.Ltmp41:
.LBB0_21:
	@DEBUG_VALUE: EPWM_ConfigCaptureChannel:u16Prescale <- [DW_OP_consts 2000000, DW_OP_minus, DW_OP_consts 4000000, DW_OP_div, DW_OP_consts 4, DW_OP_mul, DW_OP_consts 3, DW_OP_plus, DW_OP_stack_value] $r3
	@DEBUG_VALUE: EPWM_ConfigCaptureChannel:u32NearestUnitTimeNsec <- $r0
	@DEBUG_VALUE: EPWM_ConfigCaptureChannel:u32EPWMClockSrc <- $r2
	@DEBUG_VALUE: EPWM_ConfigCaptureChannel:u32CaptureEdge <- [DW_OP_LLVM_entry_value 1] $r3
	@DEBUG_VALUE: EPWM_ConfigCaptureChannel:u32ChannelNum <- $r8
	@DEBUG_VALUE: EPWM_ConfigCaptureChannel:u32UnitTimeNsec <- $r10
	@DEBUG_VALUE: EPWM_ConfigCaptureChannel:u16CNR <- 65535
	@DEBUG_VALUE: EPWM_ConfigCaptureChannel:epwm <- $r9
	.loc	5 105 5                         @ ../../../../Library/StdDriver/src/epwm.c:105:5
	subs	r1, #2
	b	.LBB0_24
.Ltmp42:
.LBB0_22:
	@DEBUG_VALUE: EPWM_ConfigCaptureChannel:u16Prescale <- [DW_OP_consts 2000000, DW_OP_minus, DW_OP_consts 4000000, DW_OP_div, DW_OP_consts 4, DW_OP_mul, DW_OP_consts 3, DW_OP_plus, DW_OP_stack_value] $r3
	@DEBUG_VALUE: u32Exit <- [DW_OP_stack_value] 1
	@DEBUG_VALUE: EPWM_ConfigCaptureChannel:u32NearestUnitTimeNsec <- $r0
	@DEBUG_VALUE: EPWM_ConfigCaptureChannel:u32EPWMClockSrc <- $r2
	@DEBUG_VALUE: EPWM_ConfigCaptureChannel:u32CaptureEdge <- [DW_OP_LLVM_entry_value 1] $r3
	@DEBUG_VALUE: EPWM_ConfigCaptureChannel:u32ChannelNum <- $r8
	@DEBUG_VALUE: EPWM_ConfigCaptureChannel:u32UnitTimeNsec <- $r10
	@DEBUG_VALUE: EPWM_ConfigCaptureChannel:u16CNR <- 65535
	@DEBUG_VALUE: EPWM_ConfigCaptureChannel:epwm <- $r9
	.loc	5 87 17                         @ ../../../../Library/StdDriver/src/epwm.c:87:17
	subs	r1, #1
.Ltmp43:
.LBB0_23:
	@DEBUG_VALUE: EPWM_ConfigCaptureChannel:u32NearestUnitTimeNsec <- $r0
	@DEBUG_VALUE: EPWM_ConfigCaptureChannel:u32EPWMClockSrc <- $r2
	@DEBUG_VALUE: EPWM_ConfigCaptureChannel:u32CaptureEdge <- [DW_OP_LLVM_entry_value 1] $r3
	@DEBUG_VALUE: EPWM_ConfigCaptureChannel:u32ChannelNum <- $r8
	@DEBUG_VALUE: EPWM_ConfigCaptureChannel:u32UnitTimeNsec <- $r10
	@DEBUG_VALUE: EPWM_ConfigCaptureChannel:u16CNR <- 65535
	@DEBUG_VALUE: EPWM_ConfigCaptureChannel:epwm <- $r9
	.loc	5 0 0 is_stmt 0                 @ ../../../../Library/StdDriver/src/epwm.c:0:0
	subs	r1, #1
.Ltmp44:
.LBB0_24:
	@DEBUG_VALUE: EPWM_ConfigCaptureChannel:u32NearestUnitTimeNsec <- $r0
	@DEBUG_VALUE: EPWM_ConfigCaptureChannel:u32EPWMClockSrc <- $r2
	@DEBUG_VALUE: EPWM_ConfigCaptureChannel:u32CaptureEdge <- [DW_OP_LLVM_entry_value 1] $r3
	@DEBUG_VALUE: EPWM_ConfigCaptureChannel:u32ChannelNum <- $r8
	@DEBUG_VALUE: EPWM_ConfigCaptureChannel:u32UnitTimeNsec <- $r10
	@DEBUG_VALUE: EPWM_ConfigCaptureChannel:u16CNR <- 65535
	@DEBUG_VALUE: EPWM_ConfigCaptureChannel:epwm <- $r9
	@DEBUG_VALUE: EPWM_ConfigCaptureChannel:u16Prescale <- $r1
	@DEBUG_VALUE: EPWM_ConfigCaptureChannel:u32NearestUnitTimeNsec <- $r0
	.loc	5 105 5 is_stmt 1               @ ../../../../Library/StdDriver/src/epwm.c:105:5
	add.w	r2, r9, r8, lsl #2
.Ltmp45:
	.loc	5 108 79                        @ ../../../../Library/StdDriver/src/epwm.c:108:79
	lsl.w	r3, r8, #1
	movs	r7, #3
	.loc	5 105 5                         @ ../../../../Library/StdDriver/src/epwm.c:105:5
	str.w	r1, [r2, #656]
	.loc	5 108 29                        @ ../../../../Library/StdDriver/src/epwm.c:108:29
	ldr.w	r1, [r9, #4]
.Ltmp46:
	.loc	5 108 61 is_stmt 0              @ ../../../../Library/StdDriver/src/epwm.c:108:61
	lsls	r7, r3
	.loc	5 108 34                        @ ../../../../Library/StdDriver/src/epwm.c:108:34
	bics	r1, r7
	movs	r7, #1
	.loc	5 108 109                       @ ../../../../Library/StdDriver/src/epwm.c:108:109
	lsl.w	r3, r7, r3
	.loc	5 108 88                        @ ../../../../Library/StdDriver/src/epwm.c:108:88
	orrs	r1, r3
	.loc	5 108 18                        @ ../../../../Library/StdDriver/src/epwm.c:108:18
	str.w	r1, [r9, #4]
	mov.w	r1, #65536
	.loc	5 110 18 is_stmt 1              @ ../../../../Library/StdDriver/src/epwm.c:110:18
	ldr.w	r3, [r9, #4]
	.loc	5 110 46 is_stmt 0              @ ../../../../Library/StdDriver/src/epwm.c:110:46
	lsl.w	r1, r1, r8
	.loc	5 110 18                        @ ../../../../Library/StdDriver/src/epwm.c:110:18
	bic.w	r1, r3, r1
	str.w	r1, [r9, #4]
	movw	r1, #65535
	.loc	5 111 5 is_stmt 1               @ ../../../../Library/StdDriver/src/epwm.c:111:5
	str	r1, [r2, #48]
	.loc	5 113 5 epilogue_begin          @ ../../../../Library/StdDriver/src/epwm.c:113:5
	pop.w	{r4, r5, r6, r7, r8, r9, r10, pc}
.Ltmp47:
.Lfunc_end0:
	.size	EPWM_ConfigCaptureChannel, .Lfunc_end0-EPWM_ConfigCaptureChannel
	.cfi_endproc
	.cantunwind
	.fnend
                                        @ -- End function
	.section	.text.EPWM_ConfigOutputChannel,"ax",%progbits
	.hidden	EPWM_ConfigOutputChannel        @ -- Begin function EPWM_ConfigOutputChannel
	.globl	EPWM_ConfigOutputChannel
	.p2align	2
	.type	EPWM_ConfigOutputChannel,%function
	.code	16                              @ @EPWM_ConfigOutputChannel
	.thumb_func
EPWM_ConfigOutputChannel:
.Lfunc_begin1:
	.loc	5 129 0                         @ ../../../../Library/StdDriver/src/epwm.c:129:0
	.fnstart
	.cfi_startproc
@ %bb.0:
	@DEBUG_VALUE: EPWM_ConfigOutputChannel:epwm <- $r0
	@DEBUG_VALUE: EPWM_ConfigOutputChannel:u32ChannelNum <- $r1
	@DEBUG_VALUE: EPWM_ConfigOutputChannel:u32Frequency <- $r2
	@DEBUG_VALUE: EPWM_ConfigOutputChannel:u32DutyCycle <- $r3
	.save	{r4, r5, r6, r7, r8, r9, lr}
	push.w	{r4, r5, r6, r7, r8, r9, lr}
	.cfi_def_cfa_offset 28
	.cfi_offset lr, -4
	.cfi_offset r9, -8
	.cfi_offset r8, -12
	.cfi_offset r7, -16
	.cfi_offset r6, -20
	.cfi_offset r5, -24
	.cfi_offset r4, -28
	.pad	#4
	sub	sp, #4
	.cfi_def_cfa_offset 32
	mov	r4, r0
.Ltmp48:
	@DEBUG_VALUE: EPWM_ConfigOutputChannel:epwm <- $r4
	@DEBUG_VALUE: EPWM_ConfigOutputChannel:u32CNR <- 65535
	@DEBUG_VALUE: EPWM_ConfigOutputChannel:u32Prescale <- 1
	@DEBUG_VALUE: EPWM_ConfigOutputChannel:epwm <- $r4
	movw	r0, #5148
	mov	r7, r2
.Ltmp49:
	@DEBUG_VALUE: EPWM_ConfigOutputChannel:u32Frequency <- $r7
	@DEBUG_VALUE: EPWM_ConfigOutputChannel:u32Frequency <- $r7
	movt	r0, #16384
	movw	r2, #8192
.Ltmp50:
	.loc	5 0 0 is_stmt 0                 @ ../../../../Library/StdDriver/src/epwm.c:0:0
	ldr	r0, [r0]
	movt	r2, #16420
	mov	r8, r3
.Ltmp51:
	@DEBUG_VALUE: EPWM_ConfigOutputChannel:u32DutyCycle <- $r8
	@DEBUG_VALUE: EPWM_ConfigOutputChannel:u32DutyCycle <- $r8
	.loc	5 135 9 prologue_end is_stmt 1  @ ../../../../Library/StdDriver/src/epwm.c:135:9
	cmp	r4, r2
	mov	r9, r1
.Ltmp52:
	@DEBUG_VALUE: EPWM_ConfigOutputChannel:u32ChannelNum <- $r9
	@DEBUG_VALUE: EPWM_ConfigOutputChannel:u32ChannelNum <- $r9
	beq	.LBB1_3
.Ltmp53:
@ %bb.1:
	@DEBUG_VALUE: EPWM_ConfigOutputChannel:u32ChannelNum <- $r9
	@DEBUG_VALUE: EPWM_ConfigOutputChannel:u32DutyCycle <- $r8
	@DEBUG_VALUE: EPWM_ConfigOutputChannel:u32Frequency <- $r7
	@DEBUG_VALUE: EPWM_ConfigOutputChannel:u32Prescale <- 1
	@DEBUG_VALUE: EPWM_ConfigOutputChannel:u32CNR <- 65535
	@DEBUG_VALUE: EPWM_ConfigOutputChannel:epwm <- $r4
	.loc	5 144 9                         @ ../../../../Library/StdDriver/src/epwm.c:144:9
	lsls	r0, r0, #27
.Ltmp54:
	@DEBUG_VALUE: EPWM_ConfigOutputChannel:u32Src <- $r0
	bmi	.LBB1_5
.Ltmp55:
@ %bb.2:
	@DEBUG_VALUE: EPWM_ConfigOutputChannel:u32Src <- $r0
	@DEBUG_VALUE: EPWM_ConfigOutputChannel:u32ChannelNum <- $r9
	@DEBUG_VALUE: EPWM_ConfigOutputChannel:u32DutyCycle <- $r8
	@DEBUG_VALUE: EPWM_ConfigOutputChannel:u32Frequency <- $r7
	@DEBUG_VALUE: EPWM_ConfigOutputChannel:u32Prescale <- 1
	@DEBUG_VALUE: EPWM_ConfigOutputChannel:u32CNR <- 65535
	@DEBUG_VALUE: EPWM_ConfigOutputChannel:epwm <- $r4
	.loc	5 147 9                         @ ../../../../Library/StdDriver/src/epwm.c:147:9
	bl	SystemCoreClockUpdate
.Ltmp56:
	.loc	5 155 31                        @ ../../../../Library/StdDriver/src/epwm.c:155:31
	bl	CLK_GetPCLK2Freq
.Ltmp57:
	@DEBUG_VALUE: EPWM_ConfigOutputChannel:u32EPWMClockSrc <- $r0
	.loc	5 0 31 is_stmt 0                @ ../../../../Library/StdDriver/src/epwm.c:0:31
	b	.LBB1_6
.Ltmp58:
.LBB1_3:
	@DEBUG_VALUE: EPWM_ConfigOutputChannel:u32ChannelNum <- $r9
	@DEBUG_VALUE: EPWM_ConfigOutputChannel:u32DutyCycle <- $r8
	@DEBUG_VALUE: EPWM_ConfigOutputChannel:u32Frequency <- $r7
	@DEBUG_VALUE: EPWM_ConfigOutputChannel:u32Prescale <- 1
	@DEBUG_VALUE: EPWM_ConfigOutputChannel:u32CNR <- 65535
	@DEBUG_VALUE: EPWM_ConfigOutputChannel:epwm <- $r4
	.loc	5 144 9 is_stmt 1               @ ../../../../Library/StdDriver/src/epwm.c:144:9
	lsls	r0, r0, #31
.Ltmp59:
	@DEBUG_VALUE: EPWM_ConfigOutputChannel:u32Src <- $r0
	bne	.LBB1_5
.Ltmp60:
@ %bb.4:
	@DEBUG_VALUE: EPWM_ConfigOutputChannel:u32Src <- $r0
	@DEBUG_VALUE: EPWM_ConfigOutputChannel:u32ChannelNum <- $r9
	@DEBUG_VALUE: EPWM_ConfigOutputChannel:u32DutyCycle <- $r8
	@DEBUG_VALUE: EPWM_ConfigOutputChannel:u32Frequency <- $r7
	@DEBUG_VALUE: EPWM_ConfigOutputChannel:u32Prescale <- 1
	@DEBUG_VALUE: EPWM_ConfigOutputChannel:u32CNR <- 65535
	@DEBUG_VALUE: EPWM_ConfigOutputChannel:epwm <- $r4
	.loc	5 147 9                         @ ../../../../Library/StdDriver/src/epwm.c:147:9
	bl	SystemCoreClockUpdate
.Ltmp61:
	.loc	5 151 31                        @ ../../../../Library/StdDriver/src/epwm.c:151:31
	bl	CLK_GetPCLK0Freq
.Ltmp62:
	@DEBUG_VALUE: EPWM_ConfigOutputChannel:u32EPWMClockSrc <- $r0
	.loc	5 0 31 is_stmt 0                @ ../../../../Library/StdDriver/src/epwm.c:0:31
	b	.LBB1_6
.Ltmp63:
.LBB1_5:
	@DEBUG_VALUE: EPWM_ConfigOutputChannel:u32Src <- $r0
	@DEBUG_VALUE: EPWM_ConfigOutputChannel:u32ChannelNum <- $r9
	@DEBUG_VALUE: EPWM_ConfigOutputChannel:u32DutyCycle <- $r8
	@DEBUG_VALUE: EPWM_ConfigOutputChannel:u32Frequency <- $r7
	@DEBUG_VALUE: EPWM_ConfigOutputChannel:u32Prescale <- 1
	@DEBUG_VALUE: EPWM_ConfigOutputChannel:u32CNR <- 65535
	@DEBUG_VALUE: EPWM_ConfigOutputChannel:epwm <- $r4
	.loc	5 161 27 is_stmt 1              @ ../../../../Library/StdDriver/src/epwm.c:161:27
	bl	CLK_GetHCLK0Freq
.Ltmp64:
	@DEBUG_VALUE: EPWM_ConfigOutputChannel:u32EPWMClockSrc <- $r0
.LBB1_6:
	@DEBUG_VALUE: EPWM_ConfigOutputChannel:u32EPWMClockSrc <- $r0
	@DEBUG_VALUE: EPWM_ConfigOutputChannel:u32ChannelNum <- $r9
	@DEBUG_VALUE: EPWM_ConfigOutputChannel:u32DutyCycle <- $r8
	@DEBUG_VALUE: EPWM_ConfigOutputChannel:u32Frequency <- $r7
	@DEBUG_VALUE: EPWM_ConfigOutputChannel:u32Prescale <- 1
	@DEBUG_VALUE: EPWM_ConfigOutputChannel:u32CNR <- 65535
	@DEBUG_VALUE: EPWM_ConfigOutputChannel:epwm <- $r4
	@DEBUG_VALUE: EPWM_ConfigOutputChannel:u32Prescale <- 1
	@DEBUG_VALUE: EPWM_ConfigOutputChannel:u32EPWMClockSrc <- $r0
	.loc	5 0 27 is_stmt 0                @ ../../../../Library/StdDriver/src/epwm.c:0:27
	udiv	r3, r0, r7
	movs	r5, #23
	movw	r7, #4117
.Ltmp65:
	@DEBUG_VALUE: EPWM_ConfigOutputChannel:u32Frequency <- [DW_OP_LLVM_entry_value 1] $r2
.LBB1_7:                                @ =>This Inner Loop Header: Depth=1
	@DEBUG_VALUE: EPWM_ConfigOutputChannel:u32Frequency <- [DW_OP_LLVM_entry_value 1] $r2
	@DEBUG_VALUE: EPWM_ConfigOutputChannel:u32EPWMClockSrc <- $r0
	@DEBUG_VALUE: EPWM_ConfigOutputChannel:u32ChannelNum <- $r9
	@DEBUG_VALUE: EPWM_ConfigOutputChannel:u32DutyCycle <- $r8
	@DEBUG_VALUE: EPWM_ConfigOutputChannel:u32CNR <- 65535
	@DEBUG_VALUE: EPWM_ConfigOutputChannel:epwm <- $r4
	@DEBUG_VALUE: EPWM_ConfigOutputChannel:u32Prescale <- [DW_OP_constu 22, DW_OP_minus, DW_OP_stack_value] $r5
	.loc	5 166 46 is_stmt 1              @ ../../../../Library/StdDriver/src/epwm.c:166:46
	sub.w	r2, r5, #22
	udiv	r1, r3, r2
.Ltmp66:
	@DEBUG_VALUE: EPWM_ConfigOutputChannel:i <- $r1
	.loc	5 169 13                        @ ../../../../Library/StdDriver/src/epwm.c:169:13
	cmp.w	r1, #65536
	blo.w	.LBB1_32
.Ltmp67:
@ %bb.8:                                @   in Loop: Header=BB1_7 Depth=1
	@DEBUG_VALUE: EPWM_ConfigOutputChannel:i <- $r1
	@DEBUG_VALUE: EPWM_ConfigOutputChannel:u32Prescale <- [DW_OP_constu 22, DW_OP_minus, DW_OP_stack_value] $r5
	@DEBUG_VALUE: EPWM_ConfigOutputChannel:u32Frequency <- [DW_OP_LLVM_entry_value 1] $r2
	@DEBUG_VALUE: EPWM_ConfigOutputChannel:u32EPWMClockSrc <- $r0
	@DEBUG_VALUE: EPWM_ConfigOutputChannel:u32ChannelNum <- $r9
	@DEBUG_VALUE: EPWM_ConfigOutputChannel:u32DutyCycle <- $r8
	@DEBUG_VALUE: EPWM_ConfigOutputChannel:u32CNR <- 65535
	@DEBUG_VALUE: EPWM_ConfigOutputChannel:epwm <- $r4
	@DEBUG_VALUE: EPWM_ConfigOutputChannel:u32Prescale <- [DW_OP_constu 21, DW_OP_minus, DW_OP_stack_value] $r5
	.loc	5 166 46                        @ ../../../../Library/StdDriver/src/epwm.c:166:46
	sub.w	r2, r5, #21
	udiv	r1, r3, r2
.Ltmp68:
	@DEBUG_VALUE: EPWM_ConfigOutputChannel:i <- $r1
	.loc	5 169 13                        @ ../../../../Library/StdDriver/src/epwm.c:169:13
	cmp.w	r1, #65536
	blo.w	.LBB1_32
.Ltmp69:
@ %bb.9:                                @   in Loop: Header=BB1_7 Depth=1
	@DEBUG_VALUE: EPWM_ConfigOutputChannel:u32Prescale <- [DW_OP_constu 21, DW_OP_minus, DW_OP_stack_value] $r5
	@DEBUG_VALUE: EPWM_ConfigOutputChannel:i <- $r1
	@DEBUG_VALUE: EPWM_ConfigOutputChannel:u32Frequency <- [DW_OP_LLVM_entry_value 1] $r2
	@DEBUG_VALUE: EPWM_ConfigOutputChannel:u32EPWMClockSrc <- $r0
	@DEBUG_VALUE: EPWM_ConfigOutputChannel:u32ChannelNum <- $r9
	@DEBUG_VALUE: EPWM_ConfigOutputChannel:u32DutyCycle <- $r8
	@DEBUG_VALUE: EPWM_ConfigOutputChannel:u32CNR <- 65535
	@DEBUG_VALUE: EPWM_ConfigOutputChannel:epwm <- $r4
	@DEBUG_VALUE: EPWM_ConfigOutputChannel:u32Prescale <- [DW_OP_constu 20, DW_OP_minus, DW_OP_stack_value] $r5
	.loc	5 166 46                        @ ../../../../Library/StdDriver/src/epwm.c:166:46
	sub.w	r2, r5, #20
	udiv	r1, r3, r2
.Ltmp70:
	@DEBUG_VALUE: EPWM_ConfigOutputChannel:i <- $r1
	.loc	5 169 13                        @ ../../../../Library/StdDriver/src/epwm.c:169:13
	cmp.w	r1, #65536
	blo.w	.LBB1_32
.Ltmp71:
@ %bb.10:                               @   in Loop: Header=BB1_7 Depth=1
	@DEBUG_VALUE: EPWM_ConfigOutputChannel:u32Prescale <- [DW_OP_constu 20, DW_OP_minus, DW_OP_stack_value] $r5
	@DEBUG_VALUE: EPWM_ConfigOutputChannel:i <- $r1
	@DEBUG_VALUE: EPWM_ConfigOutputChannel:u32Frequency <- [DW_OP_LLVM_entry_value 1] $r2
	@DEBUG_VALUE: EPWM_ConfigOutputChannel:u32EPWMClockSrc <- $r0
	@DEBUG_VALUE: EPWM_ConfigOutputChannel:u32ChannelNum <- $r9
	@DEBUG_VALUE: EPWM_ConfigOutputChannel:u32DutyCycle <- $r8
	@DEBUG_VALUE: EPWM_ConfigOutputChannel:u32CNR <- 65535
	@DEBUG_VALUE: EPWM_ConfigOutputChannel:epwm <- $r4
	@DEBUG_VALUE: EPWM_ConfigOutputChannel:u32Prescale <- [DW_OP_constu 19, DW_OP_minus, DW_OP_stack_value] $r5
	.loc	5 166 46                        @ ../../../../Library/StdDriver/src/epwm.c:166:46
	sub.w	r2, r5, #19
	udiv	r1, r3, r2
.Ltmp72:
	@DEBUG_VALUE: EPWM_ConfigOutputChannel:i <- $r1
	.loc	5 169 13                        @ ../../../../Library/StdDriver/src/epwm.c:169:13
	cmp.w	r1, #65536
	blo.w	.LBB1_32
.Ltmp73:
@ %bb.11:                               @   in Loop: Header=BB1_7 Depth=1
	@DEBUG_VALUE: EPWM_ConfigOutputChannel:u32Prescale <- [DW_OP_constu 19, DW_OP_minus, DW_OP_stack_value] $r5
	@DEBUG_VALUE: EPWM_ConfigOutputChannel:i <- $r1
	@DEBUG_VALUE: EPWM_ConfigOutputChannel:u32Frequency <- [DW_OP_LLVM_entry_value 1] $r2
	@DEBUG_VALUE: EPWM_ConfigOutputChannel:u32EPWMClockSrc <- $r0
	@DEBUG_VALUE: EPWM_ConfigOutputChannel:u32ChannelNum <- $r9
	@DEBUG_VALUE: EPWM_ConfigOutputChannel:u32DutyCycle <- $r8
	@DEBUG_VALUE: EPWM_ConfigOutputChannel:u32CNR <- 65535
	@DEBUG_VALUE: EPWM_ConfigOutputChannel:epwm <- $r4
	@DEBUG_VALUE: EPWM_ConfigOutputChannel:u32Prescale <- [DW_OP_constu 18, DW_OP_minus, DW_OP_stack_value] $r5
	.loc	5 166 46                        @ ../../../../Library/StdDriver/src/epwm.c:166:46
	sub.w	r2, r5, #18
	udiv	r1, r3, r2
.Ltmp74:
	@DEBUG_VALUE: EPWM_ConfigOutputChannel:i <- $r1
	.loc	5 169 13                        @ ../../../../Library/StdDriver/src/epwm.c:169:13
	cmp.w	r1, #65536
	blo	.LBB1_32
.Ltmp75:
@ %bb.12:                               @   in Loop: Header=BB1_7 Depth=1
	@DEBUG_VALUE: EPWM_ConfigOutputChannel:u32Prescale <- [DW_OP_constu 18, DW_OP_minus, DW_OP_stack_value] $r5
	@DEBUG_VALUE: EPWM_ConfigOutputChannel:i <- $r1
	@DEBUG_VALUE: EPWM_ConfigOutputChannel:u32Frequency <- [DW_OP_LLVM_entry_value 1] $r2
	@DEBUG_VALUE: EPWM_ConfigOutputChannel:u32EPWMClockSrc <- $r0
	@DEBUG_VALUE: EPWM_ConfigOutputChannel:u32ChannelNum <- $r9
	@DEBUG_VALUE: EPWM_ConfigOutputChannel:u32DutyCycle <- $r8
	@DEBUG_VALUE: EPWM_ConfigOutputChannel:u32CNR <- 65535
	@DEBUG_VALUE: EPWM_ConfigOutputChannel:epwm <- $r4
	@DEBUG_VALUE: EPWM_ConfigOutputChannel:u32Prescale <- [DW_OP_constu 17, DW_OP_minus, DW_OP_stack_value] $r5
	.loc	5 166 46                        @ ../../../../Library/StdDriver/src/epwm.c:166:46
	sub.w	r2, r5, #17
	udiv	r1, r3, r2
.Ltmp76:
	@DEBUG_VALUE: EPWM_ConfigOutputChannel:i <- $r1
	.loc	5 169 13                        @ ../../../../Library/StdDriver/src/epwm.c:169:13
	cmp.w	r1, #65536
	blo	.LBB1_32
.Ltmp77:
@ %bb.13:                               @   in Loop: Header=BB1_7 Depth=1
	@DEBUG_VALUE: EPWM_ConfigOutputChannel:u32Prescale <- [DW_OP_constu 17, DW_OP_minus, DW_OP_stack_value] $r5
	@DEBUG_VALUE: EPWM_ConfigOutputChannel:i <- $r1
	@DEBUG_VALUE: EPWM_ConfigOutputChannel:u32Frequency <- [DW_OP_LLVM_entry_value 1] $r2
	@DEBUG_VALUE: EPWM_ConfigOutputChannel:u32EPWMClockSrc <- $r0
	@DEBUG_VALUE: EPWM_ConfigOutputChannel:u32ChannelNum <- $r9
	@DEBUG_VALUE: EPWM_ConfigOutputChannel:u32DutyCycle <- $r8
	@DEBUG_VALUE: EPWM_ConfigOutputChannel:u32CNR <- 65535
	@DEBUG_VALUE: EPWM_ConfigOutputChannel:epwm <- $r4
	@DEBUG_VALUE: EPWM_ConfigOutputChannel:u32Prescale <- [DW_OP_constu 16, DW_OP_minus, DW_OP_stack_value] $r5
	.loc	5 166 46                        @ ../../../../Library/StdDriver/src/epwm.c:166:46
	sub.w	r2, r5, #16
	udiv	r1, r3, r2
.Ltmp78:
	@DEBUG_VALUE: EPWM_ConfigOutputChannel:i <- $r1
	.loc	5 169 13                        @ ../../../../Library/StdDriver/src/epwm.c:169:13
	cmp.w	r1, #65536
	blo	.LBB1_32
.Ltmp79:
@ %bb.14:                               @   in Loop: Header=BB1_7 Depth=1
	@DEBUG_VALUE: EPWM_ConfigOutputChannel:u32Prescale <- [DW_OP_constu 16, DW_OP_minus, DW_OP_stack_value] $r5
	@DEBUG_VALUE: EPWM_ConfigOutputChannel:i <- $r1
	@DEBUG_VALUE: EPWM_ConfigOutputChannel:u32Frequency <- [DW_OP_LLVM_entry_value 1] $r2
	@DEBUG_VALUE: EPWM_ConfigOutputChannel:u32EPWMClockSrc <- $r0
	@DEBUG_VALUE: EPWM_ConfigOutputChannel:u32ChannelNum <- $r9
	@DEBUG_VALUE: EPWM_ConfigOutputChannel:u32DutyCycle <- $r8
	@DEBUG_VALUE: EPWM_ConfigOutputChannel:u32CNR <- 65535
	@DEBUG_VALUE: EPWM_ConfigOutputChannel:epwm <- $r4
	@DEBUG_VALUE: EPWM_ConfigOutputChannel:u32Prescale <- [DW_OP_constu 15, DW_OP_minus, DW_OP_stack_value] $r5
	.loc	5 166 46                        @ ../../../../Library/StdDriver/src/epwm.c:166:46
	sub.w	r2, r5, #15
	udiv	r1, r3, r2
.Ltmp80:
	@DEBUG_VALUE: EPWM_ConfigOutputChannel:i <- $r1
	.loc	5 169 13                        @ ../../../../Library/StdDriver/src/epwm.c:169:13
	cmp.w	r1, #65536
	blo	.LBB1_32
.Ltmp81:
@ %bb.15:                               @   in Loop: Header=BB1_7 Depth=1
	@DEBUG_VALUE: EPWM_ConfigOutputChannel:u32Prescale <- [DW_OP_constu 15, DW_OP_minus, DW_OP_stack_value] $r5
	@DEBUG_VALUE: EPWM_ConfigOutputChannel:i <- $r1
	@DEBUG_VALUE: EPWM_ConfigOutputChannel:u32Frequency <- [DW_OP_LLVM_entry_value 1] $r2
	@DEBUG_VALUE: EPWM_ConfigOutputChannel:u32EPWMClockSrc <- $r0
	@DEBUG_VALUE: EPWM_ConfigOutputChannel:u32ChannelNum <- $r9
	@DEBUG_VALUE: EPWM_ConfigOutputChannel:u32DutyCycle <- $r8
	@DEBUG_VALUE: EPWM_ConfigOutputChannel:u32CNR <- 65535
	@DEBUG_VALUE: EPWM_ConfigOutputChannel:epwm <- $r4
	@DEBUG_VALUE: EPWM_ConfigOutputChannel:u32Prescale <- [DW_OP_constu 14, DW_OP_minus, DW_OP_stack_value] $r5
	.loc	5 166 46                        @ ../../../../Library/StdDriver/src/epwm.c:166:46
	sub.w	r2, r5, #14
	udiv	r1, r3, r2
.Ltmp82:
	@DEBUG_VALUE: EPWM_ConfigOutputChannel:i <- $r1
	.loc	5 169 13                        @ ../../../../Library/StdDriver/src/epwm.c:169:13
	cmp.w	r1, #65536
	blo	.LBB1_32
.Ltmp83:
@ %bb.16:                               @   in Loop: Header=BB1_7 Depth=1
	@DEBUG_VALUE: EPWM_ConfigOutputChannel:u32Prescale <- [DW_OP_constu 14, DW_OP_minus, DW_OP_stack_value] $r5
	@DEBUG_VALUE: EPWM_ConfigOutputChannel:i <- $r1
	@DEBUG_VALUE: EPWM_ConfigOutputChannel:u32Frequency <- [DW_OP_LLVM_entry_value 1] $r2
	@DEBUG_VALUE: EPWM_ConfigOutputChannel:u32EPWMClockSrc <- $r0
	@DEBUG_VALUE: EPWM_ConfigOutputChannel:u32ChannelNum <- $r9
	@DEBUG_VALUE: EPWM_ConfigOutputChannel:u32DutyCycle <- $r8
	@DEBUG_VALUE: EPWM_ConfigOutputChannel:u32CNR <- 65535
	@DEBUG_VALUE: EPWM_ConfigOutputChannel:epwm <- $r4
	@DEBUG_VALUE: EPWM_ConfigOutputChannel:u32Prescale <- [DW_OP_constu 13, DW_OP_minus, DW_OP_stack_value] $r5
	.loc	5 166 46                        @ ../../../../Library/StdDriver/src/epwm.c:166:46
	sub.w	r2, r5, #13
	udiv	r1, r3, r2
.Ltmp84:
	@DEBUG_VALUE: EPWM_ConfigOutputChannel:i <- $r1
	.loc	5 169 13                        @ ../../../../Library/StdDriver/src/epwm.c:169:13
	cmp.w	r1, #65536
	blo	.LBB1_32
.Ltmp85:
@ %bb.17:                               @   in Loop: Header=BB1_7 Depth=1
	@DEBUG_VALUE: EPWM_ConfigOutputChannel:u32Prescale <- [DW_OP_constu 13, DW_OP_minus, DW_OP_stack_value] $r5
	@DEBUG_VALUE: EPWM_ConfigOutputChannel:i <- $r1
	@DEBUG_VALUE: EPWM_ConfigOutputChannel:u32Frequency <- [DW_OP_LLVM_entry_value 1] $r2
	@DEBUG_VALUE: EPWM_ConfigOutputChannel:u32EPWMClockSrc <- $r0
	@DEBUG_VALUE: EPWM_ConfigOutputChannel:u32ChannelNum <- $r9
	@DEBUG_VALUE: EPWM_ConfigOutputChannel:u32DutyCycle <- $r8
	@DEBUG_VALUE: EPWM_ConfigOutputChannel:u32CNR <- 65535
	@DEBUG_VALUE: EPWM_ConfigOutputChannel:epwm <- $r4
	@DEBUG_VALUE: EPWM_ConfigOutputChannel:u32Prescale <- [DW_OP_constu 12, DW_OP_minus, DW_OP_stack_value] $r5
	.loc	5 166 46                        @ ../../../../Library/StdDriver/src/epwm.c:166:46
	sub.w	r2, r5, #12
	udiv	r1, r3, r2
.Ltmp86:
	@DEBUG_VALUE: EPWM_ConfigOutputChannel:i <- $r1
	.loc	5 169 13                        @ ../../../../Library/StdDriver/src/epwm.c:169:13
	cmp.w	r1, #65536
	blo	.LBB1_32
.Ltmp87:
@ %bb.18:                               @   in Loop: Header=BB1_7 Depth=1
	@DEBUG_VALUE: EPWM_ConfigOutputChannel:u32Prescale <- [DW_OP_constu 12, DW_OP_minus, DW_OP_stack_value] $r5
	@DEBUG_VALUE: EPWM_ConfigOutputChannel:i <- $r1
	@DEBUG_VALUE: EPWM_ConfigOutputChannel:u32Frequency <- [DW_OP_LLVM_entry_value 1] $r2
	@DEBUG_VALUE: EPWM_ConfigOutputChannel:u32EPWMClockSrc <- $r0
	@DEBUG_VALUE: EPWM_ConfigOutputChannel:u32ChannelNum <- $r9
	@DEBUG_VALUE: EPWM_ConfigOutputChannel:u32DutyCycle <- $r8
	@DEBUG_VALUE: EPWM_ConfigOutputChannel:u32CNR <- 65535
	@DEBUG_VALUE: EPWM_ConfigOutputChannel:epwm <- $r4
	@DEBUG_VALUE: EPWM_ConfigOutputChannel:u32Prescale <- [DW_OP_constu 11, DW_OP_minus, DW_OP_stack_value] $r5
	.loc	5 166 46                        @ ../../../../Library/StdDriver/src/epwm.c:166:46
	sub.w	r2, r5, #11
	udiv	r1, r3, r2
.Ltmp88:
	@DEBUG_VALUE: EPWM_ConfigOutputChannel:i <- $r1
	.loc	5 169 13                        @ ../../../../Library/StdDriver/src/epwm.c:169:13
	cmp.w	r1, #65536
	blo	.LBB1_32
.Ltmp89:
@ %bb.19:                               @   in Loop: Header=BB1_7 Depth=1
	@DEBUG_VALUE: EPWM_ConfigOutputChannel:u32Prescale <- [DW_OP_constu 11, DW_OP_minus, DW_OP_stack_value] $r5
	@DEBUG_VALUE: EPWM_ConfigOutputChannel:i <- $r1
	@DEBUG_VALUE: EPWM_ConfigOutputChannel:u32Frequency <- [DW_OP_LLVM_entry_value 1] $r2
	@DEBUG_VALUE: EPWM_ConfigOutputChannel:u32EPWMClockSrc <- $r0
	@DEBUG_VALUE: EPWM_ConfigOutputChannel:u32ChannelNum <- $r9
	@DEBUG_VALUE: EPWM_ConfigOutputChannel:u32DutyCycle <- $r8
	@DEBUG_VALUE: EPWM_ConfigOutputChannel:u32CNR <- 65535
	@DEBUG_VALUE: EPWM_ConfigOutputChannel:epwm <- $r4
	@DEBUG_VALUE: EPWM_ConfigOutputChannel:u32Prescale <- [DW_OP_constu 10, DW_OP_minus, DW_OP_stack_value] $r5
	.loc	5 166 46                        @ ../../../../Library/StdDriver/src/epwm.c:166:46
	sub.w	r2, r5, #10
	udiv	r1, r3, r2
.Ltmp90:
	@DEBUG_VALUE: EPWM_ConfigOutputChannel:i <- $r1
	.loc	5 169 13                        @ ../../../../Library/StdDriver/src/epwm.c:169:13
	cmp.w	r1, #65536
	blo	.LBB1_32
.Ltmp91:
@ %bb.20:                               @   in Loop: Header=BB1_7 Depth=1
	@DEBUG_VALUE: EPWM_ConfigOutputChannel:u32Prescale <- [DW_OP_constu 10, DW_OP_minus, DW_OP_stack_value] $r5
	@DEBUG_VALUE: EPWM_ConfigOutputChannel:i <- $r1
	@DEBUG_VALUE: EPWM_ConfigOutputChannel:u32Frequency <- [DW_OP_LLVM_entry_value 1] $r2
	@DEBUG_VALUE: EPWM_ConfigOutputChannel:u32EPWMClockSrc <- $r0
	@DEBUG_VALUE: EPWM_ConfigOutputChannel:u32ChannelNum <- $r9
	@DEBUG_VALUE: EPWM_ConfigOutputChannel:u32DutyCycle <- $r8
	@DEBUG_VALUE: EPWM_ConfigOutputChannel:u32CNR <- 65535
	@DEBUG_VALUE: EPWM_ConfigOutputChannel:epwm <- $r4
	@DEBUG_VALUE: EPWM_ConfigOutputChannel:u32Prescale <- [DW_OP_constu 9, DW_OP_minus, DW_OP_stack_value] $r5
	.loc	5 166 46                        @ ../../../../Library/StdDriver/src/epwm.c:166:46
	sub.w	r2, r5, #9
	udiv	r1, r3, r2
.Ltmp92:
	@DEBUG_VALUE: EPWM_ConfigOutputChannel:i <- $r1
	.loc	5 169 13                        @ ../../../../Library/StdDriver/src/epwm.c:169:13
	cmp.w	r1, #65536
	blo	.LBB1_32
.Ltmp93:
@ %bb.21:                               @   in Loop: Header=BB1_7 Depth=1
	@DEBUG_VALUE: EPWM_ConfigOutputChannel:u32Prescale <- [DW_OP_constu 9, DW_OP_minus, DW_OP_stack_value] $r5
	@DEBUG_VALUE: EPWM_ConfigOutputChannel:i <- $r1
	@DEBUG_VALUE: EPWM_ConfigOutputChannel:u32Frequency <- [DW_OP_LLVM_entry_value 1] $r2
	@DEBUG_VALUE: EPWM_ConfigOutputChannel:u32EPWMClockSrc <- $r0
	@DEBUG_VALUE: EPWM_ConfigOutputChannel:u32ChannelNum <- $r9
	@DEBUG_VALUE: EPWM_ConfigOutputChannel:u32DutyCycle <- $r8
	@DEBUG_VALUE: EPWM_ConfigOutputChannel:u32CNR <- 65535
	@DEBUG_VALUE: EPWM_ConfigOutputChannel:epwm <- $r4
	@DEBUG_VALUE: EPWM_ConfigOutputChannel:u32Prescale <- [DW_OP_constu 8, DW_OP_minus, DW_OP_stack_value] $r5
	.loc	5 166 46                        @ ../../../../Library/StdDriver/src/epwm.c:166:46
	sub.w	r2, r5, #8
	udiv	r1, r3, r2
.Ltmp94:
	@DEBUG_VALUE: EPWM_ConfigOutputChannel:i <- $r1
	.loc	5 169 13                        @ ../../../../Library/StdDriver/src/epwm.c:169:13
	cmp.w	r1, #65536
	blo	.LBB1_32
.Ltmp95:
@ %bb.22:                               @   in Loop: Header=BB1_7 Depth=1
	@DEBUG_VALUE: EPWM_ConfigOutputChannel:u32Prescale <- [DW_OP_constu 8, DW_OP_minus, DW_OP_stack_value] $r5
	@DEBUG_VALUE: EPWM_ConfigOutputChannel:i <- $r1
	@DEBUG_VALUE: EPWM_ConfigOutputChannel:u32Frequency <- [DW_OP_LLVM_entry_value 1] $r2
	@DEBUG_VALUE: EPWM_ConfigOutputChannel:u32EPWMClockSrc <- $r0
	@DEBUG_VALUE: EPWM_ConfigOutputChannel:u32ChannelNum <- $r9
	@DEBUG_VALUE: EPWM_ConfigOutputChannel:u32DutyCycle <- $r8
	@DEBUG_VALUE: EPWM_ConfigOutputChannel:u32CNR <- 65535
	@DEBUG_VALUE: EPWM_ConfigOutputChannel:epwm <- $r4
	@DEBUG_VALUE: EPWM_ConfigOutputChannel:u32Prescale <- [DW_OP_constu 7, DW_OP_minus, DW_OP_stack_value] $r5
	.loc	5 166 46                        @ ../../../../Library/StdDriver/src/epwm.c:166:46
	subs	r2, r5, #7
	udiv	r1, r3, r2
.Ltmp96:
	@DEBUG_VALUE: EPWM_ConfigOutputChannel:i <- $r1
	.loc	5 169 13                        @ ../../../../Library/StdDriver/src/epwm.c:169:13
	cmp.w	r1, #65536
	blo	.LBB1_32
.Ltmp97:
@ %bb.23:                               @   in Loop: Header=BB1_7 Depth=1
	@DEBUG_VALUE: EPWM_ConfigOutputChannel:u32Prescale <- [DW_OP_constu 7, DW_OP_minus, DW_OP_stack_value] $r5
	@DEBUG_VALUE: EPWM_ConfigOutputChannel:i <- $r1
	@DEBUG_VALUE: EPWM_ConfigOutputChannel:u32Frequency <- [DW_OP_LLVM_entry_value 1] $r2
	@DEBUG_VALUE: EPWM_ConfigOutputChannel:u32EPWMClockSrc <- $r0
	@DEBUG_VALUE: EPWM_ConfigOutputChannel:u32ChannelNum <- $r9
	@DEBUG_VALUE: EPWM_ConfigOutputChannel:u32DutyCycle <- $r8
	@DEBUG_VALUE: EPWM_ConfigOutputChannel:u32CNR <- 65535
	@DEBUG_VALUE: EPWM_ConfigOutputChannel:epwm <- $r4
	@DEBUG_VALUE: EPWM_ConfigOutputChannel:u32Prescale <- [DW_OP_constu 6, DW_OP_minus, DW_OP_stack_value] $r5
	.loc	5 166 46                        @ ../../../../Library/StdDriver/src/epwm.c:166:46
	subs	r2, r5, #6
	udiv	r1, r3, r2
.Ltmp98:
	@DEBUG_VALUE: EPWM_ConfigOutputChannel:i <- $r1
	.loc	5 169 13                        @ ../../../../Library/StdDriver/src/epwm.c:169:13
	cmp.w	r1, #65536
	blo	.LBB1_32
.Ltmp99:
@ %bb.24:                               @   in Loop: Header=BB1_7 Depth=1
	@DEBUG_VALUE: EPWM_ConfigOutputChannel:u32Prescale <- [DW_OP_constu 6, DW_OP_minus, DW_OP_stack_value] $r5
	@DEBUG_VALUE: EPWM_ConfigOutputChannel:i <- $r1
	@DEBUG_VALUE: EPWM_ConfigOutputChannel:u32Frequency <- [DW_OP_LLVM_entry_value 1] $r2
	@DEBUG_VALUE: EPWM_ConfigOutputChannel:u32EPWMClockSrc <- $r0
	@DEBUG_VALUE: EPWM_ConfigOutputChannel:u32ChannelNum <- $r9
	@DEBUG_VALUE: EPWM_ConfigOutputChannel:u32DutyCycle <- $r8
	@DEBUG_VALUE: EPWM_ConfigOutputChannel:u32CNR <- 65535
	@DEBUG_VALUE: EPWM_ConfigOutputChannel:epwm <- $r4
	@DEBUG_VALUE: EPWM_ConfigOutputChannel:u32Prescale <- [DW_OP_constu 5, DW_OP_minus, DW_OP_stack_value] $r5
	.loc	5 166 46                        @ ../../../../Library/StdDriver/src/epwm.c:166:46
	subs	r2, r5, #5
	udiv	r1, r3, r2
.Ltmp100:
	@DEBUG_VALUE: EPWM_ConfigOutputChannel:i <- $r1
	.loc	5 169 13                        @ ../../../../Library/StdDriver/src/epwm.c:169:13
	cmp.w	r1, #65536
	blo	.LBB1_32
.Ltmp101:
@ %bb.25:                               @   in Loop: Header=BB1_7 Depth=1
	@DEBUG_VALUE: EPWM_ConfigOutputChannel:u32Prescale <- [DW_OP_constu 5, DW_OP_minus, DW_OP_stack_value] $r5
	@DEBUG_VALUE: EPWM_ConfigOutputChannel:i <- $r1
	@DEBUG_VALUE: EPWM_ConfigOutputChannel:u32Frequency <- [DW_OP_LLVM_entry_value 1] $r2
	@DEBUG_VALUE: EPWM_ConfigOutputChannel:u32EPWMClockSrc <- $r0
	@DEBUG_VALUE: EPWM_ConfigOutputChannel:u32ChannelNum <- $r9
	@DEBUG_VALUE: EPWM_ConfigOutputChannel:u32DutyCycle <- $r8
	@DEBUG_VALUE: EPWM_ConfigOutputChannel:u32CNR <- 65535
	@DEBUG_VALUE: EPWM_ConfigOutputChannel:epwm <- $r4
	@DEBUG_VALUE: EPWM_ConfigOutputChannel:u32Prescale <- [DW_OP_constu 4, DW_OP_minus, DW_OP_stack_value] $r5
	.loc	5 166 46                        @ ../../../../Library/StdDriver/src/epwm.c:166:46
	subs	r2, r5, #4
	udiv	r1, r3, r2
.Ltmp102:
	@DEBUG_VALUE: EPWM_ConfigOutputChannel:i <- $r1
	.loc	5 169 13                        @ ../../../../Library/StdDriver/src/epwm.c:169:13
	cmp.w	r1, #65536
	blo	.LBB1_32
.Ltmp103:
@ %bb.26:                               @   in Loop: Header=BB1_7 Depth=1
	@DEBUG_VALUE: EPWM_ConfigOutputChannel:u32Prescale <- [DW_OP_constu 4, DW_OP_minus, DW_OP_stack_value] $r5
	@DEBUG_VALUE: EPWM_ConfigOutputChannel:i <- $r1
	@DEBUG_VALUE: EPWM_ConfigOutputChannel:u32Frequency <- [DW_OP_LLVM_entry_value 1] $r2
	@DEBUG_VALUE: EPWM_ConfigOutputChannel:u32EPWMClockSrc <- $r0
	@DEBUG_VALUE: EPWM_ConfigOutputChannel:u32ChannelNum <- $r9
	@DEBUG_VALUE: EPWM_ConfigOutputChannel:u32DutyCycle <- $r8
	@DEBUG_VALUE: EPWM_ConfigOutputChannel:u32CNR <- 65535
	@DEBUG_VALUE: EPWM_ConfigOutputChannel:epwm <- $r4
	@DEBUG_VALUE: EPWM_ConfigOutputChannel:u32Prescale <- [DW_OP_constu 3, DW_OP_minus, DW_OP_stack_value] $r5
	.loc	5 166 46                        @ ../../../../Library/StdDriver/src/epwm.c:166:46
	subs	r2, r5, #3
	udiv	r1, r3, r2
.Ltmp104:
	@DEBUG_VALUE: EPWM_ConfigOutputChannel:i <- $r1
	.loc	5 169 13                        @ ../../../../Library/StdDriver/src/epwm.c:169:13
	cmp.w	r1, #65536
	blo	.LBB1_32
.Ltmp105:
@ %bb.27:                               @   in Loop: Header=BB1_7 Depth=1
	@DEBUG_VALUE: EPWM_ConfigOutputChannel:u32Prescale <- [DW_OP_constu 3, DW_OP_minus, DW_OP_stack_value] $r5
	@DEBUG_VALUE: EPWM_ConfigOutputChannel:i <- $r1
	@DEBUG_VALUE: EPWM_ConfigOutputChannel:u32Frequency <- [DW_OP_LLVM_entry_value 1] $r2
	@DEBUG_VALUE: EPWM_ConfigOutputChannel:u32EPWMClockSrc <- $r0
	@DEBUG_VALUE: EPWM_ConfigOutputChannel:u32ChannelNum <- $r9
	@DEBUG_VALUE: EPWM_ConfigOutputChannel:u32DutyCycle <- $r8
	@DEBUG_VALUE: EPWM_ConfigOutputChannel:u32CNR <- 65535
	@DEBUG_VALUE: EPWM_ConfigOutputChannel:epwm <- $r4
	@DEBUG_VALUE: EPWM_ConfigOutputChannel:u32Prescale <- [DW_OP_constu 2, DW_OP_minus, DW_OP_stack_value] $r5
	.loc	5 166 46                        @ ../../../../Library/StdDriver/src/epwm.c:166:46
	subs	r2, r5, #2
	udiv	r1, r3, r2
.Ltmp106:
	@DEBUG_VALUE: EPWM_ConfigOutputChannel:i <- $r1
	.loc	5 169 13                        @ ../../../../Library/StdDriver/src/epwm.c:169:13
	cmp.w	r1, #65536
	blo	.LBB1_32
.Ltmp107:
@ %bb.28:                               @   in Loop: Header=BB1_7 Depth=1
	@DEBUG_VALUE: EPWM_ConfigOutputChannel:u32Prescale <- [DW_OP_constu 2, DW_OP_minus, DW_OP_stack_value] $r5
	@DEBUG_VALUE: EPWM_ConfigOutputChannel:i <- $r1
	@DEBUG_VALUE: EPWM_ConfigOutputChannel:u32Frequency <- [DW_OP_LLVM_entry_value 1] $r2
	@DEBUG_VALUE: EPWM_ConfigOutputChannel:u32EPWMClockSrc <- $r0
	@DEBUG_VALUE: EPWM_ConfigOutputChannel:u32ChannelNum <- $r9
	@DEBUG_VALUE: EPWM_ConfigOutputChannel:u32DutyCycle <- $r8
	@DEBUG_VALUE: EPWM_ConfigOutputChannel:u32CNR <- 65535
	@DEBUG_VALUE: EPWM_ConfigOutputChannel:epwm <- $r4
	@DEBUG_VALUE: EPWM_ConfigOutputChannel:u32Prescale <- [DW_OP_constu 1, DW_OP_minus, DW_OP_stack_value] $r5
	.loc	5 166 46                        @ ../../../../Library/StdDriver/src/epwm.c:166:46
	subs	r2, r5, #1
	udiv	r1, r3, r2
.Ltmp108:
	@DEBUG_VALUE: EPWM_ConfigOutputChannel:i <- $r1
	.loc	5 169 13                        @ ../../../../Library/StdDriver/src/epwm.c:169:13
	cmp.w	r1, #65536
	blo	.LBB1_32
.Ltmp109:
@ %bb.29:                               @   in Loop: Header=BB1_7 Depth=1
	@DEBUG_VALUE: EPWM_ConfigOutputChannel:u32Prescale <- [DW_OP_constu 1, DW_OP_minus, DW_OP_stack_value] $r5
	@DEBUG_VALUE: EPWM_ConfigOutputChannel:i <- $r1
	@DEBUG_VALUE: EPWM_ConfigOutputChannel:u32Frequency <- [DW_OP_LLVM_entry_value 1] $r2
	@DEBUG_VALUE: EPWM_ConfigOutputChannel:u32EPWMClockSrc <- $r0
	@DEBUG_VALUE: EPWM_ConfigOutputChannel:u32ChannelNum <- $r9
	@DEBUG_VALUE: EPWM_ConfigOutputChannel:u32DutyCycle <- $r8
	@DEBUG_VALUE: EPWM_ConfigOutputChannel:u32CNR <- 65535
	@DEBUG_VALUE: EPWM_ConfigOutputChannel:epwm <- $r4
	@DEBUG_VALUE: EPWM_ConfigOutputChannel:u32Prescale <- $r5
	.loc	5 166 46                        @ ../../../../Library/StdDriver/src/epwm.c:166:46
	udiv	r1, r3, r5
.Ltmp110:
	@DEBUG_VALUE: EPWM_ConfigOutputChannel:i <- $r1
	.loc	5 169 13                        @ ../../../../Library/StdDriver/src/epwm.c:169:13
	cmp.w	r1, #65536
	blo	.LBB1_33
.Ltmp111:
@ %bb.30:                               @   in Loop: Header=BB1_7 Depth=1
	@DEBUG_VALUE: EPWM_ConfigOutputChannel:u32Prescale <- $r5
	@DEBUG_VALUE: EPWM_ConfigOutputChannel:i <- $r1
	@DEBUG_VALUE: EPWM_ConfigOutputChannel:u32Frequency <- [DW_OP_LLVM_entry_value 1] $r2
	@DEBUG_VALUE: EPWM_ConfigOutputChannel:u32EPWMClockSrc <- $r0
	@DEBUG_VALUE: EPWM_ConfigOutputChannel:u32ChannelNum <- $r9
	@DEBUG_VALUE: EPWM_ConfigOutputChannel:u32DutyCycle <- $r8
	@DEBUG_VALUE: EPWM_ConfigOutputChannel:u32CNR <- 65535
	@DEBUG_VALUE: EPWM_ConfigOutputChannel:epwm <- $r4
	@DEBUG_VALUE: EPWM_ConfigOutputChannel:u32Prescale <- [DW_OP_plus_uconst 1, DW_OP_stack_value] $r5
	.loc	5 164 40                        @ ../../../../Library/StdDriver/src/epwm.c:164:40
	adds	r5, #23
.Ltmp112:
	.loc	5 164 5 is_stmt 0               @ ../../../../Library/StdDriver/src/epwm.c:164:5
	cmp	r5, r7
	bne.w	.LBB1_7
.Ltmp113:
@ %bb.31:
	@DEBUG_VALUE: EPWM_ConfigOutputChannel:i <- $r1
	@DEBUG_VALUE: EPWM_ConfigOutputChannel:u32Frequency <- [DW_OP_LLVM_entry_value 1] $r2
	@DEBUG_VALUE: EPWM_ConfigOutputChannel:u32EPWMClockSrc <- $r0
	@DEBUG_VALUE: EPWM_ConfigOutputChannel:u32ChannelNum <- $r9
	@DEBUG_VALUE: EPWM_ConfigOutputChannel:u32DutyCycle <- $r8
	@DEBUG_VALUE: EPWM_ConfigOutputChannel:u32CNR <- 65535
	@DEBUG_VALUE: EPWM_ConfigOutputChannel:epwm <- $r4
	.loc	5 0 5                           @ ../../../../Library/StdDriver/src/epwm.c:0:5
	movw	r1, #65535
.Ltmp114:
	movw	r5, #4095
	b	.LBB1_33
.Ltmp115:
.LBB1_32:
	@DEBUG_VALUE: EPWM_ConfigOutputChannel:i <- $r1
	@DEBUG_VALUE: EPWM_ConfigOutputChannel:u32Frequency <- [DW_OP_LLVM_entry_value 1] $r2
	@DEBUG_VALUE: EPWM_ConfigOutputChannel:u32EPWMClockSrc <- $r0
	@DEBUG_VALUE: EPWM_ConfigOutputChannel:u32ChannelNum <- $r9
	@DEBUG_VALUE: EPWM_ConfigOutputChannel:u32DutyCycle <- $r8
	@DEBUG_VALUE: EPWM_ConfigOutputChannel:u32CNR <- 65535
	@DEBUG_VALUE: EPWM_ConfigOutputChannel:epwm <- $r4
	mov	r5, r2
.Ltmp116:
.LBB1_33:
	@DEBUG_VALUE: EPWM_ConfigOutputChannel:u32Frequency <- [DW_OP_LLVM_entry_value 1] $r2
	@DEBUG_VALUE: EPWM_ConfigOutputChannel:u32EPWMClockSrc <- $r0
	@DEBUG_VALUE: EPWM_ConfigOutputChannel:u32ChannelNum <- $r9
	@DEBUG_VALUE: EPWM_ConfigOutputChannel:u32DutyCycle <- $r8
	@DEBUG_VALUE: EPWM_ConfigOutputChannel:u32CNR <- 65535
	@DEBUG_VALUE: EPWM_ConfigOutputChannel:epwm <- $r4
	@DEBUG_VALUE: EPWM_ConfigOutputChannel:u32CNR <- $r1
	.loc	5 181 5 is_stmt 1               @ ../../../../Library/StdDriver/src/epwm.c:181:5
	add.w	r2, r4, r9, lsl #2
	.loc	5 180 17                        @ ../../../../Library/StdDriver/src/epwm.c:180:17
	subs	r3, r5, #1
.Ltmp117:
	@DEBUG_VALUE: EPWM_ConfigOutputChannel:u32Prescale <- $r3
	.loc	5 183 79                        @ ../../../../Library/StdDriver/src/epwm.c:183:79
	lsl.w	r7, r9, #1
	.loc	5 181 5                         @ ../../../../Library/StdDriver/src/epwm.c:181:5
	str.w	r3, [r2, #656]
	movs	r6, #3
	.loc	5 183 29                        @ ../../../../Library/StdDriver/src/epwm.c:183:29
	ldr	r3, [r4, #4]
.Ltmp118:
	.loc	5 183 61 is_stmt 0              @ ../../../../Library/StdDriver/src/epwm.c:183:61
	lsls	r6, r7
	.loc	5 183 34                        @ ../../../../Library/StdDriver/src/epwm.c:183:34
	bics	r3, r6
	.loc	5 183 18                        @ ../../../../Library/StdDriver/src/epwm.c:183:18
	str	r3, [r4, #4]
	mov.w	r3, #65536
	.loc	5 185 18 is_stmt 1              @ ../../../../Library/StdDriver/src/epwm.c:185:18
	ldr	r6, [r4, #4]
	.loc	5 185 46 is_stmt 0              @ ../../../../Library/StdDriver/src/epwm.c:185:46
	lsl.w	r3, r3, r9
	.loc	5 185 18                        @ ../../../../Library/StdDriver/src/epwm.c:185:18
	bic.w	r3, r6, r3
	movw	r6, #34079
	str	r3, [r4, #4]
	.loc	5 189 5 is_stmt 1               @ ../../../../Library/StdDriver/src/epwm.c:189:5
	mul	r3, r1, r8
	movt	r6, #20971
	umull	r3, r6, r3, r6
	.loc	5 177 40                        @ ../../../../Library/StdDriver/src/epwm.c:177:40
	muls	r5, r1, r5
	.loc	5 187 12                        @ ../../../../Library/StdDriver/src/epwm.c:187:12
	subs	r1, #1
.Ltmp119:
	@DEBUG_VALUE: EPWM_ConfigOutputChannel:u32CNR <- $r1
	.loc	5 0 12 is_stmt 0                @ ../../../../Library/StdDriver/src/epwm.c:0:12
	movs	r3, #2
	.loc	5 188 5 is_stmt 1               @ ../../../../Library/StdDriver/src/epwm.c:188:5
	str	r1, [r2, #48]
	.loc	5 189 5                         @ ../../../../Library/StdDriver/src/epwm.c:189:5
	lsrs	r1, r6, #5
.Ltmp120:
	str	r1, [r2, #80]
	mov.w	r2, #196611
	.loc	5 191 31                        @ ../../../../Library/StdDriver/src/epwm.c:191:31
	ldr.w	r1, [r4, #176]
	.loc	5 191 94 is_stmt 0              @ ../../../../Library/StdDriver/src/epwm.c:191:94
	lsls	r2, r7
	.loc	5 191 38                        @ ../../../../Library/StdDriver/src/epwm.c:191:38
	bics	r1, r2
	.loc	5 192 50 is_stmt 1              @ ../../../../Library/StdDriver/src/epwm.c:192:50
	lsls	r3, r7
	.loc	5 191 121                       @ ../../../../Library/StdDriver/src/epwm.c:191:121
	orrs	r1, r3
	.loc	5 191 20 is_stmt 0              @ ../../../../Library/StdDriver/src/epwm.c:191:20
	str.w	r1, [r4, #176]
	.loc	5 193 31 is_stmt 1              @ ../../../../Library/StdDriver/src/epwm.c:193:31
	ldr.w	r1, [r4, #180]
	.loc	5 177 25                        @ ../../../../Library/StdDriver/src/epwm.c:177:25
	udiv	r0, r0, r5
.Ltmp121:
	@DEBUG_VALUE: EPWM_ConfigOutputChannel:i <- $r0
	.loc	5 193 38                        @ ../../../../Library/StdDriver/src/epwm.c:193:38
	bics	r1, r2
	movs	r2, #1
	.loc	5 194 49                        @ ../../../../Library/StdDriver/src/epwm.c:194:49
	lsls	r2, r7
	.loc	5 193 123                       @ ../../../../Library/StdDriver/src/epwm.c:193:123
	orrs	r1, r2
	.loc	5 193 20 is_stmt 0              @ ../../../../Library/StdDriver/src/epwm.c:193:20
	str.w	r1, [r4, #180]
	.loc	5 196 5 epilogue_begin is_stmt 1 @ ../../../../Library/StdDriver/src/epwm.c:196:5
	add	sp, #4
	pop.w	{r4, r5, r6, r7, r8, r9, pc}
.Ltmp122:
.Lfunc_end1:
	.size	EPWM_ConfigOutputChannel, .Lfunc_end1-EPWM_ConfigOutputChannel
	.cfi_endproc
	.cantunwind
	.fnend
                                        @ -- End function
	.section	.text.EPWM_Start,"ax",%progbits
	.hidden	EPWM_Start                      @ -- Begin function EPWM_Start
	.globl	EPWM_Start
	.p2align	2
	.type	EPWM_Start,%function
	.code	16                              @ @EPWM_Start
	.thumb_func
EPWM_Start:
.Lfunc_begin2:
	.fnstart
	.cfi_startproc
@ %bb.0:
	@DEBUG_VALUE: EPWM_Start:epwm <- $r0
	@DEBUG_VALUE: EPWM_Start:u32ChannelMask <- $r1
	.loc	5 211 19 prologue_end           @ ../../../../Library/StdDriver/src/epwm.c:211:19
	ldr	r2, [r0, #32]
	orrs	r1, r2
.Ltmp123:
	@DEBUG_VALUE: EPWM_Start:u32ChannelMask <- [DW_OP_LLVM_entry_value 1] $r1
	str	r1, [r0, #32]
	.loc	5 212 1                         @ ../../../../Library/StdDriver/src/epwm.c:212:1
	bx	lr
.Ltmp124:
.Lfunc_end2:
	.size	EPWM_Start, .Lfunc_end2-EPWM_Start
	.cfi_endproc
	.cantunwind
	.fnend
                                        @ -- End function
	.section	.text.EPWM_Stop,"ax",%progbits
	.hidden	EPWM_Stop                       @ -- Begin function EPWM_Stop
	.globl	EPWM_Stop
	.p2align	2
	.type	EPWM_Stop,%function
	.code	16                              @ @EPWM_Stop
	.thumb_func
EPWM_Stop:
.Lfunc_begin3:
	.fnstart
	.cfi_startproc
@ %bb.0:
	@DEBUG_VALUE: EPWM_Stop:epwm <- $r0
	@DEBUG_VALUE: EPWM_Stop:u32ChannelMask <- $r1
	.loc	5 230 13 prologue_end           @ ../../../../Library/StdDriver/src/epwm.c:230:13
	lsls	r2, r1, #31
.Ltmp125:
	@DEBUG_VALUE: EPWM_Stop:i <- 0
	.loc	5 0 13 is_stmt 0                @ ../../../../Library/StdDriver/src/epwm.c:0:13
	itt	ne
	movne	r2, #0
.Ltmp126:
	.loc	5 232 31 is_stmt 1              @ ../../../../Library/StdDriver/src/epwm.c:232:31
	strne	r2, [r0, #48]
.Ltmp127:
	@DEBUG_VALUE: EPWM_Stop:i <- 1
	.loc	5 230 13                        @ ../../../../Library/StdDriver/src/epwm.c:230:13
	lsls	r2, r1, #30
	itt	mi
	movmi	r2, #0
.Ltmp128:
	.loc	5 232 31                        @ ../../../../Library/StdDriver/src/epwm.c:232:31
	strmi	r2, [r0, #52]
.Ltmp129:
	@DEBUG_VALUE: EPWM_Stop:i <- 2
	.loc	5 230 13                        @ ../../../../Library/StdDriver/src/epwm.c:230:13
	lsls	r2, r1, #29
	itt	mi
	movmi	r2, #0
.Ltmp130:
	.loc	5 232 31                        @ ../../../../Library/StdDriver/src/epwm.c:232:31
	strmi	r2, [r0, #56]
.Ltmp131:
	@DEBUG_VALUE: EPWM_Stop:i <- 3
	.loc	5 230 13                        @ ../../../../Library/StdDriver/src/epwm.c:230:13
	lsls	r2, r1, #28
	itt	mi
	movmi	r2, #0
.Ltmp132:
	.loc	5 232 31                        @ ../../../../Library/StdDriver/src/epwm.c:232:31
	strmi	r2, [r0, #60]
.Ltmp133:
	@DEBUG_VALUE: EPWM_Stop:i <- 4
	.loc	5 230 13                        @ ../../../../Library/StdDriver/src/epwm.c:230:13
	lsls	r2, r1, #27
	itt	mi
	movmi	r2, #0
.Ltmp134:
	.loc	5 232 31                        @ ../../../../Library/StdDriver/src/epwm.c:232:31
	strmi	r2, [r0, #64]
.Ltmp135:
	@DEBUG_VALUE: EPWM_Stop:i <- 5
	.loc	5 230 13                        @ ../../../../Library/StdDriver/src/epwm.c:230:13
	lsls	r1, r1, #26
.Ltmp136:
	@DEBUG_VALUE: EPWM_Stop:u32ChannelMask <- [DW_OP_LLVM_entry_value 1] $r1
	.loc	5 0 13 is_stmt 0                @ ../../../../Library/StdDriver/src/epwm.c:0:13
	itt	mi
	movmi	r1, #0
.Ltmp137:
	.loc	5 232 31 is_stmt 1              @ ../../../../Library/StdDriver/src/epwm.c:232:31
	strmi	r1, [r0, #68]
.Ltmp138:
	@DEBUG_VALUE: EPWM_Stop:i <- 6
	.loc	5 235 1                         @ ../../../../Library/StdDriver/src/epwm.c:235:1
	bx	lr
.Ltmp139:
.Lfunc_end3:
	.size	EPWM_Stop, .Lfunc_end3-EPWM_Stop
	.cfi_endproc
	.cantunwind
	.fnend
                                        @ -- End function
	.section	.text.EPWM_ForceStop,"ax",%progbits
	.hidden	EPWM_ForceStop                  @ -- Begin function EPWM_ForceStop
	.globl	EPWM_ForceStop
	.p2align	2
	.type	EPWM_ForceStop,%function
	.code	16                              @ @EPWM_ForceStop
	.thumb_func
EPWM_ForceStop:
.Lfunc_begin4:
	.fnstart
	.cfi_startproc
@ %bb.0:
	@DEBUG_VALUE: EPWM_ForceStop:epwm <- $r0
	@DEBUG_VALUE: EPWM_ForceStop:u32ChannelMask <- $r1
	.loc	5 249 19 prologue_end           @ ../../../../Library/StdDriver/src/epwm.c:249:19
	ldr	r2, [r0, #32]
	bic.w	r1, r2, r1
.Ltmp140:
	@DEBUG_VALUE: EPWM_ForceStop:u32ChannelMask <- [DW_OP_LLVM_entry_value 1] $r1
	str	r1, [r0, #32]
	.loc	5 250 1                         @ ../../../../Library/StdDriver/src/epwm.c:250:1
	bx	lr
.Ltmp141:
.Lfunc_end4:
	.size	EPWM_ForceStop, .Lfunc_end4-EPWM_ForceStop
	.cfi_endproc
	.cantunwind
	.fnend
                                        @ -- End function
	.section	.text.EPWM_EnableADCTrigger,"ax",%progbits
	.hidden	EPWM_EnableADCTrigger           @ -- Begin function EPWM_EnableADCTrigger
	.globl	EPWM_EnableADCTrigger
	.p2align	2
	.type	EPWM_EnableADCTrigger,%function
	.code	16                              @ @EPWM_EnableADCTrigger
	.thumb_func
EPWM_EnableADCTrigger:
.Lfunc_begin5:
	.loc	5 281 0                         @ ../../../../Library/StdDriver/src/epwm.c:281:0
	.fnstart
	.cfi_startproc
@ %bb.0:
	@DEBUG_VALUE: EPWM_EnableADCTrigger:epwm <- $r0
	@DEBUG_VALUE: EPWM_EnableADCTrigger:u32ChannelNum <- $r1
	@DEBUG_VALUE: EPWM_EnableADCTrigger:u32Condition <- $r2
	.save	{r4, lr}
	push	{r4, lr}
	.cfi_def_cfa_offset 8
	.cfi_offset lr, -4
	.cfi_offset r4, -8
	mvn	r3, #31
	mov.w	lr, #31
.Ltmp142:
	.loc	5 282 9 prologue_end            @ ../../../../Library/StdDriver/src/epwm.c:282:9
	add.w	r12, r3, r1, lsl #3
	movs	r3, #252
	cmp	r1, #4
	itt	lo
	movlo	r3, #248
	lsllo.w	r12, r1, #3
.Ltmp143:
	.loc	5 0 0 is_stmt 0                 @ ../../../../Library/StdDriver/src/epwm.c:0:0
	ldr	r4, [r0, r3]
	lsl.w	r1, lr, r12
.Ltmp144:
	@DEBUG_VALUE: EPWM_EnableADCTrigger:u32ChannelNum <- [DW_OP_LLVM_entry_value 1] $r1
	bic.w	r1, r4, r1
	str	r1, [r0, r3]
	orr	r1, r2, #128
	ldr	r2, [r0, r3]
.Ltmp145:
	@DEBUG_VALUE: EPWM_EnableADCTrigger:u32Condition <- [DW_OP_LLVM_entry_value 1] $r2
	lsl.w	r1, r1, r12
	orrs	r1, r2
	str	r1, [r0, r3]
.Ltmp146:
	.loc	5 292 1 epilogue_begin is_stmt 1 @ ../../../../Library/StdDriver/src/epwm.c:292:1
	pop	{r4, pc}
.Ltmp147:
.Lfunc_end5:
	.size	EPWM_EnableADCTrigger, .Lfunc_end5-EPWM_EnableADCTrigger
	.cfi_endproc
	.cantunwind
	.fnend
                                        @ -- End function
	.section	.text.EPWM_DisableADCTrigger,"ax",%progbits
	.hidden	EPWM_DisableADCTrigger          @ -- Begin function EPWM_DisableADCTrigger
	.globl	EPWM_DisableADCTrigger
	.p2align	2
	.type	EPWM_DisableADCTrigger,%function
	.code	16                              @ @EPWM_DisableADCTrigger
	.thumb_func
EPWM_DisableADCTrigger:
.Lfunc_begin6:
	.loc	5 304 0                         @ ../../../../Library/StdDriver/src/epwm.c:304:0
	.fnstart
	.cfi_startproc
@ %bb.0:
	@DEBUG_VALUE: EPWM_DisableADCTrigger:epwm <- $r0
	@DEBUG_VALUE: EPWM_DisableADCTrigger:u32ChannelNum <- $r1
	mvn	r2, #31
	movs	r3, #252
.Ltmp148:
	.loc	5 305 9 prologue_end            @ ../../../../Library/StdDriver/src/epwm.c:305:9
	add.w	r2, r2, r1, lsl #3
	cmp	r1, #4
	itt	lo
	movlo	r3, #248
	lsllo	r2, r1, #3
	mov.w	r12, #128
.Ltmp149:
	.loc	5 0 0 is_stmt 0                 @ ../../../../Library/StdDriver/src/epwm.c:0:0
	ldr	r1, [r0, r3]
.Ltmp150:
	@DEBUG_VALUE: EPWM_DisableADCTrigger:u32ChannelNum <- [DW_OP_LLVM_entry_value 1] $r1
	lsl.w	r2, r12, r2
	bics	r1, r2
	str	r1, [r0, r3]
.Ltmp151:
	.loc	5 313 1 is_stmt 1               @ ../../../../Library/StdDriver/src/epwm.c:313:1
	bx	lr
.Ltmp152:
.Lfunc_end6:
	.size	EPWM_DisableADCTrigger, .Lfunc_end6-EPWM_DisableADCTrigger
	.cfi_endproc
	.cantunwind
	.fnend
                                        @ -- End function
	.section	.text.EPWM_EnableADCTriggerPrescale,"ax",%progbits
	.hidden	EPWM_EnableADCTriggerPrescale   @ -- Begin function EPWM_EnableADCTriggerPrescale
	.globl	EPWM_EnableADCTriggerPrescale
	.p2align	2
	.type	EPWM_EnableADCTriggerPrescale,%function
	.code	16                              @ @EPWM_EnableADCTriggerPrescale
	.thumb_func
EPWM_EnableADCTriggerPrescale:
.Lfunc_begin7:
	.loc	5 330 0                         @ ../../../../Library/StdDriver/src/epwm.c:330:0
	.fnstart
	.cfi_startproc
@ %bb.0:
	@DEBUG_VALUE: EPWM_EnableADCTriggerPrescale:epwm <- $r0
	@DEBUG_VALUE: EPWM_EnableADCTriggerPrescale:u32ChannelNum <- $r1
	@DEBUG_VALUE: EPWM_EnableADCTriggerPrescale:u32Prescale <- $r2
	@DEBUG_VALUE: EPWM_EnableADCTriggerPrescale:u32PrescaleCnt <- $r3
	.save	{r4, r5, r7, lr}
	push	{r4, r5, r7, lr}
	.cfi_def_cfa_offset 16
	.cfi_offset lr, -4
	.cfi_offset r7, -8
	.cfi_offset r5, -12
	.cfi_offset r4, -16
.Ltmp153:
	.loc	5 332 17 prologue_end           @ ../../../../Library/StdDriver/src/epwm.c:332:17
	ldr.w	lr, [r0, #388]
	mov.w	r12, #1
	.loc	5 332 35 is_stmt 0              @ ../../../../Library/StdDriver/src/epwm.c:332:35
	lsl.w	r12, r12, r1
.Ltmp154:
	.loc	5 332 9                         @ ../../../../Library/StdDriver/src/epwm.c:332:9
	tst.w	lr, r12
	itt	ne
	movne.w	r0, #-1
.Ltmp155:
	@DEBUG_VALUE: EPWM_EnableADCTriggerPrescale:epwm <- [DW_OP_LLVM_entry_value 1] $r0
	.loc	5 353 1 epilogue_begin is_stmt 1 @ ../../../../Library/StdDriver/src/epwm.c:353:1
	popne	{r4, r5, r7, pc}
.Ltmp156:
.LBB7_1:
	@DEBUG_VALUE: EPWM_EnableADCTriggerPrescale:epwm <- [DW_OP_LLVM_entry_value 1] $r0
	@DEBUG_VALUE: EPWM_EnableADCTriggerPrescale:u32PrescaleCnt <- $r3
	@DEBUG_VALUE: EPWM_EnableADCTriggerPrescale:u32Prescale <- $r2
	@DEBUG_VALUE: EPWM_EnableADCTriggerPrescale:u32ChannelNum <- $r1
	.loc	5 335 9                         @ ../../../../Library/StdDriver/src/epwm.c:335:9
	cmp	r1, #3
.Ltmp157:
	.loc	5 0 0 is_stmt 0                 @ ../../../../Library/StdDriver/src/epwm.c:0:0
	lsl.w	r1, r1, #3
.Ltmp158:
	@DEBUG_VALUE: EPWM_EnableADCTriggerPrescale:u32ChannelNum <- [DW_OP_LLVM_entry_value 1] $r1
	.loc	5 335 9                         @ ../../../../Library/StdDriver/src/epwm.c:335:9
	bhi	.LBB7_3
.Ltmp159:
@ %bb.2:
	@DEBUG_VALUE: EPWM_EnableADCTriggerPrescale:u32ChannelNum <- [DW_OP_LLVM_entry_value 1] $r1
	@DEBUG_VALUE: EPWM_EnableADCTriggerPrescale:epwm <- [DW_OP_LLVM_entry_value 1] $r0
	@DEBUG_VALUE: EPWM_EnableADCTriggerPrescale:u32PrescaleCnt <- $r3
	@DEBUG_VALUE: EPWM_EnableADCTriggerPrescale:u32Prescale <- $r2
	.loc	5 337 37 is_stmt 1              @ ../../../../Library/StdDriver/src/epwm.c:337:37
	ldr.w	r5, [r0, #392]
	movs	r4, #15
	.loc	5 337 79 is_stmt 0              @ ../../../../Library/StdDriver/src/epwm.c:337:79
	lsls	r4, r1
	.loc	5 337 48                        @ ../../../../Library/StdDriver/src/epwm.c:337:48
	mvn.w	lr, r4
	.loc	5 337 46                        @ ../../../../Library/StdDriver/src/epwm.c:337:46
	bic.w	r4, r5, r4
	.loc	5 338 41 is_stmt 1              @ ../../../../Library/StdDriver/src/epwm.c:338:41
	lsls	r2, r1
.Ltmp160:
	@DEBUG_VALUE: EPWM_EnableADCTriggerPrescale:u32Prescale <- [DW_OP_LLVM_entry_value 1] $r2
	.loc	5 337 105                       @ ../../../../Library/StdDriver/src/epwm.c:337:105
	orrs	r2, r4
	.loc	5 337 26 is_stmt 0              @ ../../../../Library/StdDriver/src/epwm.c:337:26
	str.w	r2, [r0, #392]
	.loc	5 339 39 is_stmt 1              @ ../../../../Library/StdDriver/src/epwm.c:339:39
	add.w	r2, r0, #400
	b	.LBB7_4
.Ltmp161:
.LBB7_3:
	@DEBUG_VALUE: EPWM_EnableADCTriggerPrescale:u32ChannelNum <- [DW_OP_LLVM_entry_value 1] $r1
	@DEBUG_VALUE: EPWM_EnableADCTriggerPrescale:epwm <- [DW_OP_LLVM_entry_value 1] $r0
	@DEBUG_VALUE: EPWM_EnableADCTriggerPrescale:u32PrescaleCnt <- $r3
	@DEBUG_VALUE: EPWM_EnableADCTriggerPrescale:u32Prescale <- $r2
	.loc	5 344 37                        @ ../../../../Library/StdDriver/src/epwm.c:344:37
	ldr.w	r4, [r0, #396]
	.loc	5 344 105 is_stmt 0             @ ../../../../Library/StdDriver/src/epwm.c:344:105
	subs	r1, #32
	movs	r5, #15
	.loc	5 345 41 is_stmt 1              @ ../../../../Library/StdDriver/src/epwm.c:345:41
	lsls	r2, r1
.Ltmp162:
	@DEBUG_VALUE: EPWM_EnableADCTriggerPrescale:u32Prescale <- [DW_OP_LLVM_entry_value 1] $r2
	.loc	5 344 79                        @ ../../../../Library/StdDriver/src/epwm.c:344:79
	lsls	r5, r1
	.loc	5 344 46 is_stmt 0              @ ../../../../Library/StdDriver/src/epwm.c:344:46
	bics	r4, r5
	.loc	5 344 113                       @ ../../../../Library/StdDriver/src/epwm.c:344:113
	orrs	r2, r4
	.loc	5 344 48                        @ ../../../../Library/StdDriver/src/epwm.c:344:48
	mvn.w	lr, r5
	.loc	5 344 26                        @ ../../../../Library/StdDriver/src/epwm.c:344:26
	str.w	r2, [r0, #396]
	.loc	5 346 39 is_stmt 1              @ ../../../../Library/StdDriver/src/epwm.c:346:39
	add.w	r2, r0, #404
.Ltmp163:
.LBB7_4:
	@DEBUG_VALUE: EPWM_EnableADCTriggerPrescale:u32Prescale <- [DW_OP_LLVM_entry_value 1] $r2
	@DEBUG_VALUE: EPWM_EnableADCTriggerPrescale:u32ChannelNum <- [DW_OP_LLVM_entry_value 1] $r1
	@DEBUG_VALUE: EPWM_EnableADCTriggerPrescale:epwm <- [DW_OP_LLVM_entry_value 1] $r0
	@DEBUG_VALUE: EPWM_EnableADCTriggerPrescale:u32PrescaleCnt <- $r3
	.loc	5 0 0 is_stmt 0                 @ ../../../../Library/StdDriver/src/epwm.c:0:0
	ldr	r4, [r2]
	lsl.w	r1, r3, r1
	and.w	r5, r4, lr
	orrs	r1, r5
	str	r1, [r2]
.Ltmp164:
	.loc	5 350 24 is_stmt 1              @ ../../../../Library/StdDriver/src/epwm.c:350:24
	ldr.w	r1, [r0, #388]
	orr.w	r1, r1, r12
	str.w	r1, [r0, #388]
	movs	r0, #0
	.loc	5 353 1 epilogue_begin          @ ../../../../Library/StdDriver/src/epwm.c:353:1
	pop	{r4, r5, r7, pc}
.Ltmp165:
.Lfunc_end7:
	.size	EPWM_EnableADCTriggerPrescale, .Lfunc_end7-EPWM_EnableADCTriggerPrescale
	.cfi_endproc
	.cantunwind
	.fnend
                                        @ -- End function
	.section	.text.EPWM_DisableADCTriggerPrescale,"ax",%progbits
	.hidden	EPWM_DisableADCTriggerPrescale  @ -- Begin function EPWM_DisableADCTriggerPrescale
	.globl	EPWM_DisableADCTriggerPrescale
	.p2align	2
	.type	EPWM_DisableADCTriggerPrescale,%function
	.code	16                              @ @EPWM_DisableADCTriggerPrescale
	.thumb_func
EPWM_DisableADCTriggerPrescale:
.Lfunc_begin8:
	.loc	5 365 0                         @ ../../../../Library/StdDriver/src/epwm.c:365:0
	.fnstart
	.cfi_startproc
@ %bb.0:
	@DEBUG_VALUE: EPWM_DisableADCTriggerPrescale:epwm <- $r0
	@DEBUG_VALUE: EPWM_DisableADCTriggerPrescale:u32ChannelNum <- $r1
	movs	r2, #1
.Ltmp166:
	.loc	5 366 24 prologue_end           @ ../../../../Library/StdDriver/src/epwm.c:366:24
	ldr.w	r3, [r0, #388]
	.loc	5 366 56 is_stmt 0              @ ../../../../Library/StdDriver/src/epwm.c:366:56
	lsl.w	r1, r2, r1
.Ltmp167:
	@DEBUG_VALUE: EPWM_DisableADCTriggerPrescale:u32ChannelNum <- [DW_OP_LLVM_entry_value 1] $r1
	.loc	5 366 24                        @ ../../../../Library/StdDriver/src/epwm.c:366:24
	bic.w	r1, r3, r1
	str.w	r1, [r0, #388]
	.loc	5 367 1 is_stmt 1               @ ../../../../Library/StdDriver/src/epwm.c:367:1
	bx	lr
.Ltmp168:
.Lfunc_end8:
	.size	EPWM_DisableADCTriggerPrescale, .Lfunc_end8-EPWM_DisableADCTriggerPrescale
	.cfi_endproc
	.cantunwind
	.fnend
                                        @ -- End function
	.section	.text.EPWM_ClearADCTriggerFlag,"ax",%progbits
	.hidden	EPWM_ClearADCTriggerFlag        @ -- Begin function EPWM_ClearADCTriggerFlag
	.globl	EPWM_ClearADCTriggerFlag
	.p2align	2
	.type	EPWM_ClearADCTriggerFlag,%function
	.code	16                              @ @EPWM_ClearADCTriggerFlag
	.thumb_func
EPWM_ClearADCTriggerFlag:
.Lfunc_begin9:
	.loc	5 380 0                         @ ../../../../Library/StdDriver/src/epwm.c:380:0
	.fnstart
	.cfi_startproc
@ %bb.0:
	@DEBUG_VALUE: EPWM_ClearADCTriggerFlag:epwm <- $r0
	@DEBUG_VALUE: EPWM_ClearADCTriggerFlag:u32ChannelNum <- $r1
	@DEBUG_VALUE: EPWM_ClearADCTriggerFlag:u32Condition <- $r2
	mov.w	r2, #65536
.Ltmp169:
	@DEBUG_VALUE: EPWM_ClearADCTriggerFlag:u32Condition <- [DW_OP_LLVM_entry_value 1] $r2
	.loc	5 383 49 prologue_end           @ ../../../../Library/StdDriver/src/epwm.c:383:49
	lsl.w	r1, r2, r1
.Ltmp170:
	@DEBUG_VALUE: EPWM_ClearADCTriggerFlag:u32ChannelNum <- [DW_OP_LLVM_entry_value 1] $r1
	.loc	5 383 20 is_stmt 0              @ ../../../../Library/StdDriver/src/epwm.c:383:20
	str.w	r1, [r0, #288]
	.loc	5 384 1 is_stmt 1               @ ../../../../Library/StdDriver/src/epwm.c:384:1
	bx	lr
.Ltmp171:
.Lfunc_end9:
	.size	EPWM_ClearADCTriggerFlag, .Lfunc_end9-EPWM_ClearADCTriggerFlag
	.cfi_endproc
	.cantunwind
	.fnend
                                        @ -- End function
	.section	.text.EPWM_GetADCTriggerFlag,"ax",%progbits
	.hidden	EPWM_GetADCTriggerFlag          @ -- Begin function EPWM_GetADCTriggerFlag
	.globl	EPWM_GetADCTriggerFlag
	.p2align	2
	.type	EPWM_GetADCTriggerFlag,%function
	.code	16                              @ @EPWM_GetADCTriggerFlag
	.thumb_func
EPWM_GetADCTriggerFlag:
.Lfunc_begin10:
	.fnstart
	.cfi_startproc
@ %bb.0:
	@DEBUG_VALUE: EPWM_GetADCTriggerFlag:epwm <- $r0
	@DEBUG_VALUE: EPWM_GetADCTriggerFlag:u32ChannelNum <- $r1
	.loc	5 398 22 prologue_end           @ ../../../../Library/StdDriver/src/epwm.c:398:22
	ldr.w	r0, [r0, #288]
.Ltmp172:
	@DEBUG_VALUE: EPWM_GetADCTriggerFlag:epwm <- [DW_OP_LLVM_entry_value 1] $r0
	.loc	5 398 13 is_stmt 0              @ ../../../../Library/StdDriver/src/epwm.c:398:13
	lsrs	r0, r1
	ubfx	r0, r0, #16, #1
	.loc	5 398 5                         @ ../../../../Library/StdDriver/src/epwm.c:398:5
	bx	lr
.Ltmp173:
.Lfunc_end10:
	.size	EPWM_GetADCTriggerFlag, .Lfunc_end10-EPWM_GetADCTriggerFlag
	.cfi_endproc
	.cantunwind
	.fnend
                                        @ -- End function
	.section	.text.EPWM_EnableDACTrigger,"ax",%progbits
	.hidden	EPWM_EnableDACTrigger           @ -- Begin function EPWM_EnableDACTrigger
	.globl	EPWM_EnableDACTrigger
	.p2align	2
	.type	EPWM_EnableDACTrigger,%function
	.code	16                              @ @EPWM_EnableDACTrigger
	.thumb_func
EPWM_EnableDACTrigger:
.Lfunc_begin11:
	.fnstart
	.cfi_startproc
@ %bb.0:
	@DEBUG_VALUE: EPWM_EnableDACTrigger:epwm <- $r0
	@DEBUG_VALUE: EPWM_EnableDACTrigger:u32ChannelNum <- $r1
	@DEBUG_VALUE: EPWM_EnableDACTrigger:u32Condition <- $r2
	.loc	5 417 22 prologue_end is_stmt 1 @ ../../../../Library/StdDriver/src/epwm.c:417:22
	ldr.w	r3, [r0, #244]
	.loc	5 417 39 is_stmt 0              @ ../../../../Library/StdDriver/src/epwm.c:417:39
	lsl.w	r1, r2, r1
.Ltmp174:
	@DEBUG_VALUE: EPWM_EnableDACTrigger:u32ChannelNum <- [DW_OP_LLVM_entry_value 1] $r1
	.loc	5 417 22                        @ ../../../../Library/StdDriver/src/epwm.c:417:22
	orrs	r1, r3
	str.w	r1, [r0, #244]
	.loc	5 418 1 is_stmt 1               @ ../../../../Library/StdDriver/src/epwm.c:418:1
	bx	lr
.Ltmp175:
.Lfunc_end11:
	.size	EPWM_EnableDACTrigger, .Lfunc_end11-EPWM_EnableDACTrigger
	.cfi_endproc
	.cantunwind
	.fnend
                                        @ -- End function
	.section	.text.EPWM_DisableDACTrigger,"ax",%progbits
	.hidden	EPWM_DisableDACTrigger          @ -- Begin function EPWM_DisableDACTrigger
	.globl	EPWM_DisableDACTrigger
	.p2align	2
	.type	EPWM_DisableDACTrigger,%function
	.code	16                              @ @EPWM_DisableDACTrigger
	.thumb_func
EPWM_DisableDACTrigger:
.Lfunc_begin12:
	.loc	5 430 0                         @ ../../../../Library/StdDriver/src/epwm.c:430:0
	.fnstart
	.cfi_startproc
@ %bb.0:
	@DEBUG_VALUE: EPWM_DisableDACTrigger:epwm <- $r0
	@DEBUG_VALUE: EPWM_DisableDACTrigger:u32ChannelNum <- $r1
	mov.w	r2, #16843009
.Ltmp176:
	.loc	5 431 22 prologue_end           @ ../../../../Library/StdDriver/src/epwm.c:431:22
	ldr.w	r3, [r0, #244]
	.loc	5 432 59                        @ ../../../../Library/StdDriver/src/epwm.c:432:59
	lsl.w	r1, r2, r1
.Ltmp177:
	@DEBUG_VALUE: EPWM_DisableDACTrigger:u32ChannelNum <- [DW_OP_LLVM_entry_value 1] $r1
	.loc	5 431 22                        @ ../../../../Library/StdDriver/src/epwm.c:431:22
	bic.w	r1, r3, r1
	str.w	r1, [r0, #244]
	.loc	5 433 1                         @ ../../../../Library/StdDriver/src/epwm.c:433:1
	bx	lr
.Ltmp178:
.Lfunc_end12:
	.size	EPWM_DisableDACTrigger, .Lfunc_end12-EPWM_DisableDACTrigger
	.cfi_endproc
	.cantunwind
	.fnend
                                        @ -- End function
	.section	.text.EPWM_ClearDACTriggerFlag,"ax",%progbits
	.hidden	EPWM_ClearDACTriggerFlag        @ -- Begin function EPWM_ClearDACTriggerFlag
	.globl	EPWM_ClearDACTriggerFlag
	.p2align	2
	.type	EPWM_ClearDACTriggerFlag,%function
	.code	16                              @ @EPWM_ClearDACTriggerFlag
	.thumb_func
EPWM_ClearDACTriggerFlag:
.Lfunc_begin13:
	.loc	5 446 0                         @ ../../../../Library/StdDriver/src/epwm.c:446:0
	.fnstart
	.cfi_startproc
@ %bb.0:
	@DEBUG_VALUE: EPWM_ClearDACTriggerFlag:epwm <- $r0
	@DEBUG_VALUE: EPWM_ClearDACTriggerFlag:u32ChannelNum <- $r1
	@DEBUG_VALUE: EPWM_ClearDACTriggerFlag:u32Condition <- $r2
	mov.w	r1, #16777216
.Ltmp179:
	@DEBUG_VALUE: EPWM_ClearDACTriggerFlag:u32ChannelNum <- [DW_OP_LLVM_entry_value 1] $r1
	.loc	5 450 20 prologue_end           @ ../../../../Library/StdDriver/src/epwm.c:450:20
	str.w	r1, [r0, #288]
	.loc	5 451 1                         @ ../../../../Library/StdDriver/src/epwm.c:451:1
	bx	lr
.Ltmp180:
.Lfunc_end13:
	.size	EPWM_ClearDACTriggerFlag, .Lfunc_end13-EPWM_ClearDACTriggerFlag
	.cfi_endproc
	.cantunwind
	.fnend
                                        @ -- End function
	.section	.text.EPWM_GetDACTriggerFlag,"ax",%progbits
	.hidden	EPWM_GetDACTriggerFlag          @ -- Begin function EPWM_GetDACTriggerFlag
	.globl	EPWM_GetDACTriggerFlag
	.p2align	2
	.type	EPWM_GetDACTriggerFlag,%function
	.code	16                              @ @EPWM_GetDACTriggerFlag
	.thumb_func
EPWM_GetDACTriggerFlag:
.Lfunc_begin14:
	.fnstart
	.cfi_startproc
@ %bb.0:
	@DEBUG_VALUE: EPWM_GetDACTriggerFlag:epwm <- $r0
	@DEBUG_VALUE: EPWM_GetDACTriggerFlag:u32ChannelNum <- $r1
	.loc	5 467 22 prologue_end           @ ../../../../Library/StdDriver/src/epwm.c:467:22
	ldr.w	r0, [r0, #288]
.Ltmp181:
	@DEBUG_VALUE: EPWM_GetDACTriggerFlag:epwm <- [DW_OP_LLVM_entry_value 1] $r0
	.loc	5 467 13 is_stmt 0              @ ../../../../Library/StdDriver/src/epwm.c:467:13
	ubfx	r0, r0, #24, #1
	.loc	5 467 5                         @ ../../../../Library/StdDriver/src/epwm.c:467:5
	bx	lr
.Ltmp182:
.Lfunc_end14:
	.size	EPWM_GetDACTriggerFlag, .Lfunc_end14-EPWM_GetDACTriggerFlag
	.cfi_endproc
	.cantunwind
	.fnend
                                        @ -- End function
	.section	.text.EPWM_EnableFaultBrake,"ax",%progbits
	.hidden	EPWM_EnableFaultBrake           @ -- Begin function EPWM_EnableFaultBrake
	.globl	EPWM_EnableFaultBrake
	.p2align	2
	.type	EPWM_EnableFaultBrake,%function
	.code	16                              @ @EPWM_EnableFaultBrake
	.thumb_func
EPWM_EnableFaultBrake:
.Lfunc_begin15:
	.loc	5 508 0 is_stmt 1               @ ../../../../Library/StdDriver/src/epwm.c:508:0
	.fnstart
	.cfi_startproc
@ %bb.0:
	@DEBUG_VALUE: EPWM_EnableFaultBrake:epwm <- $r0
	@DEBUG_VALUE: EPWM_EnableFaultBrake:u32ChannelMask <- $r1
	@DEBUG_VALUE: EPWM_EnableFaultBrake:u32LevelMask <- $r2
	@DEBUG_VALUE: EPWM_EnableFaultBrake:u32BrakeSource <- $r3
	.save	{r4, r5, r6, r7, lr}
	push	{r4, r5, r6, r7, lr}
	.cfi_def_cfa_offset 20
	.cfi_offset lr, -4
	.cfi_offset r7, -8
	.cfi_offset r6, -12
	.cfi_offset r5, -16
	.cfi_offset r4, -20
.Ltmp183:
	@DEBUG_VALUE: EPWM_EnableFaultBrake:i <- 0
	movw	r6, #32896
	and	lr, r3, #15
	and.w	r4, r3, r6
	add.w	r12, r0, #196
.Ltmp184:
	.loc	5 513 13 prologue_end           @ ../../../../Library/StdDriver/src/epwm.c:513:13
	lsls	r6, r1, #31
	beq	.LBB15_8
.Ltmp185:
@ %bb.1:
	@DEBUG_VALUE: EPWM_EnableFaultBrake:i <- 0
	@DEBUG_VALUE: EPWM_EnableFaultBrake:u32BrakeSource <- $r3
	@DEBUG_VALUE: EPWM_EnableFaultBrake:u32LevelMask <- $r2
	@DEBUG_VALUE: EPWM_EnableFaultBrake:u32ChannelMask <- $r1
	@DEBUG_VALUE: EPWM_EnableFaultBrake:epwm <- $r0
	.loc	5 515 58                        @ ../../../../Library/StdDriver/src/epwm.c:515:58
	sub.w	r5, r3, #129
	cmp	r5, #7
	bls	.LBB15_5
.Ltmp186:
.LBB15_2:
	@DEBUG_VALUE: EPWM_EnableFaultBrake:i <- 0
	@DEBUG_VALUE: EPWM_EnableFaultBrake:u32BrakeSource <- $r3
	@DEBUG_VALUE: EPWM_EnableFaultBrake:u32LevelMask <- $r2
	@DEBUG_VALUE: EPWM_EnableFaultBrake:u32ChannelMask <- $r1
	@DEBUG_VALUE: EPWM_EnableFaultBrake:epwm <- $r0
	.loc	5 0 58 is_stmt 0                @ ../../../../Library/StdDriver/src/epwm.c:0:58
	movw	r5, #32769
	subs	r5, r3, r5
	cmp	r5, #7
	bhi	.LBB15_4
.Ltmp187:
@ %bb.3:
	@DEBUG_VALUE: EPWM_EnableFaultBrake:i <- 0
	@DEBUG_VALUE: EPWM_EnableFaultBrake:u32BrakeSource <- $r3
	@DEBUG_VALUE: EPWM_EnableFaultBrake:u32LevelMask <- $r2
	@DEBUG_VALUE: EPWM_EnableFaultBrake:u32ChannelMask <- $r1
	@DEBUG_VALUE: EPWM_EnableFaultBrake:epwm <- $r0
	movs	r6, #1
	lsl.w	r5, r6, r5
	tst.w	r5, #139
	bne	.LBB15_6
.Ltmp188:
.LBB15_4:
	@DEBUG_VALUE: EPWM_EnableFaultBrake:i <- 0
	@DEBUG_VALUE: EPWM_EnableFaultBrake:u32BrakeSource <- $r3
	@DEBUG_VALUE: EPWM_EnableFaultBrake:u32LevelMask <- $r2
	@DEBUG_VALUE: EPWM_EnableFaultBrake:u32ChannelMask <- $r1
	@DEBUG_VALUE: EPWM_EnableFaultBrake:epwm <- $r0
	.loc	5 525 17 is_stmt 1              @ ../../../../Library/StdDriver/src/epwm.c:525:17
	add.w	r5, r0, #200
	mov	r6, r3
	b	.LBB15_7
.Ltmp189:
.LBB15_5:
	@DEBUG_VALUE: EPWM_EnableFaultBrake:i <- 0
	@DEBUG_VALUE: EPWM_EnableFaultBrake:u32BrakeSource <- $r3
	@DEBUG_VALUE: EPWM_EnableFaultBrake:u32LevelMask <- $r2
	@DEBUG_VALUE: EPWM_EnableFaultBrake:u32ChannelMask <- $r1
	@DEBUG_VALUE: EPWM_EnableFaultBrake:epwm <- $r0
	.loc	5 0 17 is_stmt 0                @ ../../../../Library/StdDriver/src/epwm.c:0:17
	movs	r6, #1
	lsl.w	r5, r6, r5
	tst.w	r5, #139
	beq	.LBB15_2
.Ltmp190:
.LBB15_6:
	@DEBUG_VALUE: EPWM_EnableFaultBrake:i <- 0
	@DEBUG_VALUE: EPWM_EnableFaultBrake:u32BrakeSource <- $r3
	@DEBUG_VALUE: EPWM_EnableFaultBrake:u32LevelMask <- $r2
	@DEBUG_VALUE: EPWM_EnableFaultBrake:u32ChannelMask <- $r1
	@DEBUG_VALUE: EPWM_EnableFaultBrake:epwm <- $r0
	.loc	5 520 41 is_stmt 1              @ ../../../../Library/StdDriver/src/epwm.c:520:41
	ldr.w	r5, [r0, #200]
	mov	r6, lr
	orrs	r5, r4
	str.w	r5, [r0, #200]
	mov	r5, r12
.Ltmp191:
.LBB15_7:
	@DEBUG_VALUE: EPWM_EnableFaultBrake:i <- 0
	@DEBUG_VALUE: EPWM_EnableFaultBrake:u32BrakeSource <- $r3
	@DEBUG_VALUE: EPWM_EnableFaultBrake:u32LevelMask <- $r2
	@DEBUG_VALUE: EPWM_EnableFaultBrake:u32ChannelMask <- $r1
	@DEBUG_VALUE: EPWM_EnableFaultBrake:epwm <- $r0
	.loc	5 0 0 is_stmt 0                 @ ../../../../Library/StdDriver/src/epwm.c:0:0
	ldr	r7, [r5]
	orrs	r6, r7
	str	r6, [r5]
.Ltmp192:
.LBB15_8:
	@DEBUG_VALUE: EPWM_EnableFaultBrake:i <- 0
	@DEBUG_VALUE: EPWM_EnableFaultBrake:u32BrakeSource <- $r3
	@DEBUG_VALUE: EPWM_EnableFaultBrake:u32LevelMask <- $r2
	@DEBUG_VALUE: EPWM_EnableFaultBrake:u32ChannelMask <- $r1
	@DEBUG_VALUE: EPWM_EnableFaultBrake:epwm <- $r0
	ldr.w	r5, [r0, #200]
.Ltmp193:
	.loc	5 529 13 is_stmt 1              @ ../../../../Library/StdDriver/src/epwm.c:529:13
	lsls	r6, r2, #31
.Ltmp194:
	.loc	5 0 0 is_stmt 0                 @ ../../../../Library/StdDriver/src/epwm.c:0:0
	bic	r5, r5, #196608
	str.w	r5, [r0, #200]
	mov.w	r5, #196608
	ldr.w	r6, [r0, #200]
.Ltmp195:
	.loc	5 529 13                        @ ../../../../Library/StdDriver/src/epwm.c:529:13
	it	eq
	moveq.w	r5, #131072
.Ltmp196:
	.loc	5 0 0                           @ ../../../../Library/StdDriver/src/epwm.c:0:0
	orrs	r5, r6
.Ltmp197:
	.loc	5 513 13 is_stmt 1              @ ../../../../Library/StdDriver/src/epwm.c:513:13
	lsls	r6, r1, #30
.Ltmp198:
	.loc	5 0 0 is_stmt 0                 @ ../../../../Library/StdDriver/src/epwm.c:0:0
	str.w	r5, [r0, #200]
.Ltmp199:
	@DEBUG_VALUE: EPWM_EnableFaultBrake:i <- 1
	.loc	5 513 13                        @ ../../../../Library/StdDriver/src/epwm.c:513:13
	bpl	.LBB15_16
.Ltmp200:
@ %bb.9:
	@DEBUG_VALUE: EPWM_EnableFaultBrake:i <- 1
	@DEBUG_VALUE: EPWM_EnableFaultBrake:u32BrakeSource <- $r3
	@DEBUG_VALUE: EPWM_EnableFaultBrake:u32LevelMask <- $r2
	@DEBUG_VALUE: EPWM_EnableFaultBrake:u32ChannelMask <- $r1
	@DEBUG_VALUE: EPWM_EnableFaultBrake:epwm <- $r0
	.loc	5 515 58 is_stmt 1              @ ../../../../Library/StdDriver/src/epwm.c:515:58
	sub.w	r5, r3, #129
	cmp	r5, #7
	bls	.LBB15_13
.Ltmp201:
.LBB15_10:
	@DEBUG_VALUE: EPWM_EnableFaultBrake:i <- 1
	@DEBUG_VALUE: EPWM_EnableFaultBrake:u32BrakeSource <- $r3
	@DEBUG_VALUE: EPWM_EnableFaultBrake:u32LevelMask <- $r2
	@DEBUG_VALUE: EPWM_EnableFaultBrake:u32ChannelMask <- $r1
	@DEBUG_VALUE: EPWM_EnableFaultBrake:epwm <- $r0
	.loc	5 0 58 is_stmt 0                @ ../../../../Library/StdDriver/src/epwm.c:0:58
	movw	r5, #32769
	subs	r5, r3, r5
	cmp	r5, #7
	bhi	.LBB15_12
.Ltmp202:
@ %bb.11:
	@DEBUG_VALUE: EPWM_EnableFaultBrake:i <- 1
	@DEBUG_VALUE: EPWM_EnableFaultBrake:u32BrakeSource <- $r3
	@DEBUG_VALUE: EPWM_EnableFaultBrake:u32LevelMask <- $r2
	@DEBUG_VALUE: EPWM_EnableFaultBrake:u32ChannelMask <- $r1
	@DEBUG_VALUE: EPWM_EnableFaultBrake:epwm <- $r0
	movs	r6, #1
	lsl.w	r5, r6, r5
	tst.w	r5, #139
	bne	.LBB15_14
.Ltmp203:
.LBB15_12:
	@DEBUG_VALUE: EPWM_EnableFaultBrake:i <- 1
	@DEBUG_VALUE: EPWM_EnableFaultBrake:u32BrakeSource <- $r3
	@DEBUG_VALUE: EPWM_EnableFaultBrake:u32LevelMask <- $r2
	@DEBUG_VALUE: EPWM_EnableFaultBrake:u32ChannelMask <- $r1
	@DEBUG_VALUE: EPWM_EnableFaultBrake:epwm <- $r0
	.loc	5 525 17 is_stmt 1              @ ../../../../Library/StdDriver/src/epwm.c:525:17
	add.w	r5, r0, #200
	mov	r6, r3
	b	.LBB15_15
.Ltmp204:
.LBB15_13:
	@DEBUG_VALUE: EPWM_EnableFaultBrake:i <- 1
	@DEBUG_VALUE: EPWM_EnableFaultBrake:u32BrakeSource <- $r3
	@DEBUG_VALUE: EPWM_EnableFaultBrake:u32LevelMask <- $r2
	@DEBUG_VALUE: EPWM_EnableFaultBrake:u32ChannelMask <- $r1
	@DEBUG_VALUE: EPWM_EnableFaultBrake:epwm <- $r0
	.loc	5 0 17 is_stmt 0                @ ../../../../Library/StdDriver/src/epwm.c:0:17
	movs	r6, #1
	lsl.w	r5, r6, r5
	tst.w	r5, #139
	beq	.LBB15_10
.Ltmp205:
.LBB15_14:
	@DEBUG_VALUE: EPWM_EnableFaultBrake:i <- 1
	@DEBUG_VALUE: EPWM_EnableFaultBrake:u32BrakeSource <- $r3
	@DEBUG_VALUE: EPWM_EnableFaultBrake:u32LevelMask <- $r2
	@DEBUG_VALUE: EPWM_EnableFaultBrake:u32ChannelMask <- $r1
	@DEBUG_VALUE: EPWM_EnableFaultBrake:epwm <- $r0
	.loc	5 520 41 is_stmt 1              @ ../../../../Library/StdDriver/src/epwm.c:520:41
	ldr.w	r5, [r0, #200]
	mov	r6, lr
	orrs	r5, r4
	str.w	r5, [r0, #200]
	mov	r5, r12
.Ltmp206:
.LBB15_15:
	@DEBUG_VALUE: EPWM_EnableFaultBrake:i <- 1
	@DEBUG_VALUE: EPWM_EnableFaultBrake:u32BrakeSource <- $r3
	@DEBUG_VALUE: EPWM_EnableFaultBrake:u32LevelMask <- $r2
	@DEBUG_VALUE: EPWM_EnableFaultBrake:u32ChannelMask <- $r1
	@DEBUG_VALUE: EPWM_EnableFaultBrake:epwm <- $r0
	.loc	5 0 0 is_stmt 0                 @ ../../../../Library/StdDriver/src/epwm.c:0:0
	ldr	r7, [r5]
	orrs	r6, r7
	str	r6, [r5]
.Ltmp207:
.LBB15_16:
	@DEBUG_VALUE: EPWM_EnableFaultBrake:i <- 1
	@DEBUG_VALUE: EPWM_EnableFaultBrake:u32BrakeSource <- $r3
	@DEBUG_VALUE: EPWM_EnableFaultBrake:u32LevelMask <- $r2
	@DEBUG_VALUE: EPWM_EnableFaultBrake:u32ChannelMask <- $r1
	@DEBUG_VALUE: EPWM_EnableFaultBrake:epwm <- $r0
	ldr.w	r5, [r0, #200]
.Ltmp208:
	.loc	5 529 13 is_stmt 1              @ ../../../../Library/StdDriver/src/epwm.c:529:13
	lsls	r6, r2, #30
.Ltmp209:
	.loc	5 0 0 is_stmt 0                 @ ../../../../Library/StdDriver/src/epwm.c:0:0
	bic	r5, r5, #786432
	str.w	r5, [r0, #200]
	mov.w	r5, #786432
	ldr.w	r6, [r0, #200]
.Ltmp210:
	.loc	5 529 13                        @ ../../../../Library/StdDriver/src/epwm.c:529:13
	it	pl
	movpl.w	r5, #524288
.Ltmp211:
	.loc	5 0 0                           @ ../../../../Library/StdDriver/src/epwm.c:0:0
	orrs	r5, r6
.Ltmp212:
	.loc	5 513 13 is_stmt 1              @ ../../../../Library/StdDriver/src/epwm.c:513:13
	lsls	r6, r1, #29
.Ltmp213:
	.loc	5 0 0 is_stmt 0                 @ ../../../../Library/StdDriver/src/epwm.c:0:0
	str.w	r5, [r0, #200]
.Ltmp214:
	@DEBUG_VALUE: EPWM_EnableFaultBrake:i <- 2
	.loc	5 513 13                        @ ../../../../Library/StdDriver/src/epwm.c:513:13
	bpl	.LBB15_24
.Ltmp215:
@ %bb.17:
	@DEBUG_VALUE: EPWM_EnableFaultBrake:i <- 2
	@DEBUG_VALUE: EPWM_EnableFaultBrake:u32BrakeSource <- $r3
	@DEBUG_VALUE: EPWM_EnableFaultBrake:u32LevelMask <- $r2
	@DEBUG_VALUE: EPWM_EnableFaultBrake:u32ChannelMask <- $r1
	@DEBUG_VALUE: EPWM_EnableFaultBrake:epwm <- $r0
	.loc	5 515 58 is_stmt 1              @ ../../../../Library/StdDriver/src/epwm.c:515:58
	sub.w	r5, r3, #129
	cmp	r5, #7
	bls	.LBB15_21
.Ltmp216:
.LBB15_18:
	@DEBUG_VALUE: EPWM_EnableFaultBrake:i <- 2
	@DEBUG_VALUE: EPWM_EnableFaultBrake:u32BrakeSource <- $r3
	@DEBUG_VALUE: EPWM_EnableFaultBrake:u32LevelMask <- $r2
	@DEBUG_VALUE: EPWM_EnableFaultBrake:u32ChannelMask <- $r1
	@DEBUG_VALUE: EPWM_EnableFaultBrake:epwm <- $r0
	.loc	5 0 58 is_stmt 0                @ ../../../../Library/StdDriver/src/epwm.c:0:58
	movw	r5, #32769
	subs	r5, r3, r5
	cmp	r5, #7
	bhi	.LBB15_20
.Ltmp217:
@ %bb.19:
	@DEBUG_VALUE: EPWM_EnableFaultBrake:i <- 2
	@DEBUG_VALUE: EPWM_EnableFaultBrake:u32BrakeSource <- $r3
	@DEBUG_VALUE: EPWM_EnableFaultBrake:u32LevelMask <- $r2
	@DEBUG_VALUE: EPWM_EnableFaultBrake:u32ChannelMask <- $r1
	@DEBUG_VALUE: EPWM_EnableFaultBrake:epwm <- $r0
	movs	r6, #1
	lsl.w	r5, r6, r5
	tst.w	r5, #139
	bne	.LBB15_22
.Ltmp218:
.LBB15_20:
	@DEBUG_VALUE: EPWM_EnableFaultBrake:i <- 2
	@DEBUG_VALUE: EPWM_EnableFaultBrake:u32BrakeSource <- $r3
	@DEBUG_VALUE: EPWM_EnableFaultBrake:u32LevelMask <- $r2
	@DEBUG_VALUE: EPWM_EnableFaultBrake:u32ChannelMask <- $r1
	@DEBUG_VALUE: EPWM_EnableFaultBrake:epwm <- $r0
	.loc	5 525 17 is_stmt 1              @ ../../../../Library/StdDriver/src/epwm.c:525:17
	add.w	r5, r0, #204
	mov	r6, r3
	b	.LBB15_23
.Ltmp219:
.LBB15_21:
	@DEBUG_VALUE: EPWM_EnableFaultBrake:i <- 2
	@DEBUG_VALUE: EPWM_EnableFaultBrake:u32BrakeSource <- $r3
	@DEBUG_VALUE: EPWM_EnableFaultBrake:u32LevelMask <- $r2
	@DEBUG_VALUE: EPWM_EnableFaultBrake:u32ChannelMask <- $r1
	@DEBUG_VALUE: EPWM_EnableFaultBrake:epwm <- $r0
	.loc	5 0 17 is_stmt 0                @ ../../../../Library/StdDriver/src/epwm.c:0:17
	movs	r6, #1
	lsl.w	r5, r6, r5
	tst.w	r5, #139
	beq	.LBB15_18
.Ltmp220:
.LBB15_22:
	@DEBUG_VALUE: EPWM_EnableFaultBrake:i <- 2
	@DEBUG_VALUE: EPWM_EnableFaultBrake:u32BrakeSource <- $r3
	@DEBUG_VALUE: EPWM_EnableFaultBrake:u32LevelMask <- $r2
	@DEBUG_VALUE: EPWM_EnableFaultBrake:u32ChannelMask <- $r1
	@DEBUG_VALUE: EPWM_EnableFaultBrake:epwm <- $r0
	.loc	5 520 41 is_stmt 1              @ ../../../../Library/StdDriver/src/epwm.c:520:41
	ldr.w	r5, [r0, #204]
	mov	r6, lr
	orrs	r5, r4
	str.w	r5, [r0, #204]
	mov	r5, r12
.Ltmp221:
.LBB15_23:
	@DEBUG_VALUE: EPWM_EnableFaultBrake:i <- 2
	@DEBUG_VALUE: EPWM_EnableFaultBrake:u32BrakeSource <- $r3
	@DEBUG_VALUE: EPWM_EnableFaultBrake:u32LevelMask <- $r2
	@DEBUG_VALUE: EPWM_EnableFaultBrake:u32ChannelMask <- $r1
	@DEBUG_VALUE: EPWM_EnableFaultBrake:epwm <- $r0
	.loc	5 0 0 is_stmt 0                 @ ../../../../Library/StdDriver/src/epwm.c:0:0
	ldr	r7, [r5]
	orrs	r6, r7
	str	r6, [r5]
.Ltmp222:
.LBB15_24:
	@DEBUG_VALUE: EPWM_EnableFaultBrake:i <- 2
	@DEBUG_VALUE: EPWM_EnableFaultBrake:u32BrakeSource <- $r3
	@DEBUG_VALUE: EPWM_EnableFaultBrake:u32LevelMask <- $r2
	@DEBUG_VALUE: EPWM_EnableFaultBrake:u32ChannelMask <- $r1
	@DEBUG_VALUE: EPWM_EnableFaultBrake:epwm <- $r0
	ldr.w	r5, [r0, #204]
.Ltmp223:
	.loc	5 529 13 is_stmt 1              @ ../../../../Library/StdDriver/src/epwm.c:529:13
	lsls	r6, r2, #29
.Ltmp224:
	.loc	5 0 0 is_stmt 0                 @ ../../../../Library/StdDriver/src/epwm.c:0:0
	bic	r5, r5, #196608
	str.w	r5, [r0, #204]
	mov.w	r5, #196608
	ldr.w	r6, [r0, #204]
.Ltmp225:
	.loc	5 529 13                        @ ../../../../Library/StdDriver/src/epwm.c:529:13
	it	pl
	movpl.w	r5, #131072
.Ltmp226:
	.loc	5 0 0                           @ ../../../../Library/StdDriver/src/epwm.c:0:0
	orrs	r5, r6
.Ltmp227:
	.loc	5 513 13 is_stmt 1              @ ../../../../Library/StdDriver/src/epwm.c:513:13
	lsls	r6, r1, #28
.Ltmp228:
	.loc	5 0 0 is_stmt 0                 @ ../../../../Library/StdDriver/src/epwm.c:0:0
	str.w	r5, [r0, #204]
.Ltmp229:
	@DEBUG_VALUE: EPWM_EnableFaultBrake:i <- 3
	.loc	5 513 13                        @ ../../../../Library/StdDriver/src/epwm.c:513:13
	bpl	.LBB15_32
.Ltmp230:
@ %bb.25:
	@DEBUG_VALUE: EPWM_EnableFaultBrake:i <- 3
	@DEBUG_VALUE: EPWM_EnableFaultBrake:u32BrakeSource <- $r3
	@DEBUG_VALUE: EPWM_EnableFaultBrake:u32LevelMask <- $r2
	@DEBUG_VALUE: EPWM_EnableFaultBrake:u32ChannelMask <- $r1
	@DEBUG_VALUE: EPWM_EnableFaultBrake:epwm <- $r0
	.loc	5 515 58 is_stmt 1              @ ../../../../Library/StdDriver/src/epwm.c:515:58
	sub.w	r5, r3, #129
	cmp	r5, #7
	bls	.LBB15_29
.Ltmp231:
.LBB15_26:
	@DEBUG_VALUE: EPWM_EnableFaultBrake:i <- 3
	@DEBUG_VALUE: EPWM_EnableFaultBrake:u32BrakeSource <- $r3
	@DEBUG_VALUE: EPWM_EnableFaultBrake:u32LevelMask <- $r2
	@DEBUG_VALUE: EPWM_EnableFaultBrake:u32ChannelMask <- $r1
	@DEBUG_VALUE: EPWM_EnableFaultBrake:epwm <- $r0
	.loc	5 0 58 is_stmt 0                @ ../../../../Library/StdDriver/src/epwm.c:0:58
	movw	r5, #32769
	subs	r5, r3, r5
	cmp	r5, #7
	bhi	.LBB15_28
.Ltmp232:
@ %bb.27:
	@DEBUG_VALUE: EPWM_EnableFaultBrake:i <- 3
	@DEBUG_VALUE: EPWM_EnableFaultBrake:u32BrakeSource <- $r3
	@DEBUG_VALUE: EPWM_EnableFaultBrake:u32LevelMask <- $r2
	@DEBUG_VALUE: EPWM_EnableFaultBrake:u32ChannelMask <- $r1
	@DEBUG_VALUE: EPWM_EnableFaultBrake:epwm <- $r0
	movs	r6, #1
	lsl.w	r5, r6, r5
	tst.w	r5, #139
	bne	.LBB15_30
.Ltmp233:
.LBB15_28:
	@DEBUG_VALUE: EPWM_EnableFaultBrake:i <- 3
	@DEBUG_VALUE: EPWM_EnableFaultBrake:u32BrakeSource <- $r3
	@DEBUG_VALUE: EPWM_EnableFaultBrake:u32LevelMask <- $r2
	@DEBUG_VALUE: EPWM_EnableFaultBrake:u32ChannelMask <- $r1
	@DEBUG_VALUE: EPWM_EnableFaultBrake:epwm <- $r0
	.loc	5 525 17 is_stmt 1              @ ../../../../Library/StdDriver/src/epwm.c:525:17
	add.w	r5, r0, #204
	mov	r6, r3
	b	.LBB15_31
.Ltmp234:
.LBB15_29:
	@DEBUG_VALUE: EPWM_EnableFaultBrake:i <- 3
	@DEBUG_VALUE: EPWM_EnableFaultBrake:u32BrakeSource <- $r3
	@DEBUG_VALUE: EPWM_EnableFaultBrake:u32LevelMask <- $r2
	@DEBUG_VALUE: EPWM_EnableFaultBrake:u32ChannelMask <- $r1
	@DEBUG_VALUE: EPWM_EnableFaultBrake:epwm <- $r0
	.loc	5 0 17 is_stmt 0                @ ../../../../Library/StdDriver/src/epwm.c:0:17
	movs	r6, #1
	lsl.w	r5, r6, r5
	tst.w	r5, #139
	beq	.LBB15_26
.Ltmp235:
.LBB15_30:
	@DEBUG_VALUE: EPWM_EnableFaultBrake:i <- 3
	@DEBUG_VALUE: EPWM_EnableFaultBrake:u32BrakeSource <- $r3
	@DEBUG_VALUE: EPWM_EnableFaultBrake:u32LevelMask <- $r2
	@DEBUG_VALUE: EPWM_EnableFaultBrake:u32ChannelMask <- $r1
	@DEBUG_VALUE: EPWM_EnableFaultBrake:epwm <- $r0
	.loc	5 520 41 is_stmt 1              @ ../../../../Library/StdDriver/src/epwm.c:520:41
	ldr.w	r5, [r0, #204]
	mov	r6, lr
	orrs	r5, r4
	str.w	r5, [r0, #204]
	mov	r5, r12
.Ltmp236:
.LBB15_31:
	@DEBUG_VALUE: EPWM_EnableFaultBrake:i <- 3
	@DEBUG_VALUE: EPWM_EnableFaultBrake:u32BrakeSource <- $r3
	@DEBUG_VALUE: EPWM_EnableFaultBrake:u32LevelMask <- $r2
	@DEBUG_VALUE: EPWM_EnableFaultBrake:u32ChannelMask <- $r1
	@DEBUG_VALUE: EPWM_EnableFaultBrake:epwm <- $r0
	.loc	5 0 0 is_stmt 0                 @ ../../../../Library/StdDriver/src/epwm.c:0:0
	ldr	r7, [r5]
	orrs	r6, r7
	str	r6, [r5]
.Ltmp237:
.LBB15_32:
	@DEBUG_VALUE: EPWM_EnableFaultBrake:i <- 3
	@DEBUG_VALUE: EPWM_EnableFaultBrake:u32BrakeSource <- $r3
	@DEBUG_VALUE: EPWM_EnableFaultBrake:u32LevelMask <- $r2
	@DEBUG_VALUE: EPWM_EnableFaultBrake:u32ChannelMask <- $r1
	@DEBUG_VALUE: EPWM_EnableFaultBrake:epwm <- $r0
	ldr.w	r5, [r0, #204]
.Ltmp238:
	.loc	5 529 13 is_stmt 1              @ ../../../../Library/StdDriver/src/epwm.c:529:13
	lsls	r6, r2, #28
.Ltmp239:
	.loc	5 0 0 is_stmt 0                 @ ../../../../Library/StdDriver/src/epwm.c:0:0
	bic	r5, r5, #786432
	str.w	r5, [r0, #204]
	mov.w	r5, #786432
	ldr.w	r6, [r0, #204]
.Ltmp240:
	.loc	5 529 13                        @ ../../../../Library/StdDriver/src/epwm.c:529:13
	it	pl
	movpl.w	r5, #524288
.Ltmp241:
	.loc	5 0 0                           @ ../../../../Library/StdDriver/src/epwm.c:0:0
	orrs	r5, r6
.Ltmp242:
	.loc	5 513 13 is_stmt 1              @ ../../../../Library/StdDriver/src/epwm.c:513:13
	lsls	r6, r1, #27
.Ltmp243:
	.loc	5 0 0 is_stmt 0                 @ ../../../../Library/StdDriver/src/epwm.c:0:0
	str.w	r5, [r0, #204]
.Ltmp244:
	@DEBUG_VALUE: EPWM_EnableFaultBrake:i <- 4
	.loc	5 513 13                        @ ../../../../Library/StdDriver/src/epwm.c:513:13
	bpl	.LBB15_40
.Ltmp245:
@ %bb.33:
	@DEBUG_VALUE: EPWM_EnableFaultBrake:i <- 4
	@DEBUG_VALUE: EPWM_EnableFaultBrake:u32BrakeSource <- $r3
	@DEBUG_VALUE: EPWM_EnableFaultBrake:u32LevelMask <- $r2
	@DEBUG_VALUE: EPWM_EnableFaultBrake:u32ChannelMask <- $r1
	@DEBUG_VALUE: EPWM_EnableFaultBrake:epwm <- $r0
	.loc	5 515 58 is_stmt 1              @ ../../../../Library/StdDriver/src/epwm.c:515:58
	sub.w	r5, r3, #129
	cmp	r5, #7
	bls	.LBB15_37
.Ltmp246:
.LBB15_34:
	@DEBUG_VALUE: EPWM_EnableFaultBrake:i <- 4
	@DEBUG_VALUE: EPWM_EnableFaultBrake:u32BrakeSource <- $r3
	@DEBUG_VALUE: EPWM_EnableFaultBrake:u32LevelMask <- $r2
	@DEBUG_VALUE: EPWM_EnableFaultBrake:u32ChannelMask <- $r1
	@DEBUG_VALUE: EPWM_EnableFaultBrake:epwm <- $r0
	.loc	5 0 58 is_stmt 0                @ ../../../../Library/StdDriver/src/epwm.c:0:58
	movw	r5, #32769
	subs	r5, r3, r5
	cmp	r5, #7
	bhi	.LBB15_36
.Ltmp247:
@ %bb.35:
	@DEBUG_VALUE: EPWM_EnableFaultBrake:i <- 4
	@DEBUG_VALUE: EPWM_EnableFaultBrake:u32BrakeSource <- $r3
	@DEBUG_VALUE: EPWM_EnableFaultBrake:u32LevelMask <- $r2
	@DEBUG_VALUE: EPWM_EnableFaultBrake:u32ChannelMask <- $r1
	@DEBUG_VALUE: EPWM_EnableFaultBrake:epwm <- $r0
	movs	r6, #1
	lsl.w	r5, r6, r5
	tst.w	r5, #139
	bne	.LBB15_38
.Ltmp248:
.LBB15_36:
	@DEBUG_VALUE: EPWM_EnableFaultBrake:i <- 4
	@DEBUG_VALUE: EPWM_EnableFaultBrake:u32BrakeSource <- $r3
	@DEBUG_VALUE: EPWM_EnableFaultBrake:u32LevelMask <- $r2
	@DEBUG_VALUE: EPWM_EnableFaultBrake:u32ChannelMask <- $r1
	@DEBUG_VALUE: EPWM_EnableFaultBrake:epwm <- $r0
	.loc	5 525 17 is_stmt 1              @ ../../../../Library/StdDriver/src/epwm.c:525:17
	add.w	r5, r0, #208
	mov	r6, r3
	b	.LBB15_39
.Ltmp249:
.LBB15_37:
	@DEBUG_VALUE: EPWM_EnableFaultBrake:i <- 4
	@DEBUG_VALUE: EPWM_EnableFaultBrake:u32BrakeSource <- $r3
	@DEBUG_VALUE: EPWM_EnableFaultBrake:u32LevelMask <- $r2
	@DEBUG_VALUE: EPWM_EnableFaultBrake:u32ChannelMask <- $r1
	@DEBUG_VALUE: EPWM_EnableFaultBrake:epwm <- $r0
	.loc	5 0 17 is_stmt 0                @ ../../../../Library/StdDriver/src/epwm.c:0:17
	movs	r6, #1
	lsl.w	r5, r6, r5
	tst.w	r5, #139
	beq	.LBB15_34
.Ltmp250:
.LBB15_38:
	@DEBUG_VALUE: EPWM_EnableFaultBrake:i <- 4
	@DEBUG_VALUE: EPWM_EnableFaultBrake:u32BrakeSource <- $r3
	@DEBUG_VALUE: EPWM_EnableFaultBrake:u32LevelMask <- $r2
	@DEBUG_VALUE: EPWM_EnableFaultBrake:u32ChannelMask <- $r1
	@DEBUG_VALUE: EPWM_EnableFaultBrake:epwm <- $r0
	.loc	5 520 41 is_stmt 1              @ ../../../../Library/StdDriver/src/epwm.c:520:41
	ldr.w	r5, [r0, #208]
	mov	r6, lr
	orrs	r5, r4
	str.w	r5, [r0, #208]
	mov	r5, r12
.Ltmp251:
.LBB15_39:
	@DEBUG_VALUE: EPWM_EnableFaultBrake:i <- 4
	@DEBUG_VALUE: EPWM_EnableFaultBrake:u32BrakeSource <- $r3
	@DEBUG_VALUE: EPWM_EnableFaultBrake:u32LevelMask <- $r2
	@DEBUG_VALUE: EPWM_EnableFaultBrake:u32ChannelMask <- $r1
	@DEBUG_VALUE: EPWM_EnableFaultBrake:epwm <- $r0
	.loc	5 0 0 is_stmt 0                 @ ../../../../Library/StdDriver/src/epwm.c:0:0
	ldr	r7, [r5]
	orrs	r6, r7
	str	r6, [r5]
.Ltmp252:
.LBB15_40:
	@DEBUG_VALUE: EPWM_EnableFaultBrake:i <- 4
	@DEBUG_VALUE: EPWM_EnableFaultBrake:u32BrakeSource <- $r3
	@DEBUG_VALUE: EPWM_EnableFaultBrake:u32LevelMask <- $r2
	@DEBUG_VALUE: EPWM_EnableFaultBrake:u32ChannelMask <- $r1
	@DEBUG_VALUE: EPWM_EnableFaultBrake:epwm <- $r0
	ldr.w	r5, [r0, #208]
.Ltmp253:
	.loc	5 529 13 is_stmt 1              @ ../../../../Library/StdDriver/src/epwm.c:529:13
	lsls	r6, r2, #27
.Ltmp254:
	.loc	5 0 0 is_stmt 0                 @ ../../../../Library/StdDriver/src/epwm.c:0:0
	bic	r5, r5, #196608
	str.w	r5, [r0, #208]
	mov.w	r5, #196608
	ldr.w	r6, [r0, #208]
.Ltmp255:
	.loc	5 529 13                        @ ../../../../Library/StdDriver/src/epwm.c:529:13
	it	pl
	movpl.w	r5, #131072
	.loc	5 513 13 is_stmt 1              @ ../../../../Library/StdDriver/src/epwm.c:513:13
	lsls	r1, r1, #26
.Ltmp256:
	@DEBUG_VALUE: EPWM_EnableFaultBrake:u32ChannelMask <- [DW_OP_LLVM_entry_value 1] $r1
	.loc	5 0 0 is_stmt 0                 @ ../../../../Library/StdDriver/src/epwm.c:0:0
	orr.w	r5, r5, r6
	str.w	r5, [r0, #208]
.Ltmp257:
	@DEBUG_VALUE: EPWM_EnableFaultBrake:i <- 5
	.loc	5 513 13                        @ ../../../../Library/StdDriver/src/epwm.c:513:13
	bpl	.LBB15_48
.Ltmp258:
@ %bb.41:
	@DEBUG_VALUE: EPWM_EnableFaultBrake:i <- 5
	@DEBUG_VALUE: EPWM_EnableFaultBrake:u32ChannelMask <- [DW_OP_LLVM_entry_value 1] $r1
	@DEBUG_VALUE: EPWM_EnableFaultBrake:u32BrakeSource <- $r3
	@DEBUG_VALUE: EPWM_EnableFaultBrake:u32LevelMask <- $r2
	@DEBUG_VALUE: EPWM_EnableFaultBrake:epwm <- $r0
	.loc	5 515 58 is_stmt 1              @ ../../../../Library/StdDriver/src/epwm.c:515:58
	sub.w	r1, r3, #129
	cmp	r1, #7
	bls	.LBB15_45
.Ltmp259:
.LBB15_42:
	@DEBUG_VALUE: EPWM_EnableFaultBrake:i <- 5
	@DEBUG_VALUE: EPWM_EnableFaultBrake:u32ChannelMask <- [DW_OP_LLVM_entry_value 1] $r1
	@DEBUG_VALUE: EPWM_EnableFaultBrake:u32BrakeSource <- $r3
	@DEBUG_VALUE: EPWM_EnableFaultBrake:u32LevelMask <- $r2
	@DEBUG_VALUE: EPWM_EnableFaultBrake:epwm <- $r0
	.loc	5 0 58 is_stmt 0                @ ../../../../Library/StdDriver/src/epwm.c:0:58
	movw	r1, #32769
	subs	r1, r3, r1
	cmp	r1, #7
	bhi	.LBB15_44
.Ltmp260:
@ %bb.43:
	@DEBUG_VALUE: EPWM_EnableFaultBrake:i <- 5
	@DEBUG_VALUE: EPWM_EnableFaultBrake:u32ChannelMask <- [DW_OP_LLVM_entry_value 1] $r1
	@DEBUG_VALUE: EPWM_EnableFaultBrake:u32BrakeSource <- $r3
	@DEBUG_VALUE: EPWM_EnableFaultBrake:u32LevelMask <- $r2
	@DEBUG_VALUE: EPWM_EnableFaultBrake:epwm <- $r0
	movs	r5, #1
	lsl.w	r1, r5, r1
	tst.w	r1, #139
	bne	.LBB15_46
.Ltmp261:
.LBB15_44:
	@DEBUG_VALUE: EPWM_EnableFaultBrake:i <- 5
	@DEBUG_VALUE: EPWM_EnableFaultBrake:u32ChannelMask <- [DW_OP_LLVM_entry_value 1] $r1
	@DEBUG_VALUE: EPWM_EnableFaultBrake:u32BrakeSource <- $r3
	@DEBUG_VALUE: EPWM_EnableFaultBrake:u32LevelMask <- $r2
	@DEBUG_VALUE: EPWM_EnableFaultBrake:epwm <- $r0
	.loc	5 525 17 is_stmt 1              @ ../../../../Library/StdDriver/src/epwm.c:525:17
	add.w	r12, r0, #208
	mov	lr, r3
.Ltmp262:
	@DEBUG_VALUE: EPWM_EnableFaultBrake:u32BrakeSource <- $lr
	.loc	5 0 17 is_stmt 0                @ ../../../../Library/StdDriver/src/epwm.c:0:17
	b	.LBB15_47
.Ltmp263:
.LBB15_45:
	@DEBUG_VALUE: EPWM_EnableFaultBrake:i <- 5
	@DEBUG_VALUE: EPWM_EnableFaultBrake:u32ChannelMask <- [DW_OP_LLVM_entry_value 1] $r1
	@DEBUG_VALUE: EPWM_EnableFaultBrake:u32BrakeSource <- $r3
	@DEBUG_VALUE: EPWM_EnableFaultBrake:u32LevelMask <- $r2
	@DEBUG_VALUE: EPWM_EnableFaultBrake:epwm <- $r0
	movs	r5, #1
	lsl.w	r1, r5, r1
	tst.w	r1, #139
	beq	.LBB15_42
.Ltmp264:
.LBB15_46:
	@DEBUG_VALUE: EPWM_EnableFaultBrake:i <- 5
	@DEBUG_VALUE: EPWM_EnableFaultBrake:u32ChannelMask <- [DW_OP_LLVM_entry_value 1] $r1
	@DEBUG_VALUE: EPWM_EnableFaultBrake:u32BrakeSource <- $r3
	@DEBUG_VALUE: EPWM_EnableFaultBrake:u32LevelMask <- $r2
	@DEBUG_VALUE: EPWM_EnableFaultBrake:epwm <- $r0
	.loc	5 520 41 is_stmt 1              @ ../../../../Library/StdDriver/src/epwm.c:520:41
	ldr.w	r1, [r0, #208]
	orrs	r1, r4
	str.w	r1, [r0, #208]
.Ltmp265:
.LBB15_47:
	@DEBUG_VALUE: EPWM_EnableFaultBrake:i <- 5
	@DEBUG_VALUE: EPWM_EnableFaultBrake:u32ChannelMask <- [DW_OP_LLVM_entry_value 1] $r1
	@DEBUG_VALUE: EPWM_EnableFaultBrake:u32LevelMask <- $r2
	@DEBUG_VALUE: EPWM_EnableFaultBrake:epwm <- $r0
	.loc	5 0 0 is_stmt 0                 @ ../../../../Library/StdDriver/src/epwm.c:0:0
	ldr.w	r1, [r12]
	orr.w	r1, r1, lr
	str.w	r1, [r12]
.Ltmp266:
.LBB15_48:
	@DEBUG_VALUE: EPWM_EnableFaultBrake:i <- 5
	@DEBUG_VALUE: EPWM_EnableFaultBrake:u32ChannelMask <- [DW_OP_LLVM_entry_value 1] $r1
	@DEBUG_VALUE: EPWM_EnableFaultBrake:u32LevelMask <- $r2
	@DEBUG_VALUE: EPWM_EnableFaultBrake:epwm <- $r0
	ldr.w	r1, [r0, #208]
.Ltmp267:
	.loc	5 529 13 is_stmt 1              @ ../../../../Library/StdDriver/src/epwm.c:529:13
	lsls	r2, r2, #26
.Ltmp268:
	@DEBUG_VALUE: EPWM_EnableFaultBrake:u32LevelMask <- [DW_OP_LLVM_entry_value 1] $r2
	.loc	5 0 0 is_stmt 0                 @ ../../../../Library/StdDriver/src/epwm.c:0:0
	bic	r1, r1, #786432
	str.w	r1, [r0, #208]
	mov.w	r1, #786432
	ldr.w	r2, [r0, #208]
.Ltmp269:
	.loc	5 529 13                        @ ../../../../Library/StdDriver/src/epwm.c:529:13
	it	pl
	movpl.w	r1, #524288
.Ltmp270:
	.loc	5 0 0                           @ ../../../../Library/StdDriver/src/epwm.c:0:0
	orrs	r1, r2
	str.w	r1, [r0, #208]
.Ltmp271:
	@DEBUG_VALUE: EPWM_EnableFaultBrake:i <- 6
	.loc	5 560 1 epilogue_begin is_stmt 1 @ ../../../../Library/StdDriver/src/epwm.c:560:1
	pop	{r4, r5, r6, r7, pc}
.Ltmp272:
.Lfunc_end15:
	.size	EPWM_EnableFaultBrake, .Lfunc_end15-EPWM_EnableFaultBrake
	.cfi_endproc
	.cantunwind
	.fnend
                                        @ -- End function
	.section	.text.EPWM_EnableCapture,"ax",%progbits
	.hidden	EPWM_EnableCapture              @ -- Begin function EPWM_EnableCapture
	.globl	EPWM_EnableCapture
	.p2align	2
	.type	EPWM_EnableCapture,%function
	.code	16                              @ @EPWM_EnableCapture
	.thumb_func
EPWM_EnableCapture:
.Lfunc_begin16:
	.fnstart
	.cfi_startproc
@ %bb.0:
	@DEBUG_VALUE: EPWM_EnableCapture:epwm <- $r0
	@DEBUG_VALUE: EPWM_EnableCapture:u32ChannelMask <- $r1
	.loc	5 574 21 prologue_end           @ ../../../../Library/StdDriver/src/epwm.c:574:21
	ldr.w	r2, [r0, #512]
	orrs	r2, r1
	str.w	r2, [r0, #512]
	.loc	5 575 20                        @ ../../../../Library/StdDriver/src/epwm.c:575:20
	ldr.w	r2, [r0, #516]
	orrs	r1, r2
.Ltmp273:
	@DEBUG_VALUE: EPWM_EnableCapture:u32ChannelMask <- [DW_OP_LLVM_entry_value 1] $r1
	str.w	r1, [r0, #516]
	.loc	5 576 1                         @ ../../../../Library/StdDriver/src/epwm.c:576:1
	bx	lr
.Ltmp274:
.Lfunc_end16:
	.size	EPWM_EnableCapture, .Lfunc_end16-EPWM_EnableCapture
	.cfi_endproc
	.cantunwind
	.fnend
                                        @ -- End function
	.section	.text.EPWM_DisableCapture,"ax",%progbits
	.hidden	EPWM_DisableCapture             @ -- Begin function EPWM_DisableCapture
	.globl	EPWM_DisableCapture
	.p2align	2
	.type	EPWM_DisableCapture,%function
	.code	16                              @ @EPWM_DisableCapture
	.thumb_func
EPWM_DisableCapture:
.Lfunc_begin17:
	.fnstart
	.cfi_startproc
@ %bb.0:
	@DEBUG_VALUE: EPWM_DisableCapture:epwm <- $r0
	@DEBUG_VALUE: EPWM_DisableCapture:u32ChannelMask <- $r1
	.loc	5 590 21 prologue_end           @ ../../../../Library/StdDriver/src/epwm.c:590:21
	ldr.w	r2, [r0, #512]
	bics	r2, r1
	str.w	r2, [r0, #512]
	.loc	5 591 20                        @ ../../../../Library/StdDriver/src/epwm.c:591:20
	ldr.w	r2, [r0, #516]
	bic.w	r1, r2, r1
.Ltmp275:
	@DEBUG_VALUE: EPWM_DisableCapture:u32ChannelMask <- [DW_OP_LLVM_entry_value 1] $r1
	str.w	r1, [r0, #516]
	.loc	5 592 1                         @ ../../../../Library/StdDriver/src/epwm.c:592:1
	bx	lr
.Ltmp276:
.Lfunc_end17:
	.size	EPWM_DisableCapture, .Lfunc_end17-EPWM_DisableCapture
	.cfi_endproc
	.cantunwind
	.fnend
                                        @ -- End function
	.section	.text.EPWM_EnableOutput,"ax",%progbits
	.hidden	EPWM_EnableOutput               @ -- Begin function EPWM_EnableOutput
	.globl	EPWM_EnableOutput
	.p2align	2
	.type	EPWM_EnableOutput,%function
	.code	16                              @ @EPWM_EnableOutput
	.thumb_func
EPWM_EnableOutput:
.Lfunc_begin18:
	.fnstart
	.cfi_startproc
@ %bb.0:
	@DEBUG_VALUE: EPWM_EnableOutput:epwm <- $r0
	@DEBUG_VALUE: EPWM_EnableOutput:u32ChannelMask <- $r1
	.loc	5 606 18 prologue_end           @ ../../../../Library/StdDriver/src/epwm.c:606:18
	ldr.w	r2, [r0, #216]
	orrs	r1, r2
.Ltmp277:
	@DEBUG_VALUE: EPWM_EnableOutput:u32ChannelMask <- [DW_OP_LLVM_entry_value 1] $r1
	str.w	r1, [r0, #216]
	.loc	5 607 1                         @ ../../../../Library/StdDriver/src/epwm.c:607:1
	bx	lr
.Ltmp278:
.Lfunc_end18:
	.size	EPWM_EnableOutput, .Lfunc_end18-EPWM_EnableOutput
	.cfi_endproc
	.cantunwind
	.fnend
                                        @ -- End function
	.section	.text.EPWM_DisableOutput,"ax",%progbits
	.hidden	EPWM_DisableOutput              @ -- Begin function EPWM_DisableOutput
	.globl	EPWM_DisableOutput
	.p2align	2
	.type	EPWM_DisableOutput,%function
	.code	16                              @ @EPWM_DisableOutput
	.thumb_func
EPWM_DisableOutput:
.Lfunc_begin19:
	.fnstart
	.cfi_startproc
@ %bb.0:
	@DEBUG_VALUE: EPWM_DisableOutput:epwm <- $r0
	@DEBUG_VALUE: EPWM_DisableOutput:u32ChannelMask <- $r1
	.loc	5 621 18 prologue_end           @ ../../../../Library/StdDriver/src/epwm.c:621:18
	ldr.w	r2, [r0, #216]
	bic.w	r1, r2, r1
.Ltmp279:
	@DEBUG_VALUE: EPWM_DisableOutput:u32ChannelMask <- [DW_OP_LLVM_entry_value 1] $r1
	str.w	r1, [r0, #216]
	.loc	5 622 1                         @ ../../../../Library/StdDriver/src/epwm.c:622:1
	bx	lr
.Ltmp280:
.Lfunc_end19:
	.size	EPWM_DisableOutput, .Lfunc_end19-EPWM_DisableOutput
	.cfi_endproc
	.cantunwind
	.fnend
                                        @ -- End function
	.section	.text.EPWM_EnablePDMA,"ax",%progbits
	.hidden	EPWM_EnablePDMA                 @ -- Begin function EPWM_EnablePDMA
	.globl	EPWM_EnablePDMA
	.p2align	2
	.type	EPWM_EnablePDMA,%function
	.code	16                              @ @EPWM_EnablePDMA
	.thumb_func
EPWM_EnablePDMA:
.Lfunc_begin20:
	.loc	5 640 0                         @ ../../../../Library/StdDriver/src/epwm.c:640:0
	.fnstart
	.cfi_startproc
@ %bb.0:
	@DEBUG_VALUE: EPWM_EnablePDMA:epwm <- $r0
	@DEBUG_VALUE: EPWM_EnablePDMA:u32ChannelNum <- $r1
	@DEBUG_VALUE: EPWM_EnablePDMA:u32RisingFirst <- $r2
	@DEBUG_VALUE: EPWM_EnablePDMA:u32Mode <- $r3
	.save	{r4, lr}
	push	{r4, lr}
	.cfi_def_cfa_offset 8
	.cfi_offset lr, -4
	.cfi_offset r4, -8
.Ltmp281:
	@DEBUG_VALUE: EPWM_EnablePDMA:u32IsOddCh <- [DW_OP_constu 1, DW_OP_and, DW_OP_stack_value] $r1
	mvn	r12, #4
	mov.w	lr, #16
.Ltmp282:
	.loc	5 643 156 prologue_end          @ ../../../../Library/StdDriver/src/epwm.c:643:156
	and.w	r12, r12, r1, lsl #2
	.loc	5 644 37                        @ ../../../../Library/StdDriver/src/epwm.c:644:37
	and.w	r1, lr, r1, lsl #4
.Ltmp283:
	@DEBUG_VALUE: EPWM_EnablePDMA:u32ChannelNum <- [DW_OP_LLVM_entry_value 1] $r1
	.loc	5 643 32                        @ ../../../../Library/StdDriver/src/epwm.c:643:32
	ldr.w	lr, [r0, #572]
	movs	r4, #30
	.loc	5 644 116                       @ ../../../../Library/StdDriver/src/epwm.c:644:116
	orr.w	r1, r1, r2, lsl #3
	.loc	5 643 130                       @ ../../../../Library/StdDriver/src/epwm.c:643:130
	lsl.w	r4, r4, r12
	.loc	5 645 33                        @ ../../../../Library/StdDriver/src/epwm.c:645:33
	orrs	r1, r3
	orr	r1, r1, #1
	.loc	5 643 40                        @ ../../../../Library/StdDriver/src/epwm.c:643:40
	bic.w	r2, lr, r4
.Ltmp284:
	@DEBUG_VALUE: EPWM_EnablePDMA:u32RisingFirst <- [DW_OP_LLVM_entry_value 1] $r2
	.loc	5 645 61                        @ ../../../../Library/StdDriver/src/epwm.c:645:61
	lsl.w	r1, r1, r12
	.loc	5 643 165                       @ ../../../../Library/StdDriver/src/epwm.c:643:165
	orrs	r1, r2
	.loc	5 643 21 is_stmt 0              @ ../../../../Library/StdDriver/src/epwm.c:643:21
	str.w	r1, [r0, #572]
	.loc	5 646 1 epilogue_begin is_stmt 1 @ ../../../../Library/StdDriver/src/epwm.c:646:1
	pop	{r4, pc}
.Ltmp285:
.Lfunc_end20:
	.size	EPWM_EnablePDMA, .Lfunc_end20-EPWM_EnablePDMA
	.cfi_endproc
	.cantunwind
	.fnend
                                        @ -- End function
	.section	.text.EPWM_DisablePDMA,"ax",%progbits
	.hidden	EPWM_DisablePDMA                @ -- Begin function EPWM_DisablePDMA
	.globl	EPWM_DisablePDMA
	.p2align	2
	.type	EPWM_DisablePDMA,%function
	.code	16                              @ @EPWM_DisablePDMA
	.thumb_func
EPWM_DisablePDMA:
.Lfunc_begin21:
	.loc	5 658 0                         @ ../../../../Library/StdDriver/src/epwm.c:658:0
	.fnstart
	.cfi_startproc
@ %bb.0:
	@DEBUG_VALUE: EPWM_DisablePDMA:epwm <- $r0
	@DEBUG_VALUE: EPWM_DisablePDMA:u32ChannelNum <- $r1
	mvn	r2, #4
.Ltmp286:
	.loc	5 659 77 prologue_end           @ ../../../../Library/StdDriver/src/epwm.c:659:77
	and.w	r1, r2, r1, lsl #2
.Ltmp287:
	@DEBUG_VALUE: EPWM_DisablePDMA:u32ChannelNum <- [DW_OP_LLVM_entry_value 1] $r1
	.loc	5 0 77 is_stmt 0                @ ../../../../Library/StdDriver/src/epwm.c:0:77
	movs	r2, #1
	.loc	5 659 21                        @ ../../../../Library/StdDriver/src/epwm.c:659:21
	ldr.w	r3, [r0, #572]
	.loc	5 659 51                        @ ../../../../Library/StdDriver/src/epwm.c:659:51
	lsl.w	r1, r2, r1
	.loc	5 659 21                        @ ../../../../Library/StdDriver/src/epwm.c:659:21
	bic.w	r1, r3, r1
	str.w	r1, [r0, #572]
	.loc	5 660 1 is_stmt 1               @ ../../../../Library/StdDriver/src/epwm.c:660:1
	bx	lr
.Ltmp288:
.Lfunc_end21:
	.size	EPWM_DisablePDMA, .Lfunc_end21-EPWM_DisablePDMA
	.cfi_endproc
	.cantunwind
	.fnend
                                        @ -- End function
	.section	.text.EPWM_EnableFallingDeadZone,"ax",%progbits
	.hidden	EPWM_EnableFallingDeadZone      @ -- Begin function EPWM_EnableFallingDeadZone
	.globl	EPWM_EnableFallingDeadZone
	.p2align	2
	.type	EPWM_EnableFallingDeadZone,%function
	.code	16                              @ @EPWM_EnableFallingDeadZone
	.thumb_func
EPWM_EnableFallingDeadZone:
.Lfunc_begin22:
	.loc	5 675 0                         @ ../../../../Library/StdDriver/src/epwm.c:675:0
	.fnstart
	.cfi_startproc
@ %bb.0:
	@DEBUG_VALUE: EPWM_EnableFallingDeadZone:epwm <- $r0
	@DEBUG_VALUE: EPWM_EnableFallingDeadZone:u32ChannelNum <- $r1
	@DEBUG_VALUE: EPWM_EnableFallingDeadZone:u32FDuration <- $r2
	.save	{r7, lr}
	push	{r7, lr}
	.cfi_def_cfa_offset 8
	.cfi_offset lr, -4
	.cfi_offset r7, -8
.Ltmp289:
	.loc	5 677 65 prologue_end           @ ../../../../Library/StdDriver/src/epwm.c:677:65
	lsrs	r1, r1, #1
.Ltmp290:
	@DEBUG_VALUE: EPWM_EnableFallingDeadZone:u32ChannelNum <- [DW_OP_LLVM_entry_value 1] $r1
	.loc	5 0 65 is_stmt 0                @ ../../../../Library/StdDriver/src/epwm.c:0:65
	mov.w	r12, #256
	.loc	5 677 19                        @ ../../../../Library/StdDriver/src/epwm.c:677:19
	ldr.w	lr, [r0, #704]
	.loc	5 677 45                        @ ../../../../Library/StdDriver/src/epwm.c:677:45
	lsl.w	r3, r12, r1
	.loc	5 677 19                        @ ../../../../Library/StdDriver/src/epwm.c:677:19
	orr.w	r3, r3, lr
	.loc	5 678 5 is_stmt 1               @ ../../../../Library/StdDriver/src/epwm.c:678:5
	add.w	r1, r0, r1, lsl #2
	.loc	5 677 19                        @ ../../../../Library/StdDriver/src/epwm.c:677:19
	str.w	r3, [r0, #704]
	.loc	5 678 43                        @ ../../../../Library/StdDriver/src/epwm.c:678:43
	ldr.w	r0, [r1, #692]
.Ltmp291:
	@DEBUG_VALUE: EPWM_EnableFallingDeadZone:epwm <- [DW_OP_LLVM_entry_value 1] $r0
	orrs	r0, r2
	str.w	r0, [r1, #692]
	.loc	5 679 1 epilogue_begin          @ ../../../../Library/StdDriver/src/epwm.c:679:1
	pop	{r7, pc}
.Ltmp292:
.Lfunc_end22:
	.size	EPWM_EnableFallingDeadZone, .Lfunc_end22-EPWM_EnableFallingDeadZone
	.cfi_endproc
	.cantunwind
	.fnend
                                        @ -- End function
	.section	.text.EPWM_EnableRisingDeadZone,"ax",%progbits
	.hidden	EPWM_EnableRisingDeadZone       @ -- Begin function EPWM_EnableRisingDeadZone
	.globl	EPWM_EnableRisingDeadZone
	.p2align	2
	.type	EPWM_EnableRisingDeadZone,%function
	.code	16                              @ @EPWM_EnableRisingDeadZone
	.thumb_func
EPWM_EnableRisingDeadZone:
.Lfunc_begin23:
	.loc	5 694 0                         @ ../../../../Library/StdDriver/src/epwm.c:694:0
	.fnstart
	.cfi_startproc
@ %bb.0:
	@DEBUG_VALUE: EPWM_EnableRisingDeadZone:epwm <- $r0
	@DEBUG_VALUE: EPWM_EnableRisingDeadZone:u32ChannelNum <- $r1
	@DEBUG_VALUE: EPWM_EnableRisingDeadZone:u32RDuration <- $r2
	.save	{r7, lr}
	push	{r7, lr}
	.cfi_def_cfa_offset 8
	.cfi_offset lr, -4
	.cfi_offset r7, -8
.Ltmp293:
	.loc	5 696 65 prologue_end           @ ../../../../Library/StdDriver/src/epwm.c:696:65
	lsrs	r1, r1, #1
.Ltmp294:
	@DEBUG_VALUE: EPWM_EnableRisingDeadZone:u32ChannelNum <- [DW_OP_LLVM_entry_value 1] $r1
	.loc	5 0 65 is_stmt 0                @ ../../../../Library/StdDriver/src/epwm.c:0:65
	mov.w	r12, #1
	.loc	5 696 19                        @ ../../../../Library/StdDriver/src/epwm.c:696:19
	ldr.w	lr, [r0, #704]
	.loc	5 696 45                        @ ../../../../Library/StdDriver/src/epwm.c:696:45
	lsl.w	r3, r12, r1
	.loc	5 696 19                        @ ../../../../Library/StdDriver/src/epwm.c:696:19
	orr.w	r3, r3, lr
	.loc	5 697 5 is_stmt 1               @ ../../../../Library/StdDriver/src/epwm.c:697:5
	add.w	r1, r0, r1, lsl #2
	.loc	5 696 19                        @ ../../../../Library/StdDriver/src/epwm.c:696:19
	str.w	r3, [r0, #704]
	.loc	5 697 43                        @ ../../../../Library/StdDriver/src/epwm.c:697:43
	ldr.w	r0, [r1, #680]
.Ltmp295:
	@DEBUG_VALUE: EPWM_EnableRisingDeadZone:epwm <- [DW_OP_LLVM_entry_value 1] $r0
	orrs	r0, r2
	str.w	r0, [r1, #680]
	.loc	5 698 1 epilogue_begin          @ ../../../../Library/StdDriver/src/epwm.c:698:1
	pop	{r7, pc}
.Ltmp296:
.Lfunc_end23:
	.size	EPWM_EnableRisingDeadZone, .Lfunc_end23-EPWM_EnableRisingDeadZone
	.cfi_endproc
	.cantunwind
	.fnend
                                        @ -- End function
	.section	.text.EPWM_DisableFallingDeadZone,"ax",%progbits
	.hidden	EPWM_DisableFallingDeadZone     @ -- Begin function EPWM_DisableFallingDeadZone
	.globl	EPWM_DisableFallingDeadZone
	.p2align	2
	.type	EPWM_DisableFallingDeadZone,%function
	.code	16                              @ @EPWM_DisableFallingDeadZone
	.thumb_func
EPWM_DisableFallingDeadZone:
.Lfunc_begin24:
	.fnstart
	.cfi_startproc
@ %bb.0:
	@DEBUG_VALUE: EPWM_DisableFallingDeadZone:epwm <- $r0
	@DEBUG_VALUE: EPWM_DisableFallingDeadZone:u32ChannelNum <- $r1
	.loc	5 713 66 prologue_end           @ ../../../../Library/StdDriver/src/epwm.c:713:66
	lsrs	r1, r1, #1
.Ltmp297:
	@DEBUG_VALUE: EPWM_DisableFallingDeadZone:u32ChannelNum <- [DW_OP_LLVM_entry_value 1] $r1
	.loc	5 0 66 is_stmt 0                @ ../../../../Library/StdDriver/src/epwm.c:0:66
	mov.w	r2, #256
	.loc	5 713 19                        @ ../../../../Library/StdDriver/src/epwm.c:713:19
	ldr.w	r3, [r0, #704]
	.loc	5 713 46                        @ ../../../../Library/StdDriver/src/epwm.c:713:46
	lsl.w	r1, r2, r1
	.loc	5 713 19                        @ ../../../../Library/StdDriver/src/epwm.c:713:19
	bic.w	r1, r3, r1
	str.w	r1, [r0, #704]
	.loc	5 714 1 is_stmt 1               @ ../../../../Library/StdDriver/src/epwm.c:714:1
	bx	lr
.Ltmp298:
.Lfunc_end24:
	.size	EPWM_DisableFallingDeadZone, .Lfunc_end24-EPWM_DisableFallingDeadZone
	.cfi_endproc
	.cantunwind
	.fnend
                                        @ -- End function
	.section	.text.EPWM_DisableRisingDeadZone,"ax",%progbits
	.hidden	EPWM_DisableRisingDeadZone      @ -- Begin function EPWM_DisableRisingDeadZone
	.globl	EPWM_DisableRisingDeadZone
	.p2align	2
	.type	EPWM_DisableRisingDeadZone,%function
	.code	16                              @ @EPWM_DisableRisingDeadZone
	.thumb_func
EPWM_DisableRisingDeadZone:
.Lfunc_begin25:
	.fnstart
	.cfi_startproc
@ %bb.0:
	@DEBUG_VALUE: EPWM_DisableRisingDeadZone:epwm <- $r0
	@DEBUG_VALUE: EPWM_DisableRisingDeadZone:u32ChannelNum <- $r1
	.loc	5 729 66 prologue_end           @ ../../../../Library/StdDriver/src/epwm.c:729:66
	lsrs	r1, r1, #1
.Ltmp299:
	@DEBUG_VALUE: EPWM_DisableRisingDeadZone:u32ChannelNum <- [DW_OP_LLVM_entry_value 1] $r1
	.loc	5 0 66 is_stmt 0                @ ../../../../Library/StdDriver/src/epwm.c:0:66
	movs	r2, #1
	.loc	5 729 19                        @ ../../../../Library/StdDriver/src/epwm.c:729:19
	ldr.w	r3, [r0, #704]
	.loc	5 729 46                        @ ../../../../Library/StdDriver/src/epwm.c:729:46
	lsl.w	r1, r2, r1
	.loc	5 729 19                        @ ../../../../Library/StdDriver/src/epwm.c:729:19
	bic.w	r1, r3, r1
	str.w	r1, [r0, #704]
	.loc	5 730 1 is_stmt 1               @ ../../../../Library/StdDriver/src/epwm.c:730:1
	bx	lr
.Ltmp300:
.Lfunc_end25:
	.size	EPWM_DisableRisingDeadZone, .Lfunc_end25-EPWM_DisableRisingDeadZone
	.cfi_endproc
	.cantunwind
	.fnend
                                        @ -- End function
	.section	.text.EPWM_EnableCaptureInt,"ax",%progbits
	.hidden	EPWM_EnableCaptureInt           @ -- Begin function EPWM_EnableCaptureInt
	.globl	EPWM_EnableCaptureInt
	.p2align	2
	.type	EPWM_EnableCaptureInt,%function
	.code	16                              @ @EPWM_EnableCaptureInt
	.thumb_func
EPWM_EnableCaptureInt:
.Lfunc_begin26:
	.fnstart
	.cfi_startproc
@ %bb.0:
	@DEBUG_VALUE: EPWM_EnableCaptureInt:epwm <- $r0
	@DEBUG_VALUE: EPWM_EnableCaptureInt:u32ChannelNum <- $r1
	@DEBUG_VALUE: EPWM_EnableCaptureInt:u32Edge <- $r2
	.loc	5 746 20 prologue_end           @ ../../../../Library/StdDriver/src/epwm.c:746:20
	ldr.w	r3, [r0, #592]
	.loc	5 746 32 is_stmt 0              @ ../../../../Library/StdDriver/src/epwm.c:746:32
	lsl.w	r1, r2, r1
.Ltmp301:
	@DEBUG_VALUE: EPWM_EnableCaptureInt:u32ChannelNum <- [DW_OP_LLVM_entry_value 1] $r1
	.loc	5 746 20                        @ ../../../../Library/StdDriver/src/epwm.c:746:20
	orrs	r1, r3
	str.w	r1, [r0, #592]
	.loc	5 747 1 is_stmt 1               @ ../../../../Library/StdDriver/src/epwm.c:747:1
	bx	lr
.Ltmp302:
.Lfunc_end26:
	.size	EPWM_EnableCaptureInt, .Lfunc_end26-EPWM_EnableCaptureInt
	.cfi_endproc
	.cantunwind
	.fnend
                                        @ -- End function
	.section	.text.EPWM_DisableCaptureInt,"ax",%progbits
	.hidden	EPWM_DisableCaptureInt          @ -- Begin function EPWM_DisableCaptureInt
	.globl	EPWM_DisableCaptureInt
	.p2align	2
	.type	EPWM_DisableCaptureInt,%function
	.code	16                              @ @EPWM_DisableCaptureInt
	.thumb_func
EPWM_DisableCaptureInt:
.Lfunc_begin27:
	.fnstart
	.cfi_startproc
@ %bb.0:
	@DEBUG_VALUE: EPWM_DisableCaptureInt:epwm <- $r0
	@DEBUG_VALUE: EPWM_DisableCaptureInt:u32ChannelNum <- $r1
	@DEBUG_VALUE: EPWM_DisableCaptureInt:u32Edge <- $r2
	.loc	5 763 20 prologue_end           @ ../../../../Library/StdDriver/src/epwm.c:763:20
	ldr.w	r3, [r0, #592]
	.loc	5 763 33 is_stmt 0              @ ../../../../Library/StdDriver/src/epwm.c:763:33
	lsl.w	r1, r2, r1
.Ltmp303:
	@DEBUG_VALUE: EPWM_DisableCaptureInt:u32ChannelNum <- [DW_OP_LLVM_entry_value 1] $r1
	.loc	5 763 20                        @ ../../../../Library/StdDriver/src/epwm.c:763:20
	bic.w	r1, r3, r1
	str.w	r1, [r0, #592]
	.loc	5 764 1 is_stmt 1               @ ../../../../Library/StdDriver/src/epwm.c:764:1
	bx	lr
.Ltmp304:
.Lfunc_end27:
	.size	EPWM_DisableCaptureInt, .Lfunc_end27-EPWM_DisableCaptureInt
	.cfi_endproc
	.cantunwind
	.fnend
                                        @ -- End function
	.section	.text.EPWM_ClearCaptureIntFlag,"ax",%progbits
	.hidden	EPWM_ClearCaptureIntFlag        @ -- Begin function EPWM_ClearCaptureIntFlag
	.globl	EPWM_ClearCaptureIntFlag
	.p2align	2
	.type	EPWM_ClearCaptureIntFlag,%function
	.code	16                              @ @EPWM_ClearCaptureIntFlag
	.thumb_func
EPWM_ClearCaptureIntFlag:
.Lfunc_begin28:
	.fnstart
	.cfi_startproc
@ %bb.0:
	@DEBUG_VALUE: EPWM_ClearCaptureIntFlag:epwm <- $r0
	@DEBUG_VALUE: EPWM_ClearCaptureIntFlag:u32ChannelNum <- $r1
	@DEBUG_VALUE: EPWM_ClearCaptureIntFlag:u32Edge <- $r2
	.loc	5 780 30 prologue_end           @ ../../../../Library/StdDriver/src/epwm.c:780:30
	lsl.w	r1, r2, r1
.Ltmp305:
	@DEBUG_VALUE: EPWM_ClearCaptureIntFlag:u32ChannelNum <- [DW_OP_LLVM_entry_value 1] $r1
	.loc	5 780 19 is_stmt 0              @ ../../../../Library/StdDriver/src/epwm.c:780:19
	str.w	r1, [r0, #596]
	.loc	5 781 1 is_stmt 1               @ ../../../../Library/StdDriver/src/epwm.c:781:1
	bx	lr
.Ltmp306:
.Lfunc_end28:
	.size	EPWM_ClearCaptureIntFlag, .Lfunc_end28-EPWM_ClearCaptureIntFlag
	.cfi_endproc
	.cantunwind
	.fnend
                                        @ -- End function
	.section	.text.EPWM_GetCaptureIntFlag,"ax",%progbits
	.hidden	EPWM_GetCaptureIntFlag          @ -- Begin function EPWM_GetCaptureIntFlag
	.globl	EPWM_GetCaptureIntFlag
	.p2align	2
	.type	EPWM_GetCaptureIntFlag,%function
	.code	16                              @ @EPWM_GetCaptureIntFlag
	.thumb_func
EPWM_GetCaptureIntFlag:
.Lfunc_begin29:
	.fnstart
	.cfi_startproc
@ %bb.0:
	@DEBUG_VALUE: EPWM_GetCaptureIntFlag:epwm <- $r0
	@DEBUG_VALUE: EPWM_GetCaptureIntFlag:u32ChannelNum <- $r1
	.loc	5 797 38 prologue_end           @ ../../../../Library/StdDriver/src/epwm.c:797:38
	ldr.w	r2, [r0, #596]
	.loc	5 798 24                        @ ../../../../Library/StdDriver/src/epwm.c:798:24
	ldr.w	r3, [r0, #596]
	.loc	5 797 29                        @ ../../../../Library/StdDriver/src/epwm.c:797:29
	lsrs	r2, r1
	.loc	5 798 93                        @ ../../../../Library/StdDriver/src/epwm.c:798:93
	lsr.w	r1, r3, r1
.Ltmp307:
	@DEBUG_VALUE: EPWM_GetCaptureIntFlag:u32ChannelNum <- [DW_OP_LLVM_entry_value 1] $r1
	.loc	5 797 29                        @ ../../../../Library/StdDriver/src/epwm.c:797:29
	and	r0, r2, #1
.Ltmp308:
	@DEBUG_VALUE: EPWM_GetCaptureIntFlag:epwm <- [DW_OP_LLVM_entry_value 1] $r0
	@DEBUG_VALUE: EPWM_GetCaptureIntFlag:RisingLatch <- $r0
	.loc	5 798 93                        @ ../../../../Library/StdDriver/src/epwm.c:798:93
	lsrs	r1, r1, #8
	bfi	r0, r1, #1, #1
.Ltmp309:
	.loc	5 798 5 is_stmt 0               @ ../../../../Library/StdDriver/src/epwm.c:798:5
	bx	lr
.Ltmp310:
.Lfunc_end29:
	.size	EPWM_GetCaptureIntFlag, .Lfunc_end29-EPWM_GetCaptureIntFlag
	.cfi_endproc
	.cantunwind
	.fnend
                                        @ -- End function
	.section	.text.EPWM_EnableDutyInt,"ax",%progbits
	.hidden	EPWM_EnableDutyInt              @ -- Begin function EPWM_EnableDutyInt
	.globl	EPWM_EnableDutyInt
	.p2align	2
	.type	EPWM_EnableDutyInt,%function
	.code	16                              @ @EPWM_EnableDutyInt
	.thumb_func
EPWM_EnableDutyInt:
.Lfunc_begin30:
	.fnstart
	.cfi_startproc
@ %bb.0:
	@DEBUG_VALUE: EPWM_EnableDutyInt:epwm <- $r0
	@DEBUG_VALUE: EPWM_EnableDutyInt:u32ChannelNum <- $r1
	@DEBUG_VALUE: EPWM_EnableDutyInt:u32IntDutyType <- $r2
	.loc	5 814 20 prologue_end is_stmt 1 @ ../../../../Library/StdDriver/src/epwm.c:814:20
	ldr.w	r3, [r0, #224]
	.loc	5 814 39 is_stmt 0              @ ../../../../Library/StdDriver/src/epwm.c:814:39
	lsl.w	r1, r2, r1
.Ltmp311:
	@DEBUG_VALUE: EPWM_EnableDutyInt:u32ChannelNum <- [DW_OP_LLVM_entry_value 1] $r1
	.loc	5 814 20                        @ ../../../../Library/StdDriver/src/epwm.c:814:20
	orrs	r1, r3
	str.w	r1, [r0, #224]
	.loc	5 815 1 is_stmt 1               @ ../../../../Library/StdDriver/src/epwm.c:815:1
	bx	lr
.Ltmp312:
.Lfunc_end30:
	.size	EPWM_EnableDutyInt, .Lfunc_end30-EPWM_EnableDutyInt
	.cfi_endproc
	.cantunwind
	.fnend
                                        @ -- End function
	.section	.text.EPWM_DisableDutyInt,"ax",%progbits
	.hidden	EPWM_DisableDutyInt             @ -- Begin function EPWM_DisableDutyInt
	.globl	EPWM_DisableDutyInt
	.p2align	2
	.type	EPWM_DisableDutyInt,%function
	.code	16                              @ @EPWM_DisableDutyInt
	.thumb_func
EPWM_DisableDutyInt:
.Lfunc_begin31:
	.loc	5 827 0                         @ ../../../../Library/StdDriver/src/epwm.c:827:0
	.fnstart
	.cfi_startproc
@ %bb.0:
	@DEBUG_VALUE: EPWM_DisableDutyInt:epwm <- $r0
	@DEBUG_VALUE: EPWM_DisableDutyInt:u32ChannelNum <- $r1
	movs	r2, #0
.Ltmp313:
	.loc	5 828 20 prologue_end           @ ../../../../Library/StdDriver/src/epwm.c:828:20
	ldr.w	r3, [r0, #224]
	movt	r2, #257
	.loc	5 828 107 is_stmt 0             @ ../../../../Library/StdDriver/src/epwm.c:828:107
	lsl.w	r1, r2, r1
.Ltmp314:
	@DEBUG_VALUE: EPWM_DisableDutyInt:u32ChannelNum <- [DW_OP_LLVM_entry_value 1] $r1
	.loc	5 828 20                        @ ../../../../Library/StdDriver/src/epwm.c:828:20
	bic.w	r1, r3, r1
	str.w	r1, [r0, #224]
	.loc	5 829 1 is_stmt 1               @ ../../../../Library/StdDriver/src/epwm.c:829:1
	bx	lr
.Ltmp315:
.Lfunc_end31:
	.size	EPWM_DisableDutyInt, .Lfunc_end31-EPWM_DisableDutyInt
	.cfi_endproc
	.cantunwind
	.fnend
                                        @ -- End function
	.section	.text.EPWM_ClearDutyIntFlag,"ax",%progbits
	.hidden	EPWM_ClearDutyIntFlag           @ -- Begin function EPWM_ClearDutyIntFlag
	.globl	EPWM_ClearDutyIntFlag
	.p2align	2
	.type	EPWM_ClearDutyIntFlag,%function
	.code	16                              @ @EPWM_ClearDutyIntFlag
	.thumb_func
EPWM_ClearDutyIntFlag:
.Lfunc_begin32:
	.loc	5 841 0                         @ ../../../../Library/StdDriver/src/epwm.c:841:0
	.fnstart
	.cfi_startproc
@ %bb.0:
	@DEBUG_VALUE: EPWM_ClearDutyIntFlag:epwm <- $r0
	@DEBUG_VALUE: EPWM_ClearDutyIntFlag:u32ChannelNum <- $r1
	movs	r2, #0
	movt	r2, #257
.Ltmp316:
	.loc	5 842 77 prologue_end           @ ../../../../Library/StdDriver/src/epwm.c:842:77
	lsl.w	r1, r2, r1
.Ltmp317:
	@DEBUG_VALUE: EPWM_ClearDutyIntFlag:u32ChannelNum <- [DW_OP_LLVM_entry_value 1] $r1
	.loc	5 842 21 is_stmt 0              @ ../../../../Library/StdDriver/src/epwm.c:842:21
	str.w	r1, [r0, #232]
	.loc	5 843 1 is_stmt 1               @ ../../../../Library/StdDriver/src/epwm.c:843:1
	bx	lr
.Ltmp318:
.Lfunc_end32:
	.size	EPWM_ClearDutyIntFlag, .Lfunc_end32-EPWM_ClearDutyIntFlag
	.cfi_endproc
	.cantunwind
	.fnend
                                        @ -- End function
	.section	.text.EPWM_GetDutyIntFlag,"ax",%progbits
	.hidden	EPWM_GetDutyIntFlag             @ -- Begin function EPWM_GetDutyIntFlag
	.globl	EPWM_GetDutyIntFlag
	.p2align	2
	.type	EPWM_GetDutyIntFlag,%function
	.code	16                              @ @EPWM_GetDutyIntFlag
	.thumb_func
EPWM_GetDutyIntFlag:
.Lfunc_begin33:
	.fnstart
	.cfi_startproc
@ %bb.0:
	@DEBUG_VALUE: EPWM_GetDutyIntFlag:epwm <- $r0
	@DEBUG_VALUE: EPWM_GetDutyIntFlag:u32ChannelNum <- $r1
	.loc	5 858 23 prologue_end           @ ../../../../Library/StdDriver/src/epwm.c:858:23
	ldr.w	r0, [r0, #232]
.Ltmp319:
	@DEBUG_VALUE: EPWM_GetDutyIntFlag:epwm <- [DW_OP_LLVM_entry_value 1] $r0
	.loc	5 858 13 is_stmt 0              @ ../../../../Library/StdDriver/src/epwm.c:858:13
	lsrs	r0, r1
	movs	r1, #0
.Ltmp320:
	@DEBUG_VALUE: EPWM_GetDutyIntFlag:u32ChannelNum <- [DW_OP_LLVM_entry_value 1] $r1
	.loc	5 0 13                          @ ../../../../Library/StdDriver/src/epwm.c:0:13
	movt	r1, #257
	.loc	5 858 13                        @ ../../../../Library/StdDriver/src/epwm.c:858:13
	tst	r0, r1
	cset	r0, ne
	.loc	5 858 5                         @ ../../../../Library/StdDriver/src/epwm.c:858:5
	bx	lr
.Ltmp321:
.Lfunc_end33:
	.size	EPWM_GetDutyIntFlag, .Lfunc_end33-EPWM_GetDutyIntFlag
	.cfi_endproc
	.cantunwind
	.fnend
                                        @ -- End function
	.section	.text.EPWM_EnableFaultBrakeInt,"ax",%progbits
	.hidden	EPWM_EnableFaultBrakeInt        @ -- Begin function EPWM_EnableFaultBrakeInt
	.globl	EPWM_EnableFaultBrakeInt
	.p2align	2
	.type	EPWM_EnableFaultBrakeInt,%function
	.code	16                              @ @EPWM_EnableFaultBrakeInt
	.thumb_func
EPWM_EnableFaultBrakeInt:
.Lfunc_begin34:
	.loc	5 873 0 is_stmt 1               @ ../../../../Library/StdDriver/src/epwm.c:873:0
	.fnstart
	.cfi_startproc
@ %bb.0:
	@DEBUG_VALUE: EPWM_EnableFaultBrakeInt:epwm <- $r0
	@DEBUG_VALUE: EPWM_EnableFaultBrakeInt:u32BrakeSource <- $r1
	movs	r2, #7
.Ltmp322:
	.loc	5 874 20 prologue_end           @ ../../../../Library/StdDriver/src/epwm.c:874:20
	ldr.w	r3, [r0, #228]
	.loc	5 874 30 is_stmt 0              @ ../../../../Library/StdDriver/src/epwm.c:874:30
	lsl.w	r1, r2, r1
.Ltmp323:
	@DEBUG_VALUE: EPWM_EnableFaultBrakeInt:u32BrakeSource <- [DW_OP_LLVM_entry_value 1] $r1
	.loc	5 874 20                        @ ../../../../Library/StdDriver/src/epwm.c:874:20
	orrs	r1, r3
	str.w	r1, [r0, #228]
	.loc	5 875 1 is_stmt 1               @ ../../../../Library/StdDriver/src/epwm.c:875:1
	bx	lr
.Ltmp324:
.Lfunc_end34:
	.size	EPWM_EnableFaultBrakeInt, .Lfunc_end34-EPWM_EnableFaultBrakeInt
	.cfi_endproc
	.cantunwind
	.fnend
                                        @ -- End function
	.section	.text.EPWM_DisableFaultBrakeInt,"ax",%progbits
	.hidden	EPWM_DisableFaultBrakeInt       @ -- Begin function EPWM_DisableFaultBrakeInt
	.globl	EPWM_DisableFaultBrakeInt
	.p2align	2
	.type	EPWM_DisableFaultBrakeInt,%function
	.code	16                              @ @EPWM_DisableFaultBrakeInt
	.thumb_func
EPWM_DisableFaultBrakeInt:
.Lfunc_begin35:
	.loc	5 889 0                         @ ../../../../Library/StdDriver/src/epwm.c:889:0
	.fnstart
	.cfi_startproc
@ %bb.0:
	@DEBUG_VALUE: EPWM_DisableFaultBrakeInt:epwm <- $r0
	@DEBUG_VALUE: EPWM_DisableFaultBrakeInt:u32BrakeSource <- $r1
	movs	r2, #7
.Ltmp325:
	.loc	5 890 20 prologue_end           @ ../../../../Library/StdDriver/src/epwm.c:890:20
	ldr.w	r3, [r0, #228]
	.loc	5 890 31 is_stmt 0              @ ../../../../Library/StdDriver/src/epwm.c:890:31
	lsl.w	r1, r2, r1
.Ltmp326:
	@DEBUG_VALUE: EPWM_DisableFaultBrakeInt:u32BrakeSource <- [DW_OP_LLVM_entry_value 1] $r1
	.loc	5 890 20                        @ ../../../../Library/StdDriver/src/epwm.c:890:20
	bic.w	r1, r3, r1
	str.w	r1, [r0, #228]
	.loc	5 891 1 is_stmt 1               @ ../../../../Library/StdDriver/src/epwm.c:891:1
	bx	lr
.Ltmp327:
.Lfunc_end35:
	.size	EPWM_DisableFaultBrakeInt, .Lfunc_end35-EPWM_DisableFaultBrakeInt
	.cfi_endproc
	.cantunwind
	.fnend
                                        @ -- End function
	.section	.text.EPWM_ClearFaultBrakeIntFlag,"ax",%progbits
	.hidden	EPWM_ClearFaultBrakeIntFlag     @ -- Begin function EPWM_ClearFaultBrakeIntFlag
	.globl	EPWM_ClearFaultBrakeIntFlag
	.p2align	2
	.type	EPWM_ClearFaultBrakeIntFlag,%function
	.code	16                              @ @EPWM_ClearFaultBrakeIntFlag
	.thumb_func
EPWM_ClearFaultBrakeIntFlag:
.Lfunc_begin36:
	.loc	5 904 0                         @ ../../../../Library/StdDriver/src/epwm.c:904:0
	.fnstart
	.cfi_startproc
@ %bb.0:
	@DEBUG_VALUE: EPWM_ClearFaultBrakeIntFlag:epwm <- $r0
	@DEBUG_VALUE: EPWM_ClearFaultBrakeIntFlag:u32BrakeSource <- $r1
	movs	r2, #63
.Ltmp328:
	.loc	5 905 31 prologue_end           @ ../../../../Library/StdDriver/src/epwm.c:905:31
	lsl.w	r1, r2, r1
.Ltmp329:
	@DEBUG_VALUE: EPWM_ClearFaultBrakeIntFlag:u32BrakeSource <- [DW_OP_LLVM_entry_value 1] $r1
	.loc	5 905 21 is_stmt 0              @ ../../../../Library/StdDriver/src/epwm.c:905:21
	str.w	r1, [r0, #236]
	.loc	5 906 1 is_stmt 1               @ ../../../../Library/StdDriver/src/epwm.c:906:1
	bx	lr
.Ltmp330:
.Lfunc_end36:
	.size	EPWM_ClearFaultBrakeIntFlag, .Lfunc_end36-EPWM_ClearFaultBrakeIntFlag
	.cfi_endproc
	.cantunwind
	.fnend
                                        @ -- End function
	.section	.text.EPWM_GetFaultBrakeIntFlag,"ax",%progbits
	.hidden	EPWM_GetFaultBrakeIntFlag       @ -- Begin function EPWM_GetFaultBrakeIntFlag
	.globl	EPWM_GetFaultBrakeIntFlag
	.p2align	2
	.type	EPWM_GetFaultBrakeIntFlag,%function
	.code	16                              @ @EPWM_GetFaultBrakeIntFlag
	.thumb_func
EPWM_GetFaultBrakeIntFlag:
.Lfunc_begin37:
	.fnstart
	.cfi_startproc
@ %bb.0:
	@DEBUG_VALUE: EPWM_GetFaultBrakeIntFlag:epwm <- $r0
	@DEBUG_VALUE: EPWM_GetFaultBrakeIntFlag:u32BrakeSource <- $r1
	.loc	5 921 22 prologue_end           @ ../../../../Library/StdDriver/src/epwm.c:921:22
	ldr.w	r0, [r0, #236]
.Ltmp331:
	@DEBUG_VALUE: EPWM_GetFaultBrakeIntFlag:epwm <- [DW_OP_LLVM_entry_value 1] $r0
	.loc	5 921 13 is_stmt 0              @ ../../../../Library/StdDriver/src/epwm.c:921:13
	lsrs	r0, r1
	tst.w	r0, #63
	cset	r0, ne
	.loc	5 921 5                         @ ../../../../Library/StdDriver/src/epwm.c:921:5
	bx	lr
.Ltmp332:
.Lfunc_end37:
	.size	EPWM_GetFaultBrakeIntFlag, .Lfunc_end37-EPWM_GetFaultBrakeIntFlag
	.cfi_endproc
	.cantunwind
	.fnend
                                        @ -- End function
	.section	.text.EPWM_EnablePeriodInt,"ax",%progbits
	.hidden	EPWM_EnablePeriodInt            @ -- Begin function EPWM_EnablePeriodInt
	.globl	EPWM_EnablePeriodInt
	.p2align	2
	.type	EPWM_EnablePeriodInt,%function
	.code	16                              @ @EPWM_EnablePeriodInt
	.thumb_func
EPWM_EnablePeriodInt:
.Lfunc_begin38:
	.loc	5 935 0 is_stmt 1               @ ../../../../Library/StdDriver/src/epwm.c:935:0
	.fnstart
	.cfi_startproc
@ %bb.0:
	@DEBUG_VALUE: EPWM_EnablePeriodInt:epwm <- $r0
	@DEBUG_VALUE: EPWM_EnablePeriodInt:u32ChannelNum <- $r1
	@DEBUG_VALUE: EPWM_EnablePeriodInt:u32IntPeriodType <- $r2
	mov.w	r2, #256
.Ltmp333:
	@DEBUG_VALUE: EPWM_EnablePeriodInt:u32IntPeriodType <- [DW_OP_LLVM_entry_value 1] $r2
	.loc	5 938 20 prologue_end           @ ../../../../Library/StdDriver/src/epwm.c:938:20
	ldr.w	r3, [r0, #224]
	.loc	5 938 55 is_stmt 0              @ ../../../../Library/StdDriver/src/epwm.c:938:55
	lsl.w	r1, r2, r1
.Ltmp334:
	@DEBUG_VALUE: EPWM_EnablePeriodInt:u32ChannelNum <- [DW_OP_LLVM_entry_value 1] $r1
	.loc	5 938 20                        @ ../../../../Library/StdDriver/src/epwm.c:938:20
	orrs	r1, r3
	str.w	r1, [r0, #224]
	.loc	5 939 1 is_stmt 1               @ ../../../../Library/StdDriver/src/epwm.c:939:1
	bx	lr
.Ltmp335:
.Lfunc_end38:
	.size	EPWM_EnablePeriodInt, .Lfunc_end38-EPWM_EnablePeriodInt
	.cfi_endproc
	.cantunwind
	.fnend
                                        @ -- End function
	.section	.text.EPWM_DisablePeriodInt,"ax",%progbits
	.hidden	EPWM_DisablePeriodInt           @ -- Begin function EPWM_DisablePeriodInt
	.globl	EPWM_DisablePeriodInt
	.p2align	2
	.type	EPWM_DisablePeriodInt,%function
	.code	16                              @ @EPWM_DisablePeriodInt
	.thumb_func
EPWM_DisablePeriodInt:
.Lfunc_begin39:
	.loc	5 951 0                         @ ../../../../Library/StdDriver/src/epwm.c:951:0
	.fnstart
	.cfi_startproc
@ %bb.0:
	@DEBUG_VALUE: EPWM_DisablePeriodInt:epwm <- $r0
	@DEBUG_VALUE: EPWM_DisablePeriodInt:u32ChannelNum <- $r1
	mov.w	r2, #256
.Ltmp336:
	.loc	5 952 20 prologue_end           @ ../../../../Library/StdDriver/src/epwm.c:952:20
	ldr.w	r3, [r0, #224]
	.loc	5 952 56 is_stmt 0              @ ../../../../Library/StdDriver/src/epwm.c:952:56
	lsl.w	r1, r2, r1
.Ltmp337:
	@DEBUG_VALUE: EPWM_DisablePeriodInt:u32ChannelNum <- [DW_OP_LLVM_entry_value 1] $r1
	.loc	5 952 20                        @ ../../../../Library/StdDriver/src/epwm.c:952:20
	bic.w	r1, r3, r1
	str.w	r1, [r0, #224]
	.loc	5 953 1 is_stmt 1               @ ../../../../Library/StdDriver/src/epwm.c:953:1
	bx	lr
.Ltmp338:
.Lfunc_end39:
	.size	EPWM_DisablePeriodInt, .Lfunc_end39-EPWM_DisablePeriodInt
	.cfi_endproc
	.cantunwind
	.fnend
                                        @ -- End function
	.section	.text.EPWM_ClearPeriodIntFlag,"ax",%progbits
	.hidden	EPWM_ClearPeriodIntFlag         @ -- Begin function EPWM_ClearPeriodIntFlag
	.globl	EPWM_ClearPeriodIntFlag
	.p2align	2
	.type	EPWM_ClearPeriodIntFlag,%function
	.code	16                              @ @EPWM_ClearPeriodIntFlag
	.thumb_func
EPWM_ClearPeriodIntFlag:
.Lfunc_begin40:
	.loc	5 965 0                         @ ../../../../Library/StdDriver/src/epwm.c:965:0
	.fnstart
	.cfi_startproc
@ %bb.0:
	@DEBUG_VALUE: EPWM_ClearPeriodIntFlag:epwm <- $r0
	@DEBUG_VALUE: EPWM_ClearPeriodIntFlag:u32ChannelNum <- $r1
	mov.w	r2, #256
.Ltmp339:
	.loc	5 966 55 prologue_end           @ ../../../../Library/StdDriver/src/epwm.c:966:55
	lsl.w	r1, r2, r1
.Ltmp340:
	@DEBUG_VALUE: EPWM_ClearPeriodIntFlag:u32ChannelNum <- [DW_OP_LLVM_entry_value 1] $r1
	.loc	5 966 21 is_stmt 0              @ ../../../../Library/StdDriver/src/epwm.c:966:21
	str.w	r1, [r0, #232]
	.loc	5 967 1 is_stmt 1               @ ../../../../Library/StdDriver/src/epwm.c:967:1
	bx	lr
.Ltmp341:
.Lfunc_end40:
	.size	EPWM_ClearPeriodIntFlag, .Lfunc_end40-EPWM_ClearPeriodIntFlag
	.cfi_endproc
	.cantunwind
	.fnend
                                        @ -- End function
	.section	.text.EPWM_GetPeriodIntFlag,"ax",%progbits
	.hidden	EPWM_GetPeriodIntFlag           @ -- Begin function EPWM_GetPeriodIntFlag
	.globl	EPWM_GetPeriodIntFlag
	.p2align	2
	.type	EPWM_GetPeriodIntFlag,%function
	.code	16                              @ @EPWM_GetPeriodIntFlag
	.thumb_func
EPWM_GetPeriodIntFlag:
.Lfunc_begin41:
	.fnstart
	.cfi_startproc
@ %bb.0:
	@DEBUG_VALUE: EPWM_GetPeriodIntFlag:epwm <- $r0
	@DEBUG_VALUE: EPWM_GetPeriodIntFlag:u32ChannelNum <- $r1
	.loc	5 982 23 prologue_end           @ ../../../../Library/StdDriver/src/epwm.c:982:23
	ldr.w	r0, [r0, #232]
.Ltmp342:
	@DEBUG_VALUE: EPWM_GetPeriodIntFlag:epwm <- [DW_OP_LLVM_entry_value 1] $r0
	.loc	5 982 13 is_stmt 0              @ ../../../../Library/StdDriver/src/epwm.c:982:13
	lsrs	r0, r1
	ubfx	r0, r0, #8, #1
	.loc	5 982 5                         @ ../../../../Library/StdDriver/src/epwm.c:982:5
	bx	lr
.Ltmp343:
.Lfunc_end41:
	.size	EPWM_GetPeriodIntFlag, .Lfunc_end41-EPWM_GetPeriodIntFlag
	.cfi_endproc
	.cantunwind
	.fnend
                                        @ -- End function
	.section	.text.EPWM_EnableZeroInt,"ax",%progbits
	.hidden	EPWM_EnableZeroInt              @ -- Begin function EPWM_EnableZeroInt
	.globl	EPWM_EnableZeroInt
	.p2align	2
	.type	EPWM_EnableZeroInt,%function
	.code	16                              @ @EPWM_EnableZeroInt
	.thumb_func
EPWM_EnableZeroInt:
.Lfunc_begin42:
	.loc	5 995 0 is_stmt 1               @ ../../../../Library/StdDriver/src/epwm.c:995:0
	.fnstart
	.cfi_startproc
@ %bb.0:
	@DEBUG_VALUE: EPWM_EnableZeroInt:epwm <- $r0
	@DEBUG_VALUE: EPWM_EnableZeroInt:u32ChannelNum <- $r1
	movs	r2, #1
.Ltmp344:
	.loc	5 996 20 prologue_end           @ ../../../../Library/StdDriver/src/epwm.c:996:20
	ldr.w	r3, [r0, #224]
	.loc	5 996 55 is_stmt 0              @ ../../../../Library/StdDriver/src/epwm.c:996:55
	lsl.w	r1, r2, r1
.Ltmp345:
	@DEBUG_VALUE: EPWM_EnableZeroInt:u32ChannelNum <- [DW_OP_LLVM_entry_value 1] $r1
	.loc	5 996 20                        @ ../../../../Library/StdDriver/src/epwm.c:996:20
	orrs	r1, r3
	str.w	r1, [r0, #224]
	.loc	5 997 1 is_stmt 1               @ ../../../../Library/StdDriver/src/epwm.c:997:1
	bx	lr
.Ltmp346:
.Lfunc_end42:
	.size	EPWM_EnableZeroInt, .Lfunc_end42-EPWM_EnableZeroInt
	.cfi_endproc
	.cantunwind
	.fnend
                                        @ -- End function
	.section	.text.EPWM_DisableZeroInt,"ax",%progbits
	.hidden	EPWM_DisableZeroInt             @ -- Begin function EPWM_DisableZeroInt
	.globl	EPWM_DisableZeroInt
	.p2align	2
	.type	EPWM_DisableZeroInt,%function
	.code	16                              @ @EPWM_DisableZeroInt
	.thumb_func
EPWM_DisableZeroInt:
.Lfunc_begin43:
	.loc	5 1009 0                        @ ../../../../Library/StdDriver/src/epwm.c:1009:0
	.fnstart
	.cfi_startproc
@ %bb.0:
	@DEBUG_VALUE: EPWM_DisableZeroInt:epwm <- $r0
	@DEBUG_VALUE: EPWM_DisableZeroInt:u32ChannelNum <- $r1
	movs	r2, #1
.Ltmp347:
	.loc	5 1010 20 prologue_end          @ ../../../../Library/StdDriver/src/epwm.c:1010:20
	ldr.w	r3, [r0, #224]
	.loc	5 1010 56 is_stmt 0             @ ../../../../Library/StdDriver/src/epwm.c:1010:56
	lsl.w	r1, r2, r1
.Ltmp348:
	@DEBUG_VALUE: EPWM_DisableZeroInt:u32ChannelNum <- [DW_OP_LLVM_entry_value 1] $r1
	.loc	5 1010 20                       @ ../../../../Library/StdDriver/src/epwm.c:1010:20
	bic.w	r1, r3, r1
	str.w	r1, [r0, #224]
	.loc	5 1011 1 is_stmt 1              @ ../../../../Library/StdDriver/src/epwm.c:1011:1
	bx	lr
.Ltmp349:
.Lfunc_end43:
	.size	EPWM_DisableZeroInt, .Lfunc_end43-EPWM_DisableZeroInt
	.cfi_endproc
	.cantunwind
	.fnend
                                        @ -- End function
	.section	.text.EPWM_ClearZeroIntFlag,"ax",%progbits
	.hidden	EPWM_ClearZeroIntFlag           @ -- Begin function EPWM_ClearZeroIntFlag
	.globl	EPWM_ClearZeroIntFlag
	.p2align	2
	.type	EPWM_ClearZeroIntFlag,%function
	.code	16                              @ @EPWM_ClearZeroIntFlag
	.thumb_func
EPWM_ClearZeroIntFlag:
.Lfunc_begin44:
	.loc	5 1023 0                        @ ../../../../Library/StdDriver/src/epwm.c:1023:0
	.fnstart
	.cfi_startproc
@ %bb.0:
	@DEBUG_VALUE: EPWM_ClearZeroIntFlag:epwm <- $r0
	@DEBUG_VALUE: EPWM_ClearZeroIntFlag:u32ChannelNum <- $r1
	movs	r2, #1
.Ltmp350:
	.loc	5 1024 55 prologue_end          @ ../../../../Library/StdDriver/src/epwm.c:1024:55
	lsl.w	r1, r2, r1
.Ltmp351:
	@DEBUG_VALUE: EPWM_ClearZeroIntFlag:u32ChannelNum <- [DW_OP_LLVM_entry_value 1] $r1
	.loc	5 1024 21 is_stmt 0             @ ../../../../Library/StdDriver/src/epwm.c:1024:21
	str.w	r1, [r0, #232]
	.loc	5 1025 1 is_stmt 1              @ ../../../../Library/StdDriver/src/epwm.c:1025:1
	bx	lr
.Ltmp352:
.Lfunc_end44:
	.size	EPWM_ClearZeroIntFlag, .Lfunc_end44-EPWM_ClearZeroIntFlag
	.cfi_endproc
	.cantunwind
	.fnend
                                        @ -- End function
	.section	.text.EPWM_GetZeroIntFlag,"ax",%progbits
	.hidden	EPWM_GetZeroIntFlag             @ -- Begin function EPWM_GetZeroIntFlag
	.globl	EPWM_GetZeroIntFlag
	.p2align	2
	.type	EPWM_GetZeroIntFlag,%function
	.code	16                              @ @EPWM_GetZeroIntFlag
	.thumb_func
EPWM_GetZeroIntFlag:
.Lfunc_begin45:
	.fnstart
	.cfi_startproc
@ %bb.0:
	@DEBUG_VALUE: EPWM_GetZeroIntFlag:epwm <- $r0
	@DEBUG_VALUE: EPWM_GetZeroIntFlag:u32ChannelNum <- $r1
	.loc	5 1040 23 prologue_end          @ ../../../../Library/StdDriver/src/epwm.c:1040:23
	ldr.w	r0, [r0, #232]
.Ltmp353:
	@DEBUG_VALUE: EPWM_GetZeroIntFlag:epwm <- [DW_OP_LLVM_entry_value 1] $r0
	.loc	5 1040 13 is_stmt 0             @ ../../../../Library/StdDriver/src/epwm.c:1040:13
	lsrs	r0, r1
	and	r0, r0, #1
	.loc	5 1040 5                        @ ../../../../Library/StdDriver/src/epwm.c:1040:5
	bx	lr
.Ltmp354:
.Lfunc_end45:
	.size	EPWM_GetZeroIntFlag, .Lfunc_end45-EPWM_GetZeroIntFlag
	.cfi_endproc
	.cantunwind
	.fnend
                                        @ -- End function
	.section	.text.EPWM_EnableAcc,"ax",%progbits
	.hidden	EPWM_EnableAcc                  @ -- Begin function EPWM_EnableAcc
	.globl	EPWM_EnableAcc
	.p2align	2
	.type	EPWM_EnableAcc,%function
	.code	16                              @ @EPWM_EnableAcc
	.thumb_func
EPWM_EnableAcc:
.Lfunc_begin46:
	.fnstart
	.cfi_startproc
@ %bb.0:
	@DEBUG_VALUE: EPWM_EnableAcc:epwm <- $r0
	@DEBUG_VALUE: EPWM_EnableAcc:u32ChannelNum <- $r1
	@DEBUG_VALUE: EPWM_EnableAcc:u32IntFlagCnt <- $r2
	@DEBUG_VALUE: EPWM_EnableAcc:u32IntAccSrc <- $r3
	.loc	5 1060 36 prologue_end is_stmt 1 @ ../../../../Library/StdDriver/src/epwm.c:1060:36
	add.w	r0, r0, r1, lsl #2
.Ltmp355:
	@DEBUG_VALUE: EPWM_EnableAcc:epwm <- [DW_OP_LLVM_entry_value 1] $r0
	.loc	5 0 36 is_stmt 0                @ ../../../../Library/StdDriver/src/epwm.c:0:36
	movw	r12, #0
	.loc	5 1060 36                       @ ../../../../Library/StdDriver/src/epwm.c:1060:36
	ldr.w	r1, [r0, #304]
.Ltmp356:
	@DEBUG_VALUE: EPWM_EnableAcc:u32ChannelNum <- [DW_OP_LLVM_entry_value 1] $r1
	.loc	5 0 36                          @ ../../../../Library/StdDriver/src/epwm.c:0:36
	movt	r12, #20479
	.loc	5 1061 97 is_stmt 1             @ ../../../../Library/StdDriver/src/epwm.c:1061:97
	orr.w	r2, r2, r3, lsl #28
.Ltmp357:
	@DEBUG_VALUE: EPWM_EnableAcc:u32IntFlagCnt <- [DW_OP_LLVM_entry_value 1] $r2
	.loc	5 1060 63                       @ ../../../../Library/StdDriver/src/epwm.c:1060:63
	and.w	r1, r1, r12
	.loc	5 1060 115 is_stmt 0            @ ../../../../Library/StdDriver/src/epwm.c:1060:115
	orrs	r1, r2
	orr	r1, r1, #-2147483648
	.loc	5 1060 32                       @ ../../../../Library/StdDriver/src/epwm.c:1060:32
	str.w	r1, [r0, #304]
	.loc	5 1062 1 is_stmt 1              @ ../../../../Library/StdDriver/src/epwm.c:1062:1
	bx	lr
.Ltmp358:
.Lfunc_end46:
	.size	EPWM_EnableAcc, .Lfunc_end46-EPWM_EnableAcc
	.cfi_endproc
	.cantunwind
	.fnend
                                        @ -- End function
	.section	.text.EPWM_DisableAcc,"ax",%progbits
	.hidden	EPWM_DisableAcc                 @ -- Begin function EPWM_DisableAcc
	.globl	EPWM_DisableAcc
	.p2align	2
	.type	EPWM_DisableAcc,%function
	.code	16                              @ @EPWM_DisableAcc
	.thumb_func
EPWM_DisableAcc:
.Lfunc_begin47:
	.fnstart
	.cfi_startproc
@ %bb.0:
	@DEBUG_VALUE: EPWM_DisableAcc:epwm <- $r0
	@DEBUG_VALUE: EPWM_DisableAcc:u32ChannelNum <- $r1
	.loc	5 1075 35 prologue_end          @ ../../../../Library/StdDriver/src/epwm.c:1075:35
	add.w	r0, r0, r1, lsl #2
.Ltmp359:
	@DEBUG_VALUE: EPWM_DisableAcc:epwm <- [DW_OP_LLVM_entry_value 1] $r0
	ldr.w	r1, [r0, #304]
.Ltmp360:
	@DEBUG_VALUE: EPWM_DisableAcc:u32ChannelNum <- [DW_OP_LLVM_entry_value 1] $r1
	.loc	5 1075 62 is_stmt 0             @ ../../../../Library/StdDriver/src/epwm.c:1075:62
	bic	r1, r1, #-2147483648
	.loc	5 1075 32                       @ ../../../../Library/StdDriver/src/epwm.c:1075:32
	str.w	r1, [r0, #304]
	.loc	5 1076 1 is_stmt 1              @ ../../../../Library/StdDriver/src/epwm.c:1076:1
	bx	lr
.Ltmp361:
.Lfunc_end47:
	.size	EPWM_DisableAcc, .Lfunc_end47-EPWM_DisableAcc
	.cfi_endproc
	.cantunwind
	.fnend
                                        @ -- End function
	.section	.text.EPWM_EnableAccInt,"ax",%progbits
	.hidden	EPWM_EnableAccInt               @ -- Begin function EPWM_EnableAccInt
	.globl	EPWM_EnableAccInt
	.p2align	2
	.type	EPWM_EnableAccInt,%function
	.code	16                              @ @EPWM_EnableAccInt
	.thumb_func
EPWM_EnableAccInt:
.Lfunc_begin48:
	.loc	5 1088 0                        @ ../../../../Library/StdDriver/src/epwm.c:1088:0
	.fnstart
	.cfi_startproc
@ %bb.0:
	@DEBUG_VALUE: EPWM_EnableAccInt:epwm <- $r0
	@DEBUG_VALUE: EPWM_EnableAccInt:u32ChannelNum <- $r1
	movs	r2, #1
.Ltmp362:
	.loc	5 1089 20 prologue_end          @ ../../../../Library/StdDriver/src/epwm.c:1089:20
	ldr.w	r3, [r0, #340]
	.loc	5 1089 28 is_stmt 0             @ ../../../../Library/StdDriver/src/epwm.c:1089:28
	lsl.w	r1, r2, r1
.Ltmp363:
	@DEBUG_VALUE: EPWM_EnableAccInt:u32ChannelNum <- [DW_OP_LLVM_entry_value 1] $r1
	.loc	5 1089 20                       @ ../../../../Library/StdDriver/src/epwm.c:1089:20
	orrs	r1, r3
	str.w	r1, [r0, #340]
	.loc	5 1090 1 is_stmt 1              @ ../../../../Library/StdDriver/src/epwm.c:1090:1
	bx	lr
.Ltmp364:
.Lfunc_end48:
	.size	EPWM_EnableAccInt, .Lfunc_end48-EPWM_EnableAccInt
	.cfi_endproc
	.cantunwind
	.fnend
                                        @ -- End function
	.section	.text.EPWM_DisableAccInt,"ax",%progbits
	.hidden	EPWM_DisableAccInt              @ -- Begin function EPWM_DisableAccInt
	.globl	EPWM_DisableAccInt
	.p2align	2
	.type	EPWM_DisableAccInt,%function
	.code	16                              @ @EPWM_DisableAccInt
	.thumb_func
EPWM_DisableAccInt:
.Lfunc_begin49:
	.loc	5 1102 0                        @ ../../../../Library/StdDriver/src/epwm.c:1102:0
	.fnstart
	.cfi_startproc
@ %bb.0:
	@DEBUG_VALUE: EPWM_DisableAccInt:epwm <- $r0
	@DEBUG_VALUE: EPWM_DisableAccInt:u32ChannelNum <- $r1
	movs	r2, #1
.Ltmp365:
	.loc	5 1103 20 prologue_end          @ ../../../../Library/StdDriver/src/epwm.c:1103:20
	ldr.w	r3, [r0, #340]
	.loc	5 1103 29 is_stmt 0             @ ../../../../Library/StdDriver/src/epwm.c:1103:29
	lsl.w	r1, r2, r1
.Ltmp366:
	@DEBUG_VALUE: EPWM_DisableAccInt:u32ChannelNum <- [DW_OP_LLVM_entry_value 1] $r1
	.loc	5 1103 20                       @ ../../../../Library/StdDriver/src/epwm.c:1103:20
	bic.w	r1, r3, r1
	str.w	r1, [r0, #340]
	.loc	5 1104 1 is_stmt 1              @ ../../../../Library/StdDriver/src/epwm.c:1104:1
	bx	lr
.Ltmp367:
.Lfunc_end49:
	.size	EPWM_DisableAccInt, .Lfunc_end49-EPWM_DisableAccInt
	.cfi_endproc
	.cantunwind
	.fnend
                                        @ -- End function
	.section	.text.EPWM_ClearAccInt,"ax",%progbits
	.hidden	EPWM_ClearAccInt                @ -- Begin function EPWM_ClearAccInt
	.globl	EPWM_ClearAccInt
	.p2align	2
	.type	EPWM_ClearAccInt,%function
	.code	16                              @ @EPWM_ClearAccInt
	.thumb_func
EPWM_ClearAccInt:
.Lfunc_begin50:
	.loc	5 1116 0                        @ ../../../../Library/StdDriver/src/epwm.c:1116:0
	.fnstart
	.cfi_startproc
@ %bb.0:
	@DEBUG_VALUE: EPWM_ClearAccInt:epwm <- $r0
	@DEBUG_VALUE: EPWM_ClearAccInt:u32ChannelNum <- $r1
	movs	r2, #1
.Ltmp368:
	.loc	5 1117 28 prologue_end          @ ../../../../Library/StdDriver/src/epwm.c:1117:28
	lsl.w	r1, r2, r1
.Ltmp369:
	@DEBUG_VALUE: EPWM_ClearAccInt:u32ChannelNum <- [DW_OP_LLVM_entry_value 1] $r1
	.loc	5 1117 21 is_stmt 0             @ ../../../../Library/StdDriver/src/epwm.c:1117:21
	str.w	r1, [r0, #336]
	.loc	5 1118 1 is_stmt 1              @ ../../../../Library/StdDriver/src/epwm.c:1118:1
	bx	lr
.Ltmp370:
.Lfunc_end50:
	.size	EPWM_ClearAccInt, .Lfunc_end50-EPWM_ClearAccInt
	.cfi_endproc
	.cantunwind
	.fnend
                                        @ -- End function
	.section	.text.EPWM_GetAccInt,"ax",%progbits
	.hidden	EPWM_GetAccInt                  @ -- Begin function EPWM_GetAccInt
	.globl	EPWM_GetAccInt
	.p2align	2
	.type	EPWM_GetAccInt,%function
	.code	16                              @ @EPWM_GetAccInt
	.thumb_func
EPWM_GetAccInt:
.Lfunc_begin51:
	.fnstart
	.cfi_startproc
@ %bb.0:
	@DEBUG_VALUE: EPWM_GetAccInt:epwm <- $r0
	@DEBUG_VALUE: EPWM_GetAccInt:u32ChannelNum <- $r1
	.loc	5 1132 22 prologue_end          @ ../../../../Library/StdDriver/src/epwm.c:1132:22
	ldr.w	r0, [r0, #336]
.Ltmp371:
	@DEBUG_VALUE: EPWM_GetAccInt:epwm <- [DW_OP_LLVM_entry_value 1] $r0
	.loc	5 1132 13 is_stmt 0             @ ../../../../Library/StdDriver/src/epwm.c:1132:13
	lsrs	r0, r1
	and	r0, r0, #1
	.loc	5 1132 5                        @ ../../../../Library/StdDriver/src/epwm.c:1132:5
	bx	lr
.Ltmp372:
.Lfunc_end51:
	.size	EPWM_GetAccInt, .Lfunc_end51-EPWM_GetAccInt
	.cfi_endproc
	.cantunwind
	.fnend
                                        @ -- End function
	.section	.text.EPWM_EnableAccPDMA,"ax",%progbits
	.hidden	EPWM_EnableAccPDMA              @ -- Begin function EPWM_EnableAccPDMA
	.globl	EPWM_EnableAccPDMA
	.p2align	2
	.type	EPWM_EnableAccPDMA,%function
	.code	16                              @ @EPWM_EnableAccPDMA
	.thumb_func
EPWM_EnableAccPDMA:
.Lfunc_begin52:
	.loc	5 1145 0 is_stmt 1              @ ../../../../Library/StdDriver/src/epwm.c:1145:0
	.fnstart
	.cfi_startproc
@ %bb.0:
	@DEBUG_VALUE: EPWM_EnableAccPDMA:epwm <- $r0
	@DEBUG_VALUE: EPWM_EnableAccPDMA:u32ChannelNum <- $r1
	movs	r2, #1
.Ltmp373:
	.loc	5 1146 22 prologue_end          @ ../../../../Library/StdDriver/src/epwm.c:1146:22
	ldr.w	r3, [r0, #344]
	.loc	5 1146 30 is_stmt 0             @ ../../../../Library/StdDriver/src/epwm.c:1146:30
	lsl.w	r1, r2, r1
.Ltmp374:
	@DEBUG_VALUE: EPWM_EnableAccPDMA:u32ChannelNum <- [DW_OP_LLVM_entry_value 1] $r1
	.loc	5 1146 22                       @ ../../../../Library/StdDriver/src/epwm.c:1146:22
	orrs	r1, r3
	str.w	r1, [r0, #344]
	.loc	5 1147 1 is_stmt 1              @ ../../../../Library/StdDriver/src/epwm.c:1147:1
	bx	lr
.Ltmp375:
.Lfunc_end52:
	.size	EPWM_EnableAccPDMA, .Lfunc_end52-EPWM_EnableAccPDMA
	.cfi_endproc
	.cantunwind
	.fnend
                                        @ -- End function
	.section	.text.EPWM_DisableAccPDMA,"ax",%progbits
	.hidden	EPWM_DisableAccPDMA             @ -- Begin function EPWM_DisableAccPDMA
	.globl	EPWM_DisableAccPDMA
	.p2align	2
	.type	EPWM_DisableAccPDMA,%function
	.code	16                              @ @EPWM_DisableAccPDMA
	.thumb_func
EPWM_DisableAccPDMA:
.Lfunc_begin53:
	.loc	5 1159 0                        @ ../../../../Library/StdDriver/src/epwm.c:1159:0
	.fnstart
	.cfi_startproc
@ %bb.0:
	@DEBUG_VALUE: EPWM_DisableAccPDMA:epwm <- $r0
	@DEBUG_VALUE: EPWM_DisableAccPDMA:u32ChannelNum <- $r1
	movs	r2, #1
.Ltmp376:
	.loc	5 1160 22 prologue_end          @ ../../../../Library/StdDriver/src/epwm.c:1160:22
	ldr.w	r3, [r0, #344]
	.loc	5 1160 31 is_stmt 0             @ ../../../../Library/StdDriver/src/epwm.c:1160:31
	lsl.w	r1, r2, r1
.Ltmp377:
	@DEBUG_VALUE: EPWM_DisableAccPDMA:u32ChannelNum <- [DW_OP_LLVM_entry_value 1] $r1
	.loc	5 1160 22                       @ ../../../../Library/StdDriver/src/epwm.c:1160:22
	bic.w	r1, r3, r1
	str.w	r1, [r0, #344]
	.loc	5 1161 1 is_stmt 1              @ ../../../../Library/StdDriver/src/epwm.c:1161:1
	bx	lr
.Ltmp378:
.Lfunc_end53:
	.size	EPWM_DisableAccPDMA, .Lfunc_end53-EPWM_DisableAccPDMA
	.cfi_endproc
	.cantunwind
	.fnend
                                        @ -- End function
	.section	.text.EPWM_EnableAccStopMode,"ax",%progbits
	.hidden	EPWM_EnableAccStopMode          @ -- Begin function EPWM_EnableAccStopMode
	.globl	EPWM_EnableAccStopMode
	.p2align	2
	.type	EPWM_EnableAccStopMode,%function
	.code	16                              @ @EPWM_EnableAccStopMode
	.thumb_func
EPWM_EnableAccStopMode:
.Lfunc_begin54:
	.fnstart
	.cfi_startproc
@ %bb.0:
	@DEBUG_VALUE: EPWM_EnableAccStopMode:epwm <- $r0
	@DEBUG_VALUE: EPWM_EnableAccStopMode:u32ChannelNum <- $r1
	.loc	5 1174 5 prologue_end           @ ../../../../Library/StdDriver/src/epwm.c:1174:5
	add.w	r0, r0, r1, lsl #2
.Ltmp379:
	@DEBUG_VALUE: EPWM_EnableAccStopMode:epwm <- [DW_OP_LLVM_entry_value 1] $r0
	.loc	5 1174 32 is_stmt 0             @ ../../../../Library/StdDriver/src/epwm.c:1174:32
	ldr.w	r1, [r0, #304]
.Ltmp380:
	@DEBUG_VALUE: EPWM_EnableAccStopMode:u32ChannelNum <- [DW_OP_LLVM_entry_value 1] $r1
	orr	r1, r1, #16777216
	str.w	r1, [r0, #304]
	.loc	5 1175 1 is_stmt 1              @ ../../../../Library/StdDriver/src/epwm.c:1175:1
	bx	lr
.Ltmp381:
.Lfunc_end54:
	.size	EPWM_EnableAccStopMode, .Lfunc_end54-EPWM_EnableAccStopMode
	.cfi_endproc
	.cantunwind
	.fnend
                                        @ -- End function
	.section	.text.EPWM_DisableAccStopMode,"ax",%progbits
	.hidden	EPWM_DisableAccStopMode         @ -- Begin function EPWM_DisableAccStopMode
	.globl	EPWM_DisableAccStopMode
	.p2align	2
	.type	EPWM_DisableAccStopMode,%function
	.code	16                              @ @EPWM_DisableAccStopMode
	.thumb_func
EPWM_DisableAccStopMode:
.Lfunc_begin55:
	.fnstart
	.cfi_startproc
@ %bb.0:
	@DEBUG_VALUE: EPWM_DisableAccStopMode:epwm <- $r0
	@DEBUG_VALUE: EPWM_DisableAccStopMode:u32ChannelNum <- $r1
	.loc	5 1188 5 prologue_end           @ ../../../../Library/StdDriver/src/epwm.c:1188:5
	add.w	r0, r0, r1, lsl #2
.Ltmp382:
	@DEBUG_VALUE: EPWM_DisableAccStopMode:epwm <- [DW_OP_LLVM_entry_value 1] $r0
	.loc	5 1188 32 is_stmt 0             @ ../../../../Library/StdDriver/src/epwm.c:1188:32
	ldr.w	r1, [r0, #304]
.Ltmp383:
	@DEBUG_VALUE: EPWM_DisableAccStopMode:u32ChannelNum <- [DW_OP_LLVM_entry_value 1] $r1
	bic	r1, r1, #16777216
	str.w	r1, [r0, #304]
	.loc	5 1189 1 is_stmt 1              @ ../../../../Library/StdDriver/src/epwm.c:1189:1
	bx	lr
.Ltmp384:
.Lfunc_end55:
	.size	EPWM_DisableAccStopMode, .Lfunc_end55-EPWM_DisableAccStopMode
	.cfi_endproc
	.cantunwind
	.fnend
                                        @ -- End function
	.section	.text.EPWM_ClearFTDutyIntFlag,"ax",%progbits
	.hidden	EPWM_ClearFTDutyIntFlag         @ -- Begin function EPWM_ClearFTDutyIntFlag
	.globl	EPWM_ClearFTDutyIntFlag
	.p2align	2
	.type	EPWM_ClearFTDutyIntFlag,%function
	.code	16                              @ @EPWM_ClearFTDutyIntFlag
	.thumb_func
EPWM_ClearFTDutyIntFlag:
.Lfunc_begin56:
	.fnstart
	.cfi_startproc
@ %bb.0:
	@DEBUG_VALUE: EPWM_ClearFTDutyIntFlag:epwm <- $r0
	@DEBUG_VALUE: EPWM_ClearFTDutyIntFlag:u32ChannelNum <- $r1
	.loc	5 1202 85 prologue_end          @ ../../../../Library/StdDriver/src/epwm.c:1202:85
	lsrs	r1, r1, #1
.Ltmp385:
	@DEBUG_VALUE: EPWM_ClearFTDutyIntFlag:u32ChannelNum <- [DW_OP_LLVM_entry_value 1] $r1
	.loc	5 0 85 is_stmt 0                @ ../../../../Library/StdDriver/src/epwm.c:0:85
	movw	r2, #257
	.loc	5 1202 67                       @ ../../../../Library/StdDriver/src/epwm.c:1202:67
	lsl.w	r1, r2, r1
	.loc	5 1202 18                       @ ../../../../Library/StdDriver/src/epwm.c:1202:18
	str.w	r1, [r0, #844]
	.loc	5 1203 1 is_stmt 1              @ ../../../../Library/StdDriver/src/epwm.c:1203:1
	bx	lr
.Ltmp386:
.Lfunc_end56:
	.size	EPWM_ClearFTDutyIntFlag, .Lfunc_end56-EPWM_ClearFTDutyIntFlag
	.cfi_endproc
	.cantunwind
	.fnend
                                        @ -- End function
	.section	.text.EPWM_GetFTDutyIntFlag,"ax",%progbits
	.hidden	EPWM_GetFTDutyIntFlag           @ -- Begin function EPWM_GetFTDutyIntFlag
	.globl	EPWM_GetFTDutyIntFlag
	.p2align	2
	.type	EPWM_GetFTDutyIntFlag,%function
	.code	16                              @ @EPWM_GetFTDutyIntFlag
	.thumb_func
EPWM_GetFTDutyIntFlag:
.Lfunc_begin57:
	.fnstart
	.cfi_startproc
@ %bb.0:
	@DEBUG_VALUE: EPWM_GetFTDutyIntFlag:epwm <- $r0
	@DEBUG_VALUE: EPWM_GetFTDutyIntFlag:u32ChannelNum <- $r1
	.loc	5 1218 22 prologue_end          @ ../../../../Library/StdDriver/src/epwm.c:1218:22
	ldr.w	r0, [r0, #844]
.Ltmp387:
	@DEBUG_VALUE: EPWM_GetFTDutyIntFlag:epwm <- [DW_OP_LLVM_entry_value 1] $r0
	.loc	5 1218 94 is_stmt 0             @ ../../../../Library/StdDriver/src/epwm.c:1218:94
	lsrs	r1, r1, #1
.Ltmp388:
	@DEBUG_VALUE: EPWM_GetFTDutyIntFlag:u32ChannelNum <- [DW_OP_LLVM_entry_value 1] $r1
	.loc	5 1218 13                       @ ../../../../Library/StdDriver/src/epwm.c:1218:13
	lsrs	r0, r1
	movw	r1, #257
	tst	r0, r1
	cset	r0, ne
	.loc	5 1218 5                        @ ../../../../Library/StdDriver/src/epwm.c:1218:5
	bx	lr
.Ltmp389:
.Lfunc_end57:
	.size	EPWM_GetFTDutyIntFlag, .Lfunc_end57-EPWM_GetFTDutyIntFlag
	.cfi_endproc
	.cantunwind
	.fnend
                                        @ -- End function
	.section	.text.EPWM_EnableLoadMode,"ax",%progbits
	.hidden	EPWM_EnableLoadMode             @ -- Begin function EPWM_EnableLoadMode
	.globl	EPWM_EnableLoadMode
	.p2align	2
	.type	EPWM_EnableLoadMode,%function
	.code	16                              @ @EPWM_EnableLoadMode
	.thumb_func
EPWM_EnableLoadMode:
.Lfunc_begin58:
	.fnstart
	.cfi_startproc
@ %bb.0:
	@DEBUG_VALUE: EPWM_EnableLoadMode:epwm <- $r0
	@DEBUG_VALUE: EPWM_EnableLoadMode:u32ChannelNum <- $r1
	@DEBUG_VALUE: EPWM_EnableLoadMode:u32LoadMode <- $r2
	.loc	5 1236 18 prologue_end is_stmt 1 @ ../../../../Library/StdDriver/src/epwm.c:1236:18
	ldr	r3, [r0]
	.loc	5 1236 34 is_stmt 0             @ ../../../../Library/StdDriver/src/epwm.c:1236:34
	lsl.w	r1, r2, r1
.Ltmp390:
	@DEBUG_VALUE: EPWM_EnableLoadMode:u32ChannelNum <- [DW_OP_LLVM_entry_value 1] $r1
	.loc	5 1236 18                       @ ../../../../Library/StdDriver/src/epwm.c:1236:18
	orrs	r1, r3
	str	r1, [r0]
	.loc	5 1237 1 is_stmt 1              @ ../../../../Library/StdDriver/src/epwm.c:1237:1
	bx	lr
.Ltmp391:
.Lfunc_end58:
	.size	EPWM_EnableLoadMode, .Lfunc_end58-EPWM_EnableLoadMode
	.cfi_endproc
	.cantunwind
	.fnend
                                        @ -- End function
	.section	.text.EPWM_DisableLoadMode,"ax",%progbits
	.hidden	EPWM_DisableLoadMode            @ -- Begin function EPWM_DisableLoadMode
	.globl	EPWM_DisableLoadMode
	.p2align	2
	.type	EPWM_DisableLoadMode,%function
	.code	16                              @ @EPWM_DisableLoadMode
	.thumb_func
EPWM_DisableLoadMode:
.Lfunc_begin59:
	.fnstart
	.cfi_startproc
@ %bb.0:
	@DEBUG_VALUE: EPWM_DisableLoadMode:epwm <- $r0
	@DEBUG_VALUE: EPWM_DisableLoadMode:u32ChannelNum <- $r1
	@DEBUG_VALUE: EPWM_DisableLoadMode:u32LoadMode <- $r2
	.loc	5 1254 18 prologue_end          @ ../../../../Library/StdDriver/src/epwm.c:1254:18
	ldr	r3, [r0]
	.loc	5 1254 35 is_stmt 0             @ ../../../../Library/StdDriver/src/epwm.c:1254:35
	lsl.w	r1, r2, r1
.Ltmp392:
	@DEBUG_VALUE: EPWM_DisableLoadMode:u32ChannelNum <- [DW_OP_LLVM_entry_value 1] $r1
	.loc	5 1254 18                       @ ../../../../Library/StdDriver/src/epwm.c:1254:18
	bic.w	r1, r3, r1
	str	r1, [r0]
	.loc	5 1255 1 is_stmt 1              @ ../../../../Library/StdDriver/src/epwm.c:1255:1
	bx	lr
.Ltmp393:
.Lfunc_end59:
	.size	EPWM_DisableLoadMode, .Lfunc_end59-EPWM_DisableLoadMode
	.cfi_endproc
	.cantunwind
	.fnend
                                        @ -- End function
	.section	.text.EPWM_ConfigSyncPhase,"ax",%progbits
	.hidden	EPWM_ConfigSyncPhase            @ -- Begin function EPWM_ConfigSyncPhase
	.globl	EPWM_ConfigSyncPhase
	.p2align	2
	.type	EPWM_ConfigSyncPhase,%function
	.code	16                              @ @EPWM_ConfigSyncPhase
	.thumb_func
EPWM_ConfigSyncPhase:
.Lfunc_begin60:
	.loc	5 1277 0                        @ ../../../../Library/StdDriver/src/epwm.c:1277:0
	.fnstart
	.cfi_startproc
@ %bb.0:
	@DEBUG_VALUE: EPWM_ConfigSyncPhase:epwm <- $r0
	@DEBUG_VALUE: EPWM_ConfigSyncPhase:u32ChannelNum <- $r1
	@DEBUG_VALUE: EPWM_ConfigSyncPhase:u32SyncSrc <- $r2
	@DEBUG_VALUE: EPWM_ConfigSyncPhase:u32Direction <- $r3
	.save	{r4, r5, r6, lr}
	push	{r4, r5, r6, lr}
	.cfi_def_cfa_offset 16
	.cfi_offset lr, -4
	.cfi_offset r6, -8
	.cfi_offset r5, -12
	.cfi_offset r4, -16
.Ltmp394:
	@DEBUG_VALUE: EPWM_ConfigSyncPhase:u32StartPhase <- [DW_OP_plus_uconst 16] [$sp+0]
	.loc	5 1279 19 prologue_end          @ ../../../../Library/StdDriver/src/epwm.c:1279:19
	lsr.w	lr, r1, #1
.Ltmp395:
	@DEBUG_VALUE: EPWM_ConfigSyncPhase:u32ChannelNum <- $lr
	.loc	5 0 19 is_stmt 0                @ ../../../../Library/StdDriver/src/epwm.c:0:19
	mov.w	r5, #768
	.loc	5 1280 89 is_stmt 1             @ ../../../../Library/StdDriver/src/epwm.c:1280:89
	bic	r1, r1, #1
	mov.w	r6, #16777216
	.loc	5 1280 30 is_stmt 0             @ ../../../../Library/StdDriver/src/epwm.c:1280:30
	ldr	r4, [r0, #8]
	.loc	5 1280 71                       @ ../../../../Library/StdDriver/src/epwm.c:1280:71
	lsls	r5, r1
	.loc	5 1280 131                      @ ../../../../Library/StdDriver/src/epwm.c:1280:131
	lsl.w	r6, r6, lr
	.loc	5 1281 35 is_stmt 1             @ ../../../../Library/StdDriver/src/epwm.c:1281:35
	lsls	r3, r3, #24
.Ltmp396:
	@DEBUG_VALUE: EPWM_ConfigSyncPhase:u32Direction <- [DW_OP_LLVM_entry_value 1] $r3
	.loc	5 1281 93 is_stmt 0             @ ../../../../Library/StdDriver/src/epwm.c:1281:93
	lsls	r2, r2, #8
.Ltmp397:
	@DEBUG_VALUE: EPWM_ConfigSyncPhase:u32SyncSrc <- [DW_OP_LLVM_entry_value 1] $r2
	.loc	5 1280 97 is_stmt 1             @ ../../../../Library/StdDriver/src/epwm.c:1280:97
	orrs	r5, r6
	.loc	5 1281 60                       @ ../../../../Library/StdDriver/src/epwm.c:1281:60
	lsl.w	r3, r3, lr
	.loc	5 1281 119 is_stmt 0            @ ../../../../Library/StdDriver/src/epwm.c:1281:119
	lsl.w	r1, r2, r1
	ldr.w	r12, [sp, #16]
	.loc	5 1280 35 is_stmt 1             @ ../../../../Library/StdDriver/src/epwm.c:1280:35
	bics	r4, r5
	.loc	5 1280 151 is_stmt 0            @ ../../../../Library/StdDriver/src/epwm.c:1280:151
	orrs	r1, r3
	.loc	5 1282 5 is_stmt 1              @ ../../../../Library/StdDriver/src/epwm.c:1282:5
	add.w	r2, r0, lr, lsl #2
	.loc	5 1281 78                       @ ../../../../Library/StdDriver/src/epwm.c:1281:78
	orrs	r1, r4
	.loc	5 1280 18                       @ ../../../../Library/StdDriver/src/epwm.c:1280:18
	str	r1, [r0, #8]
	.loc	5 1282 34                       @ ../../../../Library/StdDriver/src/epwm.c:1282:34
	str.w	r12, [r2, #128]
	.loc	5 1283 1 epilogue_begin         @ ../../../../Library/StdDriver/src/epwm.c:1283:1
	pop	{r4, r5, r6, pc}
.Ltmp398:
.Lfunc_end60:
	.size	EPWM_ConfigSyncPhase, .Lfunc_end60-EPWM_ConfigSyncPhase
	.cfi_endproc
	.cantunwind
	.fnend
                                        @ -- End function
	.section	.text.EPWM_EnableSyncPhase,"ax",%progbits
	.hidden	EPWM_EnableSyncPhase            @ -- Begin function EPWM_EnableSyncPhase
	.globl	EPWM_EnableSyncPhase
	.p2align	2
	.type	EPWM_EnableSyncPhase,%function
	.code	16                              @ @EPWM_EnableSyncPhase
	.thumb_func
EPWM_EnableSyncPhase:
.Lfunc_begin61:
	.fnstart
	.cfi_startproc
@ %bb.0:
	@DEBUG_VALUE: EPWM_EnableSyncPhase:epwm <- $r0
	@DEBUG_VALUE: EPWM_EnableSyncPhase:u32ChannelMask <- $r1
	.loc	5 1303 13 prologue_end          @ ../../../../Library/StdDriver/src/epwm.c:1303:13
	lsls	r2, r1, #31
.Ltmp399:
	@DEBUG_VALUE: EPWM_EnableSyncPhase:i <- 0
	.loc	5 1305 26                       @ ../../../../Library/StdDriver/src/epwm.c:1305:26
	ittt	ne
	ldrne	r2, [r0, #8]
	orrne	r2, r2, #1
	strne	r2, [r0, #8]
.Ltmp400:
	@DEBUG_VALUE: EPWM_EnableSyncPhase:i <- 1
	.loc	5 1303 13                       @ ../../../../Library/StdDriver/src/epwm.c:1303:13
	lsls	r2, r1, #30
.Ltmp401:
	.loc	5 1305 26                       @ ../../../../Library/StdDriver/src/epwm.c:1305:26
	ittt	mi
	ldrmi	r2, [r0, #8]
	orrmi	r2, r2, #1
	strmi	r2, [r0, #8]
.Ltmp402:
	@DEBUG_VALUE: EPWM_EnableSyncPhase:i <- 2
	.loc	5 1303 13                       @ ../../../../Library/StdDriver/src/epwm.c:1303:13
	lsls	r2, r1, #29
.Ltmp403:
	.loc	5 1305 26                       @ ../../../../Library/StdDriver/src/epwm.c:1305:26
	ittt	mi
	ldrmi	r2, [r0, #8]
	orrmi	r2, r2, #2
	strmi	r2, [r0, #8]
.Ltmp404:
	@DEBUG_VALUE: EPWM_EnableSyncPhase:i <- 3
	.loc	5 1303 13                       @ ../../../../Library/StdDriver/src/epwm.c:1303:13
	lsls	r2, r1, #28
.Ltmp405:
	.loc	5 1305 26                       @ ../../../../Library/StdDriver/src/epwm.c:1305:26
	ittt	mi
	ldrmi	r2, [r0, #8]
	orrmi	r2, r2, #2
	strmi	r2, [r0, #8]
.Ltmp406:
	@DEBUG_VALUE: EPWM_EnableSyncPhase:i <- 4
	.loc	5 1303 13                       @ ../../../../Library/StdDriver/src/epwm.c:1303:13
	lsls	r2, r1, #27
.Ltmp407:
	.loc	5 1305 26                       @ ../../../../Library/StdDriver/src/epwm.c:1305:26
	ittt	mi
	ldrmi	r2, [r0, #8]
	orrmi	r2, r2, #4
	strmi	r2, [r0, #8]
.Ltmp408:
	@DEBUG_VALUE: EPWM_EnableSyncPhase:i <- 5
	.loc	5 1303 13                       @ ../../../../Library/StdDriver/src/epwm.c:1303:13
	lsls	r1, r1, #26
.Ltmp409:
	@DEBUG_VALUE: EPWM_EnableSyncPhase:u32ChannelMask <- [DW_OP_LLVM_entry_value 1] $r1
	.loc	5 1305 26                       @ ../../../../Library/StdDriver/src/epwm.c:1305:26
	ittt	mi
	ldrmi	r1, [r0, #8]
	orrmi	r1, r1, #4
	strmi	r1, [r0, #8]
.Ltmp410:
	@DEBUG_VALUE: EPWM_EnableSyncPhase:i <- 6
	.loc	5 1308 1                        @ ../../../../Library/StdDriver/src/epwm.c:1308:1
	bx	lr
.Ltmp411:
.Lfunc_end61:
	.size	EPWM_EnableSyncPhase, .Lfunc_end61-EPWM_EnableSyncPhase
	.cfi_endproc
	.cantunwind
	.fnend
                                        @ -- End function
	.section	.text.EPWM_DisableSyncPhase,"ax",%progbits
	.hidden	EPWM_DisableSyncPhase           @ -- Begin function EPWM_DisableSyncPhase
	.globl	EPWM_DisableSyncPhase
	.p2align	2
	.type	EPWM_DisableSyncPhase,%function
	.code	16                              @ @EPWM_DisableSyncPhase
	.thumb_func
EPWM_DisableSyncPhase:
.Lfunc_begin62:
	.fnstart
	.cfi_startproc
@ %bb.0:
	@DEBUG_VALUE: EPWM_DisableSyncPhase:epwm <- $r0
	@DEBUG_VALUE: EPWM_DisableSyncPhase:u32ChannelMask <- $r1
	.loc	5 1327 13 prologue_end          @ ../../../../Library/StdDriver/src/epwm.c:1327:13
	lsls	r2, r1, #31
.Ltmp412:
	@DEBUG_VALUE: EPWM_DisableSyncPhase:i <- 0
	.loc	5 1329 26                       @ ../../../../Library/StdDriver/src/epwm.c:1329:26
	ittt	ne
	ldrne	r2, [r0, #8]
	bicne	r2, r2, #1
	strne	r2, [r0, #8]
.Ltmp413:
	@DEBUG_VALUE: EPWM_DisableSyncPhase:i <- 1
	.loc	5 1327 13                       @ ../../../../Library/StdDriver/src/epwm.c:1327:13
	lsls	r2, r1, #30
.Ltmp414:
	.loc	5 1329 26                       @ ../../../../Library/StdDriver/src/epwm.c:1329:26
	ittt	mi
	ldrmi	r2, [r0, #8]
	bicmi	r2, r2, #1
	strmi	r2, [r0, #8]
.Ltmp415:
	@DEBUG_VALUE: EPWM_DisableSyncPhase:i <- 2
	.loc	5 1327 13                       @ ../../../../Library/StdDriver/src/epwm.c:1327:13
	lsls	r2, r1, #29
.Ltmp416:
	.loc	5 1329 26                       @ ../../../../Library/StdDriver/src/epwm.c:1329:26
	ittt	mi
	ldrmi	r2, [r0, #8]
	bicmi	r2, r2, #2
	strmi	r2, [r0, #8]
.Ltmp417:
	@DEBUG_VALUE: EPWM_DisableSyncPhase:i <- 3
	.loc	5 1327 13                       @ ../../../../Library/StdDriver/src/epwm.c:1327:13
	lsls	r2, r1, #28
.Ltmp418:
	.loc	5 1329 26                       @ ../../../../Library/StdDriver/src/epwm.c:1329:26
	ittt	mi
	ldrmi	r2, [r0, #8]
	bicmi	r2, r2, #2
	strmi	r2, [r0, #8]
.Ltmp419:
	@DEBUG_VALUE: EPWM_DisableSyncPhase:i <- 4
	.loc	5 1327 13                       @ ../../../../Library/StdDriver/src/epwm.c:1327:13
	lsls	r2, r1, #27
.Ltmp420:
	.loc	5 1329 26                       @ ../../../../Library/StdDriver/src/epwm.c:1329:26
	ittt	mi
	ldrmi	r2, [r0, #8]
	bicmi	r2, r2, #4
	strmi	r2, [r0, #8]
.Ltmp421:
	@DEBUG_VALUE: EPWM_DisableSyncPhase:i <- 5
	.loc	5 1327 13                       @ ../../../../Library/StdDriver/src/epwm.c:1327:13
	lsls	r1, r1, #26
.Ltmp422:
	@DEBUG_VALUE: EPWM_DisableSyncPhase:u32ChannelMask <- [DW_OP_LLVM_entry_value 1] $r1
	.loc	5 1329 26                       @ ../../../../Library/StdDriver/src/epwm.c:1329:26
	ittt	mi
	ldrmi	r1, [r0, #8]
	bicmi	r1, r1, #4
	strmi	r1, [r0, #8]
.Ltmp423:
	@DEBUG_VALUE: EPWM_DisableSyncPhase:i <- 6
	.loc	5 1332 1                        @ ../../../../Library/StdDriver/src/epwm.c:1332:1
	bx	lr
.Ltmp424:
.Lfunc_end62:
	.size	EPWM_DisableSyncPhase, .Lfunc_end62-EPWM_DisableSyncPhase
	.cfi_endproc
	.cantunwind
	.fnend
                                        @ -- End function
	.section	.text.EPWM_EnableSyncNoiseFilter,"ax",%progbits
	.hidden	EPWM_EnableSyncNoiseFilter      @ -- Begin function EPWM_EnableSyncNoiseFilter
	.globl	EPWM_EnableSyncNoiseFilter
	.p2align	2
	.type	EPWM_EnableSyncNoiseFilter,%function
	.code	16                              @ @EPWM_EnableSyncNoiseFilter
	.thumb_func
EPWM_EnableSyncNoiseFilter:
.Lfunc_begin63:
	.fnstart
	.cfi_startproc
@ %bb.0:
	@DEBUG_VALUE: EPWM_EnableSyncNoiseFilter:epwm <- $r0
	@DEBUG_VALUE: EPWM_EnableSyncNoiseFilter:u32ClkCnt <- $r1
	@DEBUG_VALUE: EPWM_EnableSyncNoiseFilter:u32ClkDivSel <- $r2
	.loc	5 1355 29 prologue_end          @ ../../../../Library/StdDriver/src/epwm.c:1355:29
	ldr	r3, [r0, #8]
	.loc	5 1356 32                       @ ../../../../Library/StdDriver/src/epwm.c:1356:32
	lsls	r1, r1, #20
.Ltmp425:
	@DEBUG_VALUE: EPWM_EnableSyncNoiseFilter:u32ClkCnt <- [DW_OP_LLVM_entry_value 1] $r1
	.loc	5 1356 101 is_stmt 0            @ ../../../../Library/StdDriver/src/epwm.c:1356:101
	orr.w	r1, r1, r2, lsl #17
	.loc	5 1355 34 is_stmt 1             @ ../../../../Library/StdDriver/src/epwm.c:1355:34
	bic	r2, r3, #8323072
.Ltmp426:
	@DEBUG_VALUE: EPWM_EnableSyncNoiseFilter:u32ClkDivSel <- [DW_OP_LLVM_entry_value 1] $r2
	.loc	5 1355 87 is_stmt 0             @ ../../../../Library/StdDriver/src/epwm.c:1355:87
	orrs	r1, r2
	add.w	r1, r1, #65536
	.loc	5 1355 18                       @ ../../../../Library/StdDriver/src/epwm.c:1355:18
	str	r1, [r0, #8]
	.loc	5 1357 1 is_stmt 1              @ ../../../../Library/StdDriver/src/epwm.c:1357:1
	bx	lr
.Ltmp427:
.Lfunc_end63:
	.size	EPWM_EnableSyncNoiseFilter, .Lfunc_end63-EPWM_EnableSyncNoiseFilter
	.cfi_endproc
	.cantunwind
	.fnend
                                        @ -- End function
	.section	.text.EPWM_DisableSyncNoiseFilter,"ax",%progbits
	.hidden	EPWM_DisableSyncNoiseFilter     @ -- Begin function EPWM_DisableSyncNoiseFilter
	.globl	EPWM_DisableSyncNoiseFilter
	.p2align	2
	.type	EPWM_DisableSyncNoiseFilter,%function
	.code	16                              @ @EPWM_DisableSyncNoiseFilter
	.thumb_func
EPWM_DisableSyncNoiseFilter:
.Lfunc_begin64:
	.fnstart
	.cfi_startproc
@ %bb.0:
	@DEBUG_VALUE: EPWM_DisableSyncNoiseFilter:epwm <- $r0
	.loc	5 1369 18 prologue_end          @ ../../../../Library/StdDriver/src/epwm.c:1369:18
	ldr	r1, [r0, #8]
	bic	r1, r1, #65536
	str	r1, [r0, #8]
	.loc	5 1370 1                        @ ../../../../Library/StdDriver/src/epwm.c:1370:1
	bx	lr
.Ltmp428:
.Lfunc_end64:
	.size	EPWM_DisableSyncNoiseFilter, .Lfunc_end64-EPWM_DisableSyncNoiseFilter
	.cfi_endproc
	.cantunwind
	.fnend
                                        @ -- End function
	.section	.text.EPWM_EnableSyncPinInverse,"ax",%progbits
	.hidden	EPWM_EnableSyncPinInverse       @ -- Begin function EPWM_EnableSyncPinInverse
	.globl	EPWM_EnableSyncPinInverse
	.p2align	2
	.type	EPWM_EnableSyncPinInverse,%function
	.code	16                              @ @EPWM_EnableSyncPinInverse
	.thumb_func
EPWM_EnableSyncPinInverse:
.Lfunc_begin65:
	.fnstart
	.cfi_startproc
@ %bb.0:
	@DEBUG_VALUE: EPWM_EnableSyncPinInverse:epwm <- $r0
	.loc	5 1382 18 prologue_end          @ ../../../../Library/StdDriver/src/epwm.c:1382:18
	ldr	r1, [r0, #8]
	orr	r1, r1, #8388608
	str	r1, [r0, #8]
	.loc	5 1383 1                        @ ../../../../Library/StdDriver/src/epwm.c:1383:1
	bx	lr
.Ltmp429:
.Lfunc_end65:
	.size	EPWM_EnableSyncPinInverse, .Lfunc_end65-EPWM_EnableSyncPinInverse
	.cfi_endproc
	.cantunwind
	.fnend
                                        @ -- End function
	.section	.text.EPWM_DisableSyncPinInverse,"ax",%progbits
	.hidden	EPWM_DisableSyncPinInverse      @ -- Begin function EPWM_DisableSyncPinInverse
	.globl	EPWM_DisableSyncPinInverse
	.p2align	2
	.type	EPWM_DisableSyncPinInverse,%function
	.code	16                              @ @EPWM_DisableSyncPinInverse
	.thumb_func
EPWM_DisableSyncPinInverse:
.Lfunc_begin66:
	.fnstart
	.cfi_startproc
@ %bb.0:
	@DEBUG_VALUE: EPWM_DisableSyncPinInverse:epwm <- $r0
	.loc	5 1395 18 prologue_end          @ ../../../../Library/StdDriver/src/epwm.c:1395:18
	ldr	r1, [r0, #8]
	bic	r1, r1, #8388608
	str	r1, [r0, #8]
	.loc	5 1396 1                        @ ../../../../Library/StdDriver/src/epwm.c:1396:1
	bx	lr
.Ltmp430:
.Lfunc_end66:
	.size	EPWM_DisableSyncPinInverse, .Lfunc_end66-EPWM_DisableSyncPinInverse
	.cfi_endproc
	.cantunwind
	.fnend
                                        @ -- End function
	.section	.text.EPWM_SetClockSource,"ax",%progbits
	.hidden	EPWM_SetClockSource             @ -- Begin function EPWM_SetClockSource
	.globl	EPWM_SetClockSource
	.p2align	2
	.type	EPWM_SetClockSource,%function
	.code	16                              @ @EPWM_SetClockSource
	.thumb_func
EPWM_SetClockSource:
.Lfunc_begin67:
	.loc	5 1416 0                        @ ../../../../Library/StdDriver/src/epwm.c:1416:0
	.fnstart
	.cfi_startproc
@ %bb.0:
	@DEBUG_VALUE: EPWM_SetClockSource:epwm <- $r0
	@DEBUG_VALUE: EPWM_SetClockSource:u32ChannelNum <- $r1
	@DEBUG_VALUE: EPWM_SetClockSource:u32ClkSrcSel <- $r2
	mvn	r3, #4
.Ltmp431:
	.loc	5 1417 93 prologue_end          @ ../../../../Library/StdDriver/src/epwm.c:1417:93
	and.w	r1, r3, r1, lsl #2
.Ltmp432:
	@DEBUG_VALUE: EPWM_SetClockSource:u32ChannelNum <- [DW_OP_LLVM_entry_value 1] $r1
	.loc	5 1417 31 is_stmt 0             @ ../../../../Library/StdDriver/src/epwm.c:1417:31
	ldr.w	r12, [r0, #16]
	movs	r3, #7
	.loc	5 1417 67                       @ ../../../../Library/StdDriver/src/epwm.c:1417:67
	lsls	r3, r1
	.loc	5 1417 38                       @ ../../../../Library/StdDriver/src/epwm.c:1417:38
	bic.w	r3, r12, r3
	.loc	5 1418 36 is_stmt 1             @ ../../../../Library/StdDriver/src/epwm.c:1418:36
	lsl.w	r1, r2, r1
	.loc	5 1417 102                      @ ../../../../Library/StdDriver/src/epwm.c:1417:102
	orrs	r1, r3
	.loc	5 1417 20 is_stmt 0             @ ../../../../Library/StdDriver/src/epwm.c:1417:20
	str	r1, [r0, #16]
	.loc	5 1419 1 is_stmt 1              @ ../../../../Library/StdDriver/src/epwm.c:1419:1
	bx	lr
.Ltmp433:
.Lfunc_end67:
	.size	EPWM_SetClockSource, .Lfunc_end67-EPWM_SetClockSource
	.cfi_endproc
	.cantunwind
	.fnend
                                        @ -- End function
	.section	.text.EPWM_EnableBrakeNoiseFilter,"ax",%progbits
	.hidden	EPWM_EnableBrakeNoiseFilter     @ -- Begin function EPWM_EnableBrakeNoiseFilter
	.globl	EPWM_EnableBrakeNoiseFilter
	.p2align	2
	.type	EPWM_EnableBrakeNoiseFilter,%function
	.code	16                              @ @EPWM_EnableBrakeNoiseFilter
	.thumb_func
EPWM_EnableBrakeNoiseFilter:
.Lfunc_begin68:
	.loc	5 1441 0                        @ ../../../../Library/StdDriver/src/epwm.c:1441:0
	.fnstart
	.cfi_startproc
@ %bb.0:
	@DEBUG_VALUE: EPWM_EnableBrakeNoiseFilter:epwm <- $r0
	@DEBUG_VALUE: EPWM_EnableBrakeNoiseFilter:u32BrakePinNum <- $r1
	@DEBUG_VALUE: EPWM_EnableBrakeNoiseFilter:u32ClkCnt <- $r2
	@DEBUG_VALUE: EPWM_EnableBrakeNoiseFilter:u32ClkDivSel <- $r3
	.save	{r7, lr}
	push	{r7, lr}
	.cfi_def_cfa_offset 8
	.cfi_offset lr, -4
	.cfi_offset r7, -8
.Ltmp434:
	.loc	5 1443 32 prologue_end          @ ../../../../Library/StdDriver/src/epwm.c:1443:32
	lsls	r2, r2, #4
.Ltmp435:
	@DEBUG_VALUE: EPWM_EnableBrakeNoiseFilter:u32ClkCnt <- [DW_OP_LLVM_entry_value 1] $r2
	.loc	5 0 32 is_stmt 0                @ ../../../../Library/StdDriver/src/epwm.c:0:32
	mov.w	lr, #126
	.loc	5 1443 58                       @ ../../../../Library/StdDriver/src/epwm.c:1443:58
	orr.w	r2, r2, r3, lsl #1
	.loc	5 1442 28 is_stmt 1             @ ../../../../Library/StdDriver/src/epwm.c:1442:28
	ldr.w	r12, [r0, #192]
	.loc	5 1442 104 is_stmt 0            @ ../../../../Library/StdDriver/src/epwm.c:1442:104
	lsls	r1, r1, #3
.Ltmp436:
	@DEBUG_VALUE: EPWM_EnableBrakeNoiseFilter:u32BrakePinNum <- [DW_OP_LLVM_entry_value 1] $r1
	.loc	5 1443 101 is_stmt 1            @ ../../../../Library/StdDriver/src/epwm.c:1443:101
	adds	r2, #1
	.loc	5 1442 85                       @ ../../../../Library/StdDriver/src/epwm.c:1442:85
	lsl.w	r3, lr, r1
.Ltmp437:
	@DEBUG_VALUE: EPWM_EnableBrakeNoiseFilter:u32ClkDivSel <- [DW_OP_LLVM_entry_value 1] $r3
	.loc	5 1442 32 is_stmt 0             @ ../../../../Library/StdDriver/src/epwm.c:1442:32
	bic.w	r3, r12, r3
	.loc	5 1443 126 is_stmt 1            @ ../../../../Library/StdDriver/src/epwm.c:1443:126
	lsl.w	r1, r2, r1
	.loc	5 1442 113                      @ ../../../../Library/StdDriver/src/epwm.c:1442:113
	orrs	r1, r3
	.loc	5 1442 17 is_stmt 0             @ ../../../../Library/StdDriver/src/epwm.c:1442:17
	str.w	r1, [r0, #192]
	.loc	5 1444 1 epilogue_begin is_stmt 1 @ ../../../../Library/StdDriver/src/epwm.c:1444:1
	pop	{r7, pc}
.Ltmp438:
.Lfunc_end68:
	.size	EPWM_EnableBrakeNoiseFilter, .Lfunc_end68-EPWM_EnableBrakeNoiseFilter
	.cfi_endproc
	.cantunwind
	.fnend
                                        @ -- End function
	.section	.text.EPWM_DisableBrakeNoiseFilter,"ax",%progbits
	.hidden	EPWM_DisableBrakeNoiseFilter    @ -- Begin function EPWM_DisableBrakeNoiseFilter
	.globl	EPWM_DisableBrakeNoiseFilter
	.p2align	2
	.type	EPWM_DisableBrakeNoiseFilter,%function
	.code	16                              @ @EPWM_DisableBrakeNoiseFilter
	.thumb_func
EPWM_DisableBrakeNoiseFilter:
.Lfunc_begin69:
	.fnstart
	.cfi_startproc
@ %bb.0:
	@DEBUG_VALUE: EPWM_DisableBrakeNoiseFilter:epwm <- $r0
	@DEBUG_VALUE: EPWM_DisableBrakeNoiseFilter:u32BrakePinNum <- $r1
	.loc	5 1457 63 prologue_end          @ ../../../../Library/StdDriver/src/epwm.c:1457:63
	lsls	r1, r1, #3
.Ltmp439:
	@DEBUG_VALUE: EPWM_DisableBrakeNoiseFilter:u32BrakePinNum <- [DW_OP_LLVM_entry_value 1] $r1
	.loc	5 0 63 is_stmt 0                @ ../../../../Library/StdDriver/src/epwm.c:0:63
	movs	r2, #1
	.loc	5 1457 17                       @ ../../../../Library/StdDriver/src/epwm.c:1457:17
	ldr.w	r3, [r0, #192]
	.loc	5 1457 44                       @ ../../../../Library/StdDriver/src/epwm.c:1457:44
	lsl.w	r1, r2, r1
	.loc	5 1457 17                       @ ../../../../Library/StdDriver/src/epwm.c:1457:17
	bic.w	r1, r3, r1
	str.w	r1, [r0, #192]
	.loc	5 1458 1 is_stmt 1              @ ../../../../Library/StdDriver/src/epwm.c:1458:1
	bx	lr
.Ltmp440:
.Lfunc_end69:
	.size	EPWM_DisableBrakeNoiseFilter, .Lfunc_end69-EPWM_DisableBrakeNoiseFilter
	.cfi_endproc
	.cantunwind
	.fnend
                                        @ -- End function
	.section	.text.EPWM_EnableBrakePinInverse,"ax",%progbits
	.hidden	EPWM_EnableBrakePinInverse      @ -- Begin function EPWM_EnableBrakePinInverse
	.globl	EPWM_EnableBrakePinInverse
	.p2align	2
	.type	EPWM_EnableBrakePinInverse,%function
	.code	16                              @ @EPWM_EnableBrakePinInverse
	.thumb_func
EPWM_EnableBrakePinInverse:
.Lfunc_begin70:
	.fnstart
	.cfi_startproc
@ %bb.0:
	@DEBUG_VALUE: EPWM_EnableBrakePinInverse:epwm <- $r0
	@DEBUG_VALUE: EPWM_EnableBrakePinInverse:u32BrakePinNum <- $r1
	.loc	5 1471 62 prologue_end          @ ../../../../Library/StdDriver/src/epwm.c:1471:62
	lsls	r1, r1, #3
.Ltmp441:
	@DEBUG_VALUE: EPWM_EnableBrakePinInverse:u32BrakePinNum <- [DW_OP_LLVM_entry_value 1] $r1
	.loc	5 0 62 is_stmt 0                @ ../../../../Library/StdDriver/src/epwm.c:0:62
	movs	r2, #128
	.loc	5 1471 17                       @ ../../../../Library/StdDriver/src/epwm.c:1471:17
	ldr.w	r3, [r0, #192]
	.loc	5 1471 43                       @ ../../../../Library/StdDriver/src/epwm.c:1471:43
	lsl.w	r1, r2, r1
	.loc	5 1471 17                       @ ../../../../Library/StdDriver/src/epwm.c:1471:17
	orrs	r1, r3
	str.w	r1, [r0, #192]
	.loc	5 1472 1 is_stmt 1              @ ../../../../Library/StdDriver/src/epwm.c:1472:1
	bx	lr
.Ltmp442:
.Lfunc_end70:
	.size	EPWM_EnableBrakePinInverse, .Lfunc_end70-EPWM_EnableBrakePinInverse
	.cfi_endproc
	.cantunwind
	.fnend
                                        @ -- End function
	.section	.text.EPWM_DisableBrakePinInverse,"ax",%progbits
	.hidden	EPWM_DisableBrakePinInverse     @ -- Begin function EPWM_DisableBrakePinInverse
	.globl	EPWM_DisableBrakePinInverse
	.p2align	2
	.type	EPWM_DisableBrakePinInverse,%function
	.code	16                              @ @EPWM_DisableBrakePinInverse
	.thumb_func
EPWM_DisableBrakePinInverse:
.Lfunc_begin71:
	.fnstart
	.cfi_startproc
@ %bb.0:
	@DEBUG_VALUE: EPWM_DisableBrakePinInverse:epwm <- $r0
	@DEBUG_VALUE: EPWM_DisableBrakePinInverse:u32BrakePinNum <- $r1
	.loc	5 1485 63 prologue_end          @ ../../../../Library/StdDriver/src/epwm.c:1485:63
	lsls	r1, r1, #3
.Ltmp443:
	@DEBUG_VALUE: EPWM_DisableBrakePinInverse:u32BrakePinNum <- [DW_OP_LLVM_entry_value 1] $r1
	.loc	5 0 63 is_stmt 0                @ ../../../../Library/StdDriver/src/epwm.c:0:63
	movs	r2, #128
	.loc	5 1485 17                       @ ../../../../Library/StdDriver/src/epwm.c:1485:17
	ldr.w	r3, [r0, #192]
	.loc	5 1485 44                       @ ../../../../Library/StdDriver/src/epwm.c:1485:44
	lsl.w	r1, r2, r1
	.loc	5 1485 17                       @ ../../../../Library/StdDriver/src/epwm.c:1485:17
	bic.w	r1, r3, r1
	str.w	r1, [r0, #192]
	.loc	5 1486 1 is_stmt 1              @ ../../../../Library/StdDriver/src/epwm.c:1486:1
	bx	lr
.Ltmp444:
.Lfunc_end71:
	.size	EPWM_DisableBrakePinInverse, .Lfunc_end71-EPWM_DisableBrakePinInverse
	.cfi_endproc
	.cantunwind
	.fnend
                                        @ -- End function
	.section	.text.EPWM_SetBrakePinSource,"ax",%progbits
	.hidden	EPWM_SetBrakePinSource          @ -- Begin function EPWM_SetBrakePinSource
	.globl	EPWM_SetBrakePinSource
	.p2align	2
	.type	EPWM_SetBrakePinSource,%function
	.code	16                              @ @EPWM_SetBrakePinSource
	.thumb_func
EPWM_SetBrakePinSource:
.Lfunc_begin72:
	.loc	5 1499 0                        @ ../../../../Library/StdDriver/src/epwm.c:1499:0
	.fnstart
	.cfi_startproc
@ %bb.0:
	@DEBUG_VALUE: EPWM_SetBrakePinSource:epwm <- $r0
	@DEBUG_VALUE: EPWM_SetBrakePinSource:u32BrakePinNum <- $r1
	@DEBUG_VALUE: EPWM_SetBrakePinSource:u32SelAnotherModule <- $r2
	.save	{r7, lr}
	push	{r7, lr}
	.cfi_def_cfa_offset 8
	.cfi_offset lr, -4
	.cfi_offset r7, -8
.Ltmp445:
	.loc	5 1500 75 prologue_end          @ ../../../../Library/StdDriver/src/epwm.c:1500:75
	lsl.w	lr, r1, #3
	mov.w	r3, #65536
	.loc	5 1500 56 is_stmt 0             @ ../../../../Library/StdDriver/src/epwm.c:1500:56
	lsl.w	lr, r3, lr
	movs	r3, #16
	.loc	5 1500 28                       @ ../../../../Library/StdDriver/src/epwm.c:1500:28
	ldr.w	r12, [r0, #192]
	.loc	5 1500 141                      @ ../../../../Library/StdDriver/src/epwm.c:1500:141
	add.w	r1, r3, r1, lsl #3
.Ltmp446:
	@DEBUG_VALUE: EPWM_SetBrakePinSource:u32BrakePinNum <- [DW_OP_LLVM_entry_value 1] $r1
	.loc	5 1500 32                       @ ../../../../Library/StdDriver/src/epwm.c:1500:32
	bic.w	r3, r12, lr
	.loc	5 1500 107                      @ ../../../../Library/StdDriver/src/epwm.c:1500:107
	lsl.w	r1, r2, r1
	.loc	5 1500 84                       @ ../../../../Library/StdDriver/src/epwm.c:1500:84
	orrs	r1, r3
	.loc	5 1500 17                       @ ../../../../Library/StdDriver/src/epwm.c:1500:17
	str.w	r1, [r0, #192]
	.loc	5 1501 1 epilogue_begin is_stmt 1 @ ../../../../Library/StdDriver/src/epwm.c:1501:1
	pop	{r7, pc}
.Ltmp447:
.Lfunc_end72:
	.size	EPWM_SetBrakePinSource, .Lfunc_end72-EPWM_SetBrakePinSource
	.cfi_endproc
	.cantunwind
	.fnend
                                        @ -- End function
	.section	.text.EPWM_SetLeadingEdgeBlanking,"ax",%progbits
	.hidden	EPWM_SetLeadingEdgeBlanking     @ -- Begin function EPWM_SetLeadingEdgeBlanking
	.globl	EPWM_SetLeadingEdgeBlanking
	.p2align	2
	.type	EPWM_SetLeadingEdgeBlanking,%function
	.code	16                              @ @EPWM_SetLeadingEdgeBlanking
	.thumb_func
EPWM_SetLeadingEdgeBlanking:
.Lfunc_begin73:
	.loc	5 1530 0                        @ ../../../../Library/StdDriver/src/epwm.c:1530:0
	.fnstart
	.cfi_startproc
@ %bb.0:
	@DEBUG_VALUE: EPWM_SetLeadingEdgeBlanking:epwm <- $r0
	@DEBUG_VALUE: EPWM_SetLeadingEdgeBlanking:u32TrigSrcSel <- $r1
	@DEBUG_VALUE: EPWM_SetLeadingEdgeBlanking:u32TrigType <- $r2
	@DEBUG_VALUE: EPWM_SetLeadingEdgeBlanking:u32BlankingCnt <- $r3
	@DEBUG_VALUE: EPWM_SetLeadingEdgeBlanking:u32BlankingEnable <- [$sp+0]
	ldr.w	r12, [sp]
.Ltmp448:
	.loc	5 1531 36 prologue_end          @ ../../../../Library/StdDriver/src/epwm.c:1531:36
	orrs	r1, r2
.Ltmp449:
	@DEBUG_VALUE: EPWM_SetLeadingEdgeBlanking:u32TrigSrcSel <- [DW_OP_LLVM_entry_value 1] $r1
	.loc	5 1531 54 is_stmt 0             @ ../../../../Library/StdDriver/src/epwm.c:1531:54
	orr.w	r1, r1, r12
	.loc	5 1531 20                       @ ../../../../Library/StdDriver/src/epwm.c:1531:20
	str.w	r1, [r0, #280]
	.loc	5 1533 39 is_stmt 1             @ ../../../../Library/StdDriver/src/epwm.c:1533:39
	subs	r1, r3, #1
	.loc	5 1533 20 is_stmt 0             @ ../../../../Library/StdDriver/src/epwm.c:1533:20
	str.w	r1, [r0, #284]
	.loc	5 1534 1 is_stmt 1              @ ../../../../Library/StdDriver/src/epwm.c:1534:1
	bx	lr
.Ltmp450:
.Lfunc_end73:
	.size	EPWM_SetLeadingEdgeBlanking, .Lfunc_end73-EPWM_SetLeadingEdgeBlanking
	.cfi_endproc
	.cantunwind
	.fnend
                                        @ -- End function
	.section	.text.EPWM_GetWrapAroundFlag,"ax",%progbits
	.hidden	EPWM_GetWrapAroundFlag          @ -- Begin function EPWM_GetWrapAroundFlag
	.globl	EPWM_GetWrapAroundFlag
	.p2align	2
	.type	EPWM_GetWrapAroundFlag,%function
	.code	16                              @ @EPWM_GetWrapAroundFlag
	.thumb_func
EPWM_GetWrapAroundFlag:
.Lfunc_begin74:
	.fnstart
	.cfi_startproc
@ %bb.0:
	@DEBUG_VALUE: EPWM_GetWrapAroundFlag:epwm <- $r0
	@DEBUG_VALUE: EPWM_GetWrapAroundFlag:u32ChannelNum <- $r1
	.loc	5 1549 22 prologue_end          @ ../../../../Library/StdDriver/src/epwm.c:1549:22
	ldr.w	r0, [r0, #288]
.Ltmp451:
	@DEBUG_VALUE: EPWM_GetWrapAroundFlag:epwm <- [DW_OP_LLVM_entry_value 1] $r0
	.loc	5 1549 13 is_stmt 0             @ ../../../../Library/StdDriver/src/epwm.c:1549:13
	lsrs	r0, r1
	and	r0, r0, #1
	.loc	5 1549 5                        @ ../../../../Library/StdDriver/src/epwm.c:1549:5
	bx	lr
.Ltmp452:
.Lfunc_end74:
	.size	EPWM_GetWrapAroundFlag, .Lfunc_end74-EPWM_GetWrapAroundFlag
	.cfi_endproc
	.cantunwind
	.fnend
                                        @ -- End function
	.section	.text.EPWM_ClearWrapAroundFlag,"ax",%progbits
	.hidden	EPWM_ClearWrapAroundFlag        @ -- Begin function EPWM_ClearWrapAroundFlag
	.globl	EPWM_ClearWrapAroundFlag
	.p2align	2
	.type	EPWM_ClearWrapAroundFlag,%function
	.code	16                              @ @EPWM_ClearWrapAroundFlag
	.thumb_func
EPWM_ClearWrapAroundFlag:
.Lfunc_begin75:
	.loc	5 1562 0 is_stmt 1              @ ../../../../Library/StdDriver/src/epwm.c:1562:0
	.fnstart
	.cfi_startproc
@ %bb.0:
	@DEBUG_VALUE: EPWM_ClearWrapAroundFlag:epwm <- $r0
	@DEBUG_VALUE: EPWM_ClearWrapAroundFlag:u32ChannelNum <- $r1
	movs	r2, #1
.Ltmp453:
	.loc	5 1563 48 prologue_end          @ ../../../../Library/StdDriver/src/epwm.c:1563:48
	lsl.w	r1, r2, r1
.Ltmp454:
	@DEBUG_VALUE: EPWM_ClearWrapAroundFlag:u32ChannelNum <- [DW_OP_LLVM_entry_value 1] $r1
	.loc	5 1563 20 is_stmt 0             @ ../../../../Library/StdDriver/src/epwm.c:1563:20
	str.w	r1, [r0, #288]
	.loc	5 1564 1 is_stmt 1              @ ../../../../Library/StdDriver/src/epwm.c:1564:1
	bx	lr
.Ltmp455:
.Lfunc_end75:
	.size	EPWM_ClearWrapAroundFlag, .Lfunc_end75-EPWM_ClearWrapAroundFlag
	.cfi_endproc
	.cantunwind
	.fnend
                                        @ -- End function
	.section	.text.EPWM_EnableFaultDetect,"ax",%progbits
	.hidden	EPWM_EnableFaultDetect          @ -- Begin function EPWM_EnableFaultDetect
	.globl	EPWM_EnableFaultDetect
	.p2align	2
	.type	EPWM_EnableFaultDetect,%function
	.code	16                              @ @EPWM_EnableFaultDetect
	.thumb_func
EPWM_EnableFaultDetect:
.Lfunc_begin76:
	.loc	5 1582 0                        @ ../../../../Library/StdDriver/src/epwm.c:1582:0
	.fnstart
	.cfi_startproc
@ %bb.0:
	@DEBUG_VALUE: EPWM_EnableFaultDetect:epwm <- $r0
	@DEBUG_VALUE: EPWM_EnableFaultDetect:u32ChannelNum <- $r1
	@DEBUG_VALUE: EPWM_EnableFaultDetect:u32AfterPrescaler <- $r2
	@DEBUG_VALUE: EPWM_EnableFaultDetect:u32ClkSel <- $r3
	.save	{r7, lr}
	push	{r7, lr}
	.cfi_def_cfa_offset 8
	.cfi_offset lr, -4
	.cfi_offset r7, -8
.Ltmp456:
	.loc	5 1583 29 prologue_end          @ ../../../../Library/StdDriver/src/epwm.c:1583:29
	ldr.w	r12, [r0, #352]
	mov.w	lr, #65536
	.loc	5 1584 65                       @ ../../../../Library/StdDriver/src/epwm.c:1584:65
	lsls	r2, r2, #16
.Ltmp457:
	@DEBUG_VALUE: EPWM_EnableFaultDetect:u32AfterPrescaler <- [DW_OP_LLVM_entry_value 1] $r2
	.loc	5 1583 59                       @ ../../../../Library/StdDriver/src/epwm.c:1583:59
	lsl.w	lr, lr, r1
	.loc	5 1584 42                       @ ../../../../Library/StdDriver/src/epwm.c:1584:42
	adds	r2, #1
	.loc	5 1583 34                       @ ../../../../Library/StdDriver/src/epwm.c:1583:34
	bic.w	r12, r12, lr
	.loc	5 1584 91                       @ ../../../../Library/StdDriver/src/epwm.c:1584:91
	lsls	r2, r1
	.loc	5 1583 80                       @ ../../../../Library/StdDriver/src/epwm.c:1583:80
	orr.w	r2, r2, r12
	.loc	5 1585 39                       @ ../../../../Library/StdDriver/src/epwm.c:1585:39
	add.w	r1, r0, r1, lsl #2
.Ltmp458:
	@DEBUG_VALUE: EPWM_EnableFaultDetect:u32ChannelNum <- [DW_OP_LLVM_entry_value 1] $r1
	.loc	5 1583 18                       @ ../../../../Library/StdDriver/src/epwm.c:1583:18
	str.w	r2, [r0, #352]
	.loc	5 1585 39                       @ ../../../../Library/StdDriver/src/epwm.c:1585:39
	ldr.w	r0, [r1, #356]
.Ltmp459:
	@DEBUG_VALUE: EPWM_EnableFaultDetect:epwm <- [DW_OP_LLVM_entry_value 1] $r0
	.loc	5 1585 70 is_stmt 0             @ ../../../../Library/StdDriver/src/epwm.c:1585:70
	bic	r0, r0, #805306368
	.loc	5 1585 98                       @ ../../../../Library/StdDriver/src/epwm.c:1585:98
	orrs	r0, r3
	.loc	5 1585 36                       @ ../../../../Library/StdDriver/src/epwm.c:1585:36
	str.w	r0, [r1, #356]
	.loc	5 1586 1 epilogue_begin is_stmt 1 @ ../../../../Library/StdDriver/src/epwm.c:1586:1
	pop	{r7, pc}
.Ltmp460:
.Lfunc_end76:
	.size	EPWM_EnableFaultDetect, .Lfunc_end76-EPWM_EnableFaultDetect
	.cfi_endproc
	.cantunwind
	.fnend
                                        @ -- End function
	.section	.text.EPWM_DisableFaultDetect,"ax",%progbits
	.hidden	EPWM_DisableFaultDetect         @ -- Begin function EPWM_DisableFaultDetect
	.globl	EPWM_DisableFaultDetect
	.p2align	2
	.type	EPWM_DisableFaultDetect,%function
	.code	16                              @ @EPWM_DisableFaultDetect
	.thumb_func
EPWM_DisableFaultDetect:
.Lfunc_begin77:
	.loc	5 1598 0                        @ ../../../../Library/StdDriver/src/epwm.c:1598:0
	.fnstart
	.cfi_startproc
@ %bb.0:
	@DEBUG_VALUE: EPWM_DisableFaultDetect:epwm <- $r0
	@DEBUG_VALUE: EPWM_DisableFaultDetect:u32ChannelNum <- $r1
	movs	r2, #1
.Ltmp461:
	.loc	5 1599 18 prologue_end          @ ../../../../Library/StdDriver/src/epwm.c:1599:18
	ldr.w	r3, [r0, #352]
	.loc	5 1599 43 is_stmt 0             @ ../../../../Library/StdDriver/src/epwm.c:1599:43
	lsl.w	r1, r2, r1
.Ltmp462:
	@DEBUG_VALUE: EPWM_DisableFaultDetect:u32ChannelNum <- [DW_OP_LLVM_entry_value 1] $r1
	.loc	5 1599 18                       @ ../../../../Library/StdDriver/src/epwm.c:1599:18
	bic.w	r1, r3, r1
	str.w	r1, [r0, #352]
	.loc	5 1600 1 is_stmt 1              @ ../../../../Library/StdDriver/src/epwm.c:1600:1
	bx	lr
.Ltmp463:
.Lfunc_end77:
	.size	EPWM_DisableFaultDetect, .Lfunc_end77-EPWM_DisableFaultDetect
	.cfi_endproc
	.cantunwind
	.fnend
                                        @ -- End function
	.section	.text.EPWM_EnableFaultDetectOutput,"ax",%progbits
	.hidden	EPWM_EnableFaultDetectOutput    @ -- Begin function EPWM_EnableFaultDetectOutput
	.globl	EPWM_EnableFaultDetectOutput
	.p2align	2
	.type	EPWM_EnableFaultDetectOutput,%function
	.code	16                              @ @EPWM_EnableFaultDetectOutput
	.thumb_func
EPWM_EnableFaultDetectOutput:
.Lfunc_begin78:
	.loc	5 1612 0                        @ ../../../../Library/StdDriver/src/epwm.c:1612:0
	.fnstart
	.cfi_startproc
@ %bb.0:
	@DEBUG_VALUE: EPWM_EnableFaultDetectOutput:epwm <- $r0
	@DEBUG_VALUE: EPWM_EnableFaultDetectOutput:u32ChannelNum <- $r1
	mov.w	r2, #256
.Ltmp464:
	.loc	5 1613 18 prologue_end          @ ../../../../Library/StdDriver/src/epwm.c:1613:18
	ldr.w	r3, [r0, #352]
	.loc	5 1613 45 is_stmt 0             @ ../../../../Library/StdDriver/src/epwm.c:1613:45
	lsl.w	r1, r2, r1
.Ltmp465:
	@DEBUG_VALUE: EPWM_EnableFaultDetectOutput:u32ChannelNum <- [DW_OP_LLVM_entry_value 1] $r1
	.loc	5 1613 18                       @ ../../../../Library/StdDriver/src/epwm.c:1613:18
	bic.w	r1, r3, r1
	str.w	r1, [r0, #352]
	.loc	5 1614 1 is_stmt 1              @ ../../../../Library/StdDriver/src/epwm.c:1614:1
	bx	lr
.Ltmp466:
.Lfunc_end78:
	.size	EPWM_EnableFaultDetectOutput, .Lfunc_end78-EPWM_EnableFaultDetectOutput
	.cfi_endproc
	.cantunwind
	.fnend
                                        @ -- End function
	.section	.text.EPWM_DisableFaultDetectOutput,"ax",%progbits
	.hidden	EPWM_DisableFaultDetectOutput   @ -- Begin function EPWM_DisableFaultDetectOutput
	.globl	EPWM_DisableFaultDetectOutput
	.p2align	2
	.type	EPWM_DisableFaultDetectOutput,%function
	.code	16                              @ @EPWM_DisableFaultDetectOutput
	.thumb_func
EPWM_DisableFaultDetectOutput:
.Lfunc_begin79:
	.loc	5 1626 0                        @ ../../../../Library/StdDriver/src/epwm.c:1626:0
	.fnstart
	.cfi_startproc
@ %bb.0:
	@DEBUG_VALUE: EPWM_DisableFaultDetectOutput:epwm <- $r0
	@DEBUG_VALUE: EPWM_DisableFaultDetectOutput:u32ChannelNum <- $r1
	mov.w	r2, #256
.Ltmp467:
	.loc	5 1627 18 prologue_end          @ ../../../../Library/StdDriver/src/epwm.c:1627:18
	ldr.w	r3, [r0, #352]
	.loc	5 1627 44 is_stmt 0             @ ../../../../Library/StdDriver/src/epwm.c:1627:44
	lsl.w	r1, r2, r1
.Ltmp468:
	@DEBUG_VALUE: EPWM_DisableFaultDetectOutput:u32ChannelNum <- [DW_OP_LLVM_entry_value 1] $r1
	.loc	5 1627 18                       @ ../../../../Library/StdDriver/src/epwm.c:1627:18
	orrs	r1, r3
	str.w	r1, [r0, #352]
	.loc	5 1628 1 is_stmt 1              @ ../../../../Library/StdDriver/src/epwm.c:1628:1
	bx	lr
.Ltmp469:
.Lfunc_end79:
	.size	EPWM_DisableFaultDetectOutput, .Lfunc_end79-EPWM_DisableFaultDetectOutput
	.cfi_endproc
	.cantunwind
	.fnend
                                        @ -- End function
	.section	.text.EPWM_EnableFaultDetectDeglitch,"ax",%progbits
	.hidden	EPWM_EnableFaultDetectDeglitch  @ -- Begin function EPWM_EnableFaultDetectDeglitch
	.globl	EPWM_EnableFaultDetectDeglitch
	.p2align	2
	.type	EPWM_EnableFaultDetectDeglitch,%function
	.code	16                              @ @EPWM_EnableFaultDetectDeglitch
	.thumb_func
EPWM_EnableFaultDetectDeglitch:
.Lfunc_begin80:
	.fnstart
	.cfi_startproc
@ %bb.0:
	@DEBUG_VALUE: EPWM_EnableFaultDetectDeglitch:epwm <- $r0
	@DEBUG_VALUE: EPWM_EnableFaultDetectDeglitch:u32ChannelNum <- $r1
	@DEBUG_VALUE: EPWM_EnableFaultDetectDeglitch:u32DeglitchSmpCycle <- $r2
	.loc	5 1642 39 prologue_end          @ ../../../../Library/StdDriver/src/epwm.c:1642:39
	add.w	r0, r0, r1, lsl #2
.Ltmp470:
	@DEBUG_VALUE: EPWM_EnableFaultDetectDeglitch:epwm <- [DW_OP_LLVM_entry_value 1] $r0
	.loc	5 0 39 is_stmt 0                @ ../../../../Library/StdDriver/src/epwm.c:0:39
	movw	r3, #65535
	.loc	5 1642 39                       @ ../../../../Library/StdDriver/src/epwm.c:1642:39
	ldr.w	r1, [r0, #356]
.Ltmp471:
	@DEBUG_VALUE: EPWM_EnableFaultDetectDeglitch:u32ChannelNum <- [DW_OP_LLVM_entry_value 1] $r1
	.loc	5 0 39                          @ ../../../../Library/StdDriver/src/epwm.c:0:39
	movt	r3, #32760
	.loc	5 1642 70                       @ ../../../../Library/StdDriver/src/epwm.c:1642:70
	ands	r1, r3
	.loc	5 1642 101                      @ ../../../../Library/StdDriver/src/epwm.c:1642:101
	orr.w	r1, r1, r2, lsl #16
	orr	r1, r1, #-2147483648
	.loc	5 1642 36                       @ ../../../../Library/StdDriver/src/epwm.c:1642:36
	str.w	r1, [r0, #356]
	.loc	5 1644 1 is_stmt 1              @ ../../../../Library/StdDriver/src/epwm.c:1644:1
	bx	lr
.Ltmp472:
.Lfunc_end80:
	.size	EPWM_EnableFaultDetectDeglitch, .Lfunc_end80-EPWM_EnableFaultDetectDeglitch
	.cfi_endproc
	.cantunwind
	.fnend
                                        @ -- End function
	.section	.text.EPWM_DisableFaultDetectDeglitch,"ax",%progbits
	.hidden	EPWM_DisableFaultDetectDeglitch @ -- Begin function EPWM_DisableFaultDetectDeglitch
	.globl	EPWM_DisableFaultDetectDeglitch
	.p2align	2
	.type	EPWM_DisableFaultDetectDeglitch,%function
	.code	16                              @ @EPWM_DisableFaultDetectDeglitch
	.thumb_func
EPWM_DisableFaultDetectDeglitch:
.Lfunc_begin81:
	.fnstart
	.cfi_startproc
@ %bb.0:
	@DEBUG_VALUE: EPWM_DisableFaultDetectDeglitch:epwm <- $r0
	@DEBUG_VALUE: EPWM_DisableFaultDetectDeglitch:u32ChannelNum <- $r1
	.loc	5 1657 5 prologue_end           @ ../../../../Library/StdDriver/src/epwm.c:1657:5
	add.w	r0, r0, r1, lsl #2
.Ltmp473:
	@DEBUG_VALUE: EPWM_DisableFaultDetectDeglitch:epwm <- [DW_OP_LLVM_entry_value 1] $r0
	.loc	5 1657 36 is_stmt 0             @ ../../../../Library/StdDriver/src/epwm.c:1657:36
	ldr.w	r1, [r0, #356]
.Ltmp474:
	@DEBUG_VALUE: EPWM_DisableFaultDetectDeglitch:u32ChannelNum <- [DW_OP_LLVM_entry_value 1] $r1
	bic	r1, r1, #-2147483648
	str.w	r1, [r0, #356]
	.loc	5 1658 1 is_stmt 1              @ ../../../../Library/StdDriver/src/epwm.c:1658:1
	bx	lr
.Ltmp475:
.Lfunc_end81:
	.size	EPWM_DisableFaultDetectDeglitch, .Lfunc_end81-EPWM_DisableFaultDetectDeglitch
	.cfi_endproc
	.cantunwind
	.fnend
                                        @ -- End function
	.section	.text.EPWM_EnableFaultDetectMask,"ax",%progbits
	.hidden	EPWM_EnableFaultDetectMask      @ -- Begin function EPWM_EnableFaultDetectMask
	.globl	EPWM_EnableFaultDetectMask
	.p2align	2
	.type	EPWM_EnableFaultDetectMask,%function
	.code	16                              @ @EPWM_EnableFaultDetectMask
	.thumb_func
EPWM_EnableFaultDetectMask:
.Lfunc_begin82:
	.fnstart
	.cfi_startproc
@ %bb.0:
	@DEBUG_VALUE: EPWM_EnableFaultDetectMask:epwm <- $r0
	@DEBUG_VALUE: EPWM_EnableFaultDetectMask:u32ChannelNum <- $r1
	@DEBUG_VALUE: EPWM_EnableFaultDetectMask:u32MaskCnt <- $r2
	.loc	5 1672 39 prologue_end          @ ../../../../Library/StdDriver/src/epwm.c:1672:39
	add.w	r0, r0, r1, lsl #2
.Ltmp476:
	@DEBUG_VALUE: EPWM_EnableFaultDetectMask:epwm <- [DW_OP_LLVM_entry_value 1] $r0
	ldr.w	r1, [r0, #356]
.Ltmp477:
	@DEBUG_VALUE: EPWM_EnableFaultDetectMask:u32ChannelNum <- [DW_OP_LLVM_entry_value 1] $r1
	.loc	5 1672 70 is_stmt 0             @ ../../../../Library/StdDriver/src/epwm.c:1672:70
	bic	r1, r1, #127
	.loc	5 1672 101                      @ ../../../../Library/StdDriver/src/epwm.c:1672:101
	orrs	r1, r2
	orr	r1, r1, #32768
	.loc	5 1672 36                       @ ../../../../Library/StdDriver/src/epwm.c:1672:36
	str.w	r1, [r0, #356]
	.loc	5 1673 1 is_stmt 1              @ ../../../../Library/StdDriver/src/epwm.c:1673:1
	bx	lr
.Ltmp478:
.Lfunc_end82:
	.size	EPWM_EnableFaultDetectMask, .Lfunc_end82-EPWM_EnableFaultDetectMask
	.cfi_endproc
	.cantunwind
	.fnend
                                        @ -- End function
	.section	.text.EPWM_DisableFaultDetectMask,"ax",%progbits
	.hidden	EPWM_DisableFaultDetectMask     @ -- Begin function EPWM_DisableFaultDetectMask
	.globl	EPWM_DisableFaultDetectMask
	.p2align	2
	.type	EPWM_DisableFaultDetectMask,%function
	.code	16                              @ @EPWM_DisableFaultDetectMask
	.thumb_func
EPWM_DisableFaultDetectMask:
.Lfunc_begin83:
	.fnstart
	.cfi_startproc
@ %bb.0:
	@DEBUG_VALUE: EPWM_DisableFaultDetectMask:epwm <- $r0
	@DEBUG_VALUE: EPWM_DisableFaultDetectMask:u32ChannelNum <- $r1
	.loc	5 1686 5 prologue_end           @ ../../../../Library/StdDriver/src/epwm.c:1686:5
	add.w	r0, r0, r1, lsl #2
.Ltmp479:
	@DEBUG_VALUE: EPWM_DisableFaultDetectMask:epwm <- [DW_OP_LLVM_entry_value 1] $r0
	.loc	5 1686 36 is_stmt 0             @ ../../../../Library/StdDriver/src/epwm.c:1686:36
	ldr.w	r1, [r0, #356]
.Ltmp480:
	@DEBUG_VALUE: EPWM_DisableFaultDetectMask:u32ChannelNum <- [DW_OP_LLVM_entry_value 1] $r1
	bic	r1, r1, #32768
	str.w	r1, [r0, #356]
	.loc	5 1687 1 is_stmt 1              @ ../../../../Library/StdDriver/src/epwm.c:1687:1
	bx	lr
.Ltmp481:
.Lfunc_end83:
	.size	EPWM_DisableFaultDetectMask, .Lfunc_end83-EPWM_DisableFaultDetectMask
	.cfi_endproc
	.cantunwind
	.fnend
                                        @ -- End function
	.section	.text.EPWM_EnableFaultDetectInt,"ax",%progbits
	.hidden	EPWM_EnableFaultDetectInt       @ -- Begin function EPWM_EnableFaultDetectInt
	.globl	EPWM_EnableFaultDetectInt
	.p2align	2
	.type	EPWM_EnableFaultDetectInt,%function
	.code	16                              @ @EPWM_EnableFaultDetectInt
	.thumb_func
EPWM_EnableFaultDetectInt:
.Lfunc_begin84:
	.loc	5 1699 0                        @ ../../../../Library/StdDriver/src/epwm.c:1699:0
	.fnstart
	.cfi_startproc
@ %bb.0:
	@DEBUG_VALUE: EPWM_EnableFaultDetectInt:epwm <- $r0
	@DEBUG_VALUE: EPWM_EnableFaultDetectInt:u32ChannelNum <- $r1
	movs	r2, #1
.Ltmp482:
	.loc	5 1700 19 prologue_end          @ ../../../../Library/StdDriver/src/epwm.c:1700:19
	ldr.w	r3, [r0, #380]
	.loc	5 1700 45 is_stmt 0             @ ../../../../Library/StdDriver/src/epwm.c:1700:45
	lsl.w	r1, r2, r1
.Ltmp483:
	@DEBUG_VALUE: EPWM_EnableFaultDetectInt:u32ChannelNum <- [DW_OP_LLVM_entry_value 1] $r1
	.loc	5 1700 19                       @ ../../../../Library/StdDriver/src/epwm.c:1700:19
	orrs	r1, r3
	str.w	r1, [r0, #380]
	.loc	5 1701 1 is_stmt 1              @ ../../../../Library/StdDriver/src/epwm.c:1701:1
	bx	lr
.Ltmp484:
.Lfunc_end84:
	.size	EPWM_EnableFaultDetectInt, .Lfunc_end84-EPWM_EnableFaultDetectInt
	.cfi_endproc
	.cantunwind
	.fnend
                                        @ -- End function
	.section	.text.EPWM_DisableFaultDetectInt,"ax",%progbits
	.hidden	EPWM_DisableFaultDetectInt      @ -- Begin function EPWM_DisableFaultDetectInt
	.globl	EPWM_DisableFaultDetectInt
	.p2align	2
	.type	EPWM_DisableFaultDetectInt,%function
	.code	16                              @ @EPWM_DisableFaultDetectInt
	.thumb_func
EPWM_DisableFaultDetectInt:
.Lfunc_begin85:
	.loc	5 1713 0                        @ ../../../../Library/StdDriver/src/epwm.c:1713:0
	.fnstart
	.cfi_startproc
@ %bb.0:
	@DEBUG_VALUE: EPWM_DisableFaultDetectInt:epwm <- $r0
	@DEBUG_VALUE: EPWM_DisableFaultDetectInt:u32ChannelNum <- $r1
	movs	r2, #1
.Ltmp485:
	.loc	5 1714 19 prologue_end          @ ../../../../Library/StdDriver/src/epwm.c:1714:19
	ldr.w	r3, [r0, #380]
	.loc	5 1714 46 is_stmt 0             @ ../../../../Library/StdDriver/src/epwm.c:1714:46
	lsl.w	r1, r2, r1
.Ltmp486:
	@DEBUG_VALUE: EPWM_DisableFaultDetectInt:u32ChannelNum <- [DW_OP_LLVM_entry_value 1] $r1
	.loc	5 1714 19                       @ ../../../../Library/StdDriver/src/epwm.c:1714:19
	bic.w	r1, r3, r1
	str.w	r1, [r0, #380]
	.loc	5 1715 1 is_stmt 1              @ ../../../../Library/StdDriver/src/epwm.c:1715:1
	bx	lr
.Ltmp487:
.Lfunc_end85:
	.size	EPWM_DisableFaultDetectInt, .Lfunc_end85-EPWM_DisableFaultDetectInt
	.cfi_endproc
	.cantunwind
	.fnend
                                        @ -- End function
	.section	.text.EPWM_ClearFaultDetectInt,"ax",%progbits
	.hidden	EPWM_ClearFaultDetectInt        @ -- Begin function EPWM_ClearFaultDetectInt
	.globl	EPWM_ClearFaultDetectInt
	.p2align	2
	.type	EPWM_ClearFaultDetectInt,%function
	.code	16                              @ @EPWM_ClearFaultDetectInt
	.thumb_func
EPWM_ClearFaultDetectInt:
.Lfunc_begin86:
	.loc	5 1727 0                        @ ../../../../Library/StdDriver/src/epwm.c:1727:0
	.fnstart
	.cfi_startproc
@ %bb.0:
	@DEBUG_VALUE: EPWM_ClearFaultDetectInt:epwm <- $r0
	@DEBUG_VALUE: EPWM_ClearFaultDetectInt:u32ChannelNum <- $r1
	movs	r2, #1
.Ltmp488:
	.loc	5 1728 43 prologue_end          @ ../../../../Library/StdDriver/src/epwm.c:1728:43
	lsl.w	r1, r2, r1
.Ltmp489:
	@DEBUG_VALUE: EPWM_ClearFaultDetectInt:u32ChannelNum <- [DW_OP_LLVM_entry_value 1] $r1
	.loc	5 1728 19 is_stmt 0             @ ../../../../Library/StdDriver/src/epwm.c:1728:19
	str.w	r1, [r0, #384]
	.loc	5 1729 1 is_stmt 1              @ ../../../../Library/StdDriver/src/epwm.c:1729:1
	bx	lr
.Ltmp490:
.Lfunc_end86:
	.size	EPWM_ClearFaultDetectInt, .Lfunc_end86-EPWM_ClearFaultDetectInt
	.cfi_endproc
	.cantunwind
	.fnend
                                        @ -- End function
	.section	.text.EPWM_GetFaultDetectInt,"ax",%progbits
	.hidden	EPWM_GetFaultDetectInt          @ -- Begin function EPWM_GetFaultDetectInt
	.globl	EPWM_GetFaultDetectInt
	.p2align	2
	.type	EPWM_GetFaultDetectInt,%function
	.code	16                              @ @EPWM_GetFaultDetectInt
	.thumb_func
EPWM_GetFaultDetectInt:
.Lfunc_begin87:
	.fnstart
	.cfi_startproc
@ %bb.0:
	@DEBUG_VALUE: EPWM_GetFaultDetectInt:epwm <- $r0
	@DEBUG_VALUE: EPWM_GetFaultDetectInt:u32ChannelNum <- $r1
	.loc	5 1743 22 prologue_end          @ ../../../../Library/StdDriver/src/epwm.c:1743:22
	ldr.w	r0, [r0, #384]
.Ltmp491:
	@DEBUG_VALUE: EPWM_GetFaultDetectInt:epwm <- [DW_OP_LLVM_entry_value 1] $r0
	.loc	5 1743 13 is_stmt 0             @ ../../../../Library/StdDriver/src/epwm.c:1743:13
	lsrs	r0, r1
	and	r0, r0, #1
	.loc	5 1743 5                        @ ../../../../Library/StdDriver/src/epwm.c:1743:5
	bx	lr
.Ltmp492:
.Lfunc_end87:
	.size	EPWM_GetFaultDetectInt, .Lfunc_end87-EPWM_GetFaultDetectInt
	.cfi_endproc
	.cantunwind
	.fnend
                                        @ -- End function
	.section	.text.EPWM_EnableCaptureInputNoiseFilter,"ax",%progbits
	.hidden	EPWM_EnableCaptureInputNoiseFilter @ -- Begin function EPWM_EnableCaptureInputNoiseFilter
	.globl	EPWM_EnableCaptureInputNoiseFilter
	.p2align	2
	.type	EPWM_EnableCaptureInputNoiseFilter,%function
	.code	16                              @ @EPWM_EnableCaptureInputNoiseFilter
	.thumb_func
EPWM_EnableCaptureInputNoiseFilter:
.Lfunc_begin88:
	.fnstart
	.cfi_startproc
@ %bb.0:
	@DEBUG_VALUE: EPWM_EnableCaptureInputNoiseFilter:epwm <- $r0
	@DEBUG_VALUE: EPWM_EnableCaptureInputNoiseFilter:u32ChannelNum <- $r1
	@DEBUG_VALUE: EPWM_EnableCaptureInputNoiseFilter:u32FilterCount <- $r2
	@DEBUG_VALUE: EPWM_EnableCaptureInputNoiseFilter:u32ClkSrcSel <- $r3
	.loc	5 1769 36 prologue_end is_stmt 1 @ ../../../../Library/StdDriver/src/epwm.c:1769:36
	add.w	r0, r0, r1, lsl #2
.Ltmp493:
	@DEBUG_VALUE: EPWM_EnableCaptureInputNoiseFilter:epwm <- [DW_OP_LLVM_entry_value 1] $r0
	.loc	5 1770 79                       @ ../../../../Library/StdDriver/src/epwm.c:1770:79
	lsls	r2, r2, #8
.Ltmp494:
	@DEBUG_VALUE: EPWM_EnableCaptureInputNoiseFilter:u32FilterCount <- [DW_OP_LLVM_entry_value 1] $r2
	.loc	5 0 79 is_stmt 0                @ ../../../../Library/StdDriver/src/epwm.c:0:79
	movw	r12, #1905
	.loc	5 1769 36 is_stmt 1             @ ../../../../Library/StdDriver/src/epwm.c:1769:36
	ldr.w	r1, [r0, #600]
.Ltmp495:
	@DEBUG_VALUE: EPWM_EnableCaptureInputNoiseFilter:u32ChannelNum <- [DW_OP_LLVM_entry_value 1] $r1
	.loc	5 1770 108                      @ ../../../../Library/StdDriver/src/epwm.c:1770:108
	orr.w	r2, r2, r3, lsl #4
	.loc	5 1769 65                       @ ../../../../Library/StdDriver/src/epwm.c:1769:65
	bic.w	r1, r1, r12
	.loc	5 1770 35                       @ ../../../../Library/StdDriver/src/epwm.c:1770:35
	orrs	r1, r2
	adds	r1, #1
	.loc	5 1769 32                       @ ../../../../Library/StdDriver/src/epwm.c:1769:32
	str.w	r1, [r0, #600]
	.loc	5 1771 1                        @ ../../../../Library/StdDriver/src/epwm.c:1771:1
	bx	lr
.Ltmp496:
.Lfunc_end88:
	.size	EPWM_EnableCaptureInputNoiseFilter, .Lfunc_end88-EPWM_EnableCaptureInputNoiseFilter
	.cfi_endproc
	.cantunwind
	.fnend
                                        @ -- End function
	.section	.text.EPWM_DisableCaptureInputNoiseFilter,"ax",%progbits
	.hidden	EPWM_DisableCaptureInputNoiseFilter @ -- Begin function EPWM_DisableCaptureInputNoiseFilter
	.globl	EPWM_DisableCaptureInputNoiseFilter
	.p2align	2
	.type	EPWM_DisableCaptureInputNoiseFilter,%function
	.code	16                              @ @EPWM_DisableCaptureInputNoiseFilter
	.thumb_func
EPWM_DisableCaptureInputNoiseFilter:
.Lfunc_begin89:
	.fnstart
	.cfi_startproc
@ %bb.0:
	@DEBUG_VALUE: EPWM_DisableCaptureInputNoiseFilter:epwm <- $r0
	@DEBUG_VALUE: EPWM_DisableCaptureInputNoiseFilter:u32ChannelNum <- $r1
	.loc	5 1786 5 prologue_end           @ ../../../../Library/StdDriver/src/epwm.c:1786:5
	add.w	r0, r0, r1, lsl #2
.Ltmp497:
	@DEBUG_VALUE: EPWM_DisableCaptureInputNoiseFilter:epwm <- [DW_OP_LLVM_entry_value 1] $r0
	.loc	5 1786 32 is_stmt 0             @ ../../../../Library/StdDriver/src/epwm.c:1786:32
	ldr.w	r1, [r0, #600]
.Ltmp498:
	@DEBUG_VALUE: EPWM_DisableCaptureInputNoiseFilter:u32ChannelNum <- [DW_OP_LLVM_entry_value 1] $r1
	bic	r1, r1, #1
	str.w	r1, [r0, #600]
	.loc	5 1787 1 is_stmt 1              @ ../../../../Library/StdDriver/src/epwm.c:1787:1
	bx	lr
.Ltmp499:
.Lfunc_end89:
	.size	EPWM_DisableCaptureInputNoiseFilter, .Lfunc_end89-EPWM_DisableCaptureInputNoiseFilter
	.cfi_endproc
	.cantunwind
	.fnend
                                        @ -- End function
	.section	.text.EPWM_EnableExtEventTrigger,"ax",%progbits
	.hidden	EPWM_EnableExtEventTrigger      @ -- Begin function EPWM_EnableExtEventTrigger
	.globl	EPWM_EnableExtEventTrigger
	.p2align	2
	.type	EPWM_EnableExtEventTrigger,%function
	.code	16                              @ @EPWM_EnableExtEventTrigger
	.thumb_func
EPWM_EnableExtEventTrigger:
.Lfunc_begin90:
	.fnstart
	.cfi_startproc
@ %bb.0:
	@DEBUG_VALUE: EPWM_EnableExtEventTrigger:epwm <- $r0
	@DEBUG_VALUE: EPWM_EnableExtEventTrigger:u32ChannelNum <- $r1
	@DEBUG_VALUE: EPWM_EnableExtEventTrigger:u32ExtEventSrc <- $r2
	@DEBUG_VALUE: EPWM_EnableExtEventTrigger:u32CounterAction <- $r3
	.loc	5 1813 39 prologue_end          @ ../../../../Library/StdDriver/src/epwm.c:1813:39
	add.w	r0, r0, r1, lsl #2
.Ltmp500:
	@DEBUG_VALUE: EPWM_EnableExtEventTrigger:epwm <- [DW_OP_LLVM_entry_value 1] $r0
	.loc	5 1814 85                       @ ../../../../Library/StdDriver/src/epwm.c:1814:85
	lsls	r2, r2, #8
.Ltmp501:
	@DEBUG_VALUE: EPWM_EnableExtEventTrigger:u32ExtEventSrc <- [DW_OP_LLVM_entry_value 1] $r2
	.loc	5 0 85 is_stmt 0                @ ../../../../Library/StdDriver/src/epwm.c:0:85
	movw	r12, #3889
	.loc	5 1813 39 is_stmt 1             @ ../../../../Library/StdDriver/src/epwm.c:1813:39
	ldr.w	r1, [r0, #624]
.Ltmp502:
	@DEBUG_VALUE: EPWM_EnableExtEventTrigger:u32ChannelNum <- [DW_OP_LLVM_entry_value 1] $r1
	.loc	5 1814 115                      @ ../../../../Library/StdDriver/src/epwm.c:1814:115
	orr.w	r2, r2, r3, lsl #4
	.loc	5 1813 71                       @ ../../../../Library/StdDriver/src/epwm.c:1813:71
	bic.w	r1, r1, r12
	.loc	5 1814 38                       @ ../../../../Library/StdDriver/src/epwm.c:1814:38
	orrs	r1, r2
	adds	r1, #1
	.loc	5 1813 35                       @ ../../../../Library/StdDriver/src/epwm.c:1813:35
	str.w	r1, [r0, #624]
	.loc	5 1815 1                        @ ../../../../Library/StdDriver/src/epwm.c:1815:1
	bx	lr
.Ltmp503:
.Lfunc_end90:
	.size	EPWM_EnableExtEventTrigger, .Lfunc_end90-EPWM_EnableExtEventTrigger
	.cfi_endproc
	.cantunwind
	.fnend
                                        @ -- End function
	.section	.text.EPWM_DisableExtEventTrigger,"ax",%progbits
	.hidden	EPWM_DisableExtEventTrigger     @ -- Begin function EPWM_DisableExtEventTrigger
	.globl	EPWM_DisableExtEventTrigger
	.p2align	2
	.type	EPWM_DisableExtEventTrigger,%function
	.code	16                              @ @EPWM_DisableExtEventTrigger
	.thumb_func
EPWM_DisableExtEventTrigger:
.Lfunc_begin91:
	.fnstart
	.cfi_startproc
@ %bb.0:
	@DEBUG_VALUE: EPWM_DisableExtEventTrigger:epwm <- $r0
	@DEBUG_VALUE: EPWM_DisableExtEventTrigger:u32ChannelNum <- $r1
	.loc	5 1828 5 prologue_end           @ ../../../../Library/StdDriver/src/epwm.c:1828:5
	add.w	r0, r0, r1, lsl #2
.Ltmp504:
	@DEBUG_VALUE: EPWM_DisableExtEventTrigger:epwm <- [DW_OP_LLVM_entry_value 1] $r0
	.loc	5 1828 35 is_stmt 0             @ ../../../../Library/StdDriver/src/epwm.c:1828:35
	ldr.w	r1, [r0, #624]
.Ltmp505:
	@DEBUG_VALUE: EPWM_DisableExtEventTrigger:u32ChannelNum <- [DW_OP_LLVM_entry_value 1] $r1
	bic	r1, r1, #1
	str.w	r1, [r0, #624]
	.loc	5 1829 1 is_stmt 1              @ ../../../../Library/StdDriver/src/epwm.c:1829:1
	bx	lr
.Ltmp506:
.Lfunc_end91:
	.size	EPWM_DisableExtEventTrigger, .Lfunc_end91-EPWM_DisableExtEventTrigger
	.cfi_endproc
	.cantunwind
	.fnend
                                        @ -- End function
	.section	.text.EPWM_GetAccCounter,"ax",%progbits
	.hidden	EPWM_GetAccCounter              @ -- Begin function EPWM_GetAccCounter
	.globl	EPWM_GetAccCounter
	.p2align	2
	.type	EPWM_GetAccCounter,%function
	.code	16                              @ @EPWM_GetAccCounter
	.thumb_func
EPWM_GetAccCounter:
.Lfunc_begin92:
	.fnstart
	.cfi_startproc
@ %bb.0:
	@DEBUG_VALUE: EPWM_GetAccCounter:epwm <- $r0
	@DEBUG_VALUE: EPWM_GetAccCounter:u32ChannelNum <- $r1
	.loc	5 1843 12 prologue_end          @ ../../../../Library/StdDriver/src/epwm.c:1843:12
	add.w	r0, r0, r1, lsl #2
.Ltmp507:
	@DEBUG_VALUE: EPWM_GetAccCounter:epwm <- [DW_OP_LLVM_entry_value 1] $r0
	ldr.w	r0, [r0, #872]
	.loc	5 1843 5 is_stmt 0              @ ../../../../Library/StdDriver/src/epwm.c:1843:5
	bx	lr
.Ltmp508:
.Lfunc_end92:
	.size	EPWM_GetAccCounter, .Lfunc_end92-EPWM_GetAccCounter
	.cfi_endproc
	.cantunwind
	.fnend
                                        @ -- End function
	.section	.text.EPWM_EnableSWEventOutput,"ax",%progbits
	.hidden	EPWM_EnableSWEventOutput        @ -- Begin function EPWM_EnableSWEventOutput
	.globl	EPWM_EnableSWEventOutput
	.p2align	2
	.type	EPWM_EnableSWEventOutput,%function
	.code	16                              @ @EPWM_EnableSWEventOutput
	.thumb_func
EPWM_EnableSWEventOutput:
.Lfunc_begin93:
	.loc	5 1861 0 is_stmt 1              @ ../../../../Library/StdDriver/src/epwm.c:1861:0
	.fnstart
	.cfi_startproc
@ %bb.0:
	@DEBUG_VALUE: EPWM_EnableSWEventOutput:epwm <- $r0
	@DEBUG_VALUE: EPWM_EnableSWEventOutput:u32ChannelNum <- $r1
	@DEBUG_VALUE: EPWM_EnableSWEventOutput:u32OutputLevel <- $r2
	.save	{r7, lr}
	push	{r7, lr}
	.cfi_def_cfa_offset 8
	.cfi_offset lr, -4
	.cfi_offset r7, -8
	mov.w	r12, #1
.Ltmp509:
	.loc	5 1862 22 prologue_end          @ ../../../../Library/StdDriver/src/epwm.c:1862:22
	ldr.w	lr, [r0, #652]
	.loc	5 1862 52 is_stmt 0             @ ../../../../Library/StdDriver/src/epwm.c:1862:52
	lsl.w	r3, r12, r1
	.loc	5 1862 22                       @ ../../../../Library/StdDriver/src/epwm.c:1862:22
	orr.w	r3, r3, lr
	str.w	r3, [r0, #652]
	movs	r3, #3
	.loc	5 1863 34 is_stmt 1             @ ../../../../Library/StdDriver/src/epwm.c:1863:34
	ldr.w	r12, [r0, #648]
	.loc	5 1863 93 is_stmt 0             @ ../../../../Library/StdDriver/src/epwm.c:1863:93
	lsls	r1, r1, #1
.Ltmp510:
	@DEBUG_VALUE: EPWM_EnableSWEventOutput:u32ChannelNum <- [DW_OP_LLVM_entry_value 1] $r1
	.loc	5 1863 75                       @ ../../../../Library/StdDriver/src/epwm.c:1863:75
	lsls	r3, r1
	.loc	5 1863 43                       @ ../../../../Library/StdDriver/src/epwm.c:1863:43
	bic.w	r3, r12, r3
	.loc	5 1863 123                      @ ../../../../Library/StdDriver/src/epwm.c:1863:123
	lsl.w	r1, r2, r1
	.loc	5 1863 103                      @ ../../../../Library/StdDriver/src/epwm.c:1863:103
	orrs	r1, r3
	.loc	5 1863 22                       @ ../../../../Library/StdDriver/src/epwm.c:1863:22
	str.w	r1, [r0, #648]
	.loc	5 1864 1 epilogue_begin is_stmt 1 @ ../../../../Library/StdDriver/src/epwm.c:1864:1
	pop	{r7, pc}
.Ltmp511:
.Lfunc_end93:
	.size	EPWM_EnableSWEventOutput, .Lfunc_end93-EPWM_EnableSWEventOutput
	.cfi_endproc
	.cantunwind
	.fnend
                                        @ -- End function
	.section	.text.EPWM_DisableSWEventOutput,"ax",%progbits
	.hidden	EPWM_DisableSWEventOutput       @ -- Begin function EPWM_DisableSWEventOutput
	.globl	EPWM_DisableSWEventOutput
	.p2align	2
	.type	EPWM_DisableSWEventOutput,%function
	.code	16                              @ @EPWM_DisableSWEventOutput
	.thumb_func
EPWM_DisableSWEventOutput:
.Lfunc_begin94:
	.loc	5 1876 0                        @ ../../../../Library/StdDriver/src/epwm.c:1876:0
	.fnstart
	.cfi_startproc
@ %bb.0:
	@DEBUG_VALUE: EPWM_DisableSWEventOutput:epwm <- $r0
	@DEBUG_VALUE: EPWM_DisableSWEventOutput:u32ChannelNum <- $r1
	movs	r2, #1
.Ltmp512:
	.loc	5 1877 22 prologue_end          @ ../../../../Library/StdDriver/src/epwm.c:1877:22
	ldr.w	r3, [r0, #652]
	.loc	5 1877 53 is_stmt 0             @ ../../../../Library/StdDriver/src/epwm.c:1877:53
	lsl.w	r1, r2, r1
.Ltmp513:
	@DEBUG_VALUE: EPWM_DisableSWEventOutput:u32ChannelNum <- [DW_OP_LLVM_entry_value 1] $r1
	.loc	5 1877 22                       @ ../../../../Library/StdDriver/src/epwm.c:1877:22
	bic.w	r1, r3, r1
	str.w	r1, [r0, #652]
	.loc	5 1878 1 is_stmt 1              @ ../../../../Library/StdDriver/src/epwm.c:1878:1
	bx	lr
.Ltmp514:
.Lfunc_end94:
	.size	EPWM_DisableSWEventOutput, .Lfunc_end94-EPWM_DisableSWEventOutput
	.cfi_endproc
	.cantunwind
	.fnend
                                        @ -- End function
	.section	.debug_loc,"",%progbits
.Ldebug_loc0:
	.long	-1
	.long	.Lfunc_begin0                   @   base address
	.long	.Lfunc_begin0-.Lfunc_begin0
	.long	.Ltmp0-.Lfunc_begin0
	.short	1                               @ Loc expr size
	.byte	80                              @ DW_OP_reg0
	.long	.Ltmp0-.Lfunc_begin0
	.long	.Ltmp47-.Lfunc_begin0
	.short	1                               @ Loc expr size
	.byte	89                              @ DW_OP_reg9
	.long	0
	.long	0
.Ldebug_loc1:
	.long	-1
	.long	.Lfunc_begin0                   @   base address
	.long	.Lfunc_begin0-.Lfunc_begin0
	.long	.Ltmp3-.Lfunc_begin0
	.short	1                               @ Loc expr size
	.byte	81                              @ DW_OP_reg1
	.long	.Ltmp3-.Lfunc_begin0
	.long	.Ltmp47-.Lfunc_begin0
	.short	1                               @ Loc expr size
	.byte	88                              @ DW_OP_reg8
	.long	0
	.long	0
.Ldebug_loc2:
	.long	-1
	.long	.Lfunc_begin0                   @   base address
	.long	.Lfunc_begin0-.Lfunc_begin0
	.long	.Ltmp1-.Lfunc_begin0
	.short	1                               @ Loc expr size
	.byte	82                              @ DW_OP_reg2
	.long	.Ltmp1-.Lfunc_begin0
	.long	.Ltmp47-.Lfunc_begin0
	.short	1                               @ Loc expr size
	.byte	90                              @ DW_OP_reg10
	.long	0
	.long	0
.Ldebug_loc3:
	.long	-1
	.long	.Lfunc_begin0                   @   base address
	.long	.Lfunc_begin0-.Lfunc_begin0
	.long	.Ltmp5-.Lfunc_begin0
	.short	1                               @ Loc expr size
	.byte	83                              @ DW_OP_reg3
	.long	.Ltmp5-.Lfunc_begin0
	.long	.Ltmp7-.Lfunc_begin0
	.short	4                               @ Loc expr size
	.byte	243                             @ DW_OP_GNU_entry_value
	.byte	1                               @ 1
	.byte	83                              @ DW_OP_reg3
	.byte	159                             @ DW_OP_stack_value
	.long	.Ltmp7-.Lfunc_begin0
	.long	.Ltmp10-.Lfunc_begin0
	.short	1                               @ Loc expr size
	.byte	83                              @ DW_OP_reg3
	.long	.Ltmp10-.Lfunc_begin0
	.long	.Ltmp12-.Lfunc_begin0
	.short	4                               @ Loc expr size
	.byte	243                             @ DW_OP_GNU_entry_value
	.byte	1                               @ 1
	.byte	83                              @ DW_OP_reg3
	.byte	159                             @ DW_OP_stack_value
	.long	.Ltmp12-.Lfunc_begin0
	.long	.Ltmp13-.Lfunc_begin0
	.short	1                               @ Loc expr size
	.byte	83                              @ DW_OP_reg3
	.long	.Ltmp13-.Lfunc_begin0
	.long	.Lfunc_end0-.Lfunc_begin0
	.short	4                               @ Loc expr size
	.byte	243                             @ DW_OP_GNU_entry_value
	.byte	1                               @ 1
	.byte	83                              @ DW_OP_reg3
	.byte	159                             @ DW_OP_stack_value
	.long	0
	.long	0
.Ldebug_loc4:
	.long	-1
	.long	.Lfunc_begin0                   @   base address
	.long	.Ltmp0-.Lfunc_begin0
	.long	.Ltmp19-.Lfunc_begin0
	.short	2                               @ Loc expr size
	.byte	49                              @ DW_OP_lit1
	.byte	159                             @ DW_OP_stack_value
	.long	.Ltmp19-.Lfunc_begin0
	.long	.Ltmp21-.Lfunc_begin0
	.short	21                              @ Loc expr size
	.byte	115                             @ DW_OP_breg3
	.byte	0                               @ 0
	.byte	17                              @ DW_OP_consts
	.byte	128                             @ 2000000
	.byte	137                             @ 
	.byte	250                             @ 
	.byte	0                               @ 
	.byte	28                              @ DW_OP_minus
	.byte	17                              @ DW_OP_consts
	.byte	128                             @ 4000000
	.byte	146                             @ 
	.byte	244                             @ 
	.byte	1                               @ 
	.byte	27                              @ DW_OP_div
	.byte	17                              @ DW_OP_consts
	.byte	4                               @ 4
	.byte	30                              @ DW_OP_mul
	.byte	17                              @ DW_OP_consts
	.byte	1                               @ 1
	.byte	34                              @ DW_OP_plus
	.byte	159                             @ DW_OP_stack_value
	.long	.Ltmp21-.Lfunc_begin0
	.long	.Ltmp25-.Lfunc_begin0
	.short	21                              @ Loc expr size
	.byte	115                             @ DW_OP_breg3
	.byte	0                               @ 0
	.byte	17                              @ DW_OP_consts
	.byte	128                             @ 2000000
	.byte	137                             @ 
	.byte	250                             @ 
	.byte	0                               @ 
	.byte	28                              @ DW_OP_minus
	.byte	17                              @ DW_OP_consts
	.byte	128                             @ 4000000
	.byte	146                             @ 
	.byte	244                             @ 
	.byte	1                               @ 
	.byte	27                              @ DW_OP_div
	.byte	17                              @ DW_OP_consts
	.byte	4                               @ 4
	.byte	30                              @ DW_OP_mul
	.byte	17                              @ DW_OP_consts
	.byte	2                               @ 2
	.byte	34                              @ DW_OP_plus
	.byte	159                             @ DW_OP_stack_value
	.long	.Ltmp25-.Lfunc_begin0
	.long	.Ltmp29-.Lfunc_begin0
	.short	21                              @ Loc expr size
	.byte	115                             @ DW_OP_breg3
	.byte	0                               @ 0
	.byte	17                              @ DW_OP_consts
	.byte	128                             @ 2000000
	.byte	137                             @ 
	.byte	250                             @ 
	.byte	0                               @ 
	.byte	28                              @ DW_OP_minus
	.byte	17                              @ DW_OP_consts
	.byte	128                             @ 4000000
	.byte	146                             @ 
	.byte	244                             @ 
	.byte	1                               @ 
	.byte	27                              @ DW_OP_div
	.byte	17                              @ DW_OP_consts
	.byte	4                               @ 4
	.byte	30                              @ DW_OP_mul
	.byte	17                              @ DW_OP_consts
	.byte	3                               @ 3
	.byte	34                              @ DW_OP_plus
	.byte	159                             @ DW_OP_stack_value
	.long	.Ltmp29-.Lfunc_begin0
	.long	.Ltmp33-.Lfunc_begin0
	.short	21                              @ Loc expr size
	.byte	115                             @ DW_OP_breg3
	.byte	0                               @ 0
	.byte	17                              @ DW_OP_consts
	.byte	128                             @ 2000000
	.byte	137                             @ 
	.byte	250                             @ 
	.byte	0                               @ 
	.byte	28                              @ DW_OP_minus
	.byte	17                              @ DW_OP_consts
	.byte	128                             @ 4000000
	.byte	146                             @ 
	.byte	244                             @ 
	.byte	1                               @ 
	.byte	27                              @ DW_OP_div
	.byte	17                              @ DW_OP_consts
	.byte	4                               @ 4
	.byte	30                              @ DW_OP_mul
	.byte	17                              @ DW_OP_consts
	.byte	4                               @ 4
	.byte	34                              @ DW_OP_plus
	.byte	159                             @ DW_OP_stack_value
	.long	.Ltmp33-.Lfunc_begin0
	.long	.Ltmp35-.Lfunc_begin0
	.short	21                              @ Loc expr size
	.byte	115                             @ DW_OP_breg3
	.byte	0                               @ 0
	.byte	17                              @ DW_OP_consts
	.byte	128                             @ 2000000
	.byte	137                             @ 
	.byte	250                             @ 
	.byte	0                               @ 
	.byte	28                              @ DW_OP_minus
	.byte	17                              @ DW_OP_consts
	.byte	128                             @ 4000000
	.byte	146                             @ 
	.byte	244                             @ 
	.byte	1                               @ 
	.byte	27                              @ DW_OP_div
	.byte	17                              @ DW_OP_consts
	.byte	4                               @ 4
	.byte	30                              @ DW_OP_mul
	.byte	17                              @ DW_OP_consts
	.byte	5                               @ 5
	.byte	34                              @ DW_OP_plus
	.byte	159                             @ DW_OP_stack_value
	.long	.Ltmp37-.Lfunc_begin0
	.long	.Ltmp38-.Lfunc_begin0
	.short	2                               @ Loc expr size
	.byte	49                              @ DW_OP_lit1
	.byte	159                             @ DW_OP_stack_value
	.long	.Ltmp38-.Lfunc_begin0
	.long	.Ltmp39-.Lfunc_begin0
	.short	21                              @ Loc expr size
	.byte	115                             @ DW_OP_breg3
	.byte	0                               @ 0
	.byte	17                              @ DW_OP_consts
	.byte	128                             @ 2000000
	.byte	137                             @ 
	.byte	250                             @ 
	.byte	0                               @ 
	.byte	28                              @ DW_OP_minus
	.byte	17                              @ DW_OP_consts
	.byte	128                             @ 4000000
	.byte	146                             @ 
	.byte	244                             @ 
	.byte	1                               @ 
	.byte	27                              @ DW_OP_div
	.byte	17                              @ DW_OP_consts
	.byte	4                               @ 4
	.byte	30                              @ DW_OP_mul
	.byte	17                              @ DW_OP_consts
	.byte	1                               @ 1
	.byte	34                              @ DW_OP_plus
	.byte	159                             @ DW_OP_stack_value
	.long	.Ltmp39-.Lfunc_begin0
	.long	.Ltmp41-.Lfunc_begin0
	.short	21                              @ Loc expr size
	.byte	115                             @ DW_OP_breg3
	.byte	0                               @ 0
	.byte	17                              @ DW_OP_consts
	.byte	128                             @ 2000000
	.byte	137                             @ 
	.byte	250                             @ 
	.byte	0                               @ 
	.byte	28                              @ DW_OP_minus
	.byte	17                              @ DW_OP_consts
	.byte	128                             @ 4000000
	.byte	146                             @ 
	.byte	244                             @ 
	.byte	1                               @ 
	.byte	27                              @ DW_OP_div
	.byte	17                              @ DW_OP_consts
	.byte	4                               @ 4
	.byte	30                              @ DW_OP_mul
	.byte	17                              @ DW_OP_consts
	.byte	2                               @ 2
	.byte	34                              @ DW_OP_plus
	.byte	159                             @ DW_OP_stack_value
	.long	.Ltmp41-.Lfunc_begin0
	.long	.Ltmp43-.Lfunc_begin0
	.short	21                              @ Loc expr size
	.byte	115                             @ DW_OP_breg3
	.byte	0                               @ 0
	.byte	17                              @ DW_OP_consts
	.byte	128                             @ 2000000
	.byte	137                             @ 
	.byte	250                             @ 
	.byte	0                               @ 
	.byte	28                              @ DW_OP_minus
	.byte	17                              @ DW_OP_consts
	.byte	128                             @ 4000000
	.byte	146                             @ 
	.byte	244                             @ 
	.byte	1                               @ 
	.byte	27                              @ DW_OP_div
	.byte	17                              @ DW_OP_consts
	.byte	4                               @ 4
	.byte	30                              @ DW_OP_mul
	.byte	17                              @ DW_OP_consts
	.byte	3                               @ 3
	.byte	34                              @ DW_OP_plus
	.byte	159                             @ DW_OP_stack_value
	.long	.Ltmp44-.Lfunc_begin0
	.long	.Ltmp46-.Lfunc_begin0
	.short	1                               @ Loc expr size
	.byte	81                              @ DW_OP_reg1
	.long	0
	.long	0
.Ldebug_loc5:
	.long	-1
	.long	.Lfunc_begin0                   @   base address
	.long	.Ltmp8-.Lfunc_begin0
	.long	.Ltmp10-.Lfunc_begin0
	.short	1                               @ Loc expr size
	.byte	80                              @ DW_OP_reg0
	.long	.Ltmp12-.Lfunc_begin0
	.long	.Ltmp13-.Lfunc_begin0
	.short	1                               @ Loc expr size
	.byte	80                              @ DW_OP_reg0
	.long	0
	.long	0
.Ldebug_loc6:
	.long	-1
	.long	.Lfunc_begin0                   @   base address
	.long	.Ltmp6-.Lfunc_begin0
	.long	.Ltmp7-.Lfunc_begin0
	.short	1                               @ Loc expr size
	.byte	80                              @ DW_OP_reg0
	.long	.Ltmp11-.Lfunc_begin0
	.long	.Ltmp12-.Lfunc_begin0
	.short	1                               @ Loc expr size
	.byte	80                              @ DW_OP_reg0
	.long	.Ltmp13-.Lfunc_begin0
	.long	.Ltmp14-.Lfunc_begin0
	.short	1                               @ Loc expr size
	.byte	80                              @ DW_OP_reg0
	.long	.Ltmp15-.Lfunc_begin0
	.long	.Ltmp45-.Lfunc_begin0
	.short	1                               @ Loc expr size
	.byte	82                              @ DW_OP_reg2
	.long	0
	.long	0
.Ldebug_loc7:
	.long	-1
	.long	.Lfunc_begin0                   @   base address
	.long	.Ltmp16-.Lfunc_begin0
	.long	.Ltmp19-.Lfunc_begin0
	.short	2                               @ Loc expr size
	.byte	48                              @ DW_OP_lit0
	.byte	159                             @ DW_OP_stack_value
	.long	.Ltmp19-.Lfunc_begin0
	.long	.Ltmp21-.Lfunc_begin0
	.short	2                               @ Loc expr size
	.byte	49                              @ DW_OP_lit1
	.byte	159                             @ DW_OP_stack_value
	.long	.Ltmp21-.Lfunc_begin0
	.long	.Ltmp23-.Lfunc_begin0
	.short	2                               @ Loc expr size
	.byte	48                              @ DW_OP_lit0
	.byte	159                             @ DW_OP_stack_value
	.long	.Ltmp23-.Lfunc_begin0
	.long	.Ltmp25-.Lfunc_begin0
	.short	2                               @ Loc expr size
	.byte	49                              @ DW_OP_lit1
	.byte	159                             @ DW_OP_stack_value
	.long	.Ltmp25-.Lfunc_begin0
	.long	.Ltmp27-.Lfunc_begin0
	.short	2                               @ Loc expr size
	.byte	48                              @ DW_OP_lit0
	.byte	159                             @ DW_OP_stack_value
	.long	.Ltmp27-.Lfunc_begin0
	.long	.Ltmp29-.Lfunc_begin0
	.short	2                               @ Loc expr size
	.byte	49                              @ DW_OP_lit1
	.byte	159                             @ DW_OP_stack_value
	.long	.Ltmp29-.Lfunc_begin0
	.long	.Ltmp31-.Lfunc_begin0
	.short	2                               @ Loc expr size
	.byte	48                              @ DW_OP_lit0
	.byte	159                             @ DW_OP_stack_value
	.long	.Ltmp33-.Lfunc_begin0
	.long	.Ltmp38-.Lfunc_begin0
	.short	2                               @ Loc expr size
	.byte	48                              @ DW_OP_lit0
	.byte	159                             @ DW_OP_stack_value
	.long	.Ltmp38-.Lfunc_begin0
	.long	.Ltmp39-.Lfunc_begin0
	.short	2                               @ Loc expr size
	.byte	49                              @ DW_OP_lit1
	.byte	159                             @ DW_OP_stack_value
	.long	.Ltmp39-.Lfunc_begin0
	.long	.Ltmp40-.Lfunc_begin0
	.short	2                               @ Loc expr size
	.byte	48                              @ DW_OP_lit0
	.byte	159                             @ DW_OP_stack_value
	.long	.Ltmp42-.Lfunc_begin0
	.long	.Ltmp43-.Lfunc_begin0
	.short	2                               @ Loc expr size
	.byte	49                              @ DW_OP_lit1
	.byte	159                             @ DW_OP_stack_value
	.long	0
	.long	0
.Ldebug_loc8:
	.long	-1
	.long	.Lfunc_begin0                   @   base address
	.long	.Ltmp17-.Lfunc_begin0
	.long	.Ltmp21-.Lfunc_begin0
	.short	1                               @ Loc expr size
	.byte	80                              @ DW_OP_reg0
	.long	.Ltmp22-.Lfunc_begin0
	.long	.Ltmp25-.Lfunc_begin0
	.short	1                               @ Loc expr size
	.byte	80                              @ DW_OP_reg0
	.long	.Ltmp26-.Lfunc_begin0
	.long	.Ltmp29-.Lfunc_begin0
	.short	1                               @ Loc expr size
	.byte	80                              @ DW_OP_reg0
	.long	.Ltmp30-.Lfunc_begin0
	.long	.Ltmp33-.Lfunc_begin0
	.short	1                               @ Loc expr size
	.byte	80                              @ DW_OP_reg0
	.long	.Ltmp34-.Lfunc_begin0
	.long	.Lfunc_end0-.Lfunc_begin0
	.short	1                               @ Loc expr size
	.byte	80                              @ DW_OP_reg0
	.long	0
	.long	0
.Ldebug_loc9:
	.long	-1
	.long	.Lfunc_begin1                   @   base address
	.long	.Lfunc_begin1-.Lfunc_begin1
	.long	.Ltmp48-.Lfunc_begin1
	.short	1                               @ Loc expr size
	.byte	80                              @ DW_OP_reg0
	.long	.Ltmp48-.Lfunc_begin1
	.long	.Ltmp122-.Lfunc_begin1
	.short	1                               @ Loc expr size
	.byte	84                              @ DW_OP_reg4
	.long	0
	.long	0
.Ldebug_loc10:
	.long	-1
	.long	.Lfunc_begin1                   @   base address
	.long	.Lfunc_begin1-.Lfunc_begin1
	.long	.Ltmp52-.Lfunc_begin1
	.short	1                               @ Loc expr size
	.byte	81                              @ DW_OP_reg1
	.long	.Ltmp52-.Lfunc_begin1
	.long	.Ltmp122-.Lfunc_begin1
	.short	1                               @ Loc expr size
	.byte	89                              @ DW_OP_reg9
	.long	0
	.long	0
.Ldebug_loc11:
	.long	-1
	.long	.Lfunc_begin1                   @   base address
	.long	.Lfunc_begin1-.Lfunc_begin1
	.long	.Ltmp49-.Lfunc_begin1
	.short	1                               @ Loc expr size
	.byte	82                              @ DW_OP_reg2
	.long	.Ltmp49-.Lfunc_begin1
	.long	.Ltmp65-.Lfunc_begin1
	.short	1                               @ Loc expr size
	.byte	87                              @ DW_OP_reg7
	.long	.Ltmp65-.Lfunc_begin1
	.long	.Lfunc_end1-.Lfunc_begin1
	.short	4                               @ Loc expr size
	.byte	243                             @ DW_OP_GNU_entry_value
	.byte	1                               @ 1
	.byte	82                              @ DW_OP_reg2
	.byte	159                             @ DW_OP_stack_value
	.long	0
	.long	0
.Ldebug_loc12:
	.long	-1
	.long	.Lfunc_begin1                   @   base address
	.long	.Lfunc_begin1-.Lfunc_begin1
	.long	.Ltmp51-.Lfunc_begin1
	.short	1                               @ Loc expr size
	.byte	83                              @ DW_OP_reg3
	.long	.Ltmp51-.Lfunc_begin1
	.long	.Ltmp122-.Lfunc_begin1
	.short	1                               @ Loc expr size
	.byte	88                              @ DW_OP_reg8
	.long	0
	.long	0
.Ldebug_loc13:
	.long	-1
	.long	.Lfunc_begin1                   @   base address
	.long	.Ltmp48-.Lfunc_begin1
	.long	.Ltmp116-.Lfunc_begin1
	.short	5                               @ Loc expr size
	.byte	16                              @ DW_OP_constu
	.byte	255                             @ 65535
	.byte	255                             @ 
	.byte	3                               @ 
	.byte	159                             @ DW_OP_stack_value
	.long	.Ltmp116-.Lfunc_begin1
	.long	.Ltmp120-.Lfunc_begin1
	.short	1                               @ Loc expr size
	.byte	81                              @ DW_OP_reg1
	.long	0
	.long	0
.Ldebug_loc14:
	.long	-1
	.long	.Lfunc_begin1                   @   base address
	.long	.Ltmp48-.Lfunc_begin1
	.long	.Ltmp65-.Lfunc_begin1
	.short	2                               @ Loc expr size
	.byte	49                              @ DW_OP_lit1
	.byte	159                             @ DW_OP_stack_value
	.long	.Ltmp65-.Lfunc_begin1
	.long	.Ltmp67-.Lfunc_begin1
	.short	3                               @ Loc expr size
	.byte	117                             @ DW_OP_breg5
	.byte	106                             @ -22
	.byte	159                             @ DW_OP_stack_value
	.long	.Ltmp67-.Lfunc_begin1
	.long	.Ltmp69-.Lfunc_begin1
	.short	3                               @ Loc expr size
	.byte	117                             @ DW_OP_breg5
	.byte	107                             @ -21
	.byte	159                             @ DW_OP_stack_value
	.long	.Ltmp69-.Lfunc_begin1
	.long	.Ltmp71-.Lfunc_begin1
	.short	3                               @ Loc expr size
	.byte	117                             @ DW_OP_breg5
	.byte	108                             @ -20
	.byte	159                             @ DW_OP_stack_value
	.long	.Ltmp71-.Lfunc_begin1
	.long	.Ltmp73-.Lfunc_begin1
	.short	3                               @ Loc expr size
	.byte	117                             @ DW_OP_breg5
	.byte	109                             @ -19
	.byte	159                             @ DW_OP_stack_value
	.long	.Ltmp73-.Lfunc_begin1
	.long	.Ltmp75-.Lfunc_begin1
	.short	3                               @ Loc expr size
	.byte	117                             @ DW_OP_breg5
	.byte	110                             @ -18
	.byte	159                             @ DW_OP_stack_value
	.long	.Ltmp75-.Lfunc_begin1
	.long	.Ltmp77-.Lfunc_begin1
	.short	3                               @ Loc expr size
	.byte	117                             @ DW_OP_breg5
	.byte	111                             @ -17
	.byte	159                             @ DW_OP_stack_value
	.long	.Ltmp77-.Lfunc_begin1
	.long	.Ltmp79-.Lfunc_begin1
	.short	3                               @ Loc expr size
	.byte	117                             @ DW_OP_breg5
	.byte	112                             @ -16
	.byte	159                             @ DW_OP_stack_value
	.long	.Ltmp79-.Lfunc_begin1
	.long	.Ltmp81-.Lfunc_begin1
	.short	3                               @ Loc expr size
	.byte	117                             @ DW_OP_breg5
	.byte	113                             @ -15
	.byte	159                             @ DW_OP_stack_value
	.long	.Ltmp81-.Lfunc_begin1
	.long	.Ltmp83-.Lfunc_begin1
	.short	3                               @ Loc expr size
	.byte	117                             @ DW_OP_breg5
	.byte	114                             @ -14
	.byte	159                             @ DW_OP_stack_value
	.long	.Ltmp83-.Lfunc_begin1
	.long	.Ltmp85-.Lfunc_begin1
	.short	3                               @ Loc expr size
	.byte	117                             @ DW_OP_breg5
	.byte	115                             @ -13
	.byte	159                             @ DW_OP_stack_value
	.long	.Ltmp85-.Lfunc_begin1
	.long	.Ltmp87-.Lfunc_begin1
	.short	3                               @ Loc expr size
	.byte	117                             @ DW_OP_breg5
	.byte	116                             @ -12
	.byte	159                             @ DW_OP_stack_value
	.long	.Ltmp87-.Lfunc_begin1
	.long	.Ltmp89-.Lfunc_begin1
	.short	3                               @ Loc expr size
	.byte	117                             @ DW_OP_breg5
	.byte	117                             @ -11
	.byte	159                             @ DW_OP_stack_value
	.long	.Ltmp89-.Lfunc_begin1
	.long	.Ltmp91-.Lfunc_begin1
	.short	3                               @ Loc expr size
	.byte	117                             @ DW_OP_breg5
	.byte	118                             @ -10
	.byte	159                             @ DW_OP_stack_value
	.long	.Ltmp91-.Lfunc_begin1
	.long	.Ltmp93-.Lfunc_begin1
	.short	3                               @ Loc expr size
	.byte	117                             @ DW_OP_breg5
	.byte	119                             @ -9
	.byte	159                             @ DW_OP_stack_value
	.long	.Ltmp93-.Lfunc_begin1
	.long	.Ltmp95-.Lfunc_begin1
	.short	3                               @ Loc expr size
	.byte	117                             @ DW_OP_breg5
	.byte	120                             @ -8
	.byte	159                             @ DW_OP_stack_value
	.long	.Ltmp95-.Lfunc_begin1
	.long	.Ltmp97-.Lfunc_begin1
	.short	3                               @ Loc expr size
	.byte	117                             @ DW_OP_breg5
	.byte	121                             @ -7
	.byte	159                             @ DW_OP_stack_value
	.long	.Ltmp97-.Lfunc_begin1
	.long	.Ltmp99-.Lfunc_begin1
	.short	3                               @ Loc expr size
	.byte	117                             @ DW_OP_breg5
	.byte	122                             @ -6
	.byte	159                             @ DW_OP_stack_value
	.long	.Ltmp99-.Lfunc_begin1
	.long	.Ltmp101-.Lfunc_begin1
	.short	3                               @ Loc expr size
	.byte	117                             @ DW_OP_breg5
	.byte	123                             @ -5
	.byte	159                             @ DW_OP_stack_value
	.long	.Ltmp101-.Lfunc_begin1
	.long	.Ltmp103-.Lfunc_begin1
	.short	3                               @ Loc expr size
	.byte	117                             @ DW_OP_breg5
	.byte	124                             @ -4
	.byte	159                             @ DW_OP_stack_value
	.long	.Ltmp103-.Lfunc_begin1
	.long	.Ltmp105-.Lfunc_begin1
	.short	3                               @ Loc expr size
	.byte	117                             @ DW_OP_breg5
	.byte	125                             @ -3
	.byte	159                             @ DW_OP_stack_value
	.long	.Ltmp105-.Lfunc_begin1
	.long	.Ltmp107-.Lfunc_begin1
	.short	3                               @ Loc expr size
	.byte	117                             @ DW_OP_breg5
	.byte	126                             @ -2
	.byte	159                             @ DW_OP_stack_value
	.long	.Ltmp107-.Lfunc_begin1
	.long	.Ltmp109-.Lfunc_begin1
	.short	3                               @ Loc expr size
	.byte	117                             @ DW_OP_breg5
	.byte	127                             @ -1
	.byte	159                             @ DW_OP_stack_value
	.long	.Ltmp109-.Lfunc_begin1
	.long	.Ltmp111-.Lfunc_begin1
	.short	1                               @ Loc expr size
	.byte	85                              @ DW_OP_reg5
	.long	.Ltmp111-.Lfunc_begin1
	.long	.Ltmp112-.Lfunc_begin1
	.short	3                               @ Loc expr size
	.byte	117                             @ DW_OP_breg5
	.byte	1                               @ 1
	.byte	159                             @ DW_OP_stack_value
	.long	.Ltmp117-.Lfunc_begin1
	.long	.Ltmp118-.Lfunc_begin1
	.short	1                               @ Loc expr size
	.byte	83                              @ DW_OP_reg3
	.long	0
	.long	0
.Ldebug_loc15:
	.long	-1
	.long	.Lfunc_begin1                   @   base address
	.long	.Ltmp54-.Lfunc_begin1
	.long	.Ltmp56-.Lfunc_begin1
	.short	1                               @ Loc expr size
	.byte	80                              @ DW_OP_reg0
	.long	.Ltmp59-.Lfunc_begin1
	.long	.Ltmp61-.Lfunc_begin1
	.short	1                               @ Loc expr size
	.byte	80                              @ DW_OP_reg0
	.long	.Ltmp63-.Lfunc_begin1
	.long	.Ltmp64-.Lfunc_begin1
	.short	1                               @ Loc expr size
	.byte	80                              @ DW_OP_reg0
	.long	0
	.long	0
.Ldebug_loc16:
	.long	-1
	.long	.Lfunc_begin1                   @   base address
	.long	.Ltmp57-.Lfunc_begin1
	.long	.Ltmp58-.Lfunc_begin1
	.short	1                               @ Loc expr size
	.byte	80                              @ DW_OP_reg0
	.long	.Ltmp62-.Lfunc_begin1
	.long	.Ltmp63-.Lfunc_begin1
	.short	1                               @ Loc expr size
	.byte	80                              @ DW_OP_reg0
	.long	.Ltmp64-.Lfunc_begin1
	.long	.Ltmp121-.Lfunc_begin1
	.short	1                               @ Loc expr size
	.byte	80                              @ DW_OP_reg0
	.long	0
	.long	0
.Ldebug_loc17:
	.long	-1
	.long	.Lfunc_begin1                   @   base address
	.long	.Ltmp66-.Lfunc_begin1
	.long	.Ltmp114-.Lfunc_begin1
	.short	1                               @ Loc expr size
	.byte	81                              @ DW_OP_reg1
	.long	.Ltmp115-.Lfunc_begin1
	.long	.Ltmp116-.Lfunc_begin1
	.short	1                               @ Loc expr size
	.byte	81                              @ DW_OP_reg1
	.long	.Ltmp121-.Lfunc_begin1
	.long	.Lfunc_end1-.Lfunc_begin1
	.short	1                               @ Loc expr size
	.byte	80                              @ DW_OP_reg0
	.long	0
	.long	0
.Ldebug_loc18:
	.long	-1
	.long	.Lfunc_begin2                   @   base address
	.long	.Lfunc_begin2-.Lfunc_begin2
	.long	.Ltmp123-.Lfunc_begin2
	.short	1                               @ Loc expr size
	.byte	81                              @ DW_OP_reg1
	.long	.Ltmp123-.Lfunc_begin2
	.long	.Lfunc_end2-.Lfunc_begin2
	.short	4                               @ Loc expr size
	.byte	243                             @ DW_OP_GNU_entry_value
	.byte	1                               @ 1
	.byte	81                              @ DW_OP_reg1
	.byte	159                             @ DW_OP_stack_value
	.long	0
	.long	0
.Ldebug_loc19:
	.long	-1
	.long	.Lfunc_begin3                   @   base address
	.long	.Lfunc_begin3-.Lfunc_begin3
	.long	.Ltmp136-.Lfunc_begin3
	.short	1                               @ Loc expr size
	.byte	81                              @ DW_OP_reg1
	.long	.Ltmp136-.Lfunc_begin3
	.long	.Lfunc_end3-.Lfunc_begin3
	.short	4                               @ Loc expr size
	.byte	243                             @ DW_OP_GNU_entry_value
	.byte	1                               @ 1
	.byte	81                              @ DW_OP_reg1
	.byte	159                             @ DW_OP_stack_value
	.long	0
	.long	0
.Ldebug_loc20:
	.long	-1
	.long	.Lfunc_begin3                   @   base address
	.long	.Ltmp125-.Lfunc_begin3
	.long	.Ltmp127-.Lfunc_begin3
	.short	2                               @ Loc expr size
	.byte	48                              @ DW_OP_lit0
	.byte	159                             @ DW_OP_stack_value
	.long	.Ltmp127-.Lfunc_begin3
	.long	.Ltmp129-.Lfunc_begin3
	.short	2                               @ Loc expr size
	.byte	49                              @ DW_OP_lit1
	.byte	159                             @ DW_OP_stack_value
	.long	.Ltmp129-.Lfunc_begin3
	.long	.Ltmp131-.Lfunc_begin3
	.short	2                               @ Loc expr size
	.byte	50                              @ DW_OP_lit2
	.byte	159                             @ DW_OP_stack_value
	.long	.Ltmp131-.Lfunc_begin3
	.long	.Ltmp133-.Lfunc_begin3
	.short	2                               @ Loc expr size
	.byte	51                              @ DW_OP_lit3
	.byte	159                             @ DW_OP_stack_value
	.long	.Ltmp133-.Lfunc_begin3
	.long	.Ltmp135-.Lfunc_begin3
	.short	2                               @ Loc expr size
	.byte	52                              @ DW_OP_lit4
	.byte	159                             @ DW_OP_stack_value
	.long	.Ltmp135-.Lfunc_begin3
	.long	.Ltmp138-.Lfunc_begin3
	.short	2                               @ Loc expr size
	.byte	53                              @ DW_OP_lit5
	.byte	159                             @ DW_OP_stack_value
	.long	.Ltmp138-.Lfunc_begin3
	.long	.Lfunc_end3-.Lfunc_begin3
	.short	2                               @ Loc expr size
	.byte	54                              @ DW_OP_lit6
	.byte	159                             @ DW_OP_stack_value
	.long	0
	.long	0
.Ldebug_loc21:
	.long	-1
	.long	.Lfunc_begin4                   @   base address
	.long	.Lfunc_begin4-.Lfunc_begin4
	.long	.Ltmp140-.Lfunc_begin4
	.short	1                               @ Loc expr size
	.byte	81                              @ DW_OP_reg1
	.long	.Ltmp140-.Lfunc_begin4
	.long	.Lfunc_end4-.Lfunc_begin4
	.short	4                               @ Loc expr size
	.byte	243                             @ DW_OP_GNU_entry_value
	.byte	1                               @ 1
	.byte	81                              @ DW_OP_reg1
	.byte	159                             @ DW_OP_stack_value
	.long	0
	.long	0
.Ldebug_loc22:
	.long	-1
	.long	.Lfunc_begin5                   @   base address
	.long	.Lfunc_begin5-.Lfunc_begin5
	.long	.Ltmp144-.Lfunc_begin5
	.short	1                               @ Loc expr size
	.byte	81                              @ DW_OP_reg1
	.long	.Ltmp144-.Lfunc_begin5
	.long	.Lfunc_end5-.Lfunc_begin5
	.short	4                               @ Loc expr size
	.byte	243                             @ DW_OP_GNU_entry_value
	.byte	1                               @ 1
	.byte	81                              @ DW_OP_reg1
	.byte	159                             @ DW_OP_stack_value
	.long	0
	.long	0
.Ldebug_loc23:
	.long	-1
	.long	.Lfunc_begin5                   @   base address
	.long	.Lfunc_begin5-.Lfunc_begin5
	.long	.Ltmp145-.Lfunc_begin5
	.short	1                               @ Loc expr size
	.byte	82                              @ DW_OP_reg2
	.long	.Ltmp145-.Lfunc_begin5
	.long	.Lfunc_end5-.Lfunc_begin5
	.short	4                               @ Loc expr size
	.byte	243                             @ DW_OP_GNU_entry_value
	.byte	1                               @ 1
	.byte	82                              @ DW_OP_reg2
	.byte	159                             @ DW_OP_stack_value
	.long	0
	.long	0
.Ldebug_loc24:
	.long	-1
	.long	.Lfunc_begin6                   @   base address
	.long	.Lfunc_begin6-.Lfunc_begin6
	.long	.Ltmp150-.Lfunc_begin6
	.short	1                               @ Loc expr size
	.byte	81                              @ DW_OP_reg1
	.long	.Ltmp150-.Lfunc_begin6
	.long	.Lfunc_end6-.Lfunc_begin6
	.short	4                               @ Loc expr size
	.byte	243                             @ DW_OP_GNU_entry_value
	.byte	1                               @ 1
	.byte	81                              @ DW_OP_reg1
	.byte	159                             @ DW_OP_stack_value
	.long	0
	.long	0
.Ldebug_loc25:
	.long	-1
	.long	.Lfunc_begin7                   @   base address
	.long	.Lfunc_begin7-.Lfunc_begin7
	.long	.Ltmp155-.Lfunc_begin7
	.short	1                               @ Loc expr size
	.byte	80                              @ DW_OP_reg0
	.long	.Ltmp155-.Lfunc_begin7
	.long	.Lfunc_end7-.Lfunc_begin7
	.short	4                               @ Loc expr size
	.byte	243                             @ DW_OP_GNU_entry_value
	.byte	1                               @ 1
	.byte	80                              @ DW_OP_reg0
	.byte	159                             @ DW_OP_stack_value
	.long	0
	.long	0
.Ldebug_loc26:
	.long	-1
	.long	.Lfunc_begin7                   @   base address
	.long	.Lfunc_begin7-.Lfunc_begin7
	.long	.Ltmp158-.Lfunc_begin7
	.short	1                               @ Loc expr size
	.byte	81                              @ DW_OP_reg1
	.long	.Ltmp158-.Lfunc_begin7
	.long	.Lfunc_end7-.Lfunc_begin7
	.short	4                               @ Loc expr size
	.byte	243                             @ DW_OP_GNU_entry_value
	.byte	1                               @ 1
	.byte	81                              @ DW_OP_reg1
	.byte	159                             @ DW_OP_stack_value
	.long	0
	.long	0
.Ldebug_loc27:
	.long	-1
	.long	.Lfunc_begin7                   @   base address
	.long	.Lfunc_begin7-.Lfunc_begin7
	.long	.Ltmp160-.Lfunc_begin7
	.short	1                               @ Loc expr size
	.byte	82                              @ DW_OP_reg2
	.long	.Ltmp160-.Lfunc_begin7
	.long	.Ltmp161-.Lfunc_begin7
	.short	4                               @ Loc expr size
	.byte	243                             @ DW_OP_GNU_entry_value
	.byte	1                               @ 1
	.byte	82                              @ DW_OP_reg2
	.byte	159                             @ DW_OP_stack_value
	.long	.Ltmp161-.Lfunc_begin7
	.long	.Ltmp162-.Lfunc_begin7
	.short	1                               @ Loc expr size
	.byte	82                              @ DW_OP_reg2
	.long	.Ltmp162-.Lfunc_begin7
	.long	.Lfunc_end7-.Lfunc_begin7
	.short	4                               @ Loc expr size
	.byte	243                             @ DW_OP_GNU_entry_value
	.byte	1                               @ 1
	.byte	82                              @ DW_OP_reg2
	.byte	159                             @ DW_OP_stack_value
	.long	0
	.long	0
.Ldebug_loc28:
	.long	-1
	.long	.Lfunc_begin8                   @   base address
	.long	.Lfunc_begin8-.Lfunc_begin8
	.long	.Ltmp167-.Lfunc_begin8
	.short	1                               @ Loc expr size
	.byte	81                              @ DW_OP_reg1
	.long	.Ltmp167-.Lfunc_begin8
	.long	.Lfunc_end8-.Lfunc_begin8
	.short	4                               @ Loc expr size
	.byte	243                             @ DW_OP_GNU_entry_value
	.byte	1                               @ 1
	.byte	81                              @ DW_OP_reg1
	.byte	159                             @ DW_OP_stack_value
	.long	0
	.long	0
.Ldebug_loc29:
	.long	-1
	.long	.Lfunc_begin9                   @   base address
	.long	.Lfunc_begin9-.Lfunc_begin9
	.long	.Ltmp170-.Lfunc_begin9
	.short	1                               @ Loc expr size
	.byte	81                              @ DW_OP_reg1
	.long	.Ltmp170-.Lfunc_begin9
	.long	.Lfunc_end9-.Lfunc_begin9
	.short	4                               @ Loc expr size
	.byte	243                             @ DW_OP_GNU_entry_value
	.byte	1                               @ 1
	.byte	81                              @ DW_OP_reg1
	.byte	159                             @ DW_OP_stack_value
	.long	0
	.long	0
.Ldebug_loc30:
	.long	-1
	.long	.Lfunc_begin9                   @   base address
	.long	.Lfunc_begin9-.Lfunc_begin9
	.long	.Ltmp169-.Lfunc_begin9
	.short	1                               @ Loc expr size
	.byte	82                              @ DW_OP_reg2
	.long	.Ltmp169-.Lfunc_begin9
	.long	.Lfunc_end9-.Lfunc_begin9
	.short	4                               @ Loc expr size
	.byte	243                             @ DW_OP_GNU_entry_value
	.byte	1                               @ 1
	.byte	82                              @ DW_OP_reg2
	.byte	159                             @ DW_OP_stack_value
	.long	0
	.long	0
.Ldebug_loc31:
	.long	-1
	.long	.Lfunc_begin10                  @   base address
	.long	.Lfunc_begin10-.Lfunc_begin10
	.long	.Ltmp172-.Lfunc_begin10
	.short	1                               @ Loc expr size
	.byte	80                              @ DW_OP_reg0
	.long	.Ltmp172-.Lfunc_begin10
	.long	.Lfunc_end10-.Lfunc_begin10
	.short	4                               @ Loc expr size
	.byte	243                             @ DW_OP_GNU_entry_value
	.byte	1                               @ 1
	.byte	80                              @ DW_OP_reg0
	.byte	159                             @ DW_OP_stack_value
	.long	0
	.long	0
.Ldebug_loc32:
	.long	-1
	.long	.Lfunc_begin11                  @   base address
	.long	.Lfunc_begin11-.Lfunc_begin11
	.long	.Ltmp174-.Lfunc_begin11
	.short	1                               @ Loc expr size
	.byte	81                              @ DW_OP_reg1
	.long	.Ltmp174-.Lfunc_begin11
	.long	.Lfunc_end11-.Lfunc_begin11
	.short	4                               @ Loc expr size
	.byte	243                             @ DW_OP_GNU_entry_value
	.byte	1                               @ 1
	.byte	81                              @ DW_OP_reg1
	.byte	159                             @ DW_OP_stack_value
	.long	0
	.long	0
.Ldebug_loc33:
	.long	-1
	.long	.Lfunc_begin12                  @   base address
	.long	.Lfunc_begin12-.Lfunc_begin12
	.long	.Ltmp177-.Lfunc_begin12
	.short	1                               @ Loc expr size
	.byte	81                              @ DW_OP_reg1
	.long	.Ltmp177-.Lfunc_begin12
	.long	.Lfunc_end12-.Lfunc_begin12
	.short	4                               @ Loc expr size
	.byte	243                             @ DW_OP_GNU_entry_value
	.byte	1                               @ 1
	.byte	81                              @ DW_OP_reg1
	.byte	159                             @ DW_OP_stack_value
	.long	0
	.long	0
.Ldebug_loc34:
	.long	-1
	.long	.Lfunc_begin13                  @   base address
	.long	.Lfunc_begin13-.Lfunc_begin13
	.long	.Ltmp179-.Lfunc_begin13
	.short	1                               @ Loc expr size
	.byte	81                              @ DW_OP_reg1
	.long	.Ltmp179-.Lfunc_begin13
	.long	.Lfunc_end13-.Lfunc_begin13
	.short	4                               @ Loc expr size
	.byte	243                             @ DW_OP_GNU_entry_value
	.byte	1                               @ 1
	.byte	81                              @ DW_OP_reg1
	.byte	159                             @ DW_OP_stack_value
	.long	0
	.long	0
.Ldebug_loc35:
	.long	-1
	.long	.Lfunc_begin14                  @   base address
	.long	.Lfunc_begin14-.Lfunc_begin14
	.long	.Ltmp181-.Lfunc_begin14
	.short	1                               @ Loc expr size
	.byte	80                              @ DW_OP_reg0
	.long	.Ltmp181-.Lfunc_begin14
	.long	.Lfunc_end14-.Lfunc_begin14
	.short	4                               @ Loc expr size
	.byte	243                             @ DW_OP_GNU_entry_value
	.byte	1                               @ 1
	.byte	80                              @ DW_OP_reg0
	.byte	159                             @ DW_OP_stack_value
	.long	0
	.long	0
.Ldebug_loc36:
	.long	-1
	.long	.Lfunc_begin15                  @   base address
	.long	.Lfunc_begin15-.Lfunc_begin15
	.long	.Ltmp256-.Lfunc_begin15
	.short	1                               @ Loc expr size
	.byte	81                              @ DW_OP_reg1
	.long	.Ltmp256-.Lfunc_begin15
	.long	.Lfunc_end15-.Lfunc_begin15
	.short	4                               @ Loc expr size
	.byte	243                             @ DW_OP_GNU_entry_value
	.byte	1                               @ 1
	.byte	81                              @ DW_OP_reg1
	.byte	159                             @ DW_OP_stack_value
	.long	0
	.long	0
.Ldebug_loc37:
	.long	-1
	.long	.Lfunc_begin15                  @   base address
	.long	.Lfunc_begin15-.Lfunc_begin15
	.long	.Ltmp268-.Lfunc_begin15
	.short	1                               @ Loc expr size
	.byte	82                              @ DW_OP_reg2
	.long	.Ltmp268-.Lfunc_begin15
	.long	.Lfunc_end15-.Lfunc_begin15
	.short	4                               @ Loc expr size
	.byte	243                             @ DW_OP_GNU_entry_value
	.byte	1                               @ 1
	.byte	82                              @ DW_OP_reg2
	.byte	159                             @ DW_OP_stack_value
	.long	0
	.long	0
.Ldebug_loc38:
	.long	-1
	.long	.Lfunc_begin15                  @   base address
	.long	.Lfunc_begin15-.Lfunc_begin15
	.long	.Ltmp262-.Lfunc_begin15
	.short	1                               @ Loc expr size
	.byte	83                              @ DW_OP_reg3
	.long	.Ltmp262-.Lfunc_begin15
	.long	.Ltmp263-.Lfunc_begin15
	.short	1                               @ Loc expr size
	.byte	94                              @ DW_OP_reg14
	.long	.Ltmp263-.Lfunc_begin15
	.long	.Ltmp265-.Lfunc_begin15
	.short	1                               @ Loc expr size
	.byte	83                              @ DW_OP_reg3
	.long	0
	.long	0
.Ldebug_loc39:
	.long	-1
	.long	.Lfunc_begin15                  @   base address
	.long	.Ltmp183-.Lfunc_begin15
	.long	.Ltmp199-.Lfunc_begin15
	.short	2                               @ Loc expr size
	.byte	48                              @ DW_OP_lit0
	.byte	159                             @ DW_OP_stack_value
	.long	.Ltmp199-.Lfunc_begin15
	.long	.Ltmp214-.Lfunc_begin15
	.short	2                               @ Loc expr size
	.byte	49                              @ DW_OP_lit1
	.byte	159                             @ DW_OP_stack_value
	.long	.Ltmp214-.Lfunc_begin15
	.long	.Ltmp229-.Lfunc_begin15
	.short	2                               @ Loc expr size
	.byte	50                              @ DW_OP_lit2
	.byte	159                             @ DW_OP_stack_value
	.long	.Ltmp229-.Lfunc_begin15
	.long	.Ltmp244-.Lfunc_begin15
	.short	2                               @ Loc expr size
	.byte	51                              @ DW_OP_lit3
	.byte	159                             @ DW_OP_stack_value
	.long	.Ltmp244-.Lfunc_begin15
	.long	.Ltmp257-.Lfunc_begin15
	.short	2                               @ Loc expr size
	.byte	52                              @ DW_OP_lit4
	.byte	159                             @ DW_OP_stack_value
	.long	.Ltmp257-.Lfunc_begin15
	.long	.Ltmp271-.Lfunc_begin15
	.short	2                               @ Loc expr size
	.byte	53                              @ DW_OP_lit5
	.byte	159                             @ DW_OP_stack_value
	.long	.Ltmp271-.Lfunc_begin15
	.long	.Lfunc_end15-.Lfunc_begin15
	.short	2                               @ Loc expr size
	.byte	54                              @ DW_OP_lit6
	.byte	159                             @ DW_OP_stack_value
	.long	0
	.long	0
.Ldebug_loc40:
	.long	-1
	.long	.Lfunc_begin16                  @   base address
	.long	.Lfunc_begin16-.Lfunc_begin16
	.long	.Ltmp273-.Lfunc_begin16
	.short	1                               @ Loc expr size
	.byte	81                              @ DW_OP_reg1
	.long	.Ltmp273-.Lfunc_begin16
	.long	.Lfunc_end16-.Lfunc_begin16
	.short	4                               @ Loc expr size
	.byte	243                             @ DW_OP_GNU_entry_value
	.byte	1                               @ 1
	.byte	81                              @ DW_OP_reg1
	.byte	159                             @ DW_OP_stack_value
	.long	0
	.long	0
.Ldebug_loc41:
	.long	-1
	.long	.Lfunc_begin17                  @   base address
	.long	.Lfunc_begin17-.Lfunc_begin17
	.long	.Ltmp275-.Lfunc_begin17
	.short	1                               @ Loc expr size
	.byte	81                              @ DW_OP_reg1
	.long	.Ltmp275-.Lfunc_begin17
	.long	.Lfunc_end17-.Lfunc_begin17
	.short	4                               @ Loc expr size
	.byte	243                             @ DW_OP_GNU_entry_value
	.byte	1                               @ 1
	.byte	81                              @ DW_OP_reg1
	.byte	159                             @ DW_OP_stack_value
	.long	0
	.long	0
.Ldebug_loc42:
	.long	-1
	.long	.Lfunc_begin18                  @   base address
	.long	.Lfunc_begin18-.Lfunc_begin18
	.long	.Ltmp277-.Lfunc_begin18
	.short	1                               @ Loc expr size
	.byte	81                              @ DW_OP_reg1
	.long	.Ltmp277-.Lfunc_begin18
	.long	.Lfunc_end18-.Lfunc_begin18
	.short	4                               @ Loc expr size
	.byte	243                             @ DW_OP_GNU_entry_value
	.byte	1                               @ 1
	.byte	81                              @ DW_OP_reg1
	.byte	159                             @ DW_OP_stack_value
	.long	0
	.long	0
.Ldebug_loc43:
	.long	-1
	.long	.Lfunc_begin19                  @   base address
	.long	.Lfunc_begin19-.Lfunc_begin19
	.long	.Ltmp279-.Lfunc_begin19
	.short	1                               @ Loc expr size
	.byte	81                              @ DW_OP_reg1
	.long	.Ltmp279-.Lfunc_begin19
	.long	.Lfunc_end19-.Lfunc_begin19
	.short	4                               @ Loc expr size
	.byte	243                             @ DW_OP_GNU_entry_value
	.byte	1                               @ 1
	.byte	81                              @ DW_OP_reg1
	.byte	159                             @ DW_OP_stack_value
	.long	0
	.long	0
.Ldebug_loc44:
	.long	-1
	.long	.Lfunc_begin20                  @   base address
	.long	.Lfunc_begin20-.Lfunc_begin20
	.long	.Ltmp283-.Lfunc_begin20
	.short	1                               @ Loc expr size
	.byte	81                              @ DW_OP_reg1
	.long	.Ltmp283-.Lfunc_begin20
	.long	.Lfunc_end20-.Lfunc_begin20
	.short	4                               @ Loc expr size
	.byte	243                             @ DW_OP_GNU_entry_value
	.byte	1                               @ 1
	.byte	81                              @ DW_OP_reg1
	.byte	159                             @ DW_OP_stack_value
	.long	0
	.long	0
.Ldebug_loc45:
	.long	-1
	.long	.Lfunc_begin20                  @   base address
	.long	.Lfunc_begin20-.Lfunc_begin20
	.long	.Ltmp284-.Lfunc_begin20
	.short	1                               @ Loc expr size
	.byte	82                              @ DW_OP_reg2
	.long	.Ltmp284-.Lfunc_begin20
	.long	.Lfunc_end20-.Lfunc_begin20
	.short	4                               @ Loc expr size
	.byte	243                             @ DW_OP_GNU_entry_value
	.byte	1                               @ 1
	.byte	82                              @ DW_OP_reg2
	.byte	159                             @ DW_OP_stack_value
	.long	0
	.long	0
.Ldebug_loc46:
	.long	-1
	.long	.Lfunc_begin20                  @   base address
	.long	.Ltmp281-.Lfunc_begin20
	.long	.Ltmp283-.Lfunc_begin20
	.short	5                               @ Loc expr size
	.byte	113                             @ DW_OP_breg1
	.byte	0                               @ 0
	.byte	49                              @ DW_OP_lit1
	.byte	26                              @ DW_OP_and
	.byte	159                             @ DW_OP_stack_value
	.long	0
	.long	0
.Ldebug_loc47:
	.long	-1
	.long	.Lfunc_begin21                  @   base address
	.long	.Lfunc_begin21-.Lfunc_begin21
	.long	.Ltmp287-.Lfunc_begin21
	.short	1                               @ Loc expr size
	.byte	81                              @ DW_OP_reg1
	.long	.Ltmp287-.Lfunc_begin21
	.long	.Lfunc_end21-.Lfunc_begin21
	.short	4                               @ Loc expr size
	.byte	243                             @ DW_OP_GNU_entry_value
	.byte	1                               @ 1
	.byte	81                              @ DW_OP_reg1
	.byte	159                             @ DW_OP_stack_value
	.long	0
	.long	0
.Ldebug_loc48:
	.long	-1
	.long	.Lfunc_begin22                  @   base address
	.long	.Lfunc_begin22-.Lfunc_begin22
	.long	.Ltmp291-.Lfunc_begin22
	.short	1                               @ Loc expr size
	.byte	80                              @ DW_OP_reg0
	.long	.Ltmp291-.Lfunc_begin22
	.long	.Lfunc_end22-.Lfunc_begin22
	.short	4                               @ Loc expr size
	.byte	243                             @ DW_OP_GNU_entry_value
	.byte	1                               @ 1
	.byte	80                              @ DW_OP_reg0
	.byte	159                             @ DW_OP_stack_value
	.long	0
	.long	0
.Ldebug_loc49:
	.long	-1
	.long	.Lfunc_begin22                  @   base address
	.long	.Lfunc_begin22-.Lfunc_begin22
	.long	.Ltmp290-.Lfunc_begin22
	.short	1                               @ Loc expr size
	.byte	81                              @ DW_OP_reg1
	.long	.Ltmp290-.Lfunc_begin22
	.long	.Lfunc_end22-.Lfunc_begin22
	.short	4                               @ Loc expr size
	.byte	243                             @ DW_OP_GNU_entry_value
	.byte	1                               @ 1
	.byte	81                              @ DW_OP_reg1
	.byte	159                             @ DW_OP_stack_value
	.long	0
	.long	0
.Ldebug_loc50:
	.long	-1
	.long	.Lfunc_begin23                  @   base address
	.long	.Lfunc_begin23-.Lfunc_begin23
	.long	.Ltmp295-.Lfunc_begin23
	.short	1                               @ Loc expr size
	.byte	80                              @ DW_OP_reg0
	.long	.Ltmp295-.Lfunc_begin23
	.long	.Lfunc_end23-.Lfunc_begin23
	.short	4                               @ Loc expr size
	.byte	243                             @ DW_OP_GNU_entry_value
	.byte	1                               @ 1
	.byte	80                              @ DW_OP_reg0
	.byte	159                             @ DW_OP_stack_value
	.long	0
	.long	0
.Ldebug_loc51:
	.long	-1
	.long	.Lfunc_begin23                  @   base address
	.long	.Lfunc_begin23-.Lfunc_begin23
	.long	.Ltmp294-.Lfunc_begin23
	.short	1                               @ Loc expr size
	.byte	81                              @ DW_OP_reg1
	.long	.Ltmp294-.Lfunc_begin23
	.long	.Lfunc_end23-.Lfunc_begin23
	.short	4                               @ Loc expr size
	.byte	243                             @ DW_OP_GNU_entry_value
	.byte	1                               @ 1
	.byte	81                              @ DW_OP_reg1
	.byte	159                             @ DW_OP_stack_value
	.long	0
	.long	0
.Ldebug_loc52:
	.long	-1
	.long	.Lfunc_begin24                  @   base address
	.long	.Lfunc_begin24-.Lfunc_begin24
	.long	.Ltmp297-.Lfunc_begin24
	.short	1                               @ Loc expr size
	.byte	81                              @ DW_OP_reg1
	.long	.Ltmp297-.Lfunc_begin24
	.long	.Lfunc_end24-.Lfunc_begin24
	.short	4                               @ Loc expr size
	.byte	243                             @ DW_OP_GNU_entry_value
	.byte	1                               @ 1
	.byte	81                              @ DW_OP_reg1
	.byte	159                             @ DW_OP_stack_value
	.long	0
	.long	0
.Ldebug_loc53:
	.long	-1
	.long	.Lfunc_begin25                  @   base address
	.long	.Lfunc_begin25-.Lfunc_begin25
	.long	.Ltmp299-.Lfunc_begin25
	.short	1                               @ Loc expr size
	.byte	81                              @ DW_OP_reg1
	.long	.Ltmp299-.Lfunc_begin25
	.long	.Lfunc_end25-.Lfunc_begin25
	.short	4                               @ Loc expr size
	.byte	243                             @ DW_OP_GNU_entry_value
	.byte	1                               @ 1
	.byte	81                              @ DW_OP_reg1
	.byte	159                             @ DW_OP_stack_value
	.long	0
	.long	0
.Ldebug_loc54:
	.long	-1
	.long	.Lfunc_begin26                  @   base address
	.long	.Lfunc_begin26-.Lfunc_begin26
	.long	.Ltmp301-.Lfunc_begin26
	.short	1                               @ Loc expr size
	.byte	81                              @ DW_OP_reg1
	.long	.Ltmp301-.Lfunc_begin26
	.long	.Lfunc_end26-.Lfunc_begin26
	.short	4                               @ Loc expr size
	.byte	243                             @ DW_OP_GNU_entry_value
	.byte	1                               @ 1
	.byte	81                              @ DW_OP_reg1
	.byte	159                             @ DW_OP_stack_value
	.long	0
	.long	0
.Ldebug_loc55:
	.long	-1
	.long	.Lfunc_begin27                  @   base address
	.long	.Lfunc_begin27-.Lfunc_begin27
	.long	.Ltmp303-.Lfunc_begin27
	.short	1                               @ Loc expr size
	.byte	81                              @ DW_OP_reg1
	.long	.Ltmp303-.Lfunc_begin27
	.long	.Lfunc_end27-.Lfunc_begin27
	.short	4                               @ Loc expr size
	.byte	243                             @ DW_OP_GNU_entry_value
	.byte	1                               @ 1
	.byte	81                              @ DW_OP_reg1
	.byte	159                             @ DW_OP_stack_value
	.long	0
	.long	0
.Ldebug_loc56:
	.long	-1
	.long	.Lfunc_begin28                  @   base address
	.long	.Lfunc_begin28-.Lfunc_begin28
	.long	.Ltmp305-.Lfunc_begin28
	.short	1                               @ Loc expr size
	.byte	81                              @ DW_OP_reg1
	.long	.Ltmp305-.Lfunc_begin28
	.long	.Lfunc_end28-.Lfunc_begin28
	.short	4                               @ Loc expr size
	.byte	243                             @ DW_OP_GNU_entry_value
	.byte	1                               @ 1
	.byte	81                              @ DW_OP_reg1
	.byte	159                             @ DW_OP_stack_value
	.long	0
	.long	0
.Ldebug_loc57:
	.long	-1
	.long	.Lfunc_begin29                  @   base address
	.long	.Lfunc_begin29-.Lfunc_begin29
	.long	.Ltmp308-.Lfunc_begin29
	.short	1                               @ Loc expr size
	.byte	80                              @ DW_OP_reg0
	.long	.Ltmp308-.Lfunc_begin29
	.long	.Lfunc_end29-.Lfunc_begin29
	.short	4                               @ Loc expr size
	.byte	243                             @ DW_OP_GNU_entry_value
	.byte	1                               @ 1
	.byte	80                              @ DW_OP_reg0
	.byte	159                             @ DW_OP_stack_value
	.long	0
	.long	0
.Ldebug_loc58:
	.long	-1
	.long	.Lfunc_begin29                  @   base address
	.long	.Lfunc_begin29-.Lfunc_begin29
	.long	.Ltmp307-.Lfunc_begin29
	.short	1                               @ Loc expr size
	.byte	81                              @ DW_OP_reg1
	.long	.Ltmp307-.Lfunc_begin29
	.long	.Lfunc_end29-.Lfunc_begin29
	.short	4                               @ Loc expr size
	.byte	243                             @ DW_OP_GNU_entry_value
	.byte	1                               @ 1
	.byte	81                              @ DW_OP_reg1
	.byte	159                             @ DW_OP_stack_value
	.long	0
	.long	0
.Ldebug_loc59:
	.long	-1
	.long	.Lfunc_begin29                  @   base address
	.long	.Ltmp308-.Lfunc_begin29
	.long	.Ltmp309-.Lfunc_begin29
	.short	1                               @ Loc expr size
	.byte	80                              @ DW_OP_reg0
	.long	0
	.long	0
.Ldebug_loc60:
	.long	-1
	.long	.Lfunc_begin30                  @   base address
	.long	.Lfunc_begin30-.Lfunc_begin30
	.long	.Ltmp311-.Lfunc_begin30
	.short	1                               @ Loc expr size
	.byte	81                              @ DW_OP_reg1
	.long	.Ltmp311-.Lfunc_begin30
	.long	.Lfunc_end30-.Lfunc_begin30
	.short	4                               @ Loc expr size
	.byte	243                             @ DW_OP_GNU_entry_value
	.byte	1                               @ 1
	.byte	81                              @ DW_OP_reg1
	.byte	159                             @ DW_OP_stack_value
	.long	0
	.long	0
.Ldebug_loc61:
	.long	-1
	.long	.Lfunc_begin31                  @   base address
	.long	.Lfunc_begin31-.Lfunc_begin31
	.long	.Ltmp314-.Lfunc_begin31
	.short	1                               @ Loc expr size
	.byte	81                              @ DW_OP_reg1
	.long	.Ltmp314-.Lfunc_begin31
	.long	.Lfunc_end31-.Lfunc_begin31
	.short	4                               @ Loc expr size
	.byte	243                             @ DW_OP_GNU_entry_value
	.byte	1                               @ 1
	.byte	81                              @ DW_OP_reg1
	.byte	159                             @ DW_OP_stack_value
	.long	0
	.long	0
.Ldebug_loc62:
	.long	-1
	.long	.Lfunc_begin32                  @   base address
	.long	.Lfunc_begin32-.Lfunc_begin32
	.long	.Ltmp317-.Lfunc_begin32
	.short	1                               @ Loc expr size
	.byte	81                              @ DW_OP_reg1
	.long	.Ltmp317-.Lfunc_begin32
	.long	.Lfunc_end32-.Lfunc_begin32
	.short	4                               @ Loc expr size
	.byte	243                             @ DW_OP_GNU_entry_value
	.byte	1                               @ 1
	.byte	81                              @ DW_OP_reg1
	.byte	159                             @ DW_OP_stack_value
	.long	0
	.long	0
.Ldebug_loc63:
	.long	-1
	.long	.Lfunc_begin33                  @   base address
	.long	.Lfunc_begin33-.Lfunc_begin33
	.long	.Ltmp319-.Lfunc_begin33
	.short	1                               @ Loc expr size
	.byte	80                              @ DW_OP_reg0
	.long	.Ltmp319-.Lfunc_begin33
	.long	.Lfunc_end33-.Lfunc_begin33
	.short	4                               @ Loc expr size
	.byte	243                             @ DW_OP_GNU_entry_value
	.byte	1                               @ 1
	.byte	80                              @ DW_OP_reg0
	.byte	159                             @ DW_OP_stack_value
	.long	0
	.long	0
.Ldebug_loc64:
	.long	-1
	.long	.Lfunc_begin33                  @   base address
	.long	.Lfunc_begin33-.Lfunc_begin33
	.long	.Ltmp320-.Lfunc_begin33
	.short	1                               @ Loc expr size
	.byte	81                              @ DW_OP_reg1
	.long	.Ltmp320-.Lfunc_begin33
	.long	.Lfunc_end33-.Lfunc_begin33
	.short	4                               @ Loc expr size
	.byte	243                             @ DW_OP_GNU_entry_value
	.byte	1                               @ 1
	.byte	81                              @ DW_OP_reg1
	.byte	159                             @ DW_OP_stack_value
	.long	0
	.long	0
.Ldebug_loc65:
	.long	-1
	.long	.Lfunc_begin34                  @   base address
	.long	.Lfunc_begin34-.Lfunc_begin34
	.long	.Ltmp323-.Lfunc_begin34
	.short	1                               @ Loc expr size
	.byte	81                              @ DW_OP_reg1
	.long	.Ltmp323-.Lfunc_begin34
	.long	.Lfunc_end34-.Lfunc_begin34
	.short	4                               @ Loc expr size
	.byte	243                             @ DW_OP_GNU_entry_value
	.byte	1                               @ 1
	.byte	81                              @ DW_OP_reg1
	.byte	159                             @ DW_OP_stack_value
	.long	0
	.long	0
.Ldebug_loc66:
	.long	-1
	.long	.Lfunc_begin35                  @   base address
	.long	.Lfunc_begin35-.Lfunc_begin35
	.long	.Ltmp326-.Lfunc_begin35
	.short	1                               @ Loc expr size
	.byte	81                              @ DW_OP_reg1
	.long	.Ltmp326-.Lfunc_begin35
	.long	.Lfunc_end35-.Lfunc_begin35
	.short	4                               @ Loc expr size
	.byte	243                             @ DW_OP_GNU_entry_value
	.byte	1                               @ 1
	.byte	81                              @ DW_OP_reg1
	.byte	159                             @ DW_OP_stack_value
	.long	0
	.long	0
.Ldebug_loc67:
	.long	-1
	.long	.Lfunc_begin36                  @   base address
	.long	.Lfunc_begin36-.Lfunc_begin36
	.long	.Ltmp329-.Lfunc_begin36
	.short	1                               @ Loc expr size
	.byte	81                              @ DW_OP_reg1
	.long	.Ltmp329-.Lfunc_begin36
	.long	.Lfunc_end36-.Lfunc_begin36
	.short	4                               @ Loc expr size
	.byte	243                             @ DW_OP_GNU_entry_value
	.byte	1                               @ 1
	.byte	81                              @ DW_OP_reg1
	.byte	159                             @ DW_OP_stack_value
	.long	0
	.long	0
.Ldebug_loc68:
	.long	-1
	.long	.Lfunc_begin37                  @   base address
	.long	.Lfunc_begin37-.Lfunc_begin37
	.long	.Ltmp331-.Lfunc_begin37
	.short	1                               @ Loc expr size
	.byte	80                              @ DW_OP_reg0
	.long	.Ltmp331-.Lfunc_begin37
	.long	.Lfunc_end37-.Lfunc_begin37
	.short	4                               @ Loc expr size
	.byte	243                             @ DW_OP_GNU_entry_value
	.byte	1                               @ 1
	.byte	80                              @ DW_OP_reg0
	.byte	159                             @ DW_OP_stack_value
	.long	0
	.long	0
.Ldebug_loc69:
	.long	-1
	.long	.Lfunc_begin38                  @   base address
	.long	.Lfunc_begin38-.Lfunc_begin38
	.long	.Ltmp334-.Lfunc_begin38
	.short	1                               @ Loc expr size
	.byte	81                              @ DW_OP_reg1
	.long	.Ltmp334-.Lfunc_begin38
	.long	.Lfunc_end38-.Lfunc_begin38
	.short	4                               @ Loc expr size
	.byte	243                             @ DW_OP_GNU_entry_value
	.byte	1                               @ 1
	.byte	81                              @ DW_OP_reg1
	.byte	159                             @ DW_OP_stack_value
	.long	0
	.long	0
.Ldebug_loc70:
	.long	-1
	.long	.Lfunc_begin38                  @   base address
	.long	.Lfunc_begin38-.Lfunc_begin38
	.long	.Ltmp333-.Lfunc_begin38
	.short	1                               @ Loc expr size
	.byte	82                              @ DW_OP_reg2
	.long	.Ltmp333-.Lfunc_begin38
	.long	.Lfunc_end38-.Lfunc_begin38
	.short	4                               @ Loc expr size
	.byte	243                             @ DW_OP_GNU_entry_value
	.byte	1                               @ 1
	.byte	82                              @ DW_OP_reg2
	.byte	159                             @ DW_OP_stack_value
	.long	0
	.long	0
.Ldebug_loc71:
	.long	-1
	.long	.Lfunc_begin39                  @   base address
	.long	.Lfunc_begin39-.Lfunc_begin39
	.long	.Ltmp337-.Lfunc_begin39
	.short	1                               @ Loc expr size
	.byte	81                              @ DW_OP_reg1
	.long	.Ltmp337-.Lfunc_begin39
	.long	.Lfunc_end39-.Lfunc_begin39
	.short	4                               @ Loc expr size
	.byte	243                             @ DW_OP_GNU_entry_value
	.byte	1                               @ 1
	.byte	81                              @ DW_OP_reg1
	.byte	159                             @ DW_OP_stack_value
	.long	0
	.long	0
.Ldebug_loc72:
	.long	-1
	.long	.Lfunc_begin40                  @   base address
	.long	.Lfunc_begin40-.Lfunc_begin40
	.long	.Ltmp340-.Lfunc_begin40
	.short	1                               @ Loc expr size
	.byte	81                              @ DW_OP_reg1
	.long	.Ltmp340-.Lfunc_begin40
	.long	.Lfunc_end40-.Lfunc_begin40
	.short	4                               @ Loc expr size
	.byte	243                             @ DW_OP_GNU_entry_value
	.byte	1                               @ 1
	.byte	81                              @ DW_OP_reg1
	.byte	159                             @ DW_OP_stack_value
	.long	0
	.long	0
.Ldebug_loc73:
	.long	-1
	.long	.Lfunc_begin41                  @   base address
	.long	.Lfunc_begin41-.Lfunc_begin41
	.long	.Ltmp342-.Lfunc_begin41
	.short	1                               @ Loc expr size
	.byte	80                              @ DW_OP_reg0
	.long	.Ltmp342-.Lfunc_begin41
	.long	.Lfunc_end41-.Lfunc_begin41
	.short	4                               @ Loc expr size
	.byte	243                             @ DW_OP_GNU_entry_value
	.byte	1                               @ 1
	.byte	80                              @ DW_OP_reg0
	.byte	159                             @ DW_OP_stack_value
	.long	0
	.long	0
.Ldebug_loc74:
	.long	-1
	.long	.Lfunc_begin42                  @   base address
	.long	.Lfunc_begin42-.Lfunc_begin42
	.long	.Ltmp345-.Lfunc_begin42
	.short	1                               @ Loc expr size
	.byte	81                              @ DW_OP_reg1
	.long	.Ltmp345-.Lfunc_begin42
	.long	.Lfunc_end42-.Lfunc_begin42
	.short	4                               @ Loc expr size
	.byte	243                             @ DW_OP_GNU_entry_value
	.byte	1                               @ 1
	.byte	81                              @ DW_OP_reg1
	.byte	159                             @ DW_OP_stack_value
	.long	0
	.long	0
.Ldebug_loc75:
	.long	-1
	.long	.Lfunc_begin43                  @   base address
	.long	.Lfunc_begin43-.Lfunc_begin43
	.long	.Ltmp348-.Lfunc_begin43
	.short	1                               @ Loc expr size
	.byte	81                              @ DW_OP_reg1
	.long	.Ltmp348-.Lfunc_begin43
	.long	.Lfunc_end43-.Lfunc_begin43
	.short	4                               @ Loc expr size
	.byte	243                             @ DW_OP_GNU_entry_value
	.byte	1                               @ 1
	.byte	81                              @ DW_OP_reg1
	.byte	159                             @ DW_OP_stack_value
	.long	0
	.long	0
.Ldebug_loc76:
	.long	-1
	.long	.Lfunc_begin44                  @   base address
	.long	.Lfunc_begin44-.Lfunc_begin44
	.long	.Ltmp351-.Lfunc_begin44
	.short	1                               @ Loc expr size
	.byte	81                              @ DW_OP_reg1
	.long	.Ltmp351-.Lfunc_begin44
	.long	.Lfunc_end44-.Lfunc_begin44
	.short	4                               @ Loc expr size
	.byte	243                             @ DW_OP_GNU_entry_value
	.byte	1                               @ 1
	.byte	81                              @ DW_OP_reg1
	.byte	159                             @ DW_OP_stack_value
	.long	0
	.long	0
.Ldebug_loc77:
	.long	-1
	.long	.Lfunc_begin45                  @   base address
	.long	.Lfunc_begin45-.Lfunc_begin45
	.long	.Ltmp353-.Lfunc_begin45
	.short	1                               @ Loc expr size
	.byte	80                              @ DW_OP_reg0
	.long	.Ltmp353-.Lfunc_begin45
	.long	.Lfunc_end45-.Lfunc_begin45
	.short	4                               @ Loc expr size
	.byte	243                             @ DW_OP_GNU_entry_value
	.byte	1                               @ 1
	.byte	80                              @ DW_OP_reg0
	.byte	159                             @ DW_OP_stack_value
	.long	0
	.long	0
.Ldebug_loc78:
	.long	-1
	.long	.Lfunc_begin46                  @   base address
	.long	.Lfunc_begin46-.Lfunc_begin46
	.long	.Ltmp355-.Lfunc_begin46
	.short	1                               @ Loc expr size
	.byte	80                              @ DW_OP_reg0
	.long	.Ltmp355-.Lfunc_begin46
	.long	.Lfunc_end46-.Lfunc_begin46
	.short	4                               @ Loc expr size
	.byte	243                             @ DW_OP_GNU_entry_value
	.byte	1                               @ 1
	.byte	80                              @ DW_OP_reg0
	.byte	159                             @ DW_OP_stack_value
	.long	0
	.long	0
.Ldebug_loc79:
	.long	-1
	.long	.Lfunc_begin46                  @   base address
	.long	.Lfunc_begin46-.Lfunc_begin46
	.long	.Ltmp356-.Lfunc_begin46
	.short	1                               @ Loc expr size
	.byte	81                              @ DW_OP_reg1
	.long	.Ltmp356-.Lfunc_begin46
	.long	.Lfunc_end46-.Lfunc_begin46
	.short	4                               @ Loc expr size
	.byte	243                             @ DW_OP_GNU_entry_value
	.byte	1                               @ 1
	.byte	81                              @ DW_OP_reg1
	.byte	159                             @ DW_OP_stack_value
	.long	0
	.long	0
.Ldebug_loc80:
	.long	-1
	.long	.Lfunc_begin46                  @   base address
	.long	.Lfunc_begin46-.Lfunc_begin46
	.long	.Ltmp357-.Lfunc_begin46
	.short	1                               @ Loc expr size
	.byte	82                              @ DW_OP_reg2
	.long	.Ltmp357-.Lfunc_begin46
	.long	.Lfunc_end46-.Lfunc_begin46
	.short	4                               @ Loc expr size
	.byte	243                             @ DW_OP_GNU_entry_value
	.byte	1                               @ 1
	.byte	82                              @ DW_OP_reg2
	.byte	159                             @ DW_OP_stack_value
	.long	0
	.long	0
.Ldebug_loc81:
	.long	-1
	.long	.Lfunc_begin47                  @   base address
	.long	.Lfunc_begin47-.Lfunc_begin47
	.long	.Ltmp359-.Lfunc_begin47
	.short	1                               @ Loc expr size
	.byte	80                              @ DW_OP_reg0
	.long	.Ltmp359-.Lfunc_begin47
	.long	.Lfunc_end47-.Lfunc_begin47
	.short	4                               @ Loc expr size
	.byte	243                             @ DW_OP_GNU_entry_value
	.byte	1                               @ 1
	.byte	80                              @ DW_OP_reg0
	.byte	159                             @ DW_OP_stack_value
	.long	0
	.long	0
.Ldebug_loc82:
	.long	-1
	.long	.Lfunc_begin47                  @   base address
	.long	.Lfunc_begin47-.Lfunc_begin47
	.long	.Ltmp360-.Lfunc_begin47
	.short	1                               @ Loc expr size
	.byte	81                              @ DW_OP_reg1
	.long	.Ltmp360-.Lfunc_begin47
	.long	.Lfunc_end47-.Lfunc_begin47
	.short	4                               @ Loc expr size
	.byte	243                             @ DW_OP_GNU_entry_value
	.byte	1                               @ 1
	.byte	81                              @ DW_OP_reg1
	.byte	159                             @ DW_OP_stack_value
	.long	0
	.long	0
.Ldebug_loc83:
	.long	-1
	.long	.Lfunc_begin48                  @   base address
	.long	.Lfunc_begin48-.Lfunc_begin48
	.long	.Ltmp363-.Lfunc_begin48
	.short	1                               @ Loc expr size
	.byte	81                              @ DW_OP_reg1
	.long	.Ltmp363-.Lfunc_begin48
	.long	.Lfunc_end48-.Lfunc_begin48
	.short	4                               @ Loc expr size
	.byte	243                             @ DW_OP_GNU_entry_value
	.byte	1                               @ 1
	.byte	81                              @ DW_OP_reg1
	.byte	159                             @ DW_OP_stack_value
	.long	0
	.long	0
.Ldebug_loc84:
	.long	-1
	.long	.Lfunc_begin49                  @   base address
	.long	.Lfunc_begin49-.Lfunc_begin49
	.long	.Ltmp366-.Lfunc_begin49
	.short	1                               @ Loc expr size
	.byte	81                              @ DW_OP_reg1
	.long	.Ltmp366-.Lfunc_begin49
	.long	.Lfunc_end49-.Lfunc_begin49
	.short	4                               @ Loc expr size
	.byte	243                             @ DW_OP_GNU_entry_value
	.byte	1                               @ 1
	.byte	81                              @ DW_OP_reg1
	.byte	159                             @ DW_OP_stack_value
	.long	0
	.long	0
.Ldebug_loc85:
	.long	-1
	.long	.Lfunc_begin50                  @   base address
	.long	.Lfunc_begin50-.Lfunc_begin50
	.long	.Ltmp369-.Lfunc_begin50
	.short	1                               @ Loc expr size
	.byte	81                              @ DW_OP_reg1
	.long	.Ltmp369-.Lfunc_begin50
	.long	.Lfunc_end50-.Lfunc_begin50
	.short	4                               @ Loc expr size
	.byte	243                             @ DW_OP_GNU_entry_value
	.byte	1                               @ 1
	.byte	81                              @ DW_OP_reg1
	.byte	159                             @ DW_OP_stack_value
	.long	0
	.long	0
.Ldebug_loc86:
	.long	-1
	.long	.Lfunc_begin51                  @   base address
	.long	.Lfunc_begin51-.Lfunc_begin51
	.long	.Ltmp371-.Lfunc_begin51
	.short	1                               @ Loc expr size
	.byte	80                              @ DW_OP_reg0
	.long	.Ltmp371-.Lfunc_begin51
	.long	.Lfunc_end51-.Lfunc_begin51
	.short	4                               @ Loc expr size
	.byte	243                             @ DW_OP_GNU_entry_value
	.byte	1                               @ 1
	.byte	80                              @ DW_OP_reg0
	.byte	159                             @ DW_OP_stack_value
	.long	0
	.long	0
.Ldebug_loc87:
	.long	-1
	.long	.Lfunc_begin52                  @   base address
	.long	.Lfunc_begin52-.Lfunc_begin52
	.long	.Ltmp374-.Lfunc_begin52
	.short	1                               @ Loc expr size
	.byte	81                              @ DW_OP_reg1
	.long	.Ltmp374-.Lfunc_begin52
	.long	.Lfunc_end52-.Lfunc_begin52
	.short	4                               @ Loc expr size
	.byte	243                             @ DW_OP_GNU_entry_value
	.byte	1                               @ 1
	.byte	81                              @ DW_OP_reg1
	.byte	159                             @ DW_OP_stack_value
	.long	0
	.long	0
.Ldebug_loc88:
	.long	-1
	.long	.Lfunc_begin53                  @   base address
	.long	.Lfunc_begin53-.Lfunc_begin53
	.long	.Ltmp377-.Lfunc_begin53
	.short	1                               @ Loc expr size
	.byte	81                              @ DW_OP_reg1
	.long	.Ltmp377-.Lfunc_begin53
	.long	.Lfunc_end53-.Lfunc_begin53
	.short	4                               @ Loc expr size
	.byte	243                             @ DW_OP_GNU_entry_value
	.byte	1                               @ 1
	.byte	81                              @ DW_OP_reg1
	.byte	159                             @ DW_OP_stack_value
	.long	0
	.long	0
.Ldebug_loc89:
	.long	-1
	.long	.Lfunc_begin54                  @   base address
	.long	.Lfunc_begin54-.Lfunc_begin54
	.long	.Ltmp379-.Lfunc_begin54
	.short	1                               @ Loc expr size
	.byte	80                              @ DW_OP_reg0
	.long	.Ltmp379-.Lfunc_begin54
	.long	.Lfunc_end54-.Lfunc_begin54
	.short	4                               @ Loc expr size
	.byte	243                             @ DW_OP_GNU_entry_value
	.byte	1                               @ 1
	.byte	80                              @ DW_OP_reg0
	.byte	159                             @ DW_OP_stack_value
	.long	0
	.long	0
.Ldebug_loc90:
	.long	-1
	.long	.Lfunc_begin54                  @   base address
	.long	.Lfunc_begin54-.Lfunc_begin54
	.long	.Ltmp380-.Lfunc_begin54
	.short	1                               @ Loc expr size
	.byte	81                              @ DW_OP_reg1
	.long	.Ltmp380-.Lfunc_begin54
	.long	.Lfunc_end54-.Lfunc_begin54
	.short	4                               @ Loc expr size
	.byte	243                             @ DW_OP_GNU_entry_value
	.byte	1                               @ 1
	.byte	81                              @ DW_OP_reg1
	.byte	159                             @ DW_OP_stack_value
	.long	0
	.long	0
.Ldebug_loc91:
	.long	-1
	.long	.Lfunc_begin55                  @   base address
	.long	.Lfunc_begin55-.Lfunc_begin55
	.long	.Ltmp382-.Lfunc_begin55
	.short	1                               @ Loc expr size
	.byte	80                              @ DW_OP_reg0
	.long	.Ltmp382-.Lfunc_begin55
	.long	.Lfunc_end55-.Lfunc_begin55
	.short	4                               @ Loc expr size
	.byte	243                             @ DW_OP_GNU_entry_value
	.byte	1                               @ 1
	.byte	80                              @ DW_OP_reg0
	.byte	159                             @ DW_OP_stack_value
	.long	0
	.long	0
.Ldebug_loc92:
	.long	-1
	.long	.Lfunc_begin55                  @   base address
	.long	.Lfunc_begin55-.Lfunc_begin55
	.long	.Ltmp383-.Lfunc_begin55
	.short	1                               @ Loc expr size
	.byte	81                              @ DW_OP_reg1
	.long	.Ltmp383-.Lfunc_begin55
	.long	.Lfunc_end55-.Lfunc_begin55
	.short	4                               @ Loc expr size
	.byte	243                             @ DW_OP_GNU_entry_value
	.byte	1                               @ 1
	.byte	81                              @ DW_OP_reg1
	.byte	159                             @ DW_OP_stack_value
	.long	0
	.long	0
.Ldebug_loc93:
	.long	-1
	.long	.Lfunc_begin56                  @   base address
	.long	.Lfunc_begin56-.Lfunc_begin56
	.long	.Ltmp385-.Lfunc_begin56
	.short	1                               @ Loc expr size
	.byte	81                              @ DW_OP_reg1
	.long	.Ltmp385-.Lfunc_begin56
	.long	.Lfunc_end56-.Lfunc_begin56
	.short	4                               @ Loc expr size
	.byte	243                             @ DW_OP_GNU_entry_value
	.byte	1                               @ 1
	.byte	81                              @ DW_OP_reg1
	.byte	159                             @ DW_OP_stack_value
	.long	0
	.long	0
.Ldebug_loc94:
	.long	-1
	.long	.Lfunc_begin57                  @   base address
	.long	.Lfunc_begin57-.Lfunc_begin57
	.long	.Ltmp387-.Lfunc_begin57
	.short	1                               @ Loc expr size
	.byte	80                              @ DW_OP_reg0
	.long	.Ltmp387-.Lfunc_begin57
	.long	.Lfunc_end57-.Lfunc_begin57
	.short	4                               @ Loc expr size
	.byte	243                             @ DW_OP_GNU_entry_value
	.byte	1                               @ 1
	.byte	80                              @ DW_OP_reg0
	.byte	159                             @ DW_OP_stack_value
	.long	0
	.long	0
.Ldebug_loc95:
	.long	-1
	.long	.Lfunc_begin57                  @   base address
	.long	.Lfunc_begin57-.Lfunc_begin57
	.long	.Ltmp388-.Lfunc_begin57
	.short	1                               @ Loc expr size
	.byte	81                              @ DW_OP_reg1
	.long	.Ltmp388-.Lfunc_begin57
	.long	.Lfunc_end57-.Lfunc_begin57
	.short	4                               @ Loc expr size
	.byte	243                             @ DW_OP_GNU_entry_value
	.byte	1                               @ 1
	.byte	81                              @ DW_OP_reg1
	.byte	159                             @ DW_OP_stack_value
	.long	0
	.long	0
.Ldebug_loc96:
	.long	-1
	.long	.Lfunc_begin58                  @   base address
	.long	.Lfunc_begin58-.Lfunc_begin58
	.long	.Ltmp390-.Lfunc_begin58
	.short	1                               @ Loc expr size
	.byte	81                              @ DW_OP_reg1
	.long	.Ltmp390-.Lfunc_begin58
	.long	.Lfunc_end58-.Lfunc_begin58
	.short	4                               @ Loc expr size
	.byte	243                             @ DW_OP_GNU_entry_value
	.byte	1                               @ 1
	.byte	81                              @ DW_OP_reg1
	.byte	159                             @ DW_OP_stack_value
	.long	0
	.long	0
.Ldebug_loc97:
	.long	-1
	.long	.Lfunc_begin59                  @   base address
	.long	.Lfunc_begin59-.Lfunc_begin59
	.long	.Ltmp392-.Lfunc_begin59
	.short	1                               @ Loc expr size
	.byte	81                              @ DW_OP_reg1
	.long	.Ltmp392-.Lfunc_begin59
	.long	.Lfunc_end59-.Lfunc_begin59
	.short	4                               @ Loc expr size
	.byte	243                             @ DW_OP_GNU_entry_value
	.byte	1                               @ 1
	.byte	81                              @ DW_OP_reg1
	.byte	159                             @ DW_OP_stack_value
	.long	0
	.long	0
.Ldebug_loc98:
	.long	-1
	.long	.Lfunc_begin60                  @   base address
	.long	.Lfunc_begin60-.Lfunc_begin60
	.long	.Ltmp395-.Lfunc_begin60
	.short	1                               @ Loc expr size
	.byte	81                              @ DW_OP_reg1
	.long	.Ltmp395-.Lfunc_begin60
	.long	.Lfunc_end60-.Lfunc_begin60
	.short	1                               @ Loc expr size
	.byte	94                              @ DW_OP_reg14
	.long	0
	.long	0
.Ldebug_loc99:
	.long	-1
	.long	.Lfunc_begin60                  @   base address
	.long	.Lfunc_begin60-.Lfunc_begin60
	.long	.Ltmp397-.Lfunc_begin60
	.short	1                               @ Loc expr size
	.byte	82                              @ DW_OP_reg2
	.long	.Ltmp397-.Lfunc_begin60
	.long	.Lfunc_end60-.Lfunc_begin60
	.short	4                               @ Loc expr size
	.byte	243                             @ DW_OP_GNU_entry_value
	.byte	1                               @ 1
	.byte	82                              @ DW_OP_reg2
	.byte	159                             @ DW_OP_stack_value
	.long	0
	.long	0
.Ldebug_loc100:
	.long	-1
	.long	.Lfunc_begin60                  @   base address
	.long	.Lfunc_begin60-.Lfunc_begin60
	.long	.Ltmp396-.Lfunc_begin60
	.short	1                               @ Loc expr size
	.byte	83                              @ DW_OP_reg3
	.long	.Ltmp396-.Lfunc_begin60
	.long	.Lfunc_end60-.Lfunc_begin60
	.short	4                               @ Loc expr size
	.byte	243                             @ DW_OP_GNU_entry_value
	.byte	1                               @ 1
	.byte	83                              @ DW_OP_reg3
	.byte	159                             @ DW_OP_stack_value
	.long	0
	.long	0
.Ldebug_loc101:
	.long	-1
	.long	.Lfunc_begin61                  @   base address
	.long	.Lfunc_begin61-.Lfunc_begin61
	.long	.Ltmp409-.Lfunc_begin61
	.short	1                               @ Loc expr size
	.byte	81                              @ DW_OP_reg1
	.long	.Ltmp409-.Lfunc_begin61
	.long	.Lfunc_end61-.Lfunc_begin61
	.short	4                               @ Loc expr size
	.byte	243                             @ DW_OP_GNU_entry_value
	.byte	1                               @ 1
	.byte	81                              @ DW_OP_reg1
	.byte	159                             @ DW_OP_stack_value
	.long	0
	.long	0
.Ldebug_loc102:
	.long	-1
	.long	.Lfunc_begin61                  @   base address
	.long	.Ltmp399-.Lfunc_begin61
	.long	.Ltmp400-.Lfunc_begin61
	.short	2                               @ Loc expr size
	.byte	48                              @ DW_OP_lit0
	.byte	159                             @ DW_OP_stack_value
	.long	.Ltmp400-.Lfunc_begin61
	.long	.Ltmp402-.Lfunc_begin61
	.short	2                               @ Loc expr size
	.byte	49                              @ DW_OP_lit1
	.byte	159                             @ DW_OP_stack_value
	.long	.Ltmp402-.Lfunc_begin61
	.long	.Ltmp404-.Lfunc_begin61
	.short	2                               @ Loc expr size
	.byte	50                              @ DW_OP_lit2
	.byte	159                             @ DW_OP_stack_value
	.long	.Ltmp404-.Lfunc_begin61
	.long	.Ltmp406-.Lfunc_begin61
	.short	2                               @ Loc expr size
	.byte	51                              @ DW_OP_lit3
	.byte	159                             @ DW_OP_stack_value
	.long	.Ltmp406-.Lfunc_begin61
	.long	.Ltmp408-.Lfunc_begin61
	.short	2                               @ Loc expr size
	.byte	52                              @ DW_OP_lit4
	.byte	159                             @ DW_OP_stack_value
	.long	.Ltmp408-.Lfunc_begin61
	.long	.Ltmp410-.Lfunc_begin61
	.short	2                               @ Loc expr size
	.byte	53                              @ DW_OP_lit5
	.byte	159                             @ DW_OP_stack_value
	.long	.Ltmp410-.Lfunc_begin61
	.long	.Lfunc_end61-.Lfunc_begin61
	.short	2                               @ Loc expr size
	.byte	54                              @ DW_OP_lit6
	.byte	159                             @ DW_OP_stack_value
	.long	0
	.long	0
.Ldebug_loc103:
	.long	-1
	.long	.Lfunc_begin62                  @   base address
	.long	.Lfunc_begin62-.Lfunc_begin62
	.long	.Ltmp422-.Lfunc_begin62
	.short	1                               @ Loc expr size
	.byte	81                              @ DW_OP_reg1
	.long	.Ltmp422-.Lfunc_begin62
	.long	.Lfunc_end62-.Lfunc_begin62
	.short	4                               @ Loc expr size
	.byte	243                             @ DW_OP_GNU_entry_value
	.byte	1                               @ 1
	.byte	81                              @ DW_OP_reg1
	.byte	159                             @ DW_OP_stack_value
	.long	0
	.long	0
.Ldebug_loc104:
	.long	-1
	.long	.Lfunc_begin62                  @   base address
	.long	.Ltmp412-.Lfunc_begin62
	.long	.Ltmp413-.Lfunc_begin62
	.short	2                               @ Loc expr size
	.byte	48                              @ DW_OP_lit0
	.byte	159                             @ DW_OP_stack_value
	.long	.Ltmp413-.Lfunc_begin62
	.long	.Ltmp415-.Lfunc_begin62
	.short	2                               @ Loc expr size
	.byte	49                              @ DW_OP_lit1
	.byte	159                             @ DW_OP_stack_value
	.long	.Ltmp415-.Lfunc_begin62
	.long	.Ltmp417-.Lfunc_begin62
	.short	2                               @ Loc expr size
	.byte	50                              @ DW_OP_lit2
	.byte	159                             @ DW_OP_stack_value
	.long	.Ltmp417-.Lfunc_begin62
	.long	.Ltmp419-.Lfunc_begin62
	.short	2                               @ Loc expr size
	.byte	51                              @ DW_OP_lit3
	.byte	159                             @ DW_OP_stack_value
	.long	.Ltmp419-.Lfunc_begin62
	.long	.Ltmp421-.Lfunc_begin62
	.short	2                               @ Loc expr size
	.byte	52                              @ DW_OP_lit4
	.byte	159                             @ DW_OP_stack_value
	.long	.Ltmp421-.Lfunc_begin62
	.long	.Ltmp423-.Lfunc_begin62
	.short	2                               @ Loc expr size
	.byte	53                              @ DW_OP_lit5
	.byte	159                             @ DW_OP_stack_value
	.long	.Ltmp423-.Lfunc_begin62
	.long	.Lfunc_end62-.Lfunc_begin62
	.short	2                               @ Loc expr size
	.byte	54                              @ DW_OP_lit6
	.byte	159                             @ DW_OP_stack_value
	.long	0
	.long	0
.Ldebug_loc105:
	.long	-1
	.long	.Lfunc_begin63                  @   base address
	.long	.Lfunc_begin63-.Lfunc_begin63
	.long	.Ltmp425-.Lfunc_begin63
	.short	1                               @ Loc expr size
	.byte	81                              @ DW_OP_reg1
	.long	.Ltmp425-.Lfunc_begin63
	.long	.Lfunc_end63-.Lfunc_begin63
	.short	4                               @ Loc expr size
	.byte	243                             @ DW_OP_GNU_entry_value
	.byte	1                               @ 1
	.byte	81                              @ DW_OP_reg1
	.byte	159                             @ DW_OP_stack_value
	.long	0
	.long	0
.Ldebug_loc106:
	.long	-1
	.long	.Lfunc_begin63                  @   base address
	.long	.Lfunc_begin63-.Lfunc_begin63
	.long	.Ltmp426-.Lfunc_begin63
	.short	1                               @ Loc expr size
	.byte	82                              @ DW_OP_reg2
	.long	.Ltmp426-.Lfunc_begin63
	.long	.Lfunc_end63-.Lfunc_begin63
	.short	4                               @ Loc expr size
	.byte	243                             @ DW_OP_GNU_entry_value
	.byte	1                               @ 1
	.byte	82                              @ DW_OP_reg2
	.byte	159                             @ DW_OP_stack_value
	.long	0
	.long	0
.Ldebug_loc107:
	.long	-1
	.long	.Lfunc_begin67                  @   base address
	.long	.Lfunc_begin67-.Lfunc_begin67
	.long	.Ltmp432-.Lfunc_begin67
	.short	1                               @ Loc expr size
	.byte	81                              @ DW_OP_reg1
	.long	.Ltmp432-.Lfunc_begin67
	.long	.Lfunc_end67-.Lfunc_begin67
	.short	4                               @ Loc expr size
	.byte	243                             @ DW_OP_GNU_entry_value
	.byte	1                               @ 1
	.byte	81                              @ DW_OP_reg1
	.byte	159                             @ DW_OP_stack_value
	.long	0
	.long	0
.Ldebug_loc108:
	.long	-1
	.long	.Lfunc_begin68                  @   base address
	.long	.Lfunc_begin68-.Lfunc_begin68
	.long	.Ltmp436-.Lfunc_begin68
	.short	1                               @ Loc expr size
	.byte	81                              @ DW_OP_reg1
	.long	.Ltmp436-.Lfunc_begin68
	.long	.Lfunc_end68-.Lfunc_begin68
	.short	4                               @ Loc expr size
	.byte	243                             @ DW_OP_GNU_entry_value
	.byte	1                               @ 1
	.byte	81                              @ DW_OP_reg1
	.byte	159                             @ DW_OP_stack_value
	.long	0
	.long	0
.Ldebug_loc109:
	.long	-1
	.long	.Lfunc_begin68                  @   base address
	.long	.Lfunc_begin68-.Lfunc_begin68
	.long	.Ltmp435-.Lfunc_begin68
	.short	1                               @ Loc expr size
	.byte	82                              @ DW_OP_reg2
	.long	.Ltmp435-.Lfunc_begin68
	.long	.Lfunc_end68-.Lfunc_begin68
	.short	4                               @ Loc expr size
	.byte	243                             @ DW_OP_GNU_entry_value
	.byte	1                               @ 1
	.byte	82                              @ DW_OP_reg2
	.byte	159                             @ DW_OP_stack_value
	.long	0
	.long	0
.Ldebug_loc110:
	.long	-1
	.long	.Lfunc_begin68                  @   base address
	.long	.Lfunc_begin68-.Lfunc_begin68
	.long	.Ltmp437-.Lfunc_begin68
	.short	1                               @ Loc expr size
	.byte	83                              @ DW_OP_reg3
	.long	.Ltmp437-.Lfunc_begin68
	.long	.Lfunc_end68-.Lfunc_begin68
	.short	4                               @ Loc expr size
	.byte	243                             @ DW_OP_GNU_entry_value
	.byte	1                               @ 1
	.byte	83                              @ DW_OP_reg3
	.byte	159                             @ DW_OP_stack_value
	.long	0
	.long	0
.Ldebug_loc111:
	.long	-1
	.long	.Lfunc_begin69                  @   base address
	.long	.Lfunc_begin69-.Lfunc_begin69
	.long	.Ltmp439-.Lfunc_begin69
	.short	1                               @ Loc expr size
	.byte	81                              @ DW_OP_reg1
	.long	.Ltmp439-.Lfunc_begin69
	.long	.Lfunc_end69-.Lfunc_begin69
	.short	4                               @ Loc expr size
	.byte	243                             @ DW_OP_GNU_entry_value
	.byte	1                               @ 1
	.byte	81                              @ DW_OP_reg1
	.byte	159                             @ DW_OP_stack_value
	.long	0
	.long	0
.Ldebug_loc112:
	.long	-1
	.long	.Lfunc_begin70                  @   base address
	.long	.Lfunc_begin70-.Lfunc_begin70
	.long	.Ltmp441-.Lfunc_begin70
	.short	1                               @ Loc expr size
	.byte	81                              @ DW_OP_reg1
	.long	.Ltmp441-.Lfunc_begin70
	.long	.Lfunc_end70-.Lfunc_begin70
	.short	4                               @ Loc expr size
	.byte	243                             @ DW_OP_GNU_entry_value
	.byte	1                               @ 1
	.byte	81                              @ DW_OP_reg1
	.byte	159                             @ DW_OP_stack_value
	.long	0
	.long	0
.Ldebug_loc113:
	.long	-1
	.long	.Lfunc_begin71                  @   base address
	.long	.Lfunc_begin71-.Lfunc_begin71
	.long	.Ltmp443-.Lfunc_begin71
	.short	1                               @ Loc expr size
	.byte	81                              @ DW_OP_reg1
	.long	.Ltmp443-.Lfunc_begin71
	.long	.Lfunc_end71-.Lfunc_begin71
	.short	4                               @ Loc expr size
	.byte	243                             @ DW_OP_GNU_entry_value
	.byte	1                               @ 1
	.byte	81                              @ DW_OP_reg1
	.byte	159                             @ DW_OP_stack_value
	.long	0
	.long	0
.Ldebug_loc114:
	.long	-1
	.long	.Lfunc_begin72                  @   base address
	.long	.Lfunc_begin72-.Lfunc_begin72
	.long	.Ltmp446-.Lfunc_begin72
	.short	1                               @ Loc expr size
	.byte	81                              @ DW_OP_reg1
	.long	.Ltmp446-.Lfunc_begin72
	.long	.Lfunc_end72-.Lfunc_begin72
	.short	4                               @ Loc expr size
	.byte	243                             @ DW_OP_GNU_entry_value
	.byte	1                               @ 1
	.byte	81                              @ DW_OP_reg1
	.byte	159                             @ DW_OP_stack_value
	.long	0
	.long	0
.Ldebug_loc115:
	.long	-1
	.long	.Lfunc_begin73                  @   base address
	.long	.Lfunc_begin73-.Lfunc_begin73
	.long	.Ltmp449-.Lfunc_begin73
	.short	1                               @ Loc expr size
	.byte	81                              @ DW_OP_reg1
	.long	.Ltmp449-.Lfunc_begin73
	.long	.Lfunc_end73-.Lfunc_begin73
	.short	4                               @ Loc expr size
	.byte	243                             @ DW_OP_GNU_entry_value
	.byte	1                               @ 1
	.byte	81                              @ DW_OP_reg1
	.byte	159                             @ DW_OP_stack_value
	.long	0
	.long	0
.Ldebug_loc116:
	.long	-1
	.long	.Lfunc_begin74                  @   base address
	.long	.Lfunc_begin74-.Lfunc_begin74
	.long	.Ltmp451-.Lfunc_begin74
	.short	1                               @ Loc expr size
	.byte	80                              @ DW_OP_reg0
	.long	.Ltmp451-.Lfunc_begin74
	.long	.Lfunc_end74-.Lfunc_begin74
	.short	4                               @ Loc expr size
	.byte	243                             @ DW_OP_GNU_entry_value
	.byte	1                               @ 1
	.byte	80                              @ DW_OP_reg0
	.byte	159                             @ DW_OP_stack_value
	.long	0
	.long	0
.Ldebug_loc117:
	.long	-1
	.long	.Lfunc_begin75                  @   base address
	.long	.Lfunc_begin75-.Lfunc_begin75
	.long	.Ltmp454-.Lfunc_begin75
	.short	1                               @ Loc expr size
	.byte	81                              @ DW_OP_reg1
	.long	.Ltmp454-.Lfunc_begin75
	.long	.Lfunc_end75-.Lfunc_begin75
	.short	4                               @ Loc expr size
	.byte	243                             @ DW_OP_GNU_entry_value
	.byte	1                               @ 1
	.byte	81                              @ DW_OP_reg1
	.byte	159                             @ DW_OP_stack_value
	.long	0
	.long	0
.Ldebug_loc118:
	.long	-1
	.long	.Lfunc_begin76                  @   base address
	.long	.Lfunc_begin76-.Lfunc_begin76
	.long	.Ltmp459-.Lfunc_begin76
	.short	1                               @ Loc expr size
	.byte	80                              @ DW_OP_reg0
	.long	.Ltmp459-.Lfunc_begin76
	.long	.Lfunc_end76-.Lfunc_begin76
	.short	4                               @ Loc expr size
	.byte	243                             @ DW_OP_GNU_entry_value
	.byte	1                               @ 1
	.byte	80                              @ DW_OP_reg0
	.byte	159                             @ DW_OP_stack_value
	.long	0
	.long	0
.Ldebug_loc119:
	.long	-1
	.long	.Lfunc_begin76                  @   base address
	.long	.Lfunc_begin76-.Lfunc_begin76
	.long	.Ltmp458-.Lfunc_begin76
	.short	1                               @ Loc expr size
	.byte	81                              @ DW_OP_reg1
	.long	.Ltmp458-.Lfunc_begin76
	.long	.Lfunc_end76-.Lfunc_begin76
	.short	4                               @ Loc expr size
	.byte	243                             @ DW_OP_GNU_entry_value
	.byte	1                               @ 1
	.byte	81                              @ DW_OP_reg1
	.byte	159                             @ DW_OP_stack_value
	.long	0
	.long	0
.Ldebug_loc120:
	.long	-1
	.long	.Lfunc_begin76                  @   base address
	.long	.Lfunc_begin76-.Lfunc_begin76
	.long	.Ltmp457-.Lfunc_begin76
	.short	1                               @ Loc expr size
	.byte	82                              @ DW_OP_reg2
	.long	.Ltmp457-.Lfunc_begin76
	.long	.Lfunc_end76-.Lfunc_begin76
	.short	4                               @ Loc expr size
	.byte	243                             @ DW_OP_GNU_entry_value
	.byte	1                               @ 1
	.byte	82                              @ DW_OP_reg2
	.byte	159                             @ DW_OP_stack_value
	.long	0
	.long	0
.Ldebug_loc121:
	.long	-1
	.long	.Lfunc_begin77                  @   base address
	.long	.Lfunc_begin77-.Lfunc_begin77
	.long	.Ltmp462-.Lfunc_begin77
	.short	1                               @ Loc expr size
	.byte	81                              @ DW_OP_reg1
	.long	.Ltmp462-.Lfunc_begin77
	.long	.Lfunc_end77-.Lfunc_begin77
	.short	4                               @ Loc expr size
	.byte	243                             @ DW_OP_GNU_entry_value
	.byte	1                               @ 1
	.byte	81                              @ DW_OP_reg1
	.byte	159                             @ DW_OP_stack_value
	.long	0
	.long	0
.Ldebug_loc122:
	.long	-1
	.long	.Lfunc_begin78                  @   base address
	.long	.Lfunc_begin78-.Lfunc_begin78
	.long	.Ltmp465-.Lfunc_begin78
	.short	1                               @ Loc expr size
	.byte	81                              @ DW_OP_reg1
	.long	.Ltmp465-.Lfunc_begin78
	.long	.Lfunc_end78-.Lfunc_begin78
	.short	4                               @ Loc expr size
	.byte	243                             @ DW_OP_GNU_entry_value
	.byte	1                               @ 1
	.byte	81                              @ DW_OP_reg1
	.byte	159                             @ DW_OP_stack_value
	.long	0
	.long	0
.Ldebug_loc123:
	.long	-1
	.long	.Lfunc_begin79                  @   base address
	.long	.Lfunc_begin79-.Lfunc_begin79
	.long	.Ltmp468-.Lfunc_begin79
	.short	1                               @ Loc expr size
	.byte	81                              @ DW_OP_reg1
	.long	.Ltmp468-.Lfunc_begin79
	.long	.Lfunc_end79-.Lfunc_begin79
	.short	4                               @ Loc expr size
	.byte	243                             @ DW_OP_GNU_entry_value
	.byte	1                               @ 1
	.byte	81                              @ DW_OP_reg1
	.byte	159                             @ DW_OP_stack_value
	.long	0
	.long	0
.Ldebug_loc124:
	.long	-1
	.long	.Lfunc_begin80                  @   base address
	.long	.Lfunc_begin80-.Lfunc_begin80
	.long	.Ltmp470-.Lfunc_begin80
	.short	1                               @ Loc expr size
	.byte	80                              @ DW_OP_reg0
	.long	.Ltmp470-.Lfunc_begin80
	.long	.Lfunc_end80-.Lfunc_begin80
	.short	4                               @ Loc expr size
	.byte	243                             @ DW_OP_GNU_entry_value
	.byte	1                               @ 1
	.byte	80                              @ DW_OP_reg0
	.byte	159                             @ DW_OP_stack_value
	.long	0
	.long	0
.Ldebug_loc125:
	.long	-1
	.long	.Lfunc_begin80                  @   base address
	.long	.Lfunc_begin80-.Lfunc_begin80
	.long	.Ltmp471-.Lfunc_begin80
	.short	1                               @ Loc expr size
	.byte	81                              @ DW_OP_reg1
	.long	.Ltmp471-.Lfunc_begin80
	.long	.Lfunc_end80-.Lfunc_begin80
	.short	4                               @ Loc expr size
	.byte	243                             @ DW_OP_GNU_entry_value
	.byte	1                               @ 1
	.byte	81                              @ DW_OP_reg1
	.byte	159                             @ DW_OP_stack_value
	.long	0
	.long	0
.Ldebug_loc126:
	.long	-1
	.long	.Lfunc_begin81                  @   base address
	.long	.Lfunc_begin81-.Lfunc_begin81
	.long	.Ltmp473-.Lfunc_begin81
	.short	1                               @ Loc expr size
	.byte	80                              @ DW_OP_reg0
	.long	.Ltmp473-.Lfunc_begin81
	.long	.Lfunc_end81-.Lfunc_begin81
	.short	4                               @ Loc expr size
	.byte	243                             @ DW_OP_GNU_entry_value
	.byte	1                               @ 1
	.byte	80                              @ DW_OP_reg0
	.byte	159                             @ DW_OP_stack_value
	.long	0
	.long	0
.Ldebug_loc127:
	.long	-1
	.long	.Lfunc_begin81                  @   base address
	.long	.Lfunc_begin81-.Lfunc_begin81
	.long	.Ltmp474-.Lfunc_begin81
	.short	1                               @ Loc expr size
	.byte	81                              @ DW_OP_reg1
	.long	.Ltmp474-.Lfunc_begin81
	.long	.Lfunc_end81-.Lfunc_begin81
	.short	4                               @ Loc expr size
	.byte	243                             @ DW_OP_GNU_entry_value
	.byte	1                               @ 1
	.byte	81                              @ DW_OP_reg1
	.byte	159                             @ DW_OP_stack_value
	.long	0
	.long	0
.Ldebug_loc128:
	.long	-1
	.long	.Lfunc_begin82                  @   base address
	.long	.Lfunc_begin82-.Lfunc_begin82
	.long	.Ltmp476-.Lfunc_begin82
	.short	1                               @ Loc expr size
	.byte	80                              @ DW_OP_reg0
	.long	.Ltmp476-.Lfunc_begin82
	.long	.Lfunc_end82-.Lfunc_begin82
	.short	4                               @ Loc expr size
	.byte	243                             @ DW_OP_GNU_entry_value
	.byte	1                               @ 1
	.byte	80                              @ DW_OP_reg0
	.byte	159                             @ DW_OP_stack_value
	.long	0
	.long	0
.Ldebug_loc129:
	.long	-1
	.long	.Lfunc_begin82                  @   base address
	.long	.Lfunc_begin82-.Lfunc_begin82
	.long	.Ltmp477-.Lfunc_begin82
	.short	1                               @ Loc expr size
	.byte	81                              @ DW_OP_reg1
	.long	.Ltmp477-.Lfunc_begin82
	.long	.Lfunc_end82-.Lfunc_begin82
	.short	4                               @ Loc expr size
	.byte	243                             @ DW_OP_GNU_entry_value
	.byte	1                               @ 1
	.byte	81                              @ DW_OP_reg1
	.byte	159                             @ DW_OP_stack_value
	.long	0
	.long	0
.Ldebug_loc130:
	.long	-1
	.long	.Lfunc_begin83                  @   base address
	.long	.Lfunc_begin83-.Lfunc_begin83
	.long	.Ltmp479-.Lfunc_begin83
	.short	1                               @ Loc expr size
	.byte	80                              @ DW_OP_reg0
	.long	.Ltmp479-.Lfunc_begin83
	.long	.Lfunc_end83-.Lfunc_begin83
	.short	4                               @ Loc expr size
	.byte	243                             @ DW_OP_GNU_entry_value
	.byte	1                               @ 1
	.byte	80                              @ DW_OP_reg0
	.byte	159                             @ DW_OP_stack_value
	.long	0
	.long	0
.Ldebug_loc131:
	.long	-1
	.long	.Lfunc_begin83                  @   base address
	.long	.Lfunc_begin83-.Lfunc_begin83
	.long	.Ltmp480-.Lfunc_begin83
	.short	1                               @ Loc expr size
	.byte	81                              @ DW_OP_reg1
	.long	.Ltmp480-.Lfunc_begin83
	.long	.Lfunc_end83-.Lfunc_begin83
	.short	4                               @ Loc expr size
	.byte	243                             @ DW_OP_GNU_entry_value
	.byte	1                               @ 1
	.byte	81                              @ DW_OP_reg1
	.byte	159                             @ DW_OP_stack_value
	.long	0
	.long	0
.Ldebug_loc132:
	.long	-1
	.long	.Lfunc_begin84                  @   base address
	.long	.Lfunc_begin84-.Lfunc_begin84
	.long	.Ltmp483-.Lfunc_begin84
	.short	1                               @ Loc expr size
	.byte	81                              @ DW_OP_reg1
	.long	.Ltmp483-.Lfunc_begin84
	.long	.Lfunc_end84-.Lfunc_begin84
	.short	4                               @ Loc expr size
	.byte	243                             @ DW_OP_GNU_entry_value
	.byte	1                               @ 1
	.byte	81                              @ DW_OP_reg1
	.byte	159                             @ DW_OP_stack_value
	.long	0
	.long	0
.Ldebug_loc133:
	.long	-1
	.long	.Lfunc_begin85                  @   base address
	.long	.Lfunc_begin85-.Lfunc_begin85
	.long	.Ltmp486-.Lfunc_begin85
	.short	1                               @ Loc expr size
	.byte	81                              @ DW_OP_reg1
	.long	.Ltmp486-.Lfunc_begin85
	.long	.Lfunc_end85-.Lfunc_begin85
	.short	4                               @ Loc expr size
	.byte	243                             @ DW_OP_GNU_entry_value
	.byte	1                               @ 1
	.byte	81                              @ DW_OP_reg1
	.byte	159                             @ DW_OP_stack_value
	.long	0
	.long	0
.Ldebug_loc134:
	.long	-1
	.long	.Lfunc_begin86                  @   base address
	.long	.Lfunc_begin86-.Lfunc_begin86
	.long	.Ltmp489-.Lfunc_begin86
	.short	1                               @ Loc expr size
	.byte	81                              @ DW_OP_reg1
	.long	.Ltmp489-.Lfunc_begin86
	.long	.Lfunc_end86-.Lfunc_begin86
	.short	4                               @ Loc expr size
	.byte	243                             @ DW_OP_GNU_entry_value
	.byte	1                               @ 1
	.byte	81                              @ DW_OP_reg1
	.byte	159                             @ DW_OP_stack_value
	.long	0
	.long	0
.Ldebug_loc135:
	.long	-1
	.long	.Lfunc_begin87                  @   base address
	.long	.Lfunc_begin87-.Lfunc_begin87
	.long	.Ltmp491-.Lfunc_begin87
	.short	1                               @ Loc expr size
	.byte	80                              @ DW_OP_reg0
	.long	.Ltmp491-.Lfunc_begin87
	.long	.Lfunc_end87-.Lfunc_begin87
	.short	4                               @ Loc expr size
	.byte	243                             @ DW_OP_GNU_entry_value
	.byte	1                               @ 1
	.byte	80                              @ DW_OP_reg0
	.byte	159                             @ DW_OP_stack_value
	.long	0
	.long	0
.Ldebug_loc136:
	.long	-1
	.long	.Lfunc_begin88                  @   base address
	.long	.Lfunc_begin88-.Lfunc_begin88
	.long	.Ltmp493-.Lfunc_begin88
	.short	1                               @ Loc expr size
	.byte	80                              @ DW_OP_reg0
	.long	.Ltmp493-.Lfunc_begin88
	.long	.Lfunc_end88-.Lfunc_begin88
	.short	4                               @ Loc expr size
	.byte	243                             @ DW_OP_GNU_entry_value
	.byte	1                               @ 1
	.byte	80                              @ DW_OP_reg0
	.byte	159                             @ DW_OP_stack_value
	.long	0
	.long	0
.Ldebug_loc137:
	.long	-1
	.long	.Lfunc_begin88                  @   base address
	.long	.Lfunc_begin88-.Lfunc_begin88
	.long	.Ltmp495-.Lfunc_begin88
	.short	1                               @ Loc expr size
	.byte	81                              @ DW_OP_reg1
	.long	.Ltmp495-.Lfunc_begin88
	.long	.Lfunc_end88-.Lfunc_begin88
	.short	4                               @ Loc expr size
	.byte	243                             @ DW_OP_GNU_entry_value
	.byte	1                               @ 1
	.byte	81                              @ DW_OP_reg1
	.byte	159                             @ DW_OP_stack_value
	.long	0
	.long	0
.Ldebug_loc138:
	.long	-1
	.long	.Lfunc_begin88                  @   base address
	.long	.Lfunc_begin88-.Lfunc_begin88
	.long	.Ltmp494-.Lfunc_begin88
	.short	1                               @ Loc expr size
	.byte	82                              @ DW_OP_reg2
	.long	.Ltmp494-.Lfunc_begin88
	.long	.Lfunc_end88-.Lfunc_begin88
	.short	4                               @ Loc expr size
	.byte	243                             @ DW_OP_GNU_entry_value
	.byte	1                               @ 1
	.byte	82                              @ DW_OP_reg2
	.byte	159                             @ DW_OP_stack_value
	.long	0
	.long	0
.Ldebug_loc139:
	.long	-1
	.long	.Lfunc_begin89                  @   base address
	.long	.Lfunc_begin89-.Lfunc_begin89
	.long	.Ltmp497-.Lfunc_begin89
	.short	1                               @ Loc expr size
	.byte	80                              @ DW_OP_reg0
	.long	.Ltmp497-.Lfunc_begin89
	.long	.Lfunc_end89-.Lfunc_begin89
	.short	4                               @ Loc expr size
	.byte	243                             @ DW_OP_GNU_entry_value
	.byte	1                               @ 1
	.byte	80                              @ DW_OP_reg0
	.byte	159                             @ DW_OP_stack_value
	.long	0
	.long	0
.Ldebug_loc140:
	.long	-1
	.long	.Lfunc_begin89                  @   base address
	.long	.Lfunc_begin89-.Lfunc_begin89
	.long	.Ltmp498-.Lfunc_begin89
	.short	1                               @ Loc expr size
	.byte	81                              @ DW_OP_reg1
	.long	.Ltmp498-.Lfunc_begin89
	.long	.Lfunc_end89-.Lfunc_begin89
	.short	4                               @ Loc expr size
	.byte	243                             @ DW_OP_GNU_entry_value
	.byte	1                               @ 1
	.byte	81                              @ DW_OP_reg1
	.byte	159                             @ DW_OP_stack_value
	.long	0
	.long	0
.Ldebug_loc141:
	.long	-1
	.long	.Lfunc_begin90                  @   base address
	.long	.Lfunc_begin90-.Lfunc_begin90
	.long	.Ltmp500-.Lfunc_begin90
	.short	1                               @ Loc expr size
	.byte	80                              @ DW_OP_reg0
	.long	.Ltmp500-.Lfunc_begin90
	.long	.Lfunc_end90-.Lfunc_begin90
	.short	4                               @ Loc expr size
	.byte	243                             @ DW_OP_GNU_entry_value
	.byte	1                               @ 1
	.byte	80                              @ DW_OP_reg0
	.byte	159                             @ DW_OP_stack_value
	.long	0
	.long	0
.Ldebug_loc142:
	.long	-1
	.long	.Lfunc_begin90                  @   base address
	.long	.Lfunc_begin90-.Lfunc_begin90
	.long	.Ltmp502-.Lfunc_begin90
	.short	1                               @ Loc expr size
	.byte	81                              @ DW_OP_reg1
	.long	.Ltmp502-.Lfunc_begin90
	.long	.Lfunc_end90-.Lfunc_begin90
	.short	4                               @ Loc expr size
	.byte	243                             @ DW_OP_GNU_entry_value
	.byte	1                               @ 1
	.byte	81                              @ DW_OP_reg1
	.byte	159                             @ DW_OP_stack_value
	.long	0
	.long	0
.Ldebug_loc143:
	.long	-1
	.long	.Lfunc_begin90                  @   base address
	.long	.Lfunc_begin90-.Lfunc_begin90
	.long	.Ltmp501-.Lfunc_begin90
	.short	1                               @ Loc expr size
	.byte	82                              @ DW_OP_reg2
	.long	.Ltmp501-.Lfunc_begin90
	.long	.Lfunc_end90-.Lfunc_begin90
	.short	4                               @ Loc expr size
	.byte	243                             @ DW_OP_GNU_entry_value
	.byte	1                               @ 1
	.byte	82                              @ DW_OP_reg2
	.byte	159                             @ DW_OP_stack_value
	.long	0
	.long	0
.Ldebug_loc144:
	.long	-1
	.long	.Lfunc_begin91                  @   base address
	.long	.Lfunc_begin91-.Lfunc_begin91
	.long	.Ltmp504-.Lfunc_begin91
	.short	1                               @ Loc expr size
	.byte	80                              @ DW_OP_reg0
	.long	.Ltmp504-.Lfunc_begin91
	.long	.Lfunc_end91-.Lfunc_begin91
	.short	4                               @ Loc expr size
	.byte	243                             @ DW_OP_GNU_entry_value
	.byte	1                               @ 1
	.byte	80                              @ DW_OP_reg0
	.byte	159                             @ DW_OP_stack_value
	.long	0
	.long	0
.Ldebug_loc145:
	.long	-1
	.long	.Lfunc_begin91                  @   base address
	.long	.Lfunc_begin91-.Lfunc_begin91
	.long	.Ltmp505-.Lfunc_begin91
	.short	1                               @ Loc expr size
	.byte	81                              @ DW_OP_reg1
	.long	.Ltmp505-.Lfunc_begin91
	.long	.Lfunc_end91-.Lfunc_begin91
	.short	4                               @ Loc expr size
	.byte	243                             @ DW_OP_GNU_entry_value
	.byte	1                               @ 1
	.byte	81                              @ DW_OP_reg1
	.byte	159                             @ DW_OP_stack_value
	.long	0
	.long	0
.Ldebug_loc146:
	.long	-1
	.long	.Lfunc_begin92                  @   base address
	.long	.Lfunc_begin92-.Lfunc_begin92
	.long	.Ltmp507-.Lfunc_begin92
	.short	1                               @ Loc expr size
	.byte	80                              @ DW_OP_reg0
	.long	.Ltmp507-.Lfunc_begin92
	.long	.Lfunc_end92-.Lfunc_begin92
	.short	4                               @ Loc expr size
	.byte	243                             @ DW_OP_GNU_entry_value
	.byte	1                               @ 1
	.byte	80                              @ DW_OP_reg0
	.byte	159                             @ DW_OP_stack_value
	.long	0
	.long	0
.Ldebug_loc147:
	.long	-1
	.long	.Lfunc_begin93                  @   base address
	.long	.Lfunc_begin93-.Lfunc_begin93
	.long	.Ltmp510-.Lfunc_begin93
	.short	1                               @ Loc expr size
	.byte	81                              @ DW_OP_reg1
	.long	.Ltmp510-.Lfunc_begin93
	.long	.Lfunc_end93-.Lfunc_begin93
	.short	4                               @ Loc expr size
	.byte	243                             @ DW_OP_GNU_entry_value
	.byte	1                               @ 1
	.byte	81                              @ DW_OP_reg1
	.byte	159                             @ DW_OP_stack_value
	.long	0
	.long	0
.Ldebug_loc148:
	.long	-1
	.long	.Lfunc_begin94                  @   base address
	.long	.Lfunc_begin94-.Lfunc_begin94
	.long	.Ltmp513-.Lfunc_begin94
	.short	1                               @ Loc expr size
	.byte	81                              @ DW_OP_reg1
	.long	.Ltmp513-.Lfunc_begin94
	.long	.Lfunc_end94-.Lfunc_begin94
	.short	4                               @ Loc expr size
	.byte	243                             @ DW_OP_GNU_entry_value
	.byte	1                               @ 1
	.byte	81                              @ DW_OP_reg1
	.byte	159                             @ DW_OP_stack_value
	.long	0
	.long	0
	.section	.debug_abbrev,"",%progbits
	.byte	1                               @ Abbreviation Code
	.byte	17                              @ DW_TAG_compile_unit
	.byte	1                               @ DW_CHILDREN_yes
	.byte	37                              @ DW_AT_producer
	.byte	14                              @ DW_FORM_strp
	.byte	19                              @ DW_AT_language
	.byte	5                               @ DW_FORM_data2
	.byte	3                               @ DW_AT_name
	.byte	14                              @ DW_FORM_strp
	.byte	16                              @ DW_AT_stmt_list
	.byte	23                              @ DW_FORM_sec_offset
	.byte	27                              @ DW_AT_comp_dir
	.byte	14                              @ DW_FORM_strp
	.byte	17                              @ DW_AT_low_pc
	.byte	1                               @ DW_FORM_addr
	.byte	85                              @ DW_AT_ranges
	.byte	23                              @ DW_FORM_sec_offset
	.byte	0                               @ EOM(1)
	.byte	0                               @ EOM(2)
	.byte	2                               @ Abbreviation Code
	.byte	15                              @ DW_TAG_pointer_type
	.byte	0                               @ DW_CHILDREN_no
	.byte	73                              @ DW_AT_type
	.byte	19                              @ DW_FORM_ref4
	.byte	0                               @ EOM(1)
	.byte	0                               @ EOM(2)
	.byte	3                               @ Abbreviation Code
	.byte	22                              @ DW_TAG_typedef
	.byte	0                               @ DW_CHILDREN_no
	.byte	73                              @ DW_AT_type
	.byte	19                              @ DW_FORM_ref4
	.byte	3                               @ DW_AT_name
	.byte	14                              @ DW_FORM_strp
	.byte	58                              @ DW_AT_decl_file
	.byte	11                              @ DW_FORM_data1
	.byte	59                              @ DW_AT_decl_line
	.byte	5                               @ DW_FORM_data2
	.byte	0                               @ EOM(1)
	.byte	0                               @ EOM(2)
	.byte	4                               @ Abbreviation Code
	.byte	19                              @ DW_TAG_structure_type
	.byte	1                               @ DW_CHILDREN_yes
	.byte	11                              @ DW_AT_byte_size
	.byte	5                               @ DW_FORM_data2
	.byte	58                              @ DW_AT_decl_file
	.byte	11                              @ DW_FORM_data1
	.byte	59                              @ DW_AT_decl_line
	.byte	11                              @ DW_FORM_data1
	.byte	0                               @ EOM(1)
	.byte	0                               @ EOM(2)
	.byte	5                               @ Abbreviation Code
	.byte	13                              @ DW_TAG_member
	.byte	0                               @ DW_CHILDREN_no
	.byte	3                               @ DW_AT_name
	.byte	14                              @ DW_FORM_strp
	.byte	73                              @ DW_AT_type
	.byte	19                              @ DW_FORM_ref4
	.byte	58                              @ DW_AT_decl_file
	.byte	11                              @ DW_FORM_data1
	.byte	59                              @ DW_AT_decl_line
	.byte	5                               @ DW_FORM_data2
	.byte	56                              @ DW_AT_data_member_location
	.byte	11                              @ DW_FORM_data1
	.byte	0                               @ EOM(1)
	.byte	0                               @ EOM(2)
	.byte	6                               @ Abbreviation Code
	.byte	13                              @ DW_TAG_member
	.byte	0                               @ DW_CHILDREN_no
	.byte	3                               @ DW_AT_name
	.byte	14                              @ DW_FORM_strp
	.byte	73                              @ DW_AT_type
	.byte	19                              @ DW_FORM_ref4
	.byte	58                              @ DW_AT_decl_file
	.byte	11                              @ DW_FORM_data1
	.byte	59                              @ DW_AT_decl_line
	.byte	5                               @ DW_FORM_data2
	.byte	56                              @ DW_AT_data_member_location
	.byte	5                               @ DW_FORM_data2
	.byte	0                               @ EOM(1)
	.byte	0                               @ EOM(2)
	.byte	7                               @ Abbreviation Code
	.byte	53                              @ DW_TAG_volatile_type
	.byte	0                               @ DW_CHILDREN_no
	.byte	73                              @ DW_AT_type
	.byte	19                              @ DW_FORM_ref4
	.byte	0                               @ EOM(1)
	.byte	0                               @ EOM(2)
	.byte	8                               @ Abbreviation Code
	.byte	22                              @ DW_TAG_typedef
	.byte	0                               @ DW_CHILDREN_no
	.byte	73                              @ DW_AT_type
	.byte	19                              @ DW_FORM_ref4
	.byte	3                               @ DW_AT_name
	.byte	14                              @ DW_FORM_strp
	.byte	58                              @ DW_AT_decl_file
	.byte	11                              @ DW_FORM_data1
	.byte	59                              @ DW_AT_decl_line
	.byte	11                              @ DW_FORM_data1
	.byte	0                               @ EOM(1)
	.byte	0                               @ EOM(2)
	.byte	9                               @ Abbreviation Code
	.byte	36                              @ DW_TAG_base_type
	.byte	0                               @ DW_CHILDREN_no
	.byte	3                               @ DW_AT_name
	.byte	14                              @ DW_FORM_strp
	.byte	62                              @ DW_AT_encoding
	.byte	11                              @ DW_FORM_data1
	.byte	11                              @ DW_AT_byte_size
	.byte	11                              @ DW_FORM_data1
	.byte	0                               @ EOM(1)
	.byte	0                               @ EOM(2)
	.byte	10                              @ Abbreviation Code
	.byte	1                               @ DW_TAG_array_type
	.byte	1                               @ DW_CHILDREN_yes
	.byte	73                              @ DW_AT_type
	.byte	19                              @ DW_FORM_ref4
	.byte	0                               @ EOM(1)
	.byte	0                               @ EOM(2)
	.byte	11                              @ Abbreviation Code
	.byte	33                              @ DW_TAG_subrange_type
	.byte	0                               @ DW_CHILDREN_no
	.byte	73                              @ DW_AT_type
	.byte	19                              @ DW_FORM_ref4
	.byte	55                              @ DW_AT_count
	.byte	11                              @ DW_FORM_data1
	.byte	0                               @ EOM(1)
	.byte	0                               @ EOM(2)
	.byte	12                              @ Abbreviation Code
	.byte	38                              @ DW_TAG_const_type
	.byte	0                               @ DW_CHILDREN_no
	.byte	73                              @ DW_AT_type
	.byte	19                              @ DW_FORM_ref4
	.byte	0                               @ EOM(1)
	.byte	0                               @ EOM(2)
	.byte	13                              @ Abbreviation Code
	.byte	36                              @ DW_TAG_base_type
	.byte	0                               @ DW_CHILDREN_no
	.byte	3                               @ DW_AT_name
	.byte	14                              @ DW_FORM_strp
	.byte	11                              @ DW_AT_byte_size
	.byte	11                              @ DW_FORM_data1
	.byte	62                              @ DW_AT_encoding
	.byte	11                              @ DW_FORM_data1
	.byte	0                               @ EOM(1)
	.byte	0                               @ EOM(2)
	.byte	14                              @ Abbreviation Code
	.byte	19                              @ DW_TAG_structure_type
	.byte	1                               @ DW_CHILDREN_yes
	.byte	11                              @ DW_AT_byte_size
	.byte	11                              @ DW_FORM_data1
	.byte	58                              @ DW_AT_decl_file
	.byte	11                              @ DW_FORM_data1
	.byte	59                              @ DW_AT_decl_line
	.byte	11                              @ DW_FORM_data1
	.byte	0                               @ EOM(1)
	.byte	0                               @ EOM(2)
	.byte	15                              @ Abbreviation Code
	.byte	13                              @ DW_TAG_member
	.byte	0                               @ DW_CHILDREN_no
	.byte	3                               @ DW_AT_name
	.byte	14                              @ DW_FORM_strp
	.byte	73                              @ DW_AT_type
	.byte	19                              @ DW_FORM_ref4
	.byte	58                              @ DW_AT_decl_file
	.byte	11                              @ DW_FORM_data1
	.byte	59                              @ DW_AT_decl_line
	.byte	11                              @ DW_FORM_data1
	.byte	56                              @ DW_AT_data_member_location
	.byte	11                              @ DW_FORM_data1
	.byte	0                               @ EOM(1)
	.byte	0                               @ EOM(2)
	.byte	16                              @ Abbreviation Code
	.byte	46                              @ DW_TAG_subprogram
	.byte	1                               @ DW_CHILDREN_yes
	.byte	17                              @ DW_AT_low_pc
	.byte	1                               @ DW_FORM_addr
	.byte	18                              @ DW_AT_high_pc
	.byte	6                               @ DW_FORM_data4
	.byte	64                              @ DW_AT_frame_base
	.byte	24                              @ DW_FORM_exprloc
	.ascii	"\227B"                         @ DW_AT_GNU_all_call_sites
	.byte	25                              @ DW_FORM_flag_present
	.byte	3                               @ DW_AT_name
	.byte	14                              @ DW_FORM_strp
	.byte	58                              @ DW_AT_decl_file
	.byte	11                              @ DW_FORM_data1
	.byte	59                              @ DW_AT_decl_line
	.byte	11                              @ DW_FORM_data1
	.byte	39                              @ DW_AT_prototyped
	.byte	25                              @ DW_FORM_flag_present
	.byte	73                              @ DW_AT_type
	.byte	19                              @ DW_FORM_ref4
	.byte	63                              @ DW_AT_external
	.byte	25                              @ DW_FORM_flag_present
	.byte	0                               @ EOM(1)
	.byte	0                               @ EOM(2)
	.byte	17                              @ Abbreviation Code
	.byte	5                               @ DW_TAG_formal_parameter
	.byte	0                               @ DW_CHILDREN_no
	.byte	2                               @ DW_AT_location
	.byte	23                              @ DW_FORM_sec_offset
	.byte	3                               @ DW_AT_name
	.byte	14                              @ DW_FORM_strp
	.byte	58                              @ DW_AT_decl_file
	.byte	11                              @ DW_FORM_data1
	.byte	59                              @ DW_AT_decl_line
	.byte	11                              @ DW_FORM_data1
	.byte	73                              @ DW_AT_type
	.byte	19                              @ DW_FORM_ref4
	.byte	0                               @ EOM(1)
	.byte	0                               @ EOM(2)
	.byte	18                              @ Abbreviation Code
	.byte	52                              @ DW_TAG_variable
	.byte	0                               @ DW_CHILDREN_no
	.byte	28                              @ DW_AT_const_value
	.byte	15                              @ DW_FORM_udata
	.byte	3                               @ DW_AT_name
	.byte	14                              @ DW_FORM_strp
	.byte	58                              @ DW_AT_decl_file
	.byte	11                              @ DW_FORM_data1
	.byte	59                              @ DW_AT_decl_line
	.byte	11                              @ DW_FORM_data1
	.byte	73                              @ DW_AT_type
	.byte	19                              @ DW_FORM_ref4
	.byte	0                               @ EOM(1)
	.byte	0                               @ EOM(2)
	.byte	19                              @ Abbreviation Code
	.byte	52                              @ DW_TAG_variable
	.byte	0                               @ DW_CHILDREN_no
	.byte	2                               @ DW_AT_location
	.byte	23                              @ DW_FORM_sec_offset
	.byte	3                               @ DW_AT_name
	.byte	14                              @ DW_FORM_strp
	.byte	58                              @ DW_AT_decl_file
	.byte	11                              @ DW_FORM_data1
	.byte	59                              @ DW_AT_decl_line
	.byte	11                              @ DW_FORM_data1
	.byte	73                              @ DW_AT_type
	.byte	19                              @ DW_FORM_ref4
	.byte	0                               @ EOM(1)
	.byte	0                               @ EOM(2)
	.byte	20                              @ Abbreviation Code
	.byte	11                              @ DW_TAG_lexical_block
	.byte	1                               @ DW_CHILDREN_yes
	.byte	85                              @ DW_AT_ranges
	.byte	23                              @ DW_FORM_sec_offset
	.byte	0                               @ EOM(1)
	.byte	0                               @ EOM(2)
	.byte	21                              @ Abbreviation Code
	.byte	46                              @ DW_TAG_subprogram
	.byte	1                               @ DW_CHILDREN_yes
	.byte	17                              @ DW_AT_low_pc
	.byte	1                               @ DW_FORM_addr
	.byte	18                              @ DW_AT_high_pc
	.byte	6                               @ DW_FORM_data4
	.byte	64                              @ DW_AT_frame_base
	.byte	24                              @ DW_FORM_exprloc
	.ascii	"\227B"                         @ DW_AT_GNU_all_call_sites
	.byte	25                              @ DW_FORM_flag_present
	.byte	3                               @ DW_AT_name
	.byte	14                              @ DW_FORM_strp
	.byte	58                              @ DW_AT_decl_file
	.byte	11                              @ DW_FORM_data1
	.byte	59                              @ DW_AT_decl_line
	.byte	11                              @ DW_FORM_data1
	.byte	39                              @ DW_AT_prototyped
	.byte	25                              @ DW_FORM_flag_present
	.byte	63                              @ DW_AT_external
	.byte	25                              @ DW_FORM_flag_present
	.byte	0                               @ EOM(1)
	.byte	0                               @ EOM(2)
	.byte	22                              @ Abbreviation Code
	.byte	5                               @ DW_TAG_formal_parameter
	.byte	0                               @ DW_CHILDREN_no
	.byte	2                               @ DW_AT_location
	.byte	24                              @ DW_FORM_exprloc
	.byte	3                               @ DW_AT_name
	.byte	14                              @ DW_FORM_strp
	.byte	58                              @ DW_AT_decl_file
	.byte	11                              @ DW_FORM_data1
	.byte	59                              @ DW_AT_decl_line
	.byte	11                              @ DW_FORM_data1
	.byte	73                              @ DW_AT_type
	.byte	19                              @ DW_FORM_ref4
	.byte	0                               @ EOM(1)
	.byte	0                               @ EOM(2)
	.byte	23                              @ Abbreviation Code
	.byte	46                              @ DW_TAG_subprogram
	.byte	1                               @ DW_CHILDREN_yes
	.byte	17                              @ DW_AT_low_pc
	.byte	1                               @ DW_FORM_addr
	.byte	18                              @ DW_AT_high_pc
	.byte	6                               @ DW_FORM_data4
	.byte	64                              @ DW_AT_frame_base
	.byte	24                              @ DW_FORM_exprloc
	.ascii	"\227B"                         @ DW_AT_GNU_all_call_sites
	.byte	25                              @ DW_FORM_flag_present
	.byte	3                               @ DW_AT_name
	.byte	14                              @ DW_FORM_strp
	.byte	58                              @ DW_AT_decl_file
	.byte	11                              @ DW_FORM_data1
	.byte	59                              @ DW_AT_decl_line
	.byte	5                               @ DW_FORM_data2
	.byte	39                              @ DW_AT_prototyped
	.byte	25                              @ DW_FORM_flag_present
	.byte	63                              @ DW_AT_external
	.byte	25                              @ DW_FORM_flag_present
	.byte	0                               @ EOM(1)
	.byte	0                               @ EOM(2)
	.byte	24                              @ Abbreviation Code
	.byte	5                               @ DW_TAG_formal_parameter
	.byte	0                               @ DW_CHILDREN_no
	.byte	2                               @ DW_AT_location
	.byte	24                              @ DW_FORM_exprloc
	.byte	3                               @ DW_AT_name
	.byte	14                              @ DW_FORM_strp
	.byte	58                              @ DW_AT_decl_file
	.byte	11                              @ DW_FORM_data1
	.byte	59                              @ DW_AT_decl_line
	.byte	5                               @ DW_FORM_data2
	.byte	73                              @ DW_AT_type
	.byte	19                              @ DW_FORM_ref4
	.byte	0                               @ EOM(1)
	.byte	0                               @ EOM(2)
	.byte	25                              @ Abbreviation Code
	.byte	5                               @ DW_TAG_formal_parameter
	.byte	0                               @ DW_CHILDREN_no
	.byte	2                               @ DW_AT_location
	.byte	23                              @ DW_FORM_sec_offset
	.byte	3                               @ DW_AT_name
	.byte	14                              @ DW_FORM_strp
	.byte	58                              @ DW_AT_decl_file
	.byte	11                              @ DW_FORM_data1
	.byte	59                              @ DW_AT_decl_line
	.byte	5                               @ DW_FORM_data2
	.byte	73                              @ DW_AT_type
	.byte	19                              @ DW_FORM_ref4
	.byte	0                               @ EOM(1)
	.byte	0                               @ EOM(2)
	.byte	26                              @ Abbreviation Code
	.byte	46                              @ DW_TAG_subprogram
	.byte	1                               @ DW_CHILDREN_yes
	.byte	17                              @ DW_AT_low_pc
	.byte	1                               @ DW_FORM_addr
	.byte	18                              @ DW_AT_high_pc
	.byte	6                               @ DW_FORM_data4
	.byte	64                              @ DW_AT_frame_base
	.byte	24                              @ DW_FORM_exprloc
	.ascii	"\227B"                         @ DW_AT_GNU_all_call_sites
	.byte	25                              @ DW_FORM_flag_present
	.byte	3                               @ DW_AT_name
	.byte	14                              @ DW_FORM_strp
	.byte	58                              @ DW_AT_decl_file
	.byte	11                              @ DW_FORM_data1
	.byte	59                              @ DW_AT_decl_line
	.byte	5                               @ DW_FORM_data2
	.byte	39                              @ DW_AT_prototyped
	.byte	25                              @ DW_FORM_flag_present
	.byte	73                              @ DW_AT_type
	.byte	19                              @ DW_FORM_ref4
	.byte	63                              @ DW_AT_external
	.byte	25                              @ DW_FORM_flag_present
	.byte	0                               @ EOM(1)
	.byte	0                               @ EOM(2)
	.byte	27                              @ Abbreviation Code
	.byte	52                              @ DW_TAG_variable
	.byte	0                               @ DW_CHILDREN_no
	.byte	2                               @ DW_AT_location
	.byte	23                              @ DW_FORM_sec_offset
	.byte	3                               @ DW_AT_name
	.byte	14                              @ DW_FORM_strp
	.byte	58                              @ DW_AT_decl_file
	.byte	11                              @ DW_FORM_data1
	.byte	59                              @ DW_AT_decl_line
	.byte	5                               @ DW_FORM_data2
	.byte	73                              @ DW_AT_type
	.byte	19                              @ DW_FORM_ref4
	.byte	0                               @ EOM(1)
	.byte	0                               @ EOM(2)
	.byte	0                               @ EOM(3)
	.section	.debug_info,"",%progbits
.Lcu_begin0:
	.long	.Ldebug_info_end0-.Ldebug_info_start0 @ Length of Unit
.Ldebug_info_start0:
	.short	4                               @ DWARF version number
	.long	.debug_abbrev                   @ Offset Into Abbrev. Section
	.byte	4                               @ Address Size (in bytes)
	.byte	1                               @ Abbrev [1] 0xb:0x2550 DW_TAG_compile_unit
	.long	.Linfo_string0                  @ DW_AT_producer
	.short	29                              @ DW_AT_language
	.long	.Linfo_string1                  @ DW_AT_name
	.long	.Lline_table_start0             @ DW_AT_stmt_list
	.long	.Linfo_string2                  @ DW_AT_comp_dir
	.long	0                               @ DW_AT_low_pc
	.long	.Ldebug_ranges1                 @ DW_AT_ranges
	.byte	2                               @ Abbrev [2] 0x26:0x5 DW_TAG_pointer_type
	.long	43                              @ DW_AT_type
	.byte	3                               @ Abbrev [3] 0x2b:0xc DW_TAG_typedef
	.long	55                              @ DW_AT_type
	.long	.Linfo_string96                 @ DW_AT_name
	.byte	2                               @ DW_AT_decl_file
	.short	2216                            @ DW_AT_decl_line
	.byte	4                               @ Abbrev [4] 0x37:0x4a2 DW_TAG_structure_type
	.short	896                             @ DW_AT_byte_size
	.byte	2                               @ DW_AT_decl_file
	.byte	50                              @ DW_AT_decl_line
	.byte	5                               @ Abbrev [5] 0x3c:0xd DW_TAG_member
	.long	.Linfo_string3                  @ DW_AT_name
	.long	1241                            @ DW_AT_type
	.byte	2                               @ DW_AT_decl_file
	.short	2098                            @ DW_AT_decl_line
	.byte	0                               @ DW_AT_data_member_location
	.byte	5                               @ Abbrev [5] 0x49:0xd DW_TAG_member
	.long	.Linfo_string6                  @ DW_AT_name
	.long	1241                            @ DW_AT_type
	.byte	2                               @ DW_AT_decl_file
	.short	2099                            @ DW_AT_decl_line
	.byte	4                               @ DW_AT_data_member_location
	.byte	5                               @ Abbrev [5] 0x56:0xd DW_TAG_member
	.long	.Linfo_string7                  @ DW_AT_name
	.long	1241                            @ DW_AT_type
	.byte	2                               @ DW_AT_decl_file
	.short	2100                            @ DW_AT_decl_line
	.byte	8                               @ DW_AT_data_member_location
	.byte	5                               @ Abbrev [5] 0x63:0xd DW_TAG_member
	.long	.Linfo_string8                  @ DW_AT_name
	.long	1241                            @ DW_AT_type
	.byte	2                               @ DW_AT_decl_file
	.short	2101                            @ DW_AT_decl_line
	.byte	12                              @ DW_AT_data_member_location
	.byte	5                               @ Abbrev [5] 0x70:0xd DW_TAG_member
	.long	.Linfo_string9                  @ DW_AT_name
	.long	1241                            @ DW_AT_type
	.byte	2                               @ DW_AT_decl_file
	.short	2102                            @ DW_AT_decl_line
	.byte	16                              @ DW_AT_data_member_location
	.byte	5                               @ Abbrev [5] 0x7d:0xd DW_TAG_member
	.long	.Linfo_string10                 @ DW_AT_name
	.long	1264                            @ DW_AT_type
	.byte	2                               @ DW_AT_decl_file
	.short	2103                            @ DW_AT_decl_line
	.byte	20                              @ DW_AT_data_member_location
	.byte	5                               @ Abbrev [5] 0x8a:0xd DW_TAG_member
	.long	.Linfo_string12                 @ DW_AT_name
	.long	1241                            @ DW_AT_type
	.byte	2                               @ DW_AT_decl_file
	.short	2104                            @ DW_AT_decl_line
	.byte	32                              @ DW_AT_data_member_location
	.byte	5                               @ Abbrev [5] 0x97:0xd DW_TAG_member
	.long	.Linfo_string13                 @ DW_AT_name
	.long	1241                            @ DW_AT_type
	.byte	2                               @ DW_AT_decl_file
	.short	2105                            @ DW_AT_decl_line
	.byte	36                              @ DW_AT_data_member_location
	.byte	5                               @ Abbrev [5] 0xa4:0xd DW_TAG_member
	.long	.Linfo_string14                 @ DW_AT_name
	.long	1241                            @ DW_AT_type
	.byte	2                               @ DW_AT_decl_file
	.short	2106                            @ DW_AT_decl_line
	.byte	40                              @ DW_AT_data_member_location
	.byte	5                               @ Abbrev [5] 0xb1:0xd DW_TAG_member
	.long	.Linfo_string15                 @ DW_AT_name
	.long	1288                            @ DW_AT_type
	.byte	2                               @ DW_AT_decl_file
	.short	2108                            @ DW_AT_decl_line
	.byte	44                              @ DW_AT_data_member_location
	.byte	5                               @ Abbrev [5] 0xbe:0xd DW_TAG_member
	.long	.Linfo_string16                 @ DW_AT_name
	.long	1300                            @ DW_AT_type
	.byte	2                               @ DW_AT_decl_file
	.short	2110                            @ DW_AT_decl_line
	.byte	48                              @ DW_AT_data_member_location
	.byte	5                               @ Abbrev [5] 0xcb:0xd DW_TAG_member
	.long	.Linfo_string17                 @ DW_AT_name
	.long	1312                            @ DW_AT_type
	.byte	2                               @ DW_AT_decl_file
	.short	2112                            @ DW_AT_decl_line
	.byte	72                              @ DW_AT_data_member_location
	.byte	5                               @ Abbrev [5] 0xd8:0xd DW_TAG_member
	.long	.Linfo_string18                 @ DW_AT_name
	.long	1300                            @ DW_AT_type
	.byte	2                               @ DW_AT_decl_file
	.short	2114                            @ DW_AT_decl_line
	.byte	80                              @ DW_AT_data_member_location
	.byte	5                               @ Abbrev [5] 0xe5:0xd DW_TAG_member
	.long	.Linfo_string19                 @ DW_AT_name
	.long	1312                            @ DW_AT_type
	.byte	2                               @ DW_AT_decl_file
	.short	2116                            @ DW_AT_decl_line
	.byte	104                             @ DW_AT_data_member_location
	.byte	5                               @ Abbrev [5] 0xf2:0xd DW_TAG_member
	.long	.Linfo_string20                 @ DW_AT_name
	.long	1264                            @ DW_AT_type
	.byte	2                               @ DW_AT_decl_file
	.short	2118                            @ DW_AT_decl_line
	.byte	112                             @ DW_AT_data_member_location
	.byte	5                               @ Abbrev [5] 0xff:0xd DW_TAG_member
	.long	.Linfo_string21                 @ DW_AT_name
	.long	1288                            @ DW_AT_type
	.byte	2                               @ DW_AT_decl_file
	.short	2120                            @ DW_AT_decl_line
	.byte	124                             @ DW_AT_data_member_location
	.byte	5                               @ Abbrev [5] 0x10c:0xd DW_TAG_member
	.long	.Linfo_string22                 @ DW_AT_name
	.long	1324                            @ DW_AT_type
	.byte	2                               @ DW_AT_decl_file
	.short	2122                            @ DW_AT_decl_line
	.byte	128                             @ DW_AT_data_member_location
	.byte	5                               @ Abbrev [5] 0x119:0xd DW_TAG_member
	.long	.Linfo_string23                 @ DW_AT_name
	.long	1288                            @ DW_AT_type
	.byte	2                               @ DW_AT_decl_file
	.short	2124                            @ DW_AT_decl_line
	.byte	140                             @ DW_AT_data_member_location
	.byte	5                               @ Abbrev [5] 0x126:0xd DW_TAG_member
	.long	.Linfo_string24                 @ DW_AT_name
	.long	1336                            @ DW_AT_type
	.byte	2                               @ DW_AT_decl_file
	.short	2126                            @ DW_AT_decl_line
	.byte	144                             @ DW_AT_data_member_location
	.byte	5                               @ Abbrev [5] 0x133:0xd DW_TAG_member
	.long	.Linfo_string25                 @ DW_AT_name
	.long	1312                            @ DW_AT_type
	.byte	2                               @ DW_AT_decl_file
	.short	2128                            @ DW_AT_decl_line
	.byte	168                             @ DW_AT_data_member_location
	.byte	5                               @ Abbrev [5] 0x140:0xd DW_TAG_member
	.long	.Linfo_string26                 @ DW_AT_name
	.long	1241                            @ DW_AT_type
	.byte	2                               @ DW_AT_decl_file
	.short	2130                            @ DW_AT_decl_line
	.byte	176                             @ DW_AT_data_member_location
	.byte	5                               @ Abbrev [5] 0x14d:0xd DW_TAG_member
	.long	.Linfo_string27                 @ DW_AT_name
	.long	1241                            @ DW_AT_type
	.byte	2                               @ DW_AT_decl_file
	.short	2131                            @ DW_AT_decl_line
	.byte	180                             @ DW_AT_data_member_location
	.byte	5                               @ Abbrev [5] 0x15a:0xd DW_TAG_member
	.long	.Linfo_string28                 @ DW_AT_name
	.long	1241                            @ DW_AT_type
	.byte	2                               @ DW_AT_decl_file
	.short	2132                            @ DW_AT_decl_line
	.byte	184                             @ DW_AT_data_member_location
	.byte	5                               @ Abbrev [5] 0x167:0xd DW_TAG_member
	.long	.Linfo_string29                 @ DW_AT_name
	.long	1241                            @ DW_AT_type
	.byte	2                               @ DW_AT_decl_file
	.short	2133                            @ DW_AT_decl_line
	.byte	188                             @ DW_AT_data_member_location
	.byte	5                               @ Abbrev [5] 0x174:0xd DW_TAG_member
	.long	.Linfo_string30                 @ DW_AT_name
	.long	1241                            @ DW_AT_type
	.byte	2                               @ DW_AT_decl_file
	.short	2134                            @ DW_AT_decl_line
	.byte	192                             @ DW_AT_data_member_location
	.byte	5                               @ Abbrev [5] 0x181:0xd DW_TAG_member
	.long	.Linfo_string31                 @ DW_AT_name
	.long	1241                            @ DW_AT_type
	.byte	2                               @ DW_AT_decl_file
	.short	2135                            @ DW_AT_decl_line
	.byte	196                             @ DW_AT_data_member_location
	.byte	5                               @ Abbrev [5] 0x18e:0xd DW_TAG_member
	.long	.Linfo_string32                 @ DW_AT_name
	.long	1324                            @ DW_AT_type
	.byte	2                               @ DW_AT_decl_file
	.short	2136                            @ DW_AT_decl_line
	.byte	200                             @ DW_AT_data_member_location
	.byte	5                               @ Abbrev [5] 0x19b:0xd DW_TAG_member
	.long	.Linfo_string33                 @ DW_AT_name
	.long	1241                            @ DW_AT_type
	.byte	2                               @ DW_AT_decl_file
	.short	2137                            @ DW_AT_decl_line
	.byte	212                             @ DW_AT_data_member_location
	.byte	5                               @ Abbrev [5] 0x1a8:0xd DW_TAG_member
	.long	.Linfo_string34                 @ DW_AT_name
	.long	1241                            @ DW_AT_type
	.byte	2                               @ DW_AT_decl_file
	.short	2138                            @ DW_AT_decl_line
	.byte	216                             @ DW_AT_data_member_location
	.byte	5                               @ Abbrev [5] 0x1b5:0xd DW_TAG_member
	.long	.Linfo_string35                 @ DW_AT_name
	.long	1241                            @ DW_AT_type
	.byte	2                               @ DW_AT_decl_file
	.short	2139                            @ DW_AT_decl_line
	.byte	220                             @ DW_AT_data_member_location
	.byte	5                               @ Abbrev [5] 0x1c2:0xd DW_TAG_member
	.long	.Linfo_string36                 @ DW_AT_name
	.long	1241                            @ DW_AT_type
	.byte	2                               @ DW_AT_decl_file
	.short	2140                            @ DW_AT_decl_line
	.byte	224                             @ DW_AT_data_member_location
	.byte	5                               @ Abbrev [5] 0x1cf:0xd DW_TAG_member
	.long	.Linfo_string37                 @ DW_AT_name
	.long	1241                            @ DW_AT_type
	.byte	2                               @ DW_AT_decl_file
	.short	2141                            @ DW_AT_decl_line
	.byte	228                             @ DW_AT_data_member_location
	.byte	5                               @ Abbrev [5] 0x1dc:0xd DW_TAG_member
	.long	.Linfo_string38                 @ DW_AT_name
	.long	1241                            @ DW_AT_type
	.byte	2                               @ DW_AT_decl_file
	.short	2142                            @ DW_AT_decl_line
	.byte	232                             @ DW_AT_data_member_location
	.byte	5                               @ Abbrev [5] 0x1e9:0xd DW_TAG_member
	.long	.Linfo_string39                 @ DW_AT_name
	.long	1241                            @ DW_AT_type
	.byte	2                               @ DW_AT_decl_file
	.short	2143                            @ DW_AT_decl_line
	.byte	236                             @ DW_AT_data_member_location
	.byte	5                               @ Abbrev [5] 0x1f6:0xd DW_TAG_member
	.long	.Linfo_string40                 @ DW_AT_name
	.long	1288                            @ DW_AT_type
	.byte	2                               @ DW_AT_decl_file
	.short	2145                            @ DW_AT_decl_line
	.byte	240                             @ DW_AT_data_member_location
	.byte	5                               @ Abbrev [5] 0x203:0xd DW_TAG_member
	.long	.Linfo_string41                 @ DW_AT_name
	.long	1241                            @ DW_AT_type
	.byte	2                               @ DW_AT_decl_file
	.short	2147                            @ DW_AT_decl_line
	.byte	244                             @ DW_AT_data_member_location
	.byte	5                               @ Abbrev [5] 0x210:0xd DW_TAG_member
	.long	.Linfo_string42                 @ DW_AT_name
	.long	1241                            @ DW_AT_type
	.byte	2                               @ DW_AT_decl_file
	.short	2148                            @ DW_AT_decl_line
	.byte	248                             @ DW_AT_data_member_location
	.byte	5                               @ Abbrev [5] 0x21d:0xd DW_TAG_member
	.long	.Linfo_string43                 @ DW_AT_name
	.long	1241                            @ DW_AT_type
	.byte	2                               @ DW_AT_decl_file
	.short	2149                            @ DW_AT_decl_line
	.byte	252                             @ DW_AT_data_member_location
	.byte	6                               @ Abbrev [6] 0x22a:0xe DW_TAG_member
	.long	.Linfo_string44                 @ DW_AT_name
	.long	1324                            @ DW_AT_type
	.byte	2                               @ DW_AT_decl_file
	.short	2150                            @ DW_AT_decl_line
	.short	256                             @ DW_AT_data_member_location
	.byte	6                               @ Abbrev [6] 0x238:0xe DW_TAG_member
	.long	.Linfo_string45                 @ DW_AT_name
	.long	1288                            @ DW_AT_type
	.byte	2                               @ DW_AT_decl_file
	.short	2152                            @ DW_AT_decl_line
	.short	268                             @ DW_AT_data_member_location
	.byte	6                               @ Abbrev [6] 0x246:0xe DW_TAG_member
	.long	.Linfo_string46                 @ DW_AT_name
	.long	1241                            @ DW_AT_type
	.byte	2                               @ DW_AT_decl_file
	.short	2154                            @ DW_AT_decl_line
	.short	272                             @ DW_AT_data_member_location
	.byte	6                               @ Abbrev [6] 0x254:0xe DW_TAG_member
	.long	.Linfo_string47                 @ DW_AT_name
	.long	1241                            @ DW_AT_type
	.byte	2                               @ DW_AT_decl_file
	.short	2155                            @ DW_AT_decl_line
	.short	276                             @ DW_AT_data_member_location
	.byte	6                               @ Abbrev [6] 0x262:0xe DW_TAG_member
	.long	.Linfo_string48                 @ DW_AT_name
	.long	1241                            @ DW_AT_type
	.byte	2                               @ DW_AT_decl_file
	.short	2156                            @ DW_AT_decl_line
	.short	280                             @ DW_AT_data_member_location
	.byte	6                               @ Abbrev [6] 0x270:0xe DW_TAG_member
	.long	.Linfo_string49                 @ DW_AT_name
	.long	1241                            @ DW_AT_type
	.byte	2                               @ DW_AT_decl_file
	.short	2157                            @ DW_AT_decl_line
	.short	284                             @ DW_AT_data_member_location
	.byte	6                               @ Abbrev [6] 0x27e:0xe DW_TAG_member
	.long	.Linfo_string50                 @ DW_AT_name
	.long	1241                            @ DW_AT_type
	.byte	2                               @ DW_AT_decl_file
	.short	2158                            @ DW_AT_decl_line
	.short	288                             @ DW_AT_data_member_location
	.byte	6                               @ Abbrev [6] 0x28c:0xe DW_TAG_member
	.long	.Linfo_string51                 @ DW_AT_name
	.long	1264                            @ DW_AT_type
	.byte	2                               @ DW_AT_decl_file
	.short	2160                            @ DW_AT_decl_line
	.short	292                             @ DW_AT_data_member_location
	.byte	6                               @ Abbrev [6] 0x29a:0xe DW_TAG_member
	.long	.Linfo_string52                 @ DW_AT_name
	.long	1300                            @ DW_AT_type
	.byte	2                               @ DW_AT_decl_file
	.short	2162                            @ DW_AT_decl_line
	.short	304                             @ DW_AT_data_member_location
	.byte	6                               @ Abbrev [6] 0x2a8:0xe DW_TAG_member
	.long	.Linfo_string53                 @ DW_AT_name
	.long	1312                            @ DW_AT_type
	.byte	2                               @ DW_AT_decl_file
	.short	2164                            @ DW_AT_decl_line
	.short	328                             @ DW_AT_data_member_location
	.byte	6                               @ Abbrev [6] 0x2b6:0xe DW_TAG_member
	.long	.Linfo_string54                 @ DW_AT_name
	.long	1241                            @ DW_AT_type
	.byte	2                               @ DW_AT_decl_file
	.short	2166                            @ DW_AT_decl_line
	.short	336                             @ DW_AT_data_member_location
	.byte	6                               @ Abbrev [6] 0x2c4:0xe DW_TAG_member
	.long	.Linfo_string55                 @ DW_AT_name
	.long	1241                            @ DW_AT_type
	.byte	2                               @ DW_AT_decl_file
	.short	2167                            @ DW_AT_decl_line
	.short	340                             @ DW_AT_data_member_location
	.byte	6                               @ Abbrev [6] 0x2d2:0xe DW_TAG_member
	.long	.Linfo_string56                 @ DW_AT_name
	.long	1241                            @ DW_AT_type
	.byte	2                               @ DW_AT_decl_file
	.short	2168                            @ DW_AT_decl_line
	.short	344                             @ DW_AT_data_member_location
	.byte	6                               @ Abbrev [6] 0x2e0:0xe DW_TAG_member
	.long	.Linfo_string57                 @ DW_AT_name
	.long	1288                            @ DW_AT_type
	.byte	2                               @ DW_AT_decl_file
	.short	2170                            @ DW_AT_decl_line
	.short	348                             @ DW_AT_data_member_location
	.byte	6                               @ Abbrev [6] 0x2ee:0xe DW_TAG_member
	.long	.Linfo_string58                 @ DW_AT_name
	.long	1241                            @ DW_AT_type
	.byte	2                               @ DW_AT_decl_file
	.short	2172                            @ DW_AT_decl_line
	.short	352                             @ DW_AT_data_member_location
	.byte	6                               @ Abbrev [6] 0x2fc:0xe DW_TAG_member
	.long	.Linfo_string59                 @ DW_AT_name
	.long	1300                            @ DW_AT_type
	.byte	2                               @ DW_AT_decl_file
	.short	2173                            @ DW_AT_decl_line
	.short	356                             @ DW_AT_data_member_location
	.byte	6                               @ Abbrev [6] 0x30a:0xe DW_TAG_member
	.long	.Linfo_string60                 @ DW_AT_name
	.long	1241                            @ DW_AT_type
	.byte	2                               @ DW_AT_decl_file
	.short	2174                            @ DW_AT_decl_line
	.short	380                             @ DW_AT_data_member_location
	.byte	6                               @ Abbrev [6] 0x318:0xe DW_TAG_member
	.long	.Linfo_string61                 @ DW_AT_name
	.long	1241                            @ DW_AT_type
	.byte	2                               @ DW_AT_decl_file
	.short	2175                            @ DW_AT_decl_line
	.short	384                             @ DW_AT_data_member_location
	.byte	6                               @ Abbrev [6] 0x326:0xe DW_TAG_member
	.long	.Linfo_string62                 @ DW_AT_name
	.long	1241                            @ DW_AT_type
	.byte	2                               @ DW_AT_decl_file
	.short	2176                            @ DW_AT_decl_line
	.short	388                             @ DW_AT_data_member_location
	.byte	6                               @ Abbrev [6] 0x334:0xe DW_TAG_member
	.long	.Linfo_string63                 @ DW_AT_name
	.long	1241                            @ DW_AT_type
	.byte	2                               @ DW_AT_decl_file
	.short	2177                            @ DW_AT_decl_line
	.short	392                             @ DW_AT_data_member_location
	.byte	6                               @ Abbrev [6] 0x342:0xe DW_TAG_member
	.long	.Linfo_string64                 @ DW_AT_name
	.long	1241                            @ DW_AT_type
	.byte	2                               @ DW_AT_decl_file
	.short	2178                            @ DW_AT_decl_line
	.short	396                             @ DW_AT_data_member_location
	.byte	6                               @ Abbrev [6] 0x350:0xe DW_TAG_member
	.long	.Linfo_string65                 @ DW_AT_name
	.long	1241                            @ DW_AT_type
	.byte	2                               @ DW_AT_decl_file
	.short	2179                            @ DW_AT_decl_line
	.short	400                             @ DW_AT_data_member_location
	.byte	6                               @ Abbrev [6] 0x35e:0xe DW_TAG_member
	.long	.Linfo_string66                 @ DW_AT_name
	.long	1241                            @ DW_AT_type
	.byte	2                               @ DW_AT_decl_file
	.short	2180                            @ DW_AT_decl_line
	.short	404                             @ DW_AT_data_member_location
	.byte	6                               @ Abbrev [6] 0x36c:0xe DW_TAG_member
	.long	.Linfo_string67                 @ DW_AT_name
	.long	1348                            @ DW_AT_type
	.byte	2                               @ DW_AT_decl_file
	.short	2182                            @ DW_AT_decl_line
	.short	408                             @ DW_AT_data_member_location
	.byte	6                               @ Abbrev [6] 0x37a:0xe DW_TAG_member
	.long	.Linfo_string68                 @ DW_AT_name
	.long	1241                            @ DW_AT_type
	.byte	2                               @ DW_AT_decl_file
	.short	2184                            @ DW_AT_decl_line
	.short	512                             @ DW_AT_data_member_location
	.byte	6                               @ Abbrev [6] 0x388:0xe DW_TAG_member
	.long	.Linfo_string69                 @ DW_AT_name
	.long	1241                            @ DW_AT_type
	.byte	2                               @ DW_AT_decl_file
	.short	2185                            @ DW_AT_decl_line
	.short	516                             @ DW_AT_data_member_location
	.byte	6                               @ Abbrev [6] 0x396:0xe DW_TAG_member
	.long	.Linfo_string70                 @ DW_AT_name
	.long	1276                            @ DW_AT_type
	.byte	2                               @ DW_AT_decl_file
	.short	2186                            @ DW_AT_decl_line
	.short	520                             @ DW_AT_data_member_location
	.byte	6                               @ Abbrev [6] 0x3a4:0xe DW_TAG_member
	.long	.Linfo_string71                 @ DW_AT_name
	.long	1360                            @ DW_AT_type
	.byte	2                               @ DW_AT_decl_file
	.short	2187                            @ DW_AT_decl_line
	.short	524                             @ DW_AT_data_member_location
	.byte	6                               @ Abbrev [6] 0x3b2:0xe DW_TAG_member
	.long	.Linfo_string75                 @ DW_AT_name
	.long	1241                            @ DW_AT_type
	.byte	2                               @ DW_AT_decl_file
	.short	2188                            @ DW_AT_decl_line
	.short	572                             @ DW_AT_data_member_location
	.byte	6                               @ Abbrev [6] 0x3c0:0xe DW_TAG_member
	.long	.Linfo_string76                 @ DW_AT_name
	.long	1264                            @ DW_AT_type
	.byte	2                               @ DW_AT_decl_file
	.short	2189                            @ DW_AT_decl_line
	.short	576                             @ DW_AT_data_member_location
	.byte	6                               @ Abbrev [6] 0x3ce:0xe DW_TAG_member
	.long	.Linfo_string77                 @ DW_AT_name
	.long	1288                            @ DW_AT_type
	.byte	2                               @ DW_AT_decl_file
	.short	2191                            @ DW_AT_decl_line
	.short	588                             @ DW_AT_data_member_location
	.byte	6                               @ Abbrev [6] 0x3dc:0xe DW_TAG_member
	.long	.Linfo_string78                 @ DW_AT_name
	.long	1241                            @ DW_AT_type
	.byte	2                               @ DW_AT_decl_file
	.short	2193                            @ DW_AT_decl_line
	.short	592                             @ DW_AT_data_member_location
	.byte	6                               @ Abbrev [6] 0x3ea:0xe DW_TAG_member
	.long	.Linfo_string79                 @ DW_AT_name
	.long	1241                            @ DW_AT_type
	.byte	2                               @ DW_AT_decl_file
	.short	2194                            @ DW_AT_decl_line
	.short	596                             @ DW_AT_data_member_location
	.byte	6                               @ Abbrev [6] 0x3f8:0xe DW_TAG_member
	.long	.Linfo_string80                 @ DW_AT_name
	.long	1300                            @ DW_AT_type
	.byte	2                               @ DW_AT_decl_file
	.short	2196                            @ DW_AT_decl_line
	.short	600                             @ DW_AT_data_member_location
	.byte	6                               @ Abbrev [6] 0x406:0xe DW_TAG_member
	.long	.Linfo_string81                 @ DW_AT_name
	.long	1300                            @ DW_AT_type
	.byte	2                               @ DW_AT_decl_file
	.short	2197                            @ DW_AT_decl_line
	.short	624                             @ DW_AT_data_member_location
	.byte	6                               @ Abbrev [6] 0x414:0xe DW_TAG_member
	.long	.Linfo_string82                 @ DW_AT_name
	.long	1241                            @ DW_AT_type
	.byte	2                               @ DW_AT_decl_file
	.short	2198                            @ DW_AT_decl_line
	.short	648                             @ DW_AT_data_member_location
	.byte	6                               @ Abbrev [6] 0x422:0xe DW_TAG_member
	.long	.Linfo_string83                 @ DW_AT_name
	.long	1241                            @ DW_AT_type
	.byte	2                               @ DW_AT_decl_file
	.short	2199                            @ DW_AT_decl_line
	.short	652                             @ DW_AT_data_member_location
	.byte	6                               @ Abbrev [6] 0x430:0xe DW_TAG_member
	.long	.Linfo_string84                 @ DW_AT_name
	.long	1300                            @ DW_AT_type
	.byte	2                               @ DW_AT_decl_file
	.short	2200                            @ DW_AT_decl_line
	.short	656                             @ DW_AT_data_member_location
	.byte	6                               @ Abbrev [6] 0x43e:0xe DW_TAG_member
	.long	.Linfo_string85                 @ DW_AT_name
	.long	1324                            @ DW_AT_type
	.byte	2                               @ DW_AT_decl_file
	.short	2201                            @ DW_AT_decl_line
	.short	680                             @ DW_AT_data_member_location
	.byte	6                               @ Abbrev [6] 0x44c:0xe DW_TAG_member
	.long	.Linfo_string86                 @ DW_AT_name
	.long	1324                            @ DW_AT_type
	.byte	2                               @ DW_AT_decl_file
	.short	2202                            @ DW_AT_decl_line
	.short	692                             @ DW_AT_data_member_location
	.byte	6                               @ Abbrev [6] 0x45a:0xe DW_TAG_member
	.long	.Linfo_string87                 @ DW_AT_name
	.long	1241                            @ DW_AT_type
	.byte	2                               @ DW_AT_decl_file
	.short	2203                            @ DW_AT_decl_line
	.short	704                             @ DW_AT_data_member_location
	.byte	6                               @ Abbrev [6] 0x468:0xe DW_TAG_member
	.long	.Linfo_string88                 @ DW_AT_name
	.long	1412                            @ DW_AT_type
	.byte	2                               @ DW_AT_decl_file
	.short	2206                            @ DW_AT_decl_line
	.short	708                             @ DW_AT_data_member_location
	.byte	6                               @ Abbrev [6] 0x476:0xe DW_TAG_member
	.long	.Linfo_string89                 @ DW_AT_name
	.long	1336                            @ DW_AT_type
	.byte	2                               @ DW_AT_decl_file
	.short	2208                            @ DW_AT_decl_line
	.short	772                             @ DW_AT_data_member_location
	.byte	6                               @ Abbrev [6] 0x484:0xe DW_TAG_member
	.long	.Linfo_string90                 @ DW_AT_name
	.long	1336                            @ DW_AT_type
	.byte	2                               @ DW_AT_decl_file
	.short	2209                            @ DW_AT_decl_line
	.short	796                             @ DW_AT_data_member_location
	.byte	6                               @ Abbrev [6] 0x492:0xe DW_TAG_member
	.long	.Linfo_string91                 @ DW_AT_name
	.long	1264                            @ DW_AT_type
	.byte	2                               @ DW_AT_decl_file
	.short	2210                            @ DW_AT_decl_line
	.short	820                             @ DW_AT_data_member_location
	.byte	6                               @ Abbrev [6] 0x4a0:0xe DW_TAG_member
	.long	.Linfo_string92                 @ DW_AT_name
	.long	1264                            @ DW_AT_type
	.byte	2                               @ DW_AT_decl_file
	.short	2211                            @ DW_AT_decl_line
	.short	832                             @ DW_AT_data_member_location
	.byte	6                               @ Abbrev [6] 0x4ae:0xe DW_TAG_member
	.long	.Linfo_string93                 @ DW_AT_name
	.long	1241                            @ DW_AT_type
	.byte	2                               @ DW_AT_decl_file
	.short	2212                            @ DW_AT_decl_line
	.short	844                             @ DW_AT_data_member_location
	.byte	6                               @ Abbrev [6] 0x4bc:0xe DW_TAG_member
	.long	.Linfo_string94                 @ DW_AT_name
	.long	1336                            @ DW_AT_type
	.byte	2                               @ DW_AT_decl_file
	.short	2213                            @ DW_AT_decl_line
	.short	848                             @ DW_AT_data_member_location
	.byte	6                               @ Abbrev [6] 0x4ca:0xe DW_TAG_member
	.long	.Linfo_string95                 @ DW_AT_name
	.long	1336                            @ DW_AT_type
	.byte	2                               @ DW_AT_decl_file
	.short	2214                            @ DW_AT_decl_line
	.short	872                             @ DW_AT_data_member_location
	.byte	0                               @ End Of Children Mark
	.byte	7                               @ Abbrev [7] 0x4d9:0x5 DW_TAG_volatile_type
	.long	1246                            @ DW_AT_type
	.byte	8                               @ Abbrev [8] 0x4de:0xb DW_TAG_typedef
	.long	1257                            @ DW_AT_type
	.long	.Linfo_string5                  @ DW_AT_name
	.byte	1                               @ DW_AT_decl_file
	.byte	64                              @ DW_AT_decl_line
	.byte	9                               @ Abbrev [9] 0x4e9:0x7 DW_TAG_base_type
	.long	.Linfo_string4                  @ DW_AT_name
	.byte	7                               @ DW_AT_encoding
	.byte	4                               @ DW_AT_byte_size
	.byte	10                              @ Abbrev [10] 0x4f0:0xc DW_TAG_array_type
	.long	1276                            @ DW_AT_type
	.byte	11                              @ Abbrev [11] 0x4f5:0x6 DW_TAG_subrange_type
	.long	1281                            @ DW_AT_type
	.byte	3                               @ DW_AT_count
	.byte	0                               @ End Of Children Mark
	.byte	12                              @ Abbrev [12] 0x4fc:0x5 DW_TAG_const_type
	.long	1241                            @ DW_AT_type
	.byte	13                              @ Abbrev [13] 0x501:0x7 DW_TAG_base_type
	.long	.Linfo_string11                 @ DW_AT_name
	.byte	8                               @ DW_AT_byte_size
	.byte	7                               @ DW_AT_encoding
	.byte	10                              @ Abbrev [10] 0x508:0xc DW_TAG_array_type
	.long	1276                            @ DW_AT_type
	.byte	11                              @ Abbrev [11] 0x50d:0x6 DW_TAG_subrange_type
	.long	1281                            @ DW_AT_type
	.byte	1                               @ DW_AT_count
	.byte	0                               @ End Of Children Mark
	.byte	10                              @ Abbrev [10] 0x514:0xc DW_TAG_array_type
	.long	1241                            @ DW_AT_type
	.byte	11                              @ Abbrev [11] 0x519:0x6 DW_TAG_subrange_type
	.long	1281                            @ DW_AT_type
	.byte	6                               @ DW_AT_count
	.byte	0                               @ End Of Children Mark
	.byte	10                              @ Abbrev [10] 0x520:0xc DW_TAG_array_type
	.long	1276                            @ DW_AT_type
	.byte	11                              @ Abbrev [11] 0x525:0x6 DW_TAG_subrange_type
	.long	1281                            @ DW_AT_type
	.byte	2                               @ DW_AT_count
	.byte	0                               @ End Of Children Mark
	.byte	10                              @ Abbrev [10] 0x52c:0xc DW_TAG_array_type
	.long	1241                            @ DW_AT_type
	.byte	11                              @ Abbrev [11] 0x531:0x6 DW_TAG_subrange_type
	.long	1281                            @ DW_AT_type
	.byte	3                               @ DW_AT_count
	.byte	0                               @ End Of Children Mark
	.byte	10                              @ Abbrev [10] 0x538:0xc DW_TAG_array_type
	.long	1276                            @ DW_AT_type
	.byte	11                              @ Abbrev [11] 0x53d:0x6 DW_TAG_subrange_type
	.long	1281                            @ DW_AT_type
	.byte	6                               @ DW_AT_count
	.byte	0                               @ End Of Children Mark
	.byte	10                              @ Abbrev [10] 0x544:0xc DW_TAG_array_type
	.long	1276                            @ DW_AT_type
	.byte	11                              @ Abbrev [11] 0x549:0x6 DW_TAG_subrange_type
	.long	1281                            @ DW_AT_type
	.byte	26                              @ DW_AT_count
	.byte	0                               @ End Of Children Mark
	.byte	10                              @ Abbrev [10] 0x550:0xc DW_TAG_array_type
	.long	1372                            @ DW_AT_type
	.byte	11                              @ Abbrev [11] 0x555:0x6 DW_TAG_subrange_type
	.long	1281                            @ DW_AT_type
	.byte	6                               @ DW_AT_count
	.byte	0                               @ End Of Children Mark
	.byte	8                               @ Abbrev [8] 0x55c:0xb DW_TAG_typedef
	.long	1383                            @ DW_AT_type
	.long	.Linfo_string74                 @ DW_AT_name
	.byte	2                               @ DW_AT_decl_file
	.byte	48                              @ DW_AT_decl_line
	.byte	14                              @ Abbrev [14] 0x567:0x1d DW_TAG_structure_type
	.byte	8                               @ DW_AT_byte_size
	.byte	2                               @ DW_AT_decl_file
	.byte	28                              @ DW_AT_decl_line
	.byte	15                              @ Abbrev [15] 0x56b:0xc DW_TAG_member
	.long	.Linfo_string72                 @ DW_AT_name
	.long	1241                            @ DW_AT_type
	.byte	2                               @ DW_AT_decl_file
	.byte	46                              @ DW_AT_decl_line
	.byte	0                               @ DW_AT_data_member_location
	.byte	15                              @ Abbrev [15] 0x577:0xc DW_TAG_member
	.long	.Linfo_string73                 @ DW_AT_name
	.long	1241                            @ DW_AT_type
	.byte	2                               @ DW_AT_decl_file
	.byte	47                              @ DW_AT_decl_line
	.byte	4                               @ DW_AT_data_member_location
	.byte	0                               @ End Of Children Mark
	.byte	10                              @ Abbrev [10] 0x584:0xc DW_TAG_array_type
	.long	1276                            @ DW_AT_type
	.byte	11                              @ Abbrev [11] 0x589:0x6 DW_TAG_subrange_type
	.long	1281                            @ DW_AT_type
	.byte	16                              @ DW_AT_count
	.byte	0                               @ End Of Children Mark
	.byte	2                               @ Abbrev [2] 0x590:0x5 DW_TAG_pointer_type
	.long	1429                            @ DW_AT_type
	.byte	3                               @ Abbrev [3] 0x595:0xc DW_TAG_typedef
	.long	1441                            @ DW_AT_type
	.long	.Linfo_string219                @ DW_AT_name
	.byte	3                               @ DW_AT_decl_file
	.short	2269                            @ DW_AT_decl_line
	.byte	4                               @ Abbrev [4] 0x5a1:0x747 DW_TAG_structure_type
	.short	1356                            @ DW_AT_byte_size
	.byte	3                               @ DW_AT_decl_file
	.byte	28                              @ DW_AT_decl_line
	.byte	5                               @ Abbrev [5] 0x5a6:0xd DW_TAG_member
	.long	.Linfo_string97                 @ DW_AT_name
	.long	1241                            @ DW_AT_type
	.byte	3                               @ DW_AT_decl_file
	.short	2134                            @ DW_AT_decl_line
	.byte	0                               @ DW_AT_data_member_location
	.byte	5                               @ Abbrev [5] 0x5b3:0xd DW_TAG_member
	.long	.Linfo_string50                 @ DW_AT_name
	.long	1276                            @ DW_AT_type
	.byte	3                               @ DW_AT_decl_file
	.short	2135                            @ DW_AT_decl_line
	.byte	4                               @ DW_AT_data_member_location
	.byte	5                               @ Abbrev [5] 0x5c0:0xd DW_TAG_member
	.long	.Linfo_string98                 @ DW_AT_name
	.long	1241                            @ DW_AT_type
	.byte	3                               @ DW_AT_decl_file
	.short	2136                            @ DW_AT_decl_line
	.byte	8                               @ DW_AT_data_member_location
	.byte	5                               @ Abbrev [5] 0x5cd:0xd DW_TAG_member
	.long	.Linfo_string99                 @ DW_AT_name
	.long	1241                            @ DW_AT_type
	.byte	3                               @ DW_AT_decl_file
	.short	2137                            @ DW_AT_decl_line
	.byte	12                              @ DW_AT_data_member_location
	.byte	5                               @ Abbrev [5] 0x5da:0xd DW_TAG_member
	.long	.Linfo_string100                @ DW_AT_name
	.long	1241                            @ DW_AT_type
	.byte	3                               @ DW_AT_decl_file
	.short	2138                            @ DW_AT_decl_line
	.byte	16                              @ DW_AT_data_member_location
	.byte	5                               @ Abbrev [5] 0x5e7:0xd DW_TAG_member
	.long	.Linfo_string101                @ DW_AT_name
	.long	1241                            @ DW_AT_type
	.byte	3                               @ DW_AT_decl_file
	.short	2139                            @ DW_AT_decl_line
	.byte	20                              @ DW_AT_data_member_location
	.byte	5                               @ Abbrev [5] 0x5f4:0xd DW_TAG_member
	.long	.Linfo_string102                @ DW_AT_name
	.long	1241                            @ DW_AT_type
	.byte	3                               @ DW_AT_decl_file
	.short	2140                            @ DW_AT_decl_line
	.byte	24                              @ DW_AT_data_member_location
	.byte	5                               @ Abbrev [5] 0x601:0xd DW_TAG_member
	.long	.Linfo_string103                @ DW_AT_name
	.long	1241                            @ DW_AT_type
	.byte	3                               @ DW_AT_decl_file
	.short	2141                            @ DW_AT_decl_line
	.byte	28                              @ DW_AT_data_member_location
	.byte	5                               @ Abbrev [5] 0x60e:0xd DW_TAG_member
	.long	.Linfo_string104                @ DW_AT_name
	.long	1241                            @ DW_AT_type
	.byte	3                               @ DW_AT_decl_file
	.short	2142                            @ DW_AT_decl_line
	.byte	32                              @ DW_AT_data_member_location
	.byte	5                               @ Abbrev [5] 0x61b:0xd DW_TAG_member
	.long	.Linfo_string105                @ DW_AT_name
	.long	1241                            @ DW_AT_type
	.byte	3                               @ DW_AT_decl_file
	.short	2143                            @ DW_AT_decl_line
	.byte	36                              @ DW_AT_data_member_location
	.byte	5                               @ Abbrev [5] 0x628:0xd DW_TAG_member
	.long	.Linfo_string106                @ DW_AT_name
	.long	1241                            @ DW_AT_type
	.byte	3                               @ DW_AT_decl_file
	.short	2144                            @ DW_AT_decl_line
	.byte	40                              @ DW_AT_data_member_location
	.byte	5                               @ Abbrev [5] 0x635:0xd DW_TAG_member
	.long	.Linfo_string15                 @ DW_AT_name
	.long	1288                            @ DW_AT_type
	.byte	3                               @ DW_AT_decl_file
	.short	2145                            @ DW_AT_decl_line
	.byte	44                              @ DW_AT_data_member_location
	.byte	5                               @ Abbrev [5] 0x642:0xd DW_TAG_member
	.long	.Linfo_string107                @ DW_AT_name
	.long	1241                            @ DW_AT_type
	.byte	3                               @ DW_AT_decl_file
	.short	2146                            @ DW_AT_decl_line
	.byte	48                              @ DW_AT_data_member_location
	.byte	5                               @ Abbrev [5] 0x64f:0xd DW_TAG_member
	.long	.Linfo_string108                @ DW_AT_name
	.long	1241                            @ DW_AT_type
	.byte	3                               @ DW_AT_decl_file
	.short	2147                            @ DW_AT_decl_line
	.byte	52                              @ DW_AT_data_member_location
	.byte	5                               @ Abbrev [5] 0x65c:0xd DW_TAG_member
	.long	.Linfo_string109                @ DW_AT_name
	.long	1241                            @ DW_AT_type
	.byte	3                               @ DW_AT_decl_file
	.short	2148                            @ DW_AT_decl_line
	.byte	56                              @ DW_AT_data_member_location
	.byte	5                               @ Abbrev [5] 0x669:0xd DW_TAG_member
	.long	.Linfo_string110                @ DW_AT_name
	.long	1241                            @ DW_AT_type
	.byte	3                               @ DW_AT_decl_file
	.short	2149                            @ DW_AT_decl_line
	.byte	60                              @ DW_AT_data_member_location
	.byte	5                               @ Abbrev [5] 0x676:0xd DW_TAG_member
	.long	.Linfo_string111                @ DW_AT_name
	.long	1241                            @ DW_AT_type
	.byte	3                               @ DW_AT_decl_file
	.short	2150                            @ DW_AT_decl_line
	.byte	64                              @ DW_AT_data_member_location
	.byte	5                               @ Abbrev [5] 0x683:0xd DW_TAG_member
	.long	.Linfo_string112                @ DW_AT_name
	.long	1276                            @ DW_AT_type
	.byte	3                               @ DW_AT_decl_file
	.short	2151                            @ DW_AT_decl_line
	.byte	68                              @ DW_AT_data_member_location
	.byte	5                               @ Abbrev [5] 0x690:0xd DW_TAG_member
	.long	.Linfo_string17                 @ DW_AT_name
	.long	3304                            @ DW_AT_type
	.byte	3                               @ DW_AT_decl_file
	.short	2152                            @ DW_AT_decl_line
	.byte	72                              @ DW_AT_data_member_location
	.byte	6                               @ Abbrev [6] 0x69d:0xe DW_TAG_member
	.long	.Linfo_string113                @ DW_AT_name
	.long	1241                            @ DW_AT_type
	.byte	3                               @ DW_AT_decl_file
	.short	2153                            @ DW_AT_decl_line
	.short	512                             @ DW_AT_data_member_location
	.byte	6                               @ Abbrev [6] 0x6ab:0xe DW_TAG_member
	.long	.Linfo_string114                @ DW_AT_name
	.long	1241                            @ DW_AT_type
	.byte	3                               @ DW_AT_decl_file
	.short	2154                            @ DW_AT_decl_line
	.short	516                             @ DW_AT_data_member_location
	.byte	6                               @ Abbrev [6] 0x6b9:0xe DW_TAG_member
	.long	.Linfo_string115                @ DW_AT_name
	.long	1241                            @ DW_AT_type
	.byte	3                               @ DW_AT_decl_file
	.short	2155                            @ DW_AT_decl_line
	.short	520                             @ DW_AT_data_member_location
	.byte	6                               @ Abbrev [6] 0x6c7:0xe DW_TAG_member
	.long	.Linfo_string116                @ DW_AT_name
	.long	1241                            @ DW_AT_type
	.byte	3                               @ DW_AT_decl_file
	.short	2156                            @ DW_AT_decl_line
	.short	524                             @ DW_AT_data_member_location
	.byte	6                               @ Abbrev [6] 0x6d5:0xe DW_TAG_member
	.long	.Linfo_string117                @ DW_AT_name
	.long	1241                            @ DW_AT_type
	.byte	3                               @ DW_AT_decl_file
	.short	2157                            @ DW_AT_decl_line
	.short	528                             @ DW_AT_data_member_location
	.byte	6                               @ Abbrev [6] 0x6e3:0xe DW_TAG_member
	.long	.Linfo_string118                @ DW_AT_name
	.long	1241                            @ DW_AT_type
	.byte	3                               @ DW_AT_decl_file
	.short	2158                            @ DW_AT_decl_line
	.short	532                             @ DW_AT_data_member_location
	.byte	6                               @ Abbrev [6] 0x6f1:0xe DW_TAG_member
	.long	.Linfo_string119                @ DW_AT_name
	.long	1241                            @ DW_AT_type
	.byte	3                               @ DW_AT_decl_file
	.short	2159                            @ DW_AT_decl_line
	.short	536                             @ DW_AT_data_member_location
	.byte	6                               @ Abbrev [6] 0x6ff:0xe DW_TAG_member
	.long	.Linfo_string120                @ DW_AT_name
	.long	1241                            @ DW_AT_type
	.byte	3                               @ DW_AT_decl_file
	.short	2160                            @ DW_AT_decl_line
	.short	540                             @ DW_AT_data_member_location
	.byte	6                               @ Abbrev [6] 0x70d:0xe DW_TAG_member
	.long	.Linfo_string121                @ DW_AT_name
	.long	1241                            @ DW_AT_type
	.byte	3                               @ DW_AT_decl_file
	.short	2161                            @ DW_AT_decl_line
	.short	544                             @ DW_AT_data_member_location
	.byte	6                               @ Abbrev [6] 0x71b:0xe DW_TAG_member
	.long	.Linfo_string122                @ DW_AT_name
	.long	1241                            @ DW_AT_type
	.byte	3                               @ DW_AT_decl_file
	.short	2162                            @ DW_AT_decl_line
	.short	548                             @ DW_AT_data_member_location
	.byte	6                               @ Abbrev [6] 0x729:0xe DW_TAG_member
	.long	.Linfo_string123                @ DW_AT_name
	.long	1241                            @ DW_AT_type
	.byte	3                               @ DW_AT_decl_file
	.short	2163                            @ DW_AT_decl_line
	.short	552                             @ DW_AT_data_member_location
	.byte	6                               @ Abbrev [6] 0x737:0xe DW_TAG_member
	.long	.Linfo_string124                @ DW_AT_name
	.long	1241                            @ DW_AT_type
	.byte	3                               @ DW_AT_decl_file
	.short	2164                            @ DW_AT_decl_line
	.short	556                             @ DW_AT_data_member_location
	.byte	6                               @ Abbrev [6] 0x745:0xe DW_TAG_member
	.long	.Linfo_string125                @ DW_AT_name
	.long	1241                            @ DW_AT_type
	.byte	3                               @ DW_AT_decl_file
	.short	2165                            @ DW_AT_decl_line
	.short	560                             @ DW_AT_data_member_location
	.byte	6                               @ Abbrev [6] 0x753:0xe DW_TAG_member
	.long	.Linfo_string126                @ DW_AT_name
	.long	1241                            @ DW_AT_type
	.byte	3                               @ DW_AT_decl_file
	.short	2166                            @ DW_AT_decl_line
	.short	564                             @ DW_AT_data_member_location
	.byte	6                               @ Abbrev [6] 0x761:0xe DW_TAG_member
	.long	.Linfo_string127                @ DW_AT_name
	.long	1241                            @ DW_AT_type
	.byte	3                               @ DW_AT_decl_file
	.short	2167                            @ DW_AT_decl_line
	.short	568                             @ DW_AT_data_member_location
	.byte	6                               @ Abbrev [6] 0x76f:0xe DW_TAG_member
	.long	.Linfo_string128                @ DW_AT_name
	.long	1241                            @ DW_AT_type
	.byte	3                               @ DW_AT_decl_file
	.short	2168                            @ DW_AT_decl_line
	.short	572                             @ DW_AT_data_member_location
	.byte	6                               @ Abbrev [6] 0x77d:0xe DW_TAG_member
	.long	.Linfo_string129                @ DW_AT_name
	.long	1241                            @ DW_AT_type
	.byte	3                               @ DW_AT_decl_file
	.short	2169                            @ DW_AT_decl_line
	.short	576                             @ DW_AT_data_member_location
	.byte	6                               @ Abbrev [6] 0x78b:0xe DW_TAG_member
	.long	.Linfo_string130                @ DW_AT_name
	.long	1241                            @ DW_AT_type
	.byte	3                               @ DW_AT_decl_file
	.short	2170                            @ DW_AT_decl_line
	.short	580                             @ DW_AT_data_member_location
	.byte	6                               @ Abbrev [6] 0x799:0xe DW_TAG_member
	.long	.Linfo_string131                @ DW_AT_name
	.long	1241                            @ DW_AT_type
	.byte	3                               @ DW_AT_decl_file
	.short	2171                            @ DW_AT_decl_line
	.short	584                             @ DW_AT_data_member_location
	.byte	6                               @ Abbrev [6] 0x7a7:0xe DW_TAG_member
	.long	.Linfo_string132                @ DW_AT_name
	.long	1241                            @ DW_AT_type
	.byte	3                               @ DW_AT_decl_file
	.short	2172                            @ DW_AT_decl_line
	.short	588                             @ DW_AT_data_member_location
	.byte	6                               @ Abbrev [6] 0x7b5:0xe DW_TAG_member
	.long	.Linfo_string133                @ DW_AT_name
	.long	1241                            @ DW_AT_type
	.byte	3                               @ DW_AT_decl_file
	.short	2173                            @ DW_AT_decl_line
	.short	592                             @ DW_AT_data_member_location
	.byte	6                               @ Abbrev [6] 0x7c3:0xe DW_TAG_member
	.long	.Linfo_string134                @ DW_AT_name
	.long	1241                            @ DW_AT_type
	.byte	3                               @ DW_AT_decl_file
	.short	2174                            @ DW_AT_decl_line
	.short	596                             @ DW_AT_data_member_location
	.byte	6                               @ Abbrev [6] 0x7d1:0xe DW_TAG_member
	.long	.Linfo_string135                @ DW_AT_name
	.long	1241                            @ DW_AT_type
	.byte	3                               @ DW_AT_decl_file
	.short	2175                            @ DW_AT_decl_line
	.short	600                             @ DW_AT_data_member_location
	.byte	6                               @ Abbrev [6] 0x7df:0xe DW_TAG_member
	.long	.Linfo_string136                @ DW_AT_name
	.long	1241                            @ DW_AT_type
	.byte	3                               @ DW_AT_decl_file
	.short	2176                            @ DW_AT_decl_line
	.short	604                             @ DW_AT_data_member_location
	.byte	6                               @ Abbrev [6] 0x7ed:0xe DW_TAG_member
	.long	.Linfo_string137                @ DW_AT_name
	.long	1241                            @ DW_AT_type
	.byte	3                               @ DW_AT_decl_file
	.short	2177                            @ DW_AT_decl_line
	.short	608                             @ DW_AT_data_member_location
	.byte	6                               @ Abbrev [6] 0x7fb:0xe DW_TAG_member
	.long	.Linfo_string138                @ DW_AT_name
	.long	1241                            @ DW_AT_type
	.byte	3                               @ DW_AT_decl_file
	.short	2178                            @ DW_AT_decl_line
	.short	612                             @ DW_AT_data_member_location
	.byte	6                               @ Abbrev [6] 0x809:0xe DW_TAG_member
	.long	.Linfo_string139                @ DW_AT_name
	.long	1241                            @ DW_AT_type
	.byte	3                               @ DW_AT_decl_file
	.short	2179                            @ DW_AT_decl_line
	.short	616                             @ DW_AT_data_member_location
	.byte	6                               @ Abbrev [6] 0x817:0xe DW_TAG_member
	.long	.Linfo_string140                @ DW_AT_name
	.long	1241                            @ DW_AT_type
	.byte	3                               @ DW_AT_decl_file
	.short	2180                            @ DW_AT_decl_line
	.short	620                             @ DW_AT_data_member_location
	.byte	6                               @ Abbrev [6] 0x825:0xe DW_TAG_member
	.long	.Linfo_string141                @ DW_AT_name
	.long	1241                            @ DW_AT_type
	.byte	3                               @ DW_AT_decl_file
	.short	2181                            @ DW_AT_decl_line
	.short	624                             @ DW_AT_data_member_location
	.byte	6                               @ Abbrev [6] 0x833:0xe DW_TAG_member
	.long	.Linfo_string142                @ DW_AT_name
	.long	1241                            @ DW_AT_type
	.byte	3                               @ DW_AT_decl_file
	.short	2182                            @ DW_AT_decl_line
	.short	628                             @ DW_AT_data_member_location
	.byte	6                               @ Abbrev [6] 0x841:0xe DW_TAG_member
	.long	.Linfo_string143                @ DW_AT_name
	.long	1241                            @ DW_AT_type
	.byte	3                               @ DW_AT_decl_file
	.short	2183                            @ DW_AT_decl_line
	.short	632                             @ DW_AT_data_member_location
	.byte	6                               @ Abbrev [6] 0x84f:0xe DW_TAG_member
	.long	.Linfo_string144                @ DW_AT_name
	.long	1241                            @ DW_AT_type
	.byte	3                               @ DW_AT_decl_file
	.short	2184                            @ DW_AT_decl_line
	.short	636                             @ DW_AT_data_member_location
	.byte	6                               @ Abbrev [6] 0x85d:0xe DW_TAG_member
	.long	.Linfo_string145                @ DW_AT_name
	.long	1241                            @ DW_AT_type
	.byte	3                               @ DW_AT_decl_file
	.short	2185                            @ DW_AT_decl_line
	.short	640                             @ DW_AT_data_member_location
	.byte	6                               @ Abbrev [6] 0x86b:0xe DW_TAG_member
	.long	.Linfo_string146                @ DW_AT_name
	.long	1241                            @ DW_AT_type
	.byte	3                               @ DW_AT_decl_file
	.short	2186                            @ DW_AT_decl_line
	.short	644                             @ DW_AT_data_member_location
	.byte	6                               @ Abbrev [6] 0x879:0xe DW_TAG_member
	.long	.Linfo_string147                @ DW_AT_name
	.long	1241                            @ DW_AT_type
	.byte	3                               @ DW_AT_decl_file
	.short	2187                            @ DW_AT_decl_line
	.short	648                             @ DW_AT_data_member_location
	.byte	6                               @ Abbrev [6] 0x887:0xe DW_TAG_member
	.long	.Linfo_string148                @ DW_AT_name
	.long	1241                            @ DW_AT_type
	.byte	3                               @ DW_AT_decl_file
	.short	2188                            @ DW_AT_decl_line
	.short	652                             @ DW_AT_data_member_location
	.byte	6                               @ Abbrev [6] 0x895:0xe DW_TAG_member
	.long	.Linfo_string19                 @ DW_AT_name
	.long	1288                            @ DW_AT_type
	.byte	3                               @ DW_AT_decl_file
	.short	2189                            @ DW_AT_decl_line
	.short	656                             @ DW_AT_data_member_location
	.byte	6                               @ Abbrev [6] 0x8a3:0xe DW_TAG_member
	.long	.Linfo_string149                @ DW_AT_name
	.long	1241                            @ DW_AT_type
	.byte	3                               @ DW_AT_decl_file
	.short	2190                            @ DW_AT_decl_line
	.short	660                             @ DW_AT_data_member_location
	.byte	6                               @ Abbrev [6] 0x8b1:0xe DW_TAG_member
	.long	.Linfo_string150                @ DW_AT_name
	.long	1241                            @ DW_AT_type
	.byte	3                               @ DW_AT_decl_file
	.short	2191                            @ DW_AT_decl_line
	.short	664                             @ DW_AT_data_member_location
	.byte	6                               @ Abbrev [6] 0x8bf:0xe DW_TAG_member
	.long	.Linfo_string75                 @ DW_AT_name
	.long	1241                            @ DW_AT_type
	.byte	3                               @ DW_AT_decl_file
	.short	2192                            @ DW_AT_decl_line
	.short	668                             @ DW_AT_data_member_location
	.byte	6                               @ Abbrev [6] 0x8cd:0xe DW_TAG_member
	.long	.Linfo_string151                @ DW_AT_name
	.long	1241                            @ DW_AT_type
	.byte	3                               @ DW_AT_decl_file
	.short	2193                            @ DW_AT_decl_line
	.short	672                             @ DW_AT_data_member_location
	.byte	6                               @ Abbrev [6] 0x8db:0xe DW_TAG_member
	.long	.Linfo_string152                @ DW_AT_name
	.long	1241                            @ DW_AT_type
	.byte	3                               @ DW_AT_decl_file
	.short	2194                            @ DW_AT_decl_line
	.short	676                             @ DW_AT_data_member_location
	.byte	6                               @ Abbrev [6] 0x8e9:0xe DW_TAG_member
	.long	.Linfo_string153                @ DW_AT_name
	.long	1241                            @ DW_AT_type
	.byte	3                               @ DW_AT_decl_file
	.short	2195                            @ DW_AT_decl_line
	.short	680                             @ DW_AT_data_member_location
	.byte	6                               @ Abbrev [6] 0x8f7:0xe DW_TAG_member
	.long	.Linfo_string154                @ DW_AT_name
	.long	1241                            @ DW_AT_type
	.byte	3                               @ DW_AT_decl_file
	.short	2196                            @ DW_AT_decl_line
	.short	684                             @ DW_AT_data_member_location
	.byte	6                               @ Abbrev [6] 0x905:0xe DW_TAG_member
	.long	.Linfo_string155                @ DW_AT_name
	.long	1241                            @ DW_AT_type
	.byte	3                               @ DW_AT_decl_file
	.short	2197                            @ DW_AT_decl_line
	.short	688                             @ DW_AT_data_member_location
	.byte	6                               @ Abbrev [6] 0x913:0xe DW_TAG_member
	.long	.Linfo_string156                @ DW_AT_name
	.long	1241                            @ DW_AT_type
	.byte	3                               @ DW_AT_decl_file
	.short	2198                            @ DW_AT_decl_line
	.short	692                             @ DW_AT_data_member_location
	.byte	6                               @ Abbrev [6] 0x921:0xe DW_TAG_member
	.long	.Linfo_string157                @ DW_AT_name
	.long	1241                            @ DW_AT_type
	.byte	3                               @ DW_AT_decl_file
	.short	2199                            @ DW_AT_decl_line
	.short	696                             @ DW_AT_data_member_location
	.byte	6                               @ Abbrev [6] 0x92f:0xe DW_TAG_member
	.long	.Linfo_string158                @ DW_AT_name
	.long	1241                            @ DW_AT_type
	.byte	3                               @ DW_AT_decl_file
	.short	2200                            @ DW_AT_decl_line
	.short	700                             @ DW_AT_data_member_location
	.byte	6                               @ Abbrev [6] 0x93d:0xe DW_TAG_member
	.long	.Linfo_string159                @ DW_AT_name
	.long	1241                            @ DW_AT_type
	.byte	3                               @ DW_AT_decl_file
	.short	2201                            @ DW_AT_decl_line
	.short	704                             @ DW_AT_data_member_location
	.byte	6                               @ Abbrev [6] 0x94b:0xe DW_TAG_member
	.long	.Linfo_string21                 @ DW_AT_name
	.long	1312                            @ DW_AT_type
	.byte	3                               @ DW_AT_decl_file
	.short	2202                            @ DW_AT_decl_line
	.short	708                             @ DW_AT_data_member_location
	.byte	6                               @ Abbrev [6] 0x959:0xe DW_TAG_member
	.long	.Linfo_string160                @ DW_AT_name
	.long	1241                            @ DW_AT_type
	.byte	3                               @ DW_AT_decl_file
	.short	2203                            @ DW_AT_decl_line
	.short	716                             @ DW_AT_data_member_location
	.byte	6                               @ Abbrev [6] 0x967:0xe DW_TAG_member
	.long	.Linfo_string23                 @ DW_AT_name
	.long	1288                            @ DW_AT_type
	.byte	3                               @ DW_AT_decl_file
	.short	2204                            @ DW_AT_decl_line
	.short	720                             @ DW_AT_data_member_location
	.byte	6                               @ Abbrev [6] 0x975:0xe DW_TAG_member
	.long	.Linfo_string161                @ DW_AT_name
	.long	1241                            @ DW_AT_type
	.byte	3                               @ DW_AT_decl_file
	.short	2205                            @ DW_AT_decl_line
	.short	724                             @ DW_AT_data_member_location
	.byte	6                               @ Abbrev [6] 0x983:0xe DW_TAG_member
	.long	.Linfo_string162                @ DW_AT_name
	.long	1241                            @ DW_AT_type
	.byte	3                               @ DW_AT_decl_file
	.short	2206                            @ DW_AT_decl_line
	.short	728                             @ DW_AT_data_member_location
	.byte	6                               @ Abbrev [6] 0x991:0xe DW_TAG_member
	.long	.Linfo_string163                @ DW_AT_name
	.long	1241                            @ DW_AT_type
	.byte	3                               @ DW_AT_decl_file
	.short	2207                            @ DW_AT_decl_line
	.short	732                             @ DW_AT_data_member_location
	.byte	6                               @ Abbrev [6] 0x99f:0xe DW_TAG_member
	.long	.Linfo_string164                @ DW_AT_name
	.long	1241                            @ DW_AT_type
	.byte	3                               @ DW_AT_decl_file
	.short	2208                            @ DW_AT_decl_line
	.short	736                             @ DW_AT_data_member_location
	.byte	6                               @ Abbrev [6] 0x9ad:0xe DW_TAG_member
	.long	.Linfo_string165                @ DW_AT_name
	.long	1241                            @ DW_AT_type
	.byte	3                               @ DW_AT_decl_file
	.short	2209                            @ DW_AT_decl_line
	.short	740                             @ DW_AT_data_member_location
	.byte	6                               @ Abbrev [6] 0x9bb:0xe DW_TAG_member
	.long	.Linfo_string166                @ DW_AT_name
	.long	1241                            @ DW_AT_type
	.byte	3                               @ DW_AT_decl_file
	.short	2210                            @ DW_AT_decl_line
	.short	744                             @ DW_AT_data_member_location
	.byte	6                               @ Abbrev [6] 0x9c9:0xe DW_TAG_member
	.long	.Linfo_string167                @ DW_AT_name
	.long	1241                            @ DW_AT_type
	.byte	3                               @ DW_AT_decl_file
	.short	2211                            @ DW_AT_decl_line
	.short	748                             @ DW_AT_data_member_location
	.byte	6                               @ Abbrev [6] 0x9d7:0xe DW_TAG_member
	.long	.Linfo_string168                @ DW_AT_name
	.long	1241                            @ DW_AT_type
	.byte	3                               @ DW_AT_decl_file
	.short	2212                            @ DW_AT_decl_line
	.short	752                             @ DW_AT_data_member_location
	.byte	6                               @ Abbrev [6] 0x9e5:0xe DW_TAG_member
	.long	.Linfo_string169                @ DW_AT_name
	.long	1241                            @ DW_AT_type
	.byte	3                               @ DW_AT_decl_file
	.short	2213                            @ DW_AT_decl_line
	.short	756                             @ DW_AT_data_member_location
	.byte	6                               @ Abbrev [6] 0x9f3:0xe DW_TAG_member
	.long	.Linfo_string170                @ DW_AT_name
	.long	1241                            @ DW_AT_type
	.byte	3                               @ DW_AT_decl_file
	.short	2214                            @ DW_AT_decl_line
	.short	760                             @ DW_AT_data_member_location
	.byte	6                               @ Abbrev [6] 0xa01:0xe DW_TAG_member
	.long	.Linfo_string25                 @ DW_AT_name
	.long	3316                            @ DW_AT_type
	.byte	3                               @ DW_AT_decl_file
	.short	2215                            @ DW_AT_decl_line
	.short	764                             @ DW_AT_data_member_location
	.byte	6                               @ Abbrev [6] 0xa0f:0xe DW_TAG_member
	.long	.Linfo_string171                @ DW_AT_name
	.long	1241                            @ DW_AT_type
	.byte	3                               @ DW_AT_decl_file
	.short	2216                            @ DW_AT_decl_line
	.short	1024                            @ DW_AT_data_member_location
	.byte	6                               @ Abbrev [6] 0xa1d:0xe DW_TAG_member
	.long	.Linfo_string172                @ DW_AT_name
	.long	1241                            @ DW_AT_type
	.byte	3                               @ DW_AT_decl_file
	.short	2217                            @ DW_AT_decl_line
	.short	1028                            @ DW_AT_data_member_location
	.byte	6                               @ Abbrev [6] 0xa2b:0xe DW_TAG_member
	.long	.Linfo_string173                @ DW_AT_name
	.long	1241                            @ DW_AT_type
	.byte	3                               @ DW_AT_decl_file
	.short	2218                            @ DW_AT_decl_line
	.short	1032                            @ DW_AT_data_member_location
	.byte	6                               @ Abbrev [6] 0xa39:0xe DW_TAG_member
	.long	.Linfo_string174                @ DW_AT_name
	.long	1241                            @ DW_AT_type
	.byte	3                               @ DW_AT_decl_file
	.short	2219                            @ DW_AT_decl_line
	.short	1036                            @ DW_AT_data_member_location
	.byte	6                               @ Abbrev [6] 0xa47:0xe DW_TAG_member
	.long	.Linfo_string175                @ DW_AT_name
	.long	1241                            @ DW_AT_type
	.byte	3                               @ DW_AT_decl_file
	.short	2220                            @ DW_AT_decl_line
	.short	1040                            @ DW_AT_data_member_location
	.byte	6                               @ Abbrev [6] 0xa55:0xe DW_TAG_member
	.long	.Linfo_string176                @ DW_AT_name
	.long	1241                            @ DW_AT_type
	.byte	3                               @ DW_AT_decl_file
	.short	2221                            @ DW_AT_decl_line
	.short	1044                            @ DW_AT_data_member_location
	.byte	6                               @ Abbrev [6] 0xa63:0xe DW_TAG_member
	.long	.Linfo_string177                @ DW_AT_name
	.long	1241                            @ DW_AT_type
	.byte	3                               @ DW_AT_decl_file
	.short	2222                            @ DW_AT_decl_line
	.short	1048                            @ DW_AT_data_member_location
	.byte	6                               @ Abbrev [6] 0xa71:0xe DW_TAG_member
	.long	.Linfo_string178                @ DW_AT_name
	.long	1241                            @ DW_AT_type
	.byte	3                               @ DW_AT_decl_file
	.short	2223                            @ DW_AT_decl_line
	.short	1052                            @ DW_AT_data_member_location
	.byte	6                               @ Abbrev [6] 0xa7f:0xe DW_TAG_member
	.long	.Linfo_string179                @ DW_AT_name
	.long	1241                            @ DW_AT_type
	.byte	3                               @ DW_AT_decl_file
	.short	2224                            @ DW_AT_decl_line
	.short	1056                            @ DW_AT_data_member_location
	.byte	6                               @ Abbrev [6] 0xa8d:0xe DW_TAG_member
	.long	.Linfo_string180                @ DW_AT_name
	.long	1241                            @ DW_AT_type
	.byte	3                               @ DW_AT_decl_file
	.short	2225                            @ DW_AT_decl_line
	.short	1060                            @ DW_AT_data_member_location
	.byte	6                               @ Abbrev [6] 0xa9b:0xe DW_TAG_member
	.long	.Linfo_string181                @ DW_AT_name
	.long	1241                            @ DW_AT_type
	.byte	3                               @ DW_AT_decl_file
	.short	2226                            @ DW_AT_decl_line
	.short	1064                            @ DW_AT_data_member_location
	.byte	6                               @ Abbrev [6] 0xaa9:0xe DW_TAG_member
	.long	.Linfo_string182                @ DW_AT_name
	.long	1241                            @ DW_AT_type
	.byte	3                               @ DW_AT_decl_file
	.short	2227                            @ DW_AT_decl_line
	.short	1068                            @ DW_AT_data_member_location
	.byte	6                               @ Abbrev [6] 0xab7:0xe DW_TAG_member
	.long	.Linfo_string183                @ DW_AT_name
	.long	1241                            @ DW_AT_type
	.byte	3                               @ DW_AT_decl_file
	.short	2228                            @ DW_AT_decl_line
	.short	1072                            @ DW_AT_data_member_location
	.byte	6                               @ Abbrev [6] 0xac5:0xe DW_TAG_member
	.long	.Linfo_string184                @ DW_AT_name
	.long	1241                            @ DW_AT_type
	.byte	3                               @ DW_AT_decl_file
	.short	2229                            @ DW_AT_decl_line
	.short	1076                            @ DW_AT_data_member_location
	.byte	6                               @ Abbrev [6] 0xad3:0xe DW_TAG_member
	.long	.Linfo_string185                @ DW_AT_name
	.long	1241                            @ DW_AT_type
	.byte	3                               @ DW_AT_decl_file
	.short	2230                            @ DW_AT_decl_line
	.short	1080                            @ DW_AT_data_member_location
	.byte	6                               @ Abbrev [6] 0xae1:0xe DW_TAG_member
	.long	.Linfo_string186                @ DW_AT_name
	.long	1241                            @ DW_AT_type
	.byte	3                               @ DW_AT_decl_file
	.short	2231                            @ DW_AT_decl_line
	.short	1084                            @ DW_AT_data_member_location
	.byte	6                               @ Abbrev [6] 0xaef:0xe DW_TAG_member
	.long	.Linfo_string187                @ DW_AT_name
	.long	1241                            @ DW_AT_type
	.byte	3                               @ DW_AT_decl_file
	.short	2232                            @ DW_AT_decl_line
	.short	1088                            @ DW_AT_data_member_location
	.byte	6                               @ Abbrev [6] 0xafd:0xe DW_TAG_member
	.long	.Linfo_string188                @ DW_AT_name
	.long	1241                            @ DW_AT_type
	.byte	3                               @ DW_AT_decl_file
	.short	2233                            @ DW_AT_decl_line
	.short	1092                            @ DW_AT_data_member_location
	.byte	6                               @ Abbrev [6] 0xb0b:0xe DW_TAG_member
	.long	.Linfo_string189                @ DW_AT_name
	.long	1241                            @ DW_AT_type
	.byte	3                               @ DW_AT_decl_file
	.short	2234                            @ DW_AT_decl_line
	.short	1096                            @ DW_AT_data_member_location
	.byte	6                               @ Abbrev [6] 0xb19:0xe DW_TAG_member
	.long	.Linfo_string190                @ DW_AT_name
	.long	1241                            @ DW_AT_type
	.byte	3                               @ DW_AT_decl_file
	.short	2235                            @ DW_AT_decl_line
	.short	1100                            @ DW_AT_data_member_location
	.byte	6                               @ Abbrev [6] 0xb27:0xe DW_TAG_member
	.long	.Linfo_string191                @ DW_AT_name
	.long	1241                            @ DW_AT_type
	.byte	3                               @ DW_AT_decl_file
	.short	2236                            @ DW_AT_decl_line
	.short	1104                            @ DW_AT_data_member_location
	.byte	6                               @ Abbrev [6] 0xb35:0xe DW_TAG_member
	.long	.Linfo_string192                @ DW_AT_name
	.long	1241                            @ DW_AT_type
	.byte	3                               @ DW_AT_decl_file
	.short	2237                            @ DW_AT_decl_line
	.short	1108                            @ DW_AT_data_member_location
	.byte	6                               @ Abbrev [6] 0xb43:0xe DW_TAG_member
	.long	.Linfo_string193                @ DW_AT_name
	.long	1241                            @ DW_AT_type
	.byte	3                               @ DW_AT_decl_file
	.short	2238                            @ DW_AT_decl_line
	.short	1112                            @ DW_AT_data_member_location
	.byte	6                               @ Abbrev [6] 0xb51:0xe DW_TAG_member
	.long	.Linfo_string194                @ DW_AT_name
	.long	1241                            @ DW_AT_type
	.byte	3                               @ DW_AT_decl_file
	.short	2239                            @ DW_AT_decl_line
	.short	1116                            @ DW_AT_data_member_location
	.byte	6                               @ Abbrev [6] 0xb5f:0xe DW_TAG_member
	.long	.Linfo_string195                @ DW_AT_name
	.long	1241                            @ DW_AT_type
	.byte	3                               @ DW_AT_decl_file
	.short	2240                            @ DW_AT_decl_line
	.short	1120                            @ DW_AT_data_member_location
	.byte	6                               @ Abbrev [6] 0xb6d:0xe DW_TAG_member
	.long	.Linfo_string196                @ DW_AT_name
	.long	1241                            @ DW_AT_type
	.byte	3                               @ DW_AT_decl_file
	.short	2241                            @ DW_AT_decl_line
	.short	1124                            @ DW_AT_data_member_location
	.byte	6                               @ Abbrev [6] 0xb7b:0xe DW_TAG_member
	.long	.Linfo_string197                @ DW_AT_name
	.long	1241                            @ DW_AT_type
	.byte	3                               @ DW_AT_decl_file
	.short	2242                            @ DW_AT_decl_line
	.short	1128                            @ DW_AT_data_member_location
	.byte	6                               @ Abbrev [6] 0xb89:0xe DW_TAG_member
	.long	.Linfo_string198                @ DW_AT_name
	.long	1241                            @ DW_AT_type
	.byte	3                               @ DW_AT_decl_file
	.short	2243                            @ DW_AT_decl_line
	.short	1132                            @ DW_AT_data_member_location
	.byte	6                               @ Abbrev [6] 0xb97:0xe DW_TAG_member
	.long	.Linfo_string40                 @ DW_AT_name
	.long	1288                            @ DW_AT_type
	.byte	3                               @ DW_AT_decl_file
	.short	2244                            @ DW_AT_decl_line
	.short	1136                            @ DW_AT_data_member_location
	.byte	6                               @ Abbrev [6] 0xba5:0xe DW_TAG_member
	.long	.Linfo_string199                @ DW_AT_name
	.long	1241                            @ DW_AT_type
	.byte	3                               @ DW_AT_decl_file
	.short	2245                            @ DW_AT_decl_line
	.short	1140                            @ DW_AT_data_member_location
	.byte	6                               @ Abbrev [6] 0xbb3:0xe DW_TAG_member
	.long	.Linfo_string45                 @ DW_AT_name
	.long	1288                            @ DW_AT_type
	.byte	3                               @ DW_AT_decl_file
	.short	2246                            @ DW_AT_decl_line
	.short	1144                            @ DW_AT_data_member_location
	.byte	6                               @ Abbrev [6] 0xbc1:0xe DW_TAG_member
	.long	.Linfo_string200                @ DW_AT_name
	.long	1241                            @ DW_AT_type
	.byte	3                               @ DW_AT_decl_file
	.short	2247                            @ DW_AT_decl_line
	.short	1148                            @ DW_AT_data_member_location
	.byte	6                               @ Abbrev [6] 0xbcf:0xe DW_TAG_member
	.long	.Linfo_string51                 @ DW_AT_name
	.long	3328                            @ DW_AT_type
	.byte	3                               @ DW_AT_decl_file
	.short	2248                            @ DW_AT_decl_line
	.short	1152                            @ DW_AT_data_member_location
	.byte	6                               @ Abbrev [6] 0xbdd:0xe DW_TAG_member
	.long	.Linfo_string201                @ DW_AT_name
	.long	1241                            @ DW_AT_type
	.byte	3                               @ DW_AT_decl_file
	.short	2249                            @ DW_AT_decl_line
	.short	1280                            @ DW_AT_data_member_location
	.byte	6                               @ Abbrev [6] 0xbeb:0xe DW_TAG_member
	.long	.Linfo_string53                 @ DW_AT_name
	.long	1288                            @ DW_AT_type
	.byte	3                               @ DW_AT_decl_file
	.short	2250                            @ DW_AT_decl_line
	.short	1284                            @ DW_AT_data_member_location
	.byte	6                               @ Abbrev [6] 0xbf9:0xe DW_TAG_member
	.long	.Linfo_string202                @ DW_AT_name
	.long	1241                            @ DW_AT_type
	.byte	3                               @ DW_AT_decl_file
	.short	2251                            @ DW_AT_decl_line
	.short	1288                            @ DW_AT_data_member_location
	.byte	6                               @ Abbrev [6] 0xc07:0xe DW_TAG_member
	.long	.Linfo_string203                @ DW_AT_name
	.long	1241                            @ DW_AT_type
	.byte	3                               @ DW_AT_decl_file
	.short	2252                            @ DW_AT_decl_line
	.short	1292                            @ DW_AT_data_member_location
	.byte	6                               @ Abbrev [6] 0xc15:0xe DW_TAG_member
	.long	.Linfo_string204                @ DW_AT_name
	.long	1241                            @ DW_AT_type
	.byte	3                               @ DW_AT_decl_file
	.short	2253                            @ DW_AT_decl_line
	.short	1296                            @ DW_AT_data_member_location
	.byte	6                               @ Abbrev [6] 0xc23:0xe DW_TAG_member
	.long	.Linfo_string205                @ DW_AT_name
	.long	1241                            @ DW_AT_type
	.byte	3                               @ DW_AT_decl_file
	.short	2254                            @ DW_AT_decl_line
	.short	1300                            @ DW_AT_data_member_location
	.byte	6                               @ Abbrev [6] 0xc31:0xe DW_TAG_member
	.long	.Linfo_string206                @ DW_AT_name
	.long	1241                            @ DW_AT_type
	.byte	3                               @ DW_AT_decl_file
	.short	2255                            @ DW_AT_decl_line
	.short	1304                            @ DW_AT_data_member_location
	.byte	6                               @ Abbrev [6] 0xc3f:0xe DW_TAG_member
	.long	.Linfo_string207                @ DW_AT_name
	.long	1241                            @ DW_AT_type
	.byte	3                               @ DW_AT_decl_file
	.short	2256                            @ DW_AT_decl_line
	.short	1308                            @ DW_AT_data_member_location
	.byte	6                               @ Abbrev [6] 0xc4d:0xe DW_TAG_member
	.long	.Linfo_string208                @ DW_AT_name
	.long	1241                            @ DW_AT_type
	.byte	3                               @ DW_AT_decl_file
	.short	2257                            @ DW_AT_decl_line
	.short	1312                            @ DW_AT_data_member_location
	.byte	6                               @ Abbrev [6] 0xc5b:0xe DW_TAG_member
	.long	.Linfo_string209                @ DW_AT_name
	.long	1241                            @ DW_AT_type
	.byte	3                               @ DW_AT_decl_file
	.short	2258                            @ DW_AT_decl_line
	.short	1316                            @ DW_AT_data_member_location
	.byte	6                               @ Abbrev [6] 0xc69:0xe DW_TAG_member
	.long	.Linfo_string210                @ DW_AT_name
	.long	1241                            @ DW_AT_type
	.byte	3                               @ DW_AT_decl_file
	.short	2259                            @ DW_AT_decl_line
	.short	1320                            @ DW_AT_data_member_location
	.byte	6                               @ Abbrev [6] 0xc77:0xe DW_TAG_member
	.long	.Linfo_string211                @ DW_AT_name
	.long	1241                            @ DW_AT_type
	.byte	3                               @ DW_AT_decl_file
	.short	2260                            @ DW_AT_decl_line
	.short	1324                            @ DW_AT_data_member_location
	.byte	6                               @ Abbrev [6] 0xc85:0xe DW_TAG_member
	.long	.Linfo_string212                @ DW_AT_name
	.long	1241                            @ DW_AT_type
	.byte	3                               @ DW_AT_decl_file
	.short	2261                            @ DW_AT_decl_line
	.short	1328                            @ DW_AT_data_member_location
	.byte	6                               @ Abbrev [6] 0xc93:0xe DW_TAG_member
	.long	.Linfo_string213                @ DW_AT_name
	.long	1241                            @ DW_AT_type
	.byte	3                               @ DW_AT_decl_file
	.short	2262                            @ DW_AT_decl_line
	.short	1332                            @ DW_AT_data_member_location
	.byte	6                               @ Abbrev [6] 0xca1:0xe DW_TAG_member
	.long	.Linfo_string214                @ DW_AT_name
	.long	1241                            @ DW_AT_type
	.byte	3                               @ DW_AT_decl_file
	.short	2263                            @ DW_AT_decl_line
	.short	1336                            @ DW_AT_data_member_location
	.byte	6                               @ Abbrev [6] 0xcaf:0xe DW_TAG_member
	.long	.Linfo_string215                @ DW_AT_name
	.long	1241                            @ DW_AT_type
	.byte	3                               @ DW_AT_decl_file
	.short	2264                            @ DW_AT_decl_line
	.short	1340                            @ DW_AT_data_member_location
	.byte	6                               @ Abbrev [6] 0xcbd:0xe DW_TAG_member
	.long	.Linfo_string216                @ DW_AT_name
	.long	1241                            @ DW_AT_type
	.byte	3                               @ DW_AT_decl_file
	.short	2265                            @ DW_AT_decl_line
	.short	1344                            @ DW_AT_data_member_location
	.byte	6                               @ Abbrev [6] 0xccb:0xe DW_TAG_member
	.long	.Linfo_string217                @ DW_AT_name
	.long	1241                            @ DW_AT_type
	.byte	3                               @ DW_AT_decl_file
	.short	2266                            @ DW_AT_decl_line
	.short	1348                            @ DW_AT_data_member_location
	.byte	6                               @ Abbrev [6] 0xcd9:0xe DW_TAG_member
	.long	.Linfo_string218                @ DW_AT_name
	.long	1241                            @ DW_AT_type
	.byte	3                               @ DW_AT_decl_file
	.short	2267                            @ DW_AT_decl_line
	.short	1352                            @ DW_AT_data_member_location
	.byte	0                               @ End Of Children Mark
	.byte	10                              @ Abbrev [10] 0xce8:0xc DW_TAG_array_type
	.long	1276                            @ DW_AT_type
	.byte	11                              @ Abbrev [11] 0xced:0x6 DW_TAG_subrange_type
	.long	1281                            @ DW_AT_type
	.byte	110                             @ DW_AT_count
	.byte	0                               @ End Of Children Mark
	.byte	10                              @ Abbrev [10] 0xcf4:0xc DW_TAG_array_type
	.long	1276                            @ DW_AT_type
	.byte	11                              @ Abbrev [11] 0xcf9:0x6 DW_TAG_subrange_type
	.long	1281                            @ DW_AT_type
	.byte	65                              @ DW_AT_count
	.byte	0                               @ End Of Children Mark
	.byte	10                              @ Abbrev [10] 0xd00:0xc DW_TAG_array_type
	.long	1276                            @ DW_AT_type
	.byte	11                              @ Abbrev [11] 0xd05:0x6 DW_TAG_subrange_type
	.long	1281                            @ DW_AT_type
	.byte	32                              @ DW_AT_count
	.byte	0                               @ End Of Children Mark
	.byte	2                               @ Abbrev [2] 0xd0c:0x5 DW_TAG_pointer_type
	.long	3345                            @ DW_AT_type
	.byte	3                               @ Abbrev [3] 0xd11:0xc DW_TAG_typedef
	.long	3357                            @ DW_AT_type
	.long	.Linfo_string252                @ DW_AT_name
	.byte	4                               @ DW_AT_decl_file
	.short	466                             @ DW_AT_decl_line
	.byte	4                               @ Abbrev [4] 0xd1d:0x20c DW_TAG_structure_type
	.short	448                             @ DW_AT_byte_size
	.byte	4                               @ DW_AT_decl_file
	.byte	28                              @ DW_AT_decl_line
	.byte	5                               @ Abbrev [5] 0xd22:0xd DW_TAG_member
	.long	.Linfo_string220                @ DW_AT_name
	.long	1241                            @ DW_AT_type
	.byte	4                               @ DW_AT_decl_file
	.short	427                             @ DW_AT_decl_line
	.byte	0                               @ DW_AT_data_member_location
	.byte	5                               @ Abbrev [5] 0xd2f:0xd DW_TAG_member
	.long	.Linfo_string221                @ DW_AT_name
	.long	1241                            @ DW_AT_type
	.byte	4                               @ DW_AT_decl_file
	.short	428                             @ DW_AT_decl_line
	.byte	4                               @ DW_AT_data_member_location
	.byte	5                               @ Abbrev [5] 0xd3c:0xd DW_TAG_member
	.long	.Linfo_string222                @ DW_AT_name
	.long	1241                            @ DW_AT_type
	.byte	4                               @ DW_AT_decl_file
	.short	429                             @ DW_AT_decl_line
	.byte	8                               @ DW_AT_data_member_location
	.byte	5                               @ Abbrev [5] 0xd49:0xd DW_TAG_member
	.long	.Linfo_string223                @ DW_AT_name
	.long	1241                            @ DW_AT_type
	.byte	4                               @ DW_AT_decl_file
	.short	430                             @ DW_AT_decl_line
	.byte	12                              @ DW_AT_data_member_location
	.byte	5                               @ Abbrev [5] 0xd56:0xd DW_TAG_member
	.long	.Linfo_string224                @ DW_AT_name
	.long	1241                            @ DW_AT_type
	.byte	4                               @ DW_AT_decl_file
	.short	431                             @ DW_AT_decl_line
	.byte	16                              @ DW_AT_data_member_location
	.byte	5                               @ Abbrev [5] 0xd63:0xd DW_TAG_member
	.long	.Linfo_string15                 @ DW_AT_name
	.long	1264                            @ DW_AT_type
	.byte	4                               @ DW_AT_decl_file
	.short	432                             @ DW_AT_decl_line
	.byte	20                              @ DW_AT_data_member_location
	.byte	5                               @ Abbrev [5] 0xd70:0xd DW_TAG_member
	.long	.Linfo_string225                @ DW_AT_name
	.long	1241                            @ DW_AT_type
	.byte	4                               @ DW_AT_decl_file
	.short	433                             @ DW_AT_decl_line
	.byte	32                              @ DW_AT_data_member_location
	.byte	5                               @ Abbrev [5] 0xd7d:0xd DW_TAG_member
	.long	.Linfo_string226                @ DW_AT_name
	.long	1241                            @ DW_AT_type
	.byte	4                               @ DW_AT_decl_file
	.short	434                             @ DW_AT_decl_line
	.byte	36                              @ DW_AT_data_member_location
	.byte	5                               @ Abbrev [5] 0xd8a:0xd DW_TAG_member
	.long	.Linfo_string227                @ DW_AT_name
	.long	1241                            @ DW_AT_type
	.byte	4                               @ DW_AT_decl_file
	.short	435                             @ DW_AT_decl_line
	.byte	40                              @ DW_AT_data_member_location
	.byte	5                               @ Abbrev [5] 0xd97:0xd DW_TAG_member
	.long	.Linfo_string228                @ DW_AT_name
	.long	1241                            @ DW_AT_type
	.byte	4                               @ DW_AT_decl_file
	.short	436                             @ DW_AT_decl_line
	.byte	44                              @ DW_AT_data_member_location
	.byte	5                               @ Abbrev [5] 0xda4:0xd DW_TAG_member
	.long	.Linfo_string229                @ DW_AT_name
	.long	1241                            @ DW_AT_type
	.byte	4                               @ DW_AT_decl_file
	.short	437                             @ DW_AT_decl_line
	.byte	48                              @ DW_AT_data_member_location
	.byte	5                               @ Abbrev [5] 0xdb1:0xd DW_TAG_member
	.long	.Linfo_string230                @ DW_AT_name
	.long	1241                            @ DW_AT_type
	.byte	4                               @ DW_AT_decl_file
	.short	438                             @ DW_AT_decl_line
	.byte	52                              @ DW_AT_data_member_location
	.byte	5                               @ Abbrev [5] 0xdbe:0xd DW_TAG_member
	.long	.Linfo_string17                 @ DW_AT_name
	.long	1288                            @ DW_AT_type
	.byte	4                               @ DW_AT_decl_file
	.short	439                             @ DW_AT_decl_line
	.byte	56                              @ DW_AT_data_member_location
	.byte	5                               @ Abbrev [5] 0xdcb:0xd DW_TAG_member
	.long	.Linfo_string231                @ DW_AT_name
	.long	1241                            @ DW_AT_type
	.byte	4                               @ DW_AT_decl_file
	.short	440                             @ DW_AT_decl_line
	.byte	60                              @ DW_AT_data_member_location
	.byte	5                               @ Abbrev [5] 0xdd8:0xd DW_TAG_member
	.long	.Linfo_string232                @ DW_AT_name
	.long	1241                            @ DW_AT_type
	.byte	4                               @ DW_AT_decl_file
	.short	441                             @ DW_AT_decl_line
	.byte	64                              @ DW_AT_data_member_location
	.byte	5                               @ Abbrev [5] 0xde5:0xd DW_TAG_member
	.long	.Linfo_string233                @ DW_AT_name
	.long	1241                            @ DW_AT_type
	.byte	4                               @ DW_AT_decl_file
	.short	442                             @ DW_AT_decl_line
	.byte	68                              @ DW_AT_data_member_location
	.byte	5                               @ Abbrev [5] 0xdf2:0xd DW_TAG_member
	.long	.Linfo_string234                @ DW_AT_name
	.long	1241                            @ DW_AT_type
	.byte	4                               @ DW_AT_decl_file
	.short	443                             @ DW_AT_decl_line
	.byte	72                              @ DW_AT_data_member_location
	.byte	5                               @ Abbrev [5] 0xdff:0xd DW_TAG_member
	.long	.Linfo_string235                @ DW_AT_name
	.long	1241                            @ DW_AT_type
	.byte	4                               @ DW_AT_decl_file
	.short	444                             @ DW_AT_decl_line
	.byte	76                              @ DW_AT_data_member_location
	.byte	5                               @ Abbrev [5] 0xe0c:0xd DW_TAG_member
	.long	.Linfo_string236                @ DW_AT_name
	.long	1276                            @ DW_AT_type
	.byte	4                               @ DW_AT_decl_file
	.short	445                             @ DW_AT_decl_line
	.byte	80                              @ DW_AT_data_member_location
	.byte	5                               @ Abbrev [5] 0xe19:0xd DW_TAG_member
	.long	.Linfo_string237                @ DW_AT_name
	.long	1276                            @ DW_AT_type
	.byte	4                               @ DW_AT_decl_file
	.short	446                             @ DW_AT_decl_line
	.byte	84                              @ DW_AT_data_member_location
	.byte	5                               @ Abbrev [5] 0xe26:0xd DW_TAG_member
	.long	.Linfo_string238                @ DW_AT_name
	.long	1276                            @ DW_AT_type
	.byte	4                               @ DW_AT_decl_file
	.short	447                             @ DW_AT_decl_line
	.byte	88                              @ DW_AT_data_member_location
	.byte	5                               @ Abbrev [5] 0xe33:0xd DW_TAG_member
	.long	.Linfo_string239                @ DW_AT_name
	.long	1276                            @ DW_AT_type
	.byte	4                               @ DW_AT_decl_file
	.short	448                             @ DW_AT_decl_line
	.byte	92                              @ DW_AT_data_member_location
	.byte	5                               @ Abbrev [5] 0xe40:0xd DW_TAG_member
	.long	.Linfo_string240                @ DW_AT_name
	.long	1241                            @ DW_AT_type
	.byte	4                               @ DW_AT_decl_file
	.short	449                             @ DW_AT_decl_line
	.byte	96                              @ DW_AT_data_member_location
	.byte	5                               @ Abbrev [5] 0xe4d:0xd DW_TAG_member
	.long	.Linfo_string19                 @ DW_AT_name
	.long	3881                            @ DW_AT_type
	.byte	4                               @ DW_AT_decl_file
	.short	450                             @ DW_AT_decl_line
	.byte	100                             @ DW_AT_data_member_location
	.byte	5                               @ Abbrev [5] 0xe5a:0xd DW_TAG_member
	.long	.Linfo_string241                @ DW_AT_name
	.long	1241                            @ DW_AT_type
	.byte	4                               @ DW_AT_decl_file
	.short	451                             @ DW_AT_decl_line
	.byte	128                             @ DW_AT_data_member_location
	.byte	5                               @ Abbrev [5] 0xe67:0xd DW_TAG_member
	.long	.Linfo_string242                @ DW_AT_name
	.long	1241                            @ DW_AT_type
	.byte	4                               @ DW_AT_decl_file
	.short	452                             @ DW_AT_decl_line
	.byte	132                             @ DW_AT_data_member_location
	.byte	5                               @ Abbrev [5] 0xe74:0xd DW_TAG_member
	.long	.Linfo_string243                @ DW_AT_name
	.long	1241                            @ DW_AT_type
	.byte	4                               @ DW_AT_decl_file
	.short	453                             @ DW_AT_decl_line
	.byte	136                             @ DW_AT_data_member_location
	.byte	5                               @ Abbrev [5] 0xe81:0xd DW_TAG_member
	.long	.Linfo_string21                 @ DW_AT_name
	.long	3893                            @ DW_AT_type
	.byte	4                               @ DW_AT_decl_file
	.short	454                             @ DW_AT_decl_line
	.byte	140                             @ DW_AT_data_member_location
	.byte	6                               @ Abbrev [6] 0xe8e:0xe DW_TAG_member
	.long	.Linfo_string244                @ DW_AT_name
	.long	1241                            @ DW_AT_type
	.byte	4                               @ DW_AT_decl_file
	.short	455                             @ DW_AT_decl_line
	.short	256                             @ DW_AT_data_member_location
	.byte	6                               @ Abbrev [6] 0xe9c:0xe DW_TAG_member
	.long	.Linfo_string245                @ DW_AT_name
	.long	1241                            @ DW_AT_type
	.byte	4                               @ DW_AT_decl_file
	.short	456                             @ DW_AT_decl_line
	.short	260                             @ DW_AT_data_member_location
	.byte	6                               @ Abbrev [6] 0xeaa:0xe DW_TAG_member
	.long	.Linfo_string23                 @ DW_AT_name
	.long	1312                            @ DW_AT_type
	.byte	4                               @ DW_AT_decl_file
	.short	457                             @ DW_AT_decl_line
	.short	264                             @ DW_AT_data_member_location
	.byte	6                               @ Abbrev [6] 0xeb8:0xe DW_TAG_member
	.long	.Linfo_string246                @ DW_AT_name
	.long	1241                            @ DW_AT_type
	.byte	4                               @ DW_AT_decl_file
	.short	458                             @ DW_AT_decl_line
	.short	272                             @ DW_AT_data_member_location
	.byte	6                               @ Abbrev [6] 0xec6:0xe DW_TAG_member
	.long	.Linfo_string247                @ DW_AT_name
	.long	1276                            @ DW_AT_type
	.byte	4                               @ DW_AT_decl_file
	.short	459                             @ DW_AT_decl_line
	.short	276                             @ DW_AT_data_member_location
	.byte	6                               @ Abbrev [6] 0xed4:0xe DW_TAG_member
	.long	.Linfo_string25                 @ DW_AT_name
	.long	1312                            @ DW_AT_type
	.byte	4                               @ DW_AT_decl_file
	.short	460                             @ DW_AT_decl_line
	.short	280                             @ DW_AT_data_member_location
	.byte	6                               @ Abbrev [6] 0xee2:0xe DW_TAG_member
	.long	.Linfo_string248                @ DW_AT_name
	.long	1241                            @ DW_AT_type
	.byte	4                               @ DW_AT_decl_file
	.short	461                             @ DW_AT_decl_line
	.short	288                             @ DW_AT_data_member_location
	.byte	6                               @ Abbrev [6] 0xef0:0xe DW_TAG_member
	.long	.Linfo_string249                @ DW_AT_name
	.long	1276                            @ DW_AT_type
	.byte	4                               @ DW_AT_decl_file
	.short	462                             @ DW_AT_decl_line
	.short	292                             @ DW_AT_data_member_location
	.byte	6                               @ Abbrev [6] 0xefe:0xe DW_TAG_member
	.long	.Linfo_string40                 @ DW_AT_name
	.long	1336                            @ DW_AT_type
	.byte	4                               @ DW_AT_decl_file
	.short	463                             @ DW_AT_decl_line
	.short	296                             @ DW_AT_data_member_location
	.byte	6                               @ Abbrev [6] 0xf0c:0xe DW_TAG_member
	.long	.Linfo_string250                @ DW_AT_name
	.long	3905                            @ DW_AT_type
	.byte	4                               @ DW_AT_decl_file
	.short	464                             @ DW_AT_decl_line
	.short	320                             @ DW_AT_data_member_location
	.byte	6                               @ Abbrev [6] 0xf1a:0xe DW_TAG_member
	.long	.Linfo_string251                @ DW_AT_name
	.long	1412                            @ DW_AT_type
	.byte	4                               @ DW_AT_decl_file
	.short	465                             @ DW_AT_decl_line
	.short	384                             @ DW_AT_data_member_location
	.byte	0                               @ End Of Children Mark
	.byte	10                              @ Abbrev [10] 0xf29:0xc DW_TAG_array_type
	.long	1276                            @ DW_AT_type
	.byte	11                              @ Abbrev [11] 0xf2e:0x6 DW_TAG_subrange_type
	.long	1281                            @ DW_AT_type
	.byte	7                               @ DW_AT_count
	.byte	0                               @ End Of Children Mark
	.byte	10                              @ Abbrev [10] 0xf35:0xc DW_TAG_array_type
	.long	1276                            @ DW_AT_type
	.byte	11                              @ Abbrev [11] 0xf3a:0x6 DW_TAG_subrange_type
	.long	1281                            @ DW_AT_type
	.byte	29                              @ DW_AT_count
	.byte	0                               @ End Of Children Mark
	.byte	10                              @ Abbrev [10] 0xf41:0xc DW_TAG_array_type
	.long	1241                            @ DW_AT_type
	.byte	11                              @ Abbrev [11] 0xf46:0x6 DW_TAG_subrange_type
	.long	1281                            @ DW_AT_type
	.byte	16                              @ DW_AT_count
	.byte	0                               @ End Of Children Mark
	.byte	16                              @ Abbrev [16] 0xf4d:0xb1 DW_TAG_subprogram
	.long	.Lfunc_begin0                   @ DW_AT_low_pc
	.long	.Lfunc_end0-.Lfunc_begin0       @ DW_AT_high_pc
	.byte	1                               @ DW_AT_frame_base
	.byte	93
                                        @ DW_AT_GNU_all_call_sites
	.long	.Linfo_string253                @ DW_AT_name
	.byte	5                               @ DW_AT_decl_file
	.byte	35                              @ DW_AT_decl_line
                                        @ DW_AT_prototyped
	.long	1246                            @ DW_AT_type
                                        @ DW_AT_external
	.byte	17                              @ Abbrev [17] 0xf62:0xf DW_TAG_formal_parameter
	.long	.Ldebug_loc0                    @ DW_AT_location
	.long	.Linfo_string350                @ DW_AT_name
	.byte	5                               @ DW_AT_decl_file
	.byte	35                              @ DW_AT_decl_line
	.long	38                              @ DW_AT_type
	.byte	17                              @ Abbrev [17] 0xf71:0xf DW_TAG_formal_parameter
	.long	.Ldebug_loc1                    @ DW_AT_location
	.long	.Linfo_string351                @ DW_AT_name
	.byte	5                               @ DW_AT_decl_file
	.byte	35                              @ DW_AT_decl_line
	.long	1246                            @ DW_AT_type
	.byte	17                              @ Abbrev [17] 0xf80:0xf DW_TAG_formal_parameter
	.long	.Ldebug_loc2                    @ DW_AT_location
	.long	.Linfo_string352                @ DW_AT_name
	.byte	5                               @ DW_AT_decl_file
	.byte	35                              @ DW_AT_decl_line
	.long	1246                            @ DW_AT_type
	.byte	17                              @ Abbrev [17] 0xf8f:0xf DW_TAG_formal_parameter
	.long	.Ldebug_loc3                    @ DW_AT_location
	.long	.Linfo_string353                @ DW_AT_name
	.byte	5                               @ DW_AT_decl_file
	.byte	35                              @ DW_AT_decl_line
	.long	1246                            @ DW_AT_type
	.byte	18                              @ Abbrev [18] 0xf9e:0xe DW_TAG_variable
	.ascii	"\377\377\003"                  @ DW_AT_const_value
	.long	.Linfo_string354                @ DW_AT_name
	.byte	5                               @ DW_AT_decl_file
	.byte	40                              @ DW_AT_decl_line
	.long	1246                            @ DW_AT_type
	.byte	19                              @ Abbrev [19] 0xfac:0xf DW_TAG_variable
	.long	.Ldebug_loc4                    @ DW_AT_location
	.long	.Linfo_string355                @ DW_AT_name
	.byte	5                               @ DW_AT_decl_file
	.byte	40                              @ DW_AT_decl_line
	.long	1246                            @ DW_AT_type
	.byte	19                              @ Abbrev [19] 0xfbb:0xf DW_TAG_variable
	.long	.Ldebug_loc5                    @ DW_AT_location
	.long	.Linfo_string356                @ DW_AT_name
	.byte	5                               @ DW_AT_decl_file
	.byte	37                              @ DW_AT_decl_line
	.long	1246                            @ DW_AT_type
	.byte	19                              @ Abbrev [19] 0xfca:0xf DW_TAG_variable
	.long	.Ldebug_loc6                    @ DW_AT_location
	.long	.Linfo_string357                @ DW_AT_name
	.byte	5                               @ DW_AT_decl_file
	.byte	38                              @ DW_AT_decl_line
	.long	1246                            @ DW_AT_type
	.byte	19                              @ Abbrev [19] 0xfd9:0xf DW_TAG_variable
	.long	.Ldebug_loc8                    @ DW_AT_location
	.long	.Linfo_string359                @ DW_AT_name
	.byte	5                               @ DW_AT_decl_file
	.byte	39                              @ DW_AT_decl_line
	.long	1246                            @ DW_AT_type
	.byte	20                              @ Abbrev [20] 0xfe8:0x15 DW_TAG_lexical_block
	.long	.Ldebug_ranges0                 @ DW_AT_ranges
	.byte	19                              @ Abbrev [19] 0xfed:0xf DW_TAG_variable
	.long	.Ldebug_loc7                    @ DW_AT_location
	.long	.Linfo_string358                @ DW_AT_name
	.byte	5                               @ DW_AT_decl_file
	.byte	77                              @ DW_AT_decl_line
	.long	1246                            @ DW_AT_type
	.byte	0                               @ End Of Children Mark
	.byte	0                               @ End Of Children Mark
	.byte	16                              @ Abbrev [16] 0xffe:0x9d DW_TAG_subprogram
	.long	.Lfunc_begin1                   @ DW_AT_low_pc
	.long	.Lfunc_end1-.Lfunc_begin1       @ DW_AT_high_pc
	.byte	1                               @ DW_AT_frame_base
	.byte	93
                                        @ DW_AT_GNU_all_call_sites
	.long	.Linfo_string254                @ DW_AT_name
	.byte	5                               @ DW_AT_decl_file
	.byte	128                             @ DW_AT_decl_line
                                        @ DW_AT_prototyped
	.long	1246                            @ DW_AT_type
                                        @ DW_AT_external
	.byte	17                              @ Abbrev [17] 0x1013:0xf DW_TAG_formal_parameter
	.long	.Ldebug_loc9                    @ DW_AT_location
	.long	.Linfo_string350                @ DW_AT_name
	.byte	5                               @ DW_AT_decl_file
	.byte	128                             @ DW_AT_decl_line
	.long	38                              @ DW_AT_type
	.byte	17                              @ Abbrev [17] 0x1022:0xf DW_TAG_formal_parameter
	.long	.Ldebug_loc10                   @ DW_AT_location
	.long	.Linfo_string351                @ DW_AT_name
	.byte	5                               @ DW_AT_decl_file
	.byte	128                             @ DW_AT_decl_line
	.long	1246                            @ DW_AT_type
	.byte	17                              @ Abbrev [17] 0x1031:0xf DW_TAG_formal_parameter
	.long	.Ldebug_loc11                   @ DW_AT_location
	.long	.Linfo_string360                @ DW_AT_name
	.byte	5                               @ DW_AT_decl_file
	.byte	128                             @ DW_AT_decl_line
	.long	1246                            @ DW_AT_type
	.byte	17                              @ Abbrev [17] 0x1040:0xf DW_TAG_formal_parameter
	.long	.Ldebug_loc12                   @ DW_AT_location
	.long	.Linfo_string361                @ DW_AT_name
	.byte	5                               @ DW_AT_decl_file
	.byte	128                             @ DW_AT_decl_line
	.long	1246                            @ DW_AT_type
	.byte	19                              @ Abbrev [19] 0x104f:0xf DW_TAG_variable
	.long	.Ldebug_loc13                   @ DW_AT_location
	.long	.Linfo_string362                @ DW_AT_name
	.byte	5                               @ DW_AT_decl_file
	.byte	133                             @ DW_AT_decl_line
	.long	1246                            @ DW_AT_type
	.byte	19                              @ Abbrev [19] 0x105e:0xf DW_TAG_variable
	.long	.Ldebug_loc14                   @ DW_AT_location
	.long	.Linfo_string363                @ DW_AT_name
	.byte	5                               @ DW_AT_decl_file
	.byte	133                             @ DW_AT_decl_line
	.long	1246                            @ DW_AT_type
	.byte	19                              @ Abbrev [19] 0x106d:0xf DW_TAG_variable
	.long	.Ldebug_loc15                   @ DW_AT_location
	.long	.Linfo_string356                @ DW_AT_name
	.byte	5                               @ DW_AT_decl_file
	.byte	130                             @ DW_AT_decl_line
	.long	1246                            @ DW_AT_type
	.byte	19                              @ Abbrev [19] 0x107c:0xf DW_TAG_variable
	.long	.Ldebug_loc16                   @ DW_AT_location
	.long	.Linfo_string357                @ DW_AT_name
	.byte	5                               @ DW_AT_decl_file
	.byte	131                             @ DW_AT_decl_line
	.long	1246                            @ DW_AT_type
	.byte	19                              @ Abbrev [19] 0x108b:0xf DW_TAG_variable
	.long	.Ldebug_loc17                   @ DW_AT_location
	.long	.Linfo_string364                @ DW_AT_name
	.byte	5                               @ DW_AT_decl_file
	.byte	132                             @ DW_AT_decl_line
	.long	1246                            @ DW_AT_type
	.byte	0                               @ End Of Children Mark
	.byte	21                              @ Abbrev [21] 0x109b:0x2e DW_TAG_subprogram
	.long	.Lfunc_begin2                   @ DW_AT_low_pc
	.long	.Lfunc_end2-.Lfunc_begin2       @ DW_AT_high_pc
	.byte	1                               @ DW_AT_frame_base
	.byte	93
                                        @ DW_AT_GNU_all_call_sites
	.long	.Linfo_string255                @ DW_AT_name
	.byte	5                               @ DW_AT_decl_file
	.byte	209                             @ DW_AT_decl_line
                                        @ DW_AT_prototyped
                                        @ DW_AT_external
	.byte	22                              @ Abbrev [22] 0x10ac:0xd DW_TAG_formal_parameter
	.byte	1                               @ DW_AT_location
	.byte	80
	.long	.Linfo_string350                @ DW_AT_name
	.byte	5                               @ DW_AT_decl_file
	.byte	209                             @ DW_AT_decl_line
	.long	38                              @ DW_AT_type
	.byte	17                              @ Abbrev [17] 0x10b9:0xf DW_TAG_formal_parameter
	.long	.Ldebug_loc18                   @ DW_AT_location
	.long	.Linfo_string365                @ DW_AT_name
	.byte	5                               @ DW_AT_decl_file
	.byte	209                             @ DW_AT_decl_line
	.long	1246                            @ DW_AT_type
	.byte	0                               @ End Of Children Mark
	.byte	21                              @ Abbrev [21] 0x10c9:0x3d DW_TAG_subprogram
	.long	.Lfunc_begin3                   @ DW_AT_low_pc
	.long	.Lfunc_end3-.Lfunc_begin3       @ DW_AT_high_pc
	.byte	1                               @ DW_AT_frame_base
	.byte	93
                                        @ DW_AT_GNU_all_call_sites
	.long	.Linfo_string256                @ DW_AT_name
	.byte	5                               @ DW_AT_decl_file
	.byte	224                             @ DW_AT_decl_line
                                        @ DW_AT_prototyped
                                        @ DW_AT_external
	.byte	22                              @ Abbrev [22] 0x10da:0xd DW_TAG_formal_parameter
	.byte	1                               @ DW_AT_location
	.byte	80
	.long	.Linfo_string350                @ DW_AT_name
	.byte	5                               @ DW_AT_decl_file
	.byte	224                             @ DW_AT_decl_line
	.long	38                              @ DW_AT_type
	.byte	17                              @ Abbrev [17] 0x10e7:0xf DW_TAG_formal_parameter
	.long	.Ldebug_loc19                   @ DW_AT_location
	.long	.Linfo_string365                @ DW_AT_name
	.byte	5                               @ DW_AT_decl_file
	.byte	224                             @ DW_AT_decl_line
	.long	1246                            @ DW_AT_type
	.byte	19                              @ Abbrev [19] 0x10f6:0xf DW_TAG_variable
	.long	.Ldebug_loc20                   @ DW_AT_location
	.long	.Linfo_string364                @ DW_AT_name
	.byte	5                               @ DW_AT_decl_file
	.byte	226                             @ DW_AT_decl_line
	.long	1246                            @ DW_AT_type
	.byte	0                               @ End Of Children Mark
	.byte	21                              @ Abbrev [21] 0x1106:0x2e DW_TAG_subprogram
	.long	.Lfunc_begin4                   @ DW_AT_low_pc
	.long	.Lfunc_end4-.Lfunc_begin4       @ DW_AT_high_pc
	.byte	1                               @ DW_AT_frame_base
	.byte	93
                                        @ DW_AT_GNU_all_call_sites
	.long	.Linfo_string257                @ DW_AT_name
	.byte	5                               @ DW_AT_decl_file
	.byte	247                             @ DW_AT_decl_line
                                        @ DW_AT_prototyped
                                        @ DW_AT_external
	.byte	22                              @ Abbrev [22] 0x1117:0xd DW_TAG_formal_parameter
	.byte	1                               @ DW_AT_location
	.byte	80
	.long	.Linfo_string350                @ DW_AT_name
	.byte	5                               @ DW_AT_decl_file
	.byte	247                             @ DW_AT_decl_line
	.long	38                              @ DW_AT_type
	.byte	17                              @ Abbrev [17] 0x1124:0xf DW_TAG_formal_parameter
	.long	.Ldebug_loc21                   @ DW_AT_location
	.long	.Linfo_string365                @ DW_AT_name
	.byte	5                               @ DW_AT_decl_file
	.byte	247                             @ DW_AT_decl_line
	.long	1246                            @ DW_AT_type
	.byte	0                               @ End Of Children Mark
	.byte	23                              @ Abbrev [23] 0x1134:0x41 DW_TAG_subprogram
	.long	.Lfunc_begin5                   @ DW_AT_low_pc
	.long	.Lfunc_end5-.Lfunc_begin5       @ DW_AT_high_pc
	.byte	1                               @ DW_AT_frame_base
	.byte	93
                                        @ DW_AT_GNU_all_call_sites
	.long	.Linfo_string258                @ DW_AT_name
	.byte	5                               @ DW_AT_decl_file
	.short	280                             @ DW_AT_decl_line
                                        @ DW_AT_prototyped
                                        @ DW_AT_external
	.byte	24                              @ Abbrev [24] 0x1146:0xe DW_TAG_formal_parameter
	.byte	1                               @ DW_AT_location
	.byte	80
	.long	.Linfo_string350                @ DW_AT_name
	.byte	5                               @ DW_AT_decl_file
	.short	280                             @ DW_AT_decl_line
	.long	38                              @ DW_AT_type
	.byte	25                              @ Abbrev [25] 0x1154:0x10 DW_TAG_formal_parameter
	.long	.Ldebug_loc22                   @ DW_AT_location
	.long	.Linfo_string351                @ DW_AT_name
	.byte	5                               @ DW_AT_decl_file
	.short	280                             @ DW_AT_decl_line
	.long	1246                            @ DW_AT_type
	.byte	25                              @ Abbrev [25] 0x1164:0x10 DW_TAG_formal_parameter
	.long	.Ldebug_loc23                   @ DW_AT_location
	.long	.Linfo_string366                @ DW_AT_name
	.byte	5                               @ DW_AT_decl_file
	.short	280                             @ DW_AT_decl_line
	.long	1246                            @ DW_AT_type
	.byte	0                               @ End Of Children Mark
	.byte	23                              @ Abbrev [23] 0x1175:0x31 DW_TAG_subprogram
	.long	.Lfunc_begin6                   @ DW_AT_low_pc
	.long	.Lfunc_end6-.Lfunc_begin6       @ DW_AT_high_pc
	.byte	1                               @ DW_AT_frame_base
	.byte	93
                                        @ DW_AT_GNU_all_call_sites
	.long	.Linfo_string259                @ DW_AT_name
	.byte	5                               @ DW_AT_decl_file
	.short	303                             @ DW_AT_decl_line
                                        @ DW_AT_prototyped
                                        @ DW_AT_external
	.byte	24                              @ Abbrev [24] 0x1187:0xe DW_TAG_formal_parameter
	.byte	1                               @ DW_AT_location
	.byte	80
	.long	.Linfo_string350                @ DW_AT_name
	.byte	5                               @ DW_AT_decl_file
	.short	303                             @ DW_AT_decl_line
	.long	38                              @ DW_AT_type
	.byte	25                              @ Abbrev [25] 0x1195:0x10 DW_TAG_formal_parameter
	.long	.Ldebug_loc24                   @ DW_AT_location
	.long	.Linfo_string351                @ DW_AT_name
	.byte	5                               @ DW_AT_decl_file
	.short	303                             @ DW_AT_decl_line
	.long	1246                            @ DW_AT_type
	.byte	0                               @ End Of Children Mark
	.byte	26                              @ Abbrev [26] 0x11a6:0x55 DW_TAG_subprogram
	.long	.Lfunc_begin7                   @ DW_AT_low_pc
	.long	.Lfunc_end7-.Lfunc_begin7       @ DW_AT_high_pc
	.byte	1                               @ DW_AT_frame_base
	.byte	93
                                        @ DW_AT_GNU_all_call_sites
	.long	.Linfo_string260                @ DW_AT_name
	.byte	5                               @ DW_AT_decl_file
	.short	329                             @ DW_AT_decl_line
                                        @ DW_AT_prototyped
	.long	9544                            @ DW_AT_type
                                        @ DW_AT_external
	.byte	25                              @ Abbrev [25] 0x11bc:0x10 DW_TAG_formal_parameter
	.long	.Ldebug_loc25                   @ DW_AT_location
	.long	.Linfo_string350                @ DW_AT_name
	.byte	5                               @ DW_AT_decl_file
	.short	329                             @ DW_AT_decl_line
	.long	38                              @ DW_AT_type
	.byte	25                              @ Abbrev [25] 0x11cc:0x10 DW_TAG_formal_parameter
	.long	.Ldebug_loc26                   @ DW_AT_location
	.long	.Linfo_string351                @ DW_AT_name
	.byte	5                               @ DW_AT_decl_file
	.short	329                             @ DW_AT_decl_line
	.long	1246                            @ DW_AT_type
	.byte	25                              @ Abbrev [25] 0x11dc:0x10 DW_TAG_formal_parameter
	.long	.Ldebug_loc27                   @ DW_AT_location
	.long	.Linfo_string363                @ DW_AT_name
	.byte	5                               @ DW_AT_decl_file
	.short	329                             @ DW_AT_decl_line
	.long	1246                            @ DW_AT_type
	.byte	24                              @ Abbrev [24] 0x11ec:0xe DW_TAG_formal_parameter
	.byte	1                               @ DW_AT_location
	.byte	83
	.long	.Linfo_string367                @ DW_AT_name
	.byte	5                               @ DW_AT_decl_file
	.short	329                             @ DW_AT_decl_line
	.long	1246                            @ DW_AT_type
	.byte	0                               @ End Of Children Mark
	.byte	23                              @ Abbrev [23] 0x11fb:0x31 DW_TAG_subprogram
	.long	.Lfunc_begin8                   @ DW_AT_low_pc
	.long	.Lfunc_end8-.Lfunc_begin8       @ DW_AT_high_pc
	.byte	1                               @ DW_AT_frame_base
	.byte	93
                                        @ DW_AT_GNU_all_call_sites
	.long	.Linfo_string263                @ DW_AT_name
	.byte	5                               @ DW_AT_decl_file
	.short	364                             @ DW_AT_decl_line
                                        @ DW_AT_prototyped
                                        @ DW_AT_external
	.byte	24                              @ Abbrev [24] 0x120d:0xe DW_TAG_formal_parameter
	.byte	1                               @ DW_AT_location
	.byte	80
	.long	.Linfo_string350                @ DW_AT_name
	.byte	5                               @ DW_AT_decl_file
	.short	364                             @ DW_AT_decl_line
	.long	38                              @ DW_AT_type
	.byte	25                              @ Abbrev [25] 0x121b:0x10 DW_TAG_formal_parameter
	.long	.Ldebug_loc28                   @ DW_AT_location
	.long	.Linfo_string351                @ DW_AT_name
	.byte	5                               @ DW_AT_decl_file
	.short	364                             @ DW_AT_decl_line
	.long	1246                            @ DW_AT_type
	.byte	0                               @ End Of Children Mark
	.byte	23                              @ Abbrev [23] 0x122c:0x41 DW_TAG_subprogram
	.long	.Lfunc_begin9                   @ DW_AT_low_pc
	.long	.Lfunc_end9-.Lfunc_begin9       @ DW_AT_high_pc
	.byte	1                               @ DW_AT_frame_base
	.byte	93
                                        @ DW_AT_GNU_all_call_sites
	.long	.Linfo_string264                @ DW_AT_name
	.byte	5                               @ DW_AT_decl_file
	.short	379                             @ DW_AT_decl_line
                                        @ DW_AT_prototyped
                                        @ DW_AT_external
	.byte	24                              @ Abbrev [24] 0x123e:0xe DW_TAG_formal_parameter
	.byte	1                               @ DW_AT_location
	.byte	80
	.long	.Linfo_string350                @ DW_AT_name
	.byte	5                               @ DW_AT_decl_file
	.short	379                             @ DW_AT_decl_line
	.long	38                              @ DW_AT_type
	.byte	25                              @ Abbrev [25] 0x124c:0x10 DW_TAG_formal_parameter
	.long	.Ldebug_loc29                   @ DW_AT_location
	.long	.Linfo_string351                @ DW_AT_name
	.byte	5                               @ DW_AT_decl_file
	.short	379                             @ DW_AT_decl_line
	.long	1246                            @ DW_AT_type
	.byte	25                              @ Abbrev [25] 0x125c:0x10 DW_TAG_formal_parameter
	.long	.Ldebug_loc30                   @ DW_AT_location
	.long	.Linfo_string366                @ DW_AT_name
	.byte	5                               @ DW_AT_decl_file
	.short	379                             @ DW_AT_decl_line
	.long	1246                            @ DW_AT_type
	.byte	0                               @ End Of Children Mark
	.byte	26                              @ Abbrev [26] 0x126d:0x35 DW_TAG_subprogram
	.long	.Lfunc_begin10                  @ DW_AT_low_pc
	.long	.Lfunc_end10-.Lfunc_begin10     @ DW_AT_high_pc
	.byte	1                               @ DW_AT_frame_base
	.byte	93
                                        @ DW_AT_GNU_all_call_sites
	.long	.Linfo_string265                @ DW_AT_name
	.byte	5                               @ DW_AT_decl_file
	.short	396                             @ DW_AT_decl_line
                                        @ DW_AT_prototyped
	.long	1246                            @ DW_AT_type
                                        @ DW_AT_external
	.byte	25                              @ Abbrev [25] 0x1283:0x10 DW_TAG_formal_parameter
	.long	.Ldebug_loc31                   @ DW_AT_location
	.long	.Linfo_string350                @ DW_AT_name
	.byte	5                               @ DW_AT_decl_file
	.short	396                             @ DW_AT_decl_line
	.long	38                              @ DW_AT_type
	.byte	24                              @ Abbrev [24] 0x1293:0xe DW_TAG_formal_parameter
	.byte	1                               @ DW_AT_location
	.byte	81
	.long	.Linfo_string351                @ DW_AT_name
	.byte	5                               @ DW_AT_decl_file
	.short	396                             @ DW_AT_decl_line
	.long	1246                            @ DW_AT_type
	.byte	0                               @ End Of Children Mark
	.byte	23                              @ Abbrev [23] 0x12a2:0x3f DW_TAG_subprogram
	.long	.Lfunc_begin11                  @ DW_AT_low_pc
	.long	.Lfunc_end11-.Lfunc_begin11     @ DW_AT_high_pc
	.byte	1                               @ DW_AT_frame_base
	.byte	93
                                        @ DW_AT_GNU_all_call_sites
	.long	.Linfo_string266                @ DW_AT_name
	.byte	5                               @ DW_AT_decl_file
	.short	415                             @ DW_AT_decl_line
                                        @ DW_AT_prototyped
                                        @ DW_AT_external
	.byte	24                              @ Abbrev [24] 0x12b4:0xe DW_TAG_formal_parameter
	.byte	1                               @ DW_AT_location
	.byte	80
	.long	.Linfo_string350                @ DW_AT_name
	.byte	5                               @ DW_AT_decl_file
	.short	415                             @ DW_AT_decl_line
	.long	38                              @ DW_AT_type
	.byte	25                              @ Abbrev [25] 0x12c2:0x10 DW_TAG_formal_parameter
	.long	.Ldebug_loc32                   @ DW_AT_location
	.long	.Linfo_string351                @ DW_AT_name
	.byte	5                               @ DW_AT_decl_file
	.short	415                             @ DW_AT_decl_line
	.long	1246                            @ DW_AT_type
	.byte	24                              @ Abbrev [24] 0x12d2:0xe DW_TAG_formal_parameter
	.byte	1                               @ DW_AT_location
	.byte	82
	.long	.Linfo_string366                @ DW_AT_name
	.byte	5                               @ DW_AT_decl_file
	.short	415                             @ DW_AT_decl_line
	.long	1246                            @ DW_AT_type
	.byte	0                               @ End Of Children Mark
	.byte	23                              @ Abbrev [23] 0x12e1:0x31 DW_TAG_subprogram
	.long	.Lfunc_begin12                  @ DW_AT_low_pc
	.long	.Lfunc_end12-.Lfunc_begin12     @ DW_AT_high_pc
	.byte	1                               @ DW_AT_frame_base
	.byte	93
                                        @ DW_AT_GNU_all_call_sites
	.long	.Linfo_string267                @ DW_AT_name
	.byte	5                               @ DW_AT_decl_file
	.short	429                             @ DW_AT_decl_line
                                        @ DW_AT_prototyped
                                        @ DW_AT_external
	.byte	24                              @ Abbrev [24] 0x12f3:0xe DW_TAG_formal_parameter
	.byte	1                               @ DW_AT_location
	.byte	80
	.long	.Linfo_string350                @ DW_AT_name
	.byte	5                               @ DW_AT_decl_file
	.short	429                             @ DW_AT_decl_line
	.long	38                              @ DW_AT_type
	.byte	25                              @ Abbrev [25] 0x1301:0x10 DW_TAG_formal_parameter
	.long	.Ldebug_loc33                   @ DW_AT_location
	.long	.Linfo_string351                @ DW_AT_name
	.byte	5                               @ DW_AT_decl_file
	.short	429                             @ DW_AT_decl_line
	.long	1246                            @ DW_AT_type
	.byte	0                               @ End Of Children Mark
	.byte	23                              @ Abbrev [23] 0x1312:0x3f DW_TAG_subprogram
	.long	.Lfunc_begin13                  @ DW_AT_low_pc
	.long	.Lfunc_end13-.Lfunc_begin13     @ DW_AT_high_pc
	.byte	1                               @ DW_AT_frame_base
	.byte	93
                                        @ DW_AT_GNU_all_call_sites
	.long	.Linfo_string268                @ DW_AT_name
	.byte	5                               @ DW_AT_decl_file
	.short	445                             @ DW_AT_decl_line
                                        @ DW_AT_prototyped
                                        @ DW_AT_external
	.byte	24                              @ Abbrev [24] 0x1324:0xe DW_TAG_formal_parameter
	.byte	1                               @ DW_AT_location
	.byte	80
	.long	.Linfo_string350                @ DW_AT_name
	.byte	5                               @ DW_AT_decl_file
	.short	445                             @ DW_AT_decl_line
	.long	38                              @ DW_AT_type
	.byte	25                              @ Abbrev [25] 0x1332:0x10 DW_TAG_formal_parameter
	.long	.Ldebug_loc34                   @ DW_AT_location
	.long	.Linfo_string351                @ DW_AT_name
	.byte	5                               @ DW_AT_decl_file
	.short	445                             @ DW_AT_decl_line
	.long	1246                            @ DW_AT_type
	.byte	24                              @ Abbrev [24] 0x1342:0xe DW_TAG_formal_parameter
	.byte	1                               @ DW_AT_location
	.byte	82
	.long	.Linfo_string366                @ DW_AT_name
	.byte	5                               @ DW_AT_decl_file
	.short	445                             @ DW_AT_decl_line
	.long	1246                            @ DW_AT_type
	.byte	0                               @ End Of Children Mark
	.byte	26                              @ Abbrev [26] 0x1351:0x35 DW_TAG_subprogram
	.long	.Lfunc_begin14                  @ DW_AT_low_pc
	.long	.Lfunc_end14-.Lfunc_begin14     @ DW_AT_high_pc
	.byte	1                               @ DW_AT_frame_base
	.byte	93
                                        @ DW_AT_GNU_all_call_sites
	.long	.Linfo_string269                @ DW_AT_name
	.byte	5                               @ DW_AT_decl_file
	.short	463                             @ DW_AT_decl_line
                                        @ DW_AT_prototyped
	.long	1246                            @ DW_AT_type
                                        @ DW_AT_external
	.byte	25                              @ Abbrev [25] 0x1367:0x10 DW_TAG_formal_parameter
	.long	.Ldebug_loc35                   @ DW_AT_location
	.long	.Linfo_string350                @ DW_AT_name
	.byte	5                               @ DW_AT_decl_file
	.short	463                             @ DW_AT_decl_line
	.long	38                              @ DW_AT_type
	.byte	24                              @ Abbrev [24] 0x1377:0xe DW_TAG_formal_parameter
	.byte	1                               @ DW_AT_location
	.byte	81
	.long	.Linfo_string351                @ DW_AT_name
	.byte	5                               @ DW_AT_decl_file
	.short	463                             @ DW_AT_decl_line
	.long	1246                            @ DW_AT_type
	.byte	0                               @ End Of Children Mark
	.byte	23                              @ Abbrev [23] 0x1386:0x61 DW_TAG_subprogram
	.long	.Lfunc_begin15                  @ DW_AT_low_pc
	.long	.Lfunc_end15-.Lfunc_begin15     @ DW_AT_high_pc
	.byte	1                               @ DW_AT_frame_base
	.byte	93
                                        @ DW_AT_GNU_all_call_sites
	.long	.Linfo_string270                @ DW_AT_name
	.byte	5                               @ DW_AT_decl_file
	.short	507                             @ DW_AT_decl_line
                                        @ DW_AT_prototyped
                                        @ DW_AT_external
	.byte	24                              @ Abbrev [24] 0x1398:0xe DW_TAG_formal_parameter
	.byte	1                               @ DW_AT_location
	.byte	80
	.long	.Linfo_string350                @ DW_AT_name
	.byte	5                               @ DW_AT_decl_file
	.short	507                             @ DW_AT_decl_line
	.long	38                              @ DW_AT_type
	.byte	25                              @ Abbrev [25] 0x13a6:0x10 DW_TAG_formal_parameter
	.long	.Ldebug_loc36                   @ DW_AT_location
	.long	.Linfo_string365                @ DW_AT_name
	.byte	5                               @ DW_AT_decl_file
	.short	507                             @ DW_AT_decl_line
	.long	1246                            @ DW_AT_type
	.byte	25                              @ Abbrev [25] 0x13b6:0x10 DW_TAG_formal_parameter
	.long	.Ldebug_loc37                   @ DW_AT_location
	.long	.Linfo_string368                @ DW_AT_name
	.byte	5                               @ DW_AT_decl_file
	.short	507                             @ DW_AT_decl_line
	.long	1246                            @ DW_AT_type
	.byte	25                              @ Abbrev [25] 0x13c6:0x10 DW_TAG_formal_parameter
	.long	.Ldebug_loc38                   @ DW_AT_location
	.long	.Linfo_string369                @ DW_AT_name
	.byte	5                               @ DW_AT_decl_file
	.short	507                             @ DW_AT_decl_line
	.long	1246                            @ DW_AT_type
	.byte	27                              @ Abbrev [27] 0x13d6:0x10 DW_TAG_variable
	.long	.Ldebug_loc39                   @ DW_AT_location
	.long	.Linfo_string364                @ DW_AT_name
	.byte	5                               @ DW_AT_decl_file
	.short	509                             @ DW_AT_decl_line
	.long	1246                            @ DW_AT_type
	.byte	0                               @ End Of Children Mark
	.byte	23                              @ Abbrev [23] 0x13e7:0x31 DW_TAG_subprogram
	.long	.Lfunc_begin16                  @ DW_AT_low_pc
	.long	.Lfunc_end16-.Lfunc_begin16     @ DW_AT_high_pc
	.byte	1                               @ DW_AT_frame_base
	.byte	93
                                        @ DW_AT_GNU_all_call_sites
	.long	.Linfo_string271                @ DW_AT_name
	.byte	5                               @ DW_AT_decl_file
	.short	572                             @ DW_AT_decl_line
                                        @ DW_AT_prototyped
                                        @ DW_AT_external
	.byte	24                              @ Abbrev [24] 0x13f9:0xe DW_TAG_formal_parameter
	.byte	1                               @ DW_AT_location
	.byte	80
	.long	.Linfo_string350                @ DW_AT_name
	.byte	5                               @ DW_AT_decl_file
	.short	572                             @ DW_AT_decl_line
	.long	38                              @ DW_AT_type
	.byte	25                              @ Abbrev [25] 0x1407:0x10 DW_TAG_formal_parameter
	.long	.Ldebug_loc40                   @ DW_AT_location
	.long	.Linfo_string365                @ DW_AT_name
	.byte	5                               @ DW_AT_decl_file
	.short	572                             @ DW_AT_decl_line
	.long	1246                            @ DW_AT_type
	.byte	0                               @ End Of Children Mark
	.byte	23                              @ Abbrev [23] 0x1418:0x31 DW_TAG_subprogram
	.long	.Lfunc_begin17                  @ DW_AT_low_pc
	.long	.Lfunc_end17-.Lfunc_begin17     @ DW_AT_high_pc
	.byte	1                               @ DW_AT_frame_base
	.byte	93
                                        @ DW_AT_GNU_all_call_sites
	.long	.Linfo_string272                @ DW_AT_name
	.byte	5                               @ DW_AT_decl_file
	.short	588                             @ DW_AT_decl_line
                                        @ DW_AT_prototyped
                                        @ DW_AT_external
	.byte	24                              @ Abbrev [24] 0x142a:0xe DW_TAG_formal_parameter
	.byte	1                               @ DW_AT_location
	.byte	80
	.long	.Linfo_string350                @ DW_AT_name
	.byte	5                               @ DW_AT_decl_file
	.short	588                             @ DW_AT_decl_line
	.long	38                              @ DW_AT_type
	.byte	25                              @ Abbrev [25] 0x1438:0x10 DW_TAG_formal_parameter
	.long	.Ldebug_loc41                   @ DW_AT_location
	.long	.Linfo_string365                @ DW_AT_name
	.byte	5                               @ DW_AT_decl_file
	.short	588                             @ DW_AT_decl_line
	.long	1246                            @ DW_AT_type
	.byte	0                               @ End Of Children Mark
	.byte	23                              @ Abbrev [23] 0x1449:0x31 DW_TAG_subprogram
	.long	.Lfunc_begin18                  @ DW_AT_low_pc
	.long	.Lfunc_end18-.Lfunc_begin18     @ DW_AT_high_pc
	.byte	1                               @ DW_AT_frame_base
	.byte	93
                                        @ DW_AT_GNU_all_call_sites
	.long	.Linfo_string273                @ DW_AT_name
	.byte	5                               @ DW_AT_decl_file
	.short	604                             @ DW_AT_decl_line
                                        @ DW_AT_prototyped
                                        @ DW_AT_external
	.byte	24                              @ Abbrev [24] 0x145b:0xe DW_TAG_formal_parameter
	.byte	1                               @ DW_AT_location
	.byte	80
	.long	.Linfo_string350                @ DW_AT_name
	.byte	5                               @ DW_AT_decl_file
	.short	604                             @ DW_AT_decl_line
	.long	38                              @ DW_AT_type
	.byte	25                              @ Abbrev [25] 0x1469:0x10 DW_TAG_formal_parameter
	.long	.Ldebug_loc42                   @ DW_AT_location
	.long	.Linfo_string365                @ DW_AT_name
	.byte	5                               @ DW_AT_decl_file
	.short	604                             @ DW_AT_decl_line
	.long	1246                            @ DW_AT_type
	.byte	0                               @ End Of Children Mark
	.byte	23                              @ Abbrev [23] 0x147a:0x31 DW_TAG_subprogram
	.long	.Lfunc_begin19                  @ DW_AT_low_pc
	.long	.Lfunc_end19-.Lfunc_begin19     @ DW_AT_high_pc
	.byte	1                               @ DW_AT_frame_base
	.byte	93
                                        @ DW_AT_GNU_all_call_sites
	.long	.Linfo_string274                @ DW_AT_name
	.byte	5                               @ DW_AT_decl_file
	.short	619                             @ DW_AT_decl_line
                                        @ DW_AT_prototyped
                                        @ DW_AT_external
	.byte	24                              @ Abbrev [24] 0x148c:0xe DW_TAG_formal_parameter
	.byte	1                               @ DW_AT_location
	.byte	80
	.long	.Linfo_string350                @ DW_AT_name
	.byte	5                               @ DW_AT_decl_file
	.short	619                             @ DW_AT_decl_line
	.long	38                              @ DW_AT_type
	.byte	25                              @ Abbrev [25] 0x149a:0x10 DW_TAG_formal_parameter
	.long	.Ldebug_loc43                   @ DW_AT_location
	.long	.Linfo_string365                @ DW_AT_name
	.byte	5                               @ DW_AT_decl_file
	.short	619                             @ DW_AT_decl_line
	.long	1246                            @ DW_AT_type
	.byte	0                               @ End Of Children Mark
	.byte	23                              @ Abbrev [23] 0x14ab:0x5f DW_TAG_subprogram
	.long	.Lfunc_begin20                  @ DW_AT_low_pc
	.long	.Lfunc_end20-.Lfunc_begin20     @ DW_AT_high_pc
	.byte	1                               @ DW_AT_frame_base
	.byte	93
                                        @ DW_AT_GNU_all_call_sites
	.long	.Linfo_string275                @ DW_AT_name
	.byte	5                               @ DW_AT_decl_file
	.short	639                             @ DW_AT_decl_line
                                        @ DW_AT_prototyped
                                        @ DW_AT_external
	.byte	24                              @ Abbrev [24] 0x14bd:0xe DW_TAG_formal_parameter
	.byte	1                               @ DW_AT_location
	.byte	80
	.long	.Linfo_string350                @ DW_AT_name
	.byte	5                               @ DW_AT_decl_file
	.short	639                             @ DW_AT_decl_line
	.long	38                              @ DW_AT_type
	.byte	25                              @ Abbrev [25] 0x14cb:0x10 DW_TAG_formal_parameter
	.long	.Ldebug_loc44                   @ DW_AT_location
	.long	.Linfo_string351                @ DW_AT_name
	.byte	5                               @ DW_AT_decl_file
	.short	639                             @ DW_AT_decl_line
	.long	1246                            @ DW_AT_type
	.byte	25                              @ Abbrev [25] 0x14db:0x10 DW_TAG_formal_parameter
	.long	.Ldebug_loc45                   @ DW_AT_location
	.long	.Linfo_string370                @ DW_AT_name
	.byte	5                               @ DW_AT_decl_file
	.short	639                             @ DW_AT_decl_line
	.long	1246                            @ DW_AT_type
	.byte	24                              @ Abbrev [24] 0x14eb:0xe DW_TAG_formal_parameter
	.byte	1                               @ DW_AT_location
	.byte	83
	.long	.Linfo_string371                @ DW_AT_name
	.byte	5                               @ DW_AT_decl_file
	.short	639                             @ DW_AT_decl_line
	.long	1246                            @ DW_AT_type
	.byte	27                              @ Abbrev [27] 0x14f9:0x10 DW_TAG_variable
	.long	.Ldebug_loc46                   @ DW_AT_location
	.long	.Linfo_string372                @ DW_AT_name
	.byte	5                               @ DW_AT_decl_file
	.short	641                             @ DW_AT_decl_line
	.long	1246                            @ DW_AT_type
	.byte	0                               @ End Of Children Mark
	.byte	23                              @ Abbrev [23] 0x150a:0x31 DW_TAG_subprogram
	.long	.Lfunc_begin21                  @ DW_AT_low_pc
	.long	.Lfunc_end21-.Lfunc_begin21     @ DW_AT_high_pc
	.byte	1                               @ DW_AT_frame_base
	.byte	93
                                        @ DW_AT_GNU_all_call_sites
	.long	.Linfo_string276                @ DW_AT_name
	.byte	5                               @ DW_AT_decl_file
	.short	657                             @ DW_AT_decl_line
                                        @ DW_AT_prototyped
                                        @ DW_AT_external
	.byte	24                              @ Abbrev [24] 0x151c:0xe DW_TAG_formal_parameter
	.byte	1                               @ DW_AT_location
	.byte	80
	.long	.Linfo_string350                @ DW_AT_name
	.byte	5                               @ DW_AT_decl_file
	.short	657                             @ DW_AT_decl_line
	.long	38                              @ DW_AT_type
	.byte	25                              @ Abbrev [25] 0x152a:0x10 DW_TAG_formal_parameter
	.long	.Ldebug_loc47                   @ DW_AT_location
	.long	.Linfo_string351                @ DW_AT_name
	.byte	5                               @ DW_AT_decl_file
	.short	657                             @ DW_AT_decl_line
	.long	1246                            @ DW_AT_type
	.byte	0                               @ End Of Children Mark
	.byte	23                              @ Abbrev [23] 0x153b:0x41 DW_TAG_subprogram
	.long	.Lfunc_begin22                  @ DW_AT_low_pc
	.long	.Lfunc_end22-.Lfunc_begin22     @ DW_AT_high_pc
	.byte	1                               @ DW_AT_frame_base
	.byte	93
                                        @ DW_AT_GNU_all_call_sites
	.long	.Linfo_string277                @ DW_AT_name
	.byte	5                               @ DW_AT_decl_file
	.short	674                             @ DW_AT_decl_line
                                        @ DW_AT_prototyped
                                        @ DW_AT_external
	.byte	25                              @ Abbrev [25] 0x154d:0x10 DW_TAG_formal_parameter
	.long	.Ldebug_loc48                   @ DW_AT_location
	.long	.Linfo_string350                @ DW_AT_name
	.byte	5                               @ DW_AT_decl_file
	.short	674                             @ DW_AT_decl_line
	.long	38                              @ DW_AT_type
	.byte	25                              @ Abbrev [25] 0x155d:0x10 DW_TAG_formal_parameter
	.long	.Ldebug_loc49                   @ DW_AT_location
	.long	.Linfo_string351                @ DW_AT_name
	.byte	5                               @ DW_AT_decl_file
	.short	674                             @ DW_AT_decl_line
	.long	1246                            @ DW_AT_type
	.byte	24                              @ Abbrev [24] 0x156d:0xe DW_TAG_formal_parameter
	.byte	1                               @ DW_AT_location
	.byte	82
	.long	.Linfo_string373                @ DW_AT_name
	.byte	5                               @ DW_AT_decl_file
	.short	674                             @ DW_AT_decl_line
	.long	1246                            @ DW_AT_type
	.byte	0                               @ End Of Children Mark
	.byte	23                              @ Abbrev [23] 0x157c:0x41 DW_TAG_subprogram
	.long	.Lfunc_begin23                  @ DW_AT_low_pc
	.long	.Lfunc_end23-.Lfunc_begin23     @ DW_AT_high_pc
	.byte	1                               @ DW_AT_frame_base
	.byte	93
                                        @ DW_AT_GNU_all_call_sites
	.long	.Linfo_string278                @ DW_AT_name
	.byte	5                               @ DW_AT_decl_file
	.short	693                             @ DW_AT_decl_line
                                        @ DW_AT_prototyped
                                        @ DW_AT_external
	.byte	25                              @ Abbrev [25] 0x158e:0x10 DW_TAG_formal_parameter
	.long	.Ldebug_loc50                   @ DW_AT_location
	.long	.Linfo_string350                @ DW_AT_name
	.byte	5                               @ DW_AT_decl_file
	.short	693                             @ DW_AT_decl_line
	.long	38                              @ DW_AT_type
	.byte	25                              @ Abbrev [25] 0x159e:0x10 DW_TAG_formal_parameter
	.long	.Ldebug_loc51                   @ DW_AT_location
	.long	.Linfo_string351                @ DW_AT_name
	.byte	5                               @ DW_AT_decl_file
	.short	693                             @ DW_AT_decl_line
	.long	1246                            @ DW_AT_type
	.byte	24                              @ Abbrev [24] 0x15ae:0xe DW_TAG_formal_parameter
	.byte	1                               @ DW_AT_location
	.byte	82
	.long	.Linfo_string374                @ DW_AT_name
	.byte	5                               @ DW_AT_decl_file
	.short	693                             @ DW_AT_decl_line
	.long	1246                            @ DW_AT_type
	.byte	0                               @ End Of Children Mark
	.byte	23                              @ Abbrev [23] 0x15bd:0x31 DW_TAG_subprogram
	.long	.Lfunc_begin24                  @ DW_AT_low_pc
	.long	.Lfunc_end24-.Lfunc_begin24     @ DW_AT_high_pc
	.byte	1                               @ DW_AT_frame_base
	.byte	93
                                        @ DW_AT_GNU_all_call_sites
	.long	.Linfo_string279                @ DW_AT_name
	.byte	5                               @ DW_AT_decl_file
	.short	710                             @ DW_AT_decl_line
                                        @ DW_AT_prototyped
                                        @ DW_AT_external
	.byte	24                              @ Abbrev [24] 0x15cf:0xe DW_TAG_formal_parameter
	.byte	1                               @ DW_AT_location
	.byte	80
	.long	.Linfo_string350                @ DW_AT_name
	.byte	5                               @ DW_AT_decl_file
	.short	710                             @ DW_AT_decl_line
	.long	38                              @ DW_AT_type
	.byte	25                              @ Abbrev [25] 0x15dd:0x10 DW_TAG_formal_parameter
	.long	.Ldebug_loc52                   @ DW_AT_location
	.long	.Linfo_string351                @ DW_AT_name
	.byte	5                               @ DW_AT_decl_file
	.short	710                             @ DW_AT_decl_line
	.long	1246                            @ DW_AT_type
	.byte	0                               @ End Of Children Mark
	.byte	23                              @ Abbrev [23] 0x15ee:0x31 DW_TAG_subprogram
	.long	.Lfunc_begin25                  @ DW_AT_low_pc
	.long	.Lfunc_end25-.Lfunc_begin25     @ DW_AT_high_pc
	.byte	1                               @ DW_AT_frame_base
	.byte	93
                                        @ DW_AT_GNU_all_call_sites
	.long	.Linfo_string280                @ DW_AT_name
	.byte	5                               @ DW_AT_decl_file
	.short	726                             @ DW_AT_decl_line
                                        @ DW_AT_prototyped
                                        @ DW_AT_external
	.byte	24                              @ Abbrev [24] 0x1600:0xe DW_TAG_formal_parameter
	.byte	1                               @ DW_AT_location
	.byte	80
	.long	.Linfo_string350                @ DW_AT_name
	.byte	5                               @ DW_AT_decl_file
	.short	726                             @ DW_AT_decl_line
	.long	38                              @ DW_AT_type
	.byte	25                              @ Abbrev [25] 0x160e:0x10 DW_TAG_formal_parameter
	.long	.Ldebug_loc53                   @ DW_AT_location
	.long	.Linfo_string351                @ DW_AT_name
	.byte	5                               @ DW_AT_decl_file
	.short	726                             @ DW_AT_decl_line
	.long	1246                            @ DW_AT_type
	.byte	0                               @ End Of Children Mark
	.byte	23                              @ Abbrev [23] 0x161f:0x3f DW_TAG_subprogram
	.long	.Lfunc_begin26                  @ DW_AT_low_pc
	.long	.Lfunc_end26-.Lfunc_begin26     @ DW_AT_high_pc
	.byte	1                               @ DW_AT_frame_base
	.byte	93
                                        @ DW_AT_GNU_all_call_sites
	.long	.Linfo_string281                @ DW_AT_name
	.byte	5                               @ DW_AT_decl_file
	.short	744                             @ DW_AT_decl_line
                                        @ DW_AT_prototyped
                                        @ DW_AT_external
	.byte	24                              @ Abbrev [24] 0x1631:0xe DW_TAG_formal_parameter
	.byte	1                               @ DW_AT_location
	.byte	80
	.long	.Linfo_string350                @ DW_AT_name
	.byte	5                               @ DW_AT_decl_file
	.short	744                             @ DW_AT_decl_line
	.long	38                              @ DW_AT_type
	.byte	25                              @ Abbrev [25] 0x163f:0x10 DW_TAG_formal_parameter
	.long	.Ldebug_loc54                   @ DW_AT_location
	.long	.Linfo_string351                @ DW_AT_name
	.byte	5                               @ DW_AT_decl_file
	.short	744                             @ DW_AT_decl_line
	.long	1246                            @ DW_AT_type
	.byte	24                              @ Abbrev [24] 0x164f:0xe DW_TAG_formal_parameter
	.byte	1                               @ DW_AT_location
	.byte	82
	.long	.Linfo_string375                @ DW_AT_name
	.byte	5                               @ DW_AT_decl_file
	.short	744                             @ DW_AT_decl_line
	.long	1246                            @ DW_AT_type
	.byte	0                               @ End Of Children Mark
	.byte	23                              @ Abbrev [23] 0x165e:0x3f DW_TAG_subprogram
	.long	.Lfunc_begin27                  @ DW_AT_low_pc
	.long	.Lfunc_end27-.Lfunc_begin27     @ DW_AT_high_pc
	.byte	1                               @ DW_AT_frame_base
	.byte	93
                                        @ DW_AT_GNU_all_call_sites
	.long	.Linfo_string282                @ DW_AT_name
	.byte	5                               @ DW_AT_decl_file
	.short	761                             @ DW_AT_decl_line
                                        @ DW_AT_prototyped
                                        @ DW_AT_external
	.byte	24                              @ Abbrev [24] 0x1670:0xe DW_TAG_formal_parameter
	.byte	1                               @ DW_AT_location
	.byte	80
	.long	.Linfo_string350                @ DW_AT_name
	.byte	5                               @ DW_AT_decl_file
	.short	761                             @ DW_AT_decl_line
	.long	38                              @ DW_AT_type
	.byte	25                              @ Abbrev [25] 0x167e:0x10 DW_TAG_formal_parameter
	.long	.Ldebug_loc55                   @ DW_AT_location
	.long	.Linfo_string351                @ DW_AT_name
	.byte	5                               @ DW_AT_decl_file
	.short	761                             @ DW_AT_decl_line
	.long	1246                            @ DW_AT_type
	.byte	24                              @ Abbrev [24] 0x168e:0xe DW_TAG_formal_parameter
	.byte	1                               @ DW_AT_location
	.byte	82
	.long	.Linfo_string375                @ DW_AT_name
	.byte	5                               @ DW_AT_decl_file
	.short	761                             @ DW_AT_decl_line
	.long	1246                            @ DW_AT_type
	.byte	0                               @ End Of Children Mark
	.byte	23                              @ Abbrev [23] 0x169d:0x3f DW_TAG_subprogram
	.long	.Lfunc_begin28                  @ DW_AT_low_pc
	.long	.Lfunc_end28-.Lfunc_begin28     @ DW_AT_high_pc
	.byte	1                               @ DW_AT_frame_base
	.byte	93
                                        @ DW_AT_GNU_all_call_sites
	.long	.Linfo_string283                @ DW_AT_name
	.byte	5                               @ DW_AT_decl_file
	.short	778                             @ DW_AT_decl_line
                                        @ DW_AT_prototyped
                                        @ DW_AT_external
	.byte	24                              @ Abbrev [24] 0x16af:0xe DW_TAG_formal_parameter
	.byte	1                               @ DW_AT_location
	.byte	80
	.long	.Linfo_string350                @ DW_AT_name
	.byte	5                               @ DW_AT_decl_file
	.short	778                             @ DW_AT_decl_line
	.long	38                              @ DW_AT_type
	.byte	25                              @ Abbrev [25] 0x16bd:0x10 DW_TAG_formal_parameter
	.long	.Ldebug_loc56                   @ DW_AT_location
	.long	.Linfo_string351                @ DW_AT_name
	.byte	5                               @ DW_AT_decl_file
	.short	778                             @ DW_AT_decl_line
	.long	1246                            @ DW_AT_type
	.byte	24                              @ Abbrev [24] 0x16cd:0xe DW_TAG_formal_parameter
	.byte	1                               @ DW_AT_location
	.byte	82
	.long	.Linfo_string375                @ DW_AT_name
	.byte	5                               @ DW_AT_decl_file
	.short	778                             @ DW_AT_decl_line
	.long	1246                            @ DW_AT_type
	.byte	0                               @ End Of Children Mark
	.byte	26                              @ Abbrev [26] 0x16dc:0x47 DW_TAG_subprogram
	.long	.Lfunc_begin29                  @ DW_AT_low_pc
	.long	.Lfunc_end29-.Lfunc_begin29     @ DW_AT_high_pc
	.byte	1                               @ DW_AT_frame_base
	.byte	93
                                        @ DW_AT_GNU_all_call_sites
	.long	.Linfo_string284                @ DW_AT_name
	.byte	5                               @ DW_AT_decl_file
	.short	795                             @ DW_AT_decl_line
                                        @ DW_AT_prototyped
	.long	1246                            @ DW_AT_type
                                        @ DW_AT_external
	.byte	25                              @ Abbrev [25] 0x16f2:0x10 DW_TAG_formal_parameter
	.long	.Ldebug_loc57                   @ DW_AT_location
	.long	.Linfo_string350                @ DW_AT_name
	.byte	5                               @ DW_AT_decl_file
	.short	795                             @ DW_AT_decl_line
	.long	38                              @ DW_AT_type
	.byte	25                              @ Abbrev [25] 0x1702:0x10 DW_TAG_formal_parameter
	.long	.Ldebug_loc58                   @ DW_AT_location
	.long	.Linfo_string351                @ DW_AT_name
	.byte	5                               @ DW_AT_decl_file
	.short	795                             @ DW_AT_decl_line
	.long	1246                            @ DW_AT_type
	.byte	27                              @ Abbrev [27] 0x1712:0x10 DW_TAG_variable
	.long	.Ldebug_loc59                   @ DW_AT_location
	.long	.Linfo_string376                @ DW_AT_name
	.byte	5                               @ DW_AT_decl_file
	.short	797                             @ DW_AT_decl_line
	.long	1246                            @ DW_AT_type
	.byte	0                               @ End Of Children Mark
	.byte	23                              @ Abbrev [23] 0x1723:0x3f DW_TAG_subprogram
	.long	.Lfunc_begin30                  @ DW_AT_low_pc
	.long	.Lfunc_end30-.Lfunc_begin30     @ DW_AT_high_pc
	.byte	1                               @ DW_AT_frame_base
	.byte	93
                                        @ DW_AT_GNU_all_call_sites
	.long	.Linfo_string285                @ DW_AT_name
	.byte	5                               @ DW_AT_decl_file
	.short	812                             @ DW_AT_decl_line
                                        @ DW_AT_prototyped
                                        @ DW_AT_external
	.byte	24                              @ Abbrev [24] 0x1735:0xe DW_TAG_formal_parameter
	.byte	1                               @ DW_AT_location
	.byte	80
	.long	.Linfo_string350                @ DW_AT_name
	.byte	5                               @ DW_AT_decl_file
	.short	812                             @ DW_AT_decl_line
	.long	38                              @ DW_AT_type
	.byte	25                              @ Abbrev [25] 0x1743:0x10 DW_TAG_formal_parameter
	.long	.Ldebug_loc60                   @ DW_AT_location
	.long	.Linfo_string351                @ DW_AT_name
	.byte	5                               @ DW_AT_decl_file
	.short	812                             @ DW_AT_decl_line
	.long	1246                            @ DW_AT_type
	.byte	24                              @ Abbrev [24] 0x1753:0xe DW_TAG_formal_parameter
	.byte	1                               @ DW_AT_location
	.byte	82
	.long	.Linfo_string377                @ DW_AT_name
	.byte	5                               @ DW_AT_decl_file
	.short	812                             @ DW_AT_decl_line
	.long	1246                            @ DW_AT_type
	.byte	0                               @ End Of Children Mark
	.byte	23                              @ Abbrev [23] 0x1762:0x31 DW_TAG_subprogram
	.long	.Lfunc_begin31                  @ DW_AT_low_pc
	.long	.Lfunc_end31-.Lfunc_begin31     @ DW_AT_high_pc
	.byte	1                               @ DW_AT_frame_base
	.byte	93
                                        @ DW_AT_GNU_all_call_sites
	.long	.Linfo_string286                @ DW_AT_name
	.byte	5                               @ DW_AT_decl_file
	.short	826                             @ DW_AT_decl_line
                                        @ DW_AT_prototyped
                                        @ DW_AT_external
	.byte	24                              @ Abbrev [24] 0x1774:0xe DW_TAG_formal_parameter
	.byte	1                               @ DW_AT_location
	.byte	80
	.long	.Linfo_string350                @ DW_AT_name
	.byte	5                               @ DW_AT_decl_file
	.short	826                             @ DW_AT_decl_line
	.long	38                              @ DW_AT_type
	.byte	25                              @ Abbrev [25] 0x1782:0x10 DW_TAG_formal_parameter
	.long	.Ldebug_loc61                   @ DW_AT_location
	.long	.Linfo_string351                @ DW_AT_name
	.byte	5                               @ DW_AT_decl_file
	.short	826                             @ DW_AT_decl_line
	.long	1246                            @ DW_AT_type
	.byte	0                               @ End Of Children Mark
	.byte	23                              @ Abbrev [23] 0x1793:0x31 DW_TAG_subprogram
	.long	.Lfunc_begin32                  @ DW_AT_low_pc
	.long	.Lfunc_end32-.Lfunc_begin32     @ DW_AT_high_pc
	.byte	1                               @ DW_AT_frame_base
	.byte	93
                                        @ DW_AT_GNU_all_call_sites
	.long	.Linfo_string287                @ DW_AT_name
	.byte	5                               @ DW_AT_decl_file
	.short	840                             @ DW_AT_decl_line
                                        @ DW_AT_prototyped
                                        @ DW_AT_external
	.byte	24                              @ Abbrev [24] 0x17a5:0xe DW_TAG_formal_parameter
	.byte	1                               @ DW_AT_location
	.byte	80
	.long	.Linfo_string350                @ DW_AT_name
	.byte	5                               @ DW_AT_decl_file
	.short	840                             @ DW_AT_decl_line
	.long	38                              @ DW_AT_type
	.byte	25                              @ Abbrev [25] 0x17b3:0x10 DW_TAG_formal_parameter
	.long	.Ldebug_loc62                   @ DW_AT_location
	.long	.Linfo_string351                @ DW_AT_name
	.byte	5                               @ DW_AT_decl_file
	.short	840                             @ DW_AT_decl_line
	.long	1246                            @ DW_AT_type
	.byte	0                               @ End Of Children Mark
	.byte	26                              @ Abbrev [26] 0x17c4:0x37 DW_TAG_subprogram
	.long	.Lfunc_begin33                  @ DW_AT_low_pc
	.long	.Lfunc_end33-.Lfunc_begin33     @ DW_AT_high_pc
	.byte	1                               @ DW_AT_frame_base
	.byte	93
                                        @ DW_AT_GNU_all_call_sites
	.long	.Linfo_string288                @ DW_AT_name
	.byte	5                               @ DW_AT_decl_file
	.short	856                             @ DW_AT_decl_line
                                        @ DW_AT_prototyped
	.long	1246                            @ DW_AT_type
                                        @ DW_AT_external
	.byte	25                              @ Abbrev [25] 0x17da:0x10 DW_TAG_formal_parameter
	.long	.Ldebug_loc63                   @ DW_AT_location
	.long	.Linfo_string350                @ DW_AT_name
	.byte	5                               @ DW_AT_decl_file
	.short	856                             @ DW_AT_decl_line
	.long	38                              @ DW_AT_type
	.byte	25                              @ Abbrev [25] 0x17ea:0x10 DW_TAG_formal_parameter
	.long	.Ldebug_loc64                   @ DW_AT_location
	.long	.Linfo_string351                @ DW_AT_name
	.byte	5                               @ DW_AT_decl_file
	.short	856                             @ DW_AT_decl_line
	.long	1246                            @ DW_AT_type
	.byte	0                               @ End Of Children Mark
	.byte	23                              @ Abbrev [23] 0x17fb:0x31 DW_TAG_subprogram
	.long	.Lfunc_begin34                  @ DW_AT_low_pc
	.long	.Lfunc_end34-.Lfunc_begin34     @ DW_AT_high_pc
	.byte	1                               @ DW_AT_frame_base
	.byte	93
                                        @ DW_AT_GNU_all_call_sites
	.long	.Linfo_string289                @ DW_AT_name
	.byte	5                               @ DW_AT_decl_file
	.short	872                             @ DW_AT_decl_line
                                        @ DW_AT_prototyped
                                        @ DW_AT_external
	.byte	24                              @ Abbrev [24] 0x180d:0xe DW_TAG_formal_parameter
	.byte	1                               @ DW_AT_location
	.byte	80
	.long	.Linfo_string350                @ DW_AT_name
	.byte	5                               @ DW_AT_decl_file
	.short	872                             @ DW_AT_decl_line
	.long	38                              @ DW_AT_type
	.byte	25                              @ Abbrev [25] 0x181b:0x10 DW_TAG_formal_parameter
	.long	.Ldebug_loc65                   @ DW_AT_location
	.long	.Linfo_string369                @ DW_AT_name
	.byte	5                               @ DW_AT_decl_file
	.short	872                             @ DW_AT_decl_line
	.long	1246                            @ DW_AT_type
	.byte	0                               @ End Of Children Mark
	.byte	23                              @ Abbrev [23] 0x182c:0x31 DW_TAG_subprogram
	.long	.Lfunc_begin35                  @ DW_AT_low_pc
	.long	.Lfunc_end35-.Lfunc_begin35     @ DW_AT_high_pc
	.byte	1                               @ DW_AT_frame_base
	.byte	93
                                        @ DW_AT_GNU_all_call_sites
	.long	.Linfo_string290                @ DW_AT_name
	.byte	5                               @ DW_AT_decl_file
	.short	888                             @ DW_AT_decl_line
                                        @ DW_AT_prototyped
                                        @ DW_AT_external
	.byte	24                              @ Abbrev [24] 0x183e:0xe DW_TAG_formal_parameter
	.byte	1                               @ DW_AT_location
	.byte	80
	.long	.Linfo_string350                @ DW_AT_name
	.byte	5                               @ DW_AT_decl_file
	.short	888                             @ DW_AT_decl_line
	.long	38                              @ DW_AT_type
	.byte	25                              @ Abbrev [25] 0x184c:0x10 DW_TAG_formal_parameter
	.long	.Ldebug_loc66                   @ DW_AT_location
	.long	.Linfo_string369                @ DW_AT_name
	.byte	5                               @ DW_AT_decl_file
	.short	888                             @ DW_AT_decl_line
	.long	1246                            @ DW_AT_type
	.byte	0                               @ End Of Children Mark
	.byte	23                              @ Abbrev [23] 0x185d:0x31 DW_TAG_subprogram
	.long	.Lfunc_begin36                  @ DW_AT_low_pc
	.long	.Lfunc_end36-.Lfunc_begin36     @ DW_AT_high_pc
	.byte	1                               @ DW_AT_frame_base
	.byte	93
                                        @ DW_AT_GNU_all_call_sites
	.long	.Linfo_string291                @ DW_AT_name
	.byte	5                               @ DW_AT_decl_file
	.short	903                             @ DW_AT_decl_line
                                        @ DW_AT_prototyped
                                        @ DW_AT_external
	.byte	24                              @ Abbrev [24] 0x186f:0xe DW_TAG_formal_parameter
	.byte	1                               @ DW_AT_location
	.byte	80
	.long	.Linfo_string350                @ DW_AT_name
	.byte	5                               @ DW_AT_decl_file
	.short	903                             @ DW_AT_decl_line
	.long	38                              @ DW_AT_type
	.byte	25                              @ Abbrev [25] 0x187d:0x10 DW_TAG_formal_parameter
	.long	.Ldebug_loc67                   @ DW_AT_location
	.long	.Linfo_string369                @ DW_AT_name
	.byte	5                               @ DW_AT_decl_file
	.short	903                             @ DW_AT_decl_line
	.long	1246                            @ DW_AT_type
	.byte	0                               @ End Of Children Mark
	.byte	26                              @ Abbrev [26] 0x188e:0x35 DW_TAG_subprogram
	.long	.Lfunc_begin37                  @ DW_AT_low_pc
	.long	.Lfunc_end37-.Lfunc_begin37     @ DW_AT_high_pc
	.byte	1                               @ DW_AT_frame_base
	.byte	93
                                        @ DW_AT_GNU_all_call_sites
	.long	.Linfo_string292                @ DW_AT_name
	.byte	5                               @ DW_AT_decl_file
	.short	919                             @ DW_AT_decl_line
                                        @ DW_AT_prototyped
	.long	1246                            @ DW_AT_type
                                        @ DW_AT_external
	.byte	25                              @ Abbrev [25] 0x18a4:0x10 DW_TAG_formal_parameter
	.long	.Ldebug_loc68                   @ DW_AT_location
	.long	.Linfo_string350                @ DW_AT_name
	.byte	5                               @ DW_AT_decl_file
	.short	919                             @ DW_AT_decl_line
	.long	38                              @ DW_AT_type
	.byte	24                              @ Abbrev [24] 0x18b4:0xe DW_TAG_formal_parameter
	.byte	1                               @ DW_AT_location
	.byte	81
	.long	.Linfo_string369                @ DW_AT_name
	.byte	5                               @ DW_AT_decl_file
	.short	919                             @ DW_AT_decl_line
	.long	1246                            @ DW_AT_type
	.byte	0                               @ End Of Children Mark
	.byte	23                              @ Abbrev [23] 0x18c3:0x41 DW_TAG_subprogram
	.long	.Lfunc_begin38                  @ DW_AT_low_pc
	.long	.Lfunc_end38-.Lfunc_begin38     @ DW_AT_high_pc
	.byte	1                               @ DW_AT_frame_base
	.byte	93
                                        @ DW_AT_GNU_all_call_sites
	.long	.Linfo_string293                @ DW_AT_name
	.byte	5                               @ DW_AT_decl_file
	.short	934                             @ DW_AT_decl_line
                                        @ DW_AT_prototyped
                                        @ DW_AT_external
	.byte	24                              @ Abbrev [24] 0x18d5:0xe DW_TAG_formal_parameter
	.byte	1                               @ DW_AT_location
	.byte	80
	.long	.Linfo_string350                @ DW_AT_name
	.byte	5                               @ DW_AT_decl_file
	.short	934                             @ DW_AT_decl_line
	.long	38                              @ DW_AT_type
	.byte	25                              @ Abbrev [25] 0x18e3:0x10 DW_TAG_formal_parameter
	.long	.Ldebug_loc69                   @ DW_AT_location
	.long	.Linfo_string351                @ DW_AT_name
	.byte	5                               @ DW_AT_decl_file
	.short	934                             @ DW_AT_decl_line
	.long	1246                            @ DW_AT_type
	.byte	25                              @ Abbrev [25] 0x18f3:0x10 DW_TAG_formal_parameter
	.long	.Ldebug_loc70                   @ DW_AT_location
	.long	.Linfo_string378                @ DW_AT_name
	.byte	5                               @ DW_AT_decl_file
	.short	934                             @ DW_AT_decl_line
	.long	1246                            @ DW_AT_type
	.byte	0                               @ End Of Children Mark
	.byte	23                              @ Abbrev [23] 0x1904:0x31 DW_TAG_subprogram
	.long	.Lfunc_begin39                  @ DW_AT_low_pc
	.long	.Lfunc_end39-.Lfunc_begin39     @ DW_AT_high_pc
	.byte	1                               @ DW_AT_frame_base
	.byte	93
                                        @ DW_AT_GNU_all_call_sites
	.long	.Linfo_string294                @ DW_AT_name
	.byte	5                               @ DW_AT_decl_file
	.short	950                             @ DW_AT_decl_line
                                        @ DW_AT_prototyped
                                        @ DW_AT_external
	.byte	24                              @ Abbrev [24] 0x1916:0xe DW_TAG_formal_parameter
	.byte	1                               @ DW_AT_location
	.byte	80
	.long	.Linfo_string350                @ DW_AT_name
	.byte	5                               @ DW_AT_decl_file
	.short	950                             @ DW_AT_decl_line
	.long	38                              @ DW_AT_type
	.byte	25                              @ Abbrev [25] 0x1924:0x10 DW_TAG_formal_parameter
	.long	.Ldebug_loc71                   @ DW_AT_location
	.long	.Linfo_string351                @ DW_AT_name
	.byte	5                               @ DW_AT_decl_file
	.short	950                             @ DW_AT_decl_line
	.long	1246                            @ DW_AT_type
	.byte	0                               @ End Of Children Mark
	.byte	23                              @ Abbrev [23] 0x1935:0x31 DW_TAG_subprogram
	.long	.Lfunc_begin40                  @ DW_AT_low_pc
	.long	.Lfunc_end40-.Lfunc_begin40     @ DW_AT_high_pc
	.byte	1                               @ DW_AT_frame_base
	.byte	93
                                        @ DW_AT_GNU_all_call_sites
	.long	.Linfo_string295                @ DW_AT_name
	.byte	5                               @ DW_AT_decl_file
	.short	964                             @ DW_AT_decl_line
                                        @ DW_AT_prototyped
                                        @ DW_AT_external
	.byte	24                              @ Abbrev [24] 0x1947:0xe DW_TAG_formal_parameter
	.byte	1                               @ DW_AT_location
	.byte	80
	.long	.Linfo_string350                @ DW_AT_name
	.byte	5                               @ DW_AT_decl_file
	.short	964                             @ DW_AT_decl_line
	.long	38                              @ DW_AT_type
	.byte	25                              @ Abbrev [25] 0x1955:0x10 DW_TAG_formal_parameter
	.long	.Ldebug_loc72                   @ DW_AT_location
	.long	.Linfo_string351                @ DW_AT_name
	.byte	5                               @ DW_AT_decl_file
	.short	964                             @ DW_AT_decl_line
	.long	1246                            @ DW_AT_type
	.byte	0                               @ End Of Children Mark
	.byte	26                              @ Abbrev [26] 0x1966:0x35 DW_TAG_subprogram
	.long	.Lfunc_begin41                  @ DW_AT_low_pc
	.long	.Lfunc_end41-.Lfunc_begin41     @ DW_AT_high_pc
	.byte	1                               @ DW_AT_frame_base
	.byte	93
                                        @ DW_AT_GNU_all_call_sites
	.long	.Linfo_string296                @ DW_AT_name
	.byte	5                               @ DW_AT_decl_file
	.short	980                             @ DW_AT_decl_line
                                        @ DW_AT_prototyped
	.long	1246                            @ DW_AT_type
                                        @ DW_AT_external
	.byte	25                              @ Abbrev [25] 0x197c:0x10 DW_TAG_formal_parameter
	.long	.Ldebug_loc73                   @ DW_AT_location
	.long	.Linfo_string350                @ DW_AT_name
	.byte	5                               @ DW_AT_decl_file
	.short	980                             @ DW_AT_decl_line
	.long	38                              @ DW_AT_type
	.byte	24                              @ Abbrev [24] 0x198c:0xe DW_TAG_formal_parameter
	.byte	1                               @ DW_AT_location
	.byte	81
	.long	.Linfo_string351                @ DW_AT_name
	.byte	5                               @ DW_AT_decl_file
	.short	980                             @ DW_AT_decl_line
	.long	1246                            @ DW_AT_type
	.byte	0                               @ End Of Children Mark
	.byte	23                              @ Abbrev [23] 0x199b:0x31 DW_TAG_subprogram
	.long	.Lfunc_begin42                  @ DW_AT_low_pc
	.long	.Lfunc_end42-.Lfunc_begin42     @ DW_AT_high_pc
	.byte	1                               @ DW_AT_frame_base
	.byte	93
                                        @ DW_AT_GNU_all_call_sites
	.long	.Linfo_string297                @ DW_AT_name
	.byte	5                               @ DW_AT_decl_file
	.short	994                             @ DW_AT_decl_line
                                        @ DW_AT_prototyped
                                        @ DW_AT_external
	.byte	24                              @ Abbrev [24] 0x19ad:0xe DW_TAG_formal_parameter
	.byte	1                               @ DW_AT_location
	.byte	80
	.long	.Linfo_string350                @ DW_AT_name
	.byte	5                               @ DW_AT_decl_file
	.short	994                             @ DW_AT_decl_line
	.long	38                              @ DW_AT_type
	.byte	25                              @ Abbrev [25] 0x19bb:0x10 DW_TAG_formal_parameter
	.long	.Ldebug_loc74                   @ DW_AT_location
	.long	.Linfo_string351                @ DW_AT_name
	.byte	5                               @ DW_AT_decl_file
	.short	994                             @ DW_AT_decl_line
	.long	1246                            @ DW_AT_type
	.byte	0                               @ End Of Children Mark
	.byte	23                              @ Abbrev [23] 0x19cc:0x31 DW_TAG_subprogram
	.long	.Lfunc_begin43                  @ DW_AT_low_pc
	.long	.Lfunc_end43-.Lfunc_begin43     @ DW_AT_high_pc
	.byte	1                               @ DW_AT_frame_base
	.byte	93
                                        @ DW_AT_GNU_all_call_sites
	.long	.Linfo_string298                @ DW_AT_name
	.byte	5                               @ DW_AT_decl_file
	.short	1008                            @ DW_AT_decl_line
                                        @ DW_AT_prototyped
                                        @ DW_AT_external
	.byte	24                              @ Abbrev [24] 0x19de:0xe DW_TAG_formal_parameter
	.byte	1                               @ DW_AT_location
	.byte	80
	.long	.Linfo_string350                @ DW_AT_name
	.byte	5                               @ DW_AT_decl_file
	.short	1008                            @ DW_AT_decl_line
	.long	38                              @ DW_AT_type
	.byte	25                              @ Abbrev [25] 0x19ec:0x10 DW_TAG_formal_parameter
	.long	.Ldebug_loc75                   @ DW_AT_location
	.long	.Linfo_string351                @ DW_AT_name
	.byte	5                               @ DW_AT_decl_file
	.short	1008                            @ DW_AT_decl_line
	.long	1246                            @ DW_AT_type
	.byte	0                               @ End Of Children Mark
	.byte	23                              @ Abbrev [23] 0x19fd:0x31 DW_TAG_subprogram
	.long	.Lfunc_begin44                  @ DW_AT_low_pc
	.long	.Lfunc_end44-.Lfunc_begin44     @ DW_AT_high_pc
	.byte	1                               @ DW_AT_frame_base
	.byte	93
                                        @ DW_AT_GNU_all_call_sites
	.long	.Linfo_string299                @ DW_AT_name
	.byte	5                               @ DW_AT_decl_file
	.short	1022                            @ DW_AT_decl_line
                                        @ DW_AT_prototyped
                                        @ DW_AT_external
	.byte	24                              @ Abbrev [24] 0x1a0f:0xe DW_TAG_formal_parameter
	.byte	1                               @ DW_AT_location
	.byte	80
	.long	.Linfo_string350                @ DW_AT_name
	.byte	5                               @ DW_AT_decl_file
	.short	1022                            @ DW_AT_decl_line
	.long	38                              @ DW_AT_type
	.byte	25                              @ Abbrev [25] 0x1a1d:0x10 DW_TAG_formal_parameter
	.long	.Ldebug_loc76                   @ DW_AT_location
	.long	.Linfo_string351                @ DW_AT_name
	.byte	5                               @ DW_AT_decl_file
	.short	1022                            @ DW_AT_decl_line
	.long	1246                            @ DW_AT_type
	.byte	0                               @ End Of Children Mark
	.byte	26                              @ Abbrev [26] 0x1a2e:0x35 DW_TAG_subprogram
	.long	.Lfunc_begin45                  @ DW_AT_low_pc
	.long	.Lfunc_end45-.Lfunc_begin45     @ DW_AT_high_pc
	.byte	1                               @ DW_AT_frame_base
	.byte	93
                                        @ DW_AT_GNU_all_call_sites
	.long	.Linfo_string300                @ DW_AT_name
	.byte	5                               @ DW_AT_decl_file
	.short	1038                            @ DW_AT_decl_line
                                        @ DW_AT_prototyped
	.long	1246                            @ DW_AT_type
                                        @ DW_AT_external
	.byte	25                              @ Abbrev [25] 0x1a44:0x10 DW_TAG_formal_parameter
	.long	.Ldebug_loc77                   @ DW_AT_location
	.long	.Linfo_string350                @ DW_AT_name
	.byte	5                               @ DW_AT_decl_file
	.short	1038                            @ DW_AT_decl_line
	.long	38                              @ DW_AT_type
	.byte	24                              @ Abbrev [24] 0x1a54:0xe DW_TAG_formal_parameter
	.byte	1                               @ DW_AT_location
	.byte	81
	.long	.Linfo_string351                @ DW_AT_name
	.byte	5                               @ DW_AT_decl_file
	.short	1038                            @ DW_AT_decl_line
	.long	1246                            @ DW_AT_type
	.byte	0                               @ End Of Children Mark
	.byte	23                              @ Abbrev [23] 0x1a63:0x51 DW_TAG_subprogram
	.long	.Lfunc_begin46                  @ DW_AT_low_pc
	.long	.Lfunc_end46-.Lfunc_begin46     @ DW_AT_high_pc
	.byte	1                               @ DW_AT_frame_base
	.byte	93
                                        @ DW_AT_GNU_all_call_sites
	.long	.Linfo_string301                @ DW_AT_name
	.byte	5                               @ DW_AT_decl_file
	.short	1058                            @ DW_AT_decl_line
                                        @ DW_AT_prototyped
                                        @ DW_AT_external
	.byte	25                              @ Abbrev [25] 0x1a75:0x10 DW_TAG_formal_parameter
	.long	.Ldebug_loc78                   @ DW_AT_location
	.long	.Linfo_string350                @ DW_AT_name
	.byte	5                               @ DW_AT_decl_file
	.short	1058                            @ DW_AT_decl_line
	.long	38                              @ DW_AT_type
	.byte	25                              @ Abbrev [25] 0x1a85:0x10 DW_TAG_formal_parameter
	.long	.Ldebug_loc79                   @ DW_AT_location
	.long	.Linfo_string351                @ DW_AT_name
	.byte	5                               @ DW_AT_decl_file
	.short	1058                            @ DW_AT_decl_line
	.long	1246                            @ DW_AT_type
	.byte	25                              @ Abbrev [25] 0x1a95:0x10 DW_TAG_formal_parameter
	.long	.Ldebug_loc80                   @ DW_AT_location
	.long	.Linfo_string379                @ DW_AT_name
	.byte	5                               @ DW_AT_decl_file
	.short	1058                            @ DW_AT_decl_line
	.long	1246                            @ DW_AT_type
	.byte	24                              @ Abbrev [24] 0x1aa5:0xe DW_TAG_formal_parameter
	.byte	1                               @ DW_AT_location
	.byte	83
	.long	.Linfo_string380                @ DW_AT_name
	.byte	5                               @ DW_AT_decl_file
	.short	1058                            @ DW_AT_decl_line
	.long	1246                            @ DW_AT_type
	.byte	0                               @ End Of Children Mark
	.byte	23                              @ Abbrev [23] 0x1ab4:0x33 DW_TAG_subprogram
	.long	.Lfunc_begin47                  @ DW_AT_low_pc
	.long	.Lfunc_end47-.Lfunc_begin47     @ DW_AT_high_pc
	.byte	1                               @ DW_AT_frame_base
	.byte	93
                                        @ DW_AT_GNU_all_call_sites
	.long	.Linfo_string302                @ DW_AT_name
	.byte	5                               @ DW_AT_decl_file
	.short	1073                            @ DW_AT_decl_line
                                        @ DW_AT_prototyped
                                        @ DW_AT_external
	.byte	25                              @ Abbrev [25] 0x1ac6:0x10 DW_TAG_formal_parameter
	.long	.Ldebug_loc81                   @ DW_AT_location
	.long	.Linfo_string350                @ DW_AT_name
	.byte	5                               @ DW_AT_decl_file
	.short	1073                            @ DW_AT_decl_line
	.long	38                              @ DW_AT_type
	.byte	25                              @ Abbrev [25] 0x1ad6:0x10 DW_TAG_formal_parameter
	.long	.Ldebug_loc82                   @ DW_AT_location
	.long	.Linfo_string351                @ DW_AT_name
	.byte	5                               @ DW_AT_decl_file
	.short	1073                            @ DW_AT_decl_line
	.long	1246                            @ DW_AT_type
	.byte	0                               @ End Of Children Mark
	.byte	23                              @ Abbrev [23] 0x1ae7:0x31 DW_TAG_subprogram
	.long	.Lfunc_begin48                  @ DW_AT_low_pc
	.long	.Lfunc_end48-.Lfunc_begin48     @ DW_AT_high_pc
	.byte	1                               @ DW_AT_frame_base
	.byte	93
                                        @ DW_AT_GNU_all_call_sites
	.long	.Linfo_string303                @ DW_AT_name
	.byte	5                               @ DW_AT_decl_file
	.short	1087                            @ DW_AT_decl_line
                                        @ DW_AT_prototyped
                                        @ DW_AT_external
	.byte	24                              @ Abbrev [24] 0x1af9:0xe DW_TAG_formal_parameter
	.byte	1                               @ DW_AT_location
	.byte	80
	.long	.Linfo_string350                @ DW_AT_name
	.byte	5                               @ DW_AT_decl_file
	.short	1087                            @ DW_AT_decl_line
	.long	38                              @ DW_AT_type
	.byte	25                              @ Abbrev [25] 0x1b07:0x10 DW_TAG_formal_parameter
	.long	.Ldebug_loc83                   @ DW_AT_location
	.long	.Linfo_string351                @ DW_AT_name
	.byte	5                               @ DW_AT_decl_file
	.short	1087                            @ DW_AT_decl_line
	.long	1246                            @ DW_AT_type
	.byte	0                               @ End Of Children Mark
	.byte	23                              @ Abbrev [23] 0x1b18:0x31 DW_TAG_subprogram
	.long	.Lfunc_begin49                  @ DW_AT_low_pc
	.long	.Lfunc_end49-.Lfunc_begin49     @ DW_AT_high_pc
	.byte	1                               @ DW_AT_frame_base
	.byte	93
                                        @ DW_AT_GNU_all_call_sites
	.long	.Linfo_string304                @ DW_AT_name
	.byte	5                               @ DW_AT_decl_file
	.short	1101                            @ DW_AT_decl_line
                                        @ DW_AT_prototyped
                                        @ DW_AT_external
	.byte	24                              @ Abbrev [24] 0x1b2a:0xe DW_TAG_formal_parameter
	.byte	1                               @ DW_AT_location
	.byte	80
	.long	.Linfo_string350                @ DW_AT_name
	.byte	5                               @ DW_AT_decl_file
	.short	1101                            @ DW_AT_decl_line
	.long	38                              @ DW_AT_type
	.byte	25                              @ Abbrev [25] 0x1b38:0x10 DW_TAG_formal_parameter
	.long	.Ldebug_loc84                   @ DW_AT_location
	.long	.Linfo_string351                @ DW_AT_name
	.byte	5                               @ DW_AT_decl_file
	.short	1101                            @ DW_AT_decl_line
	.long	1246                            @ DW_AT_type
	.byte	0                               @ End Of Children Mark
	.byte	23                              @ Abbrev [23] 0x1b49:0x31 DW_TAG_subprogram
	.long	.Lfunc_begin50                  @ DW_AT_low_pc
	.long	.Lfunc_end50-.Lfunc_begin50     @ DW_AT_high_pc
	.byte	1                               @ DW_AT_frame_base
	.byte	93
                                        @ DW_AT_GNU_all_call_sites
	.long	.Linfo_string305                @ DW_AT_name
	.byte	5                               @ DW_AT_decl_file
	.short	1115                            @ DW_AT_decl_line
                                        @ DW_AT_prototyped
                                        @ DW_AT_external
	.byte	24                              @ Abbrev [24] 0x1b5b:0xe DW_TAG_formal_parameter
	.byte	1                               @ DW_AT_location
	.byte	80
	.long	.Linfo_string350                @ DW_AT_name
	.byte	5                               @ DW_AT_decl_file
	.short	1115                            @ DW_AT_decl_line
	.long	38                              @ DW_AT_type
	.byte	25                              @ Abbrev [25] 0x1b69:0x10 DW_TAG_formal_parameter
	.long	.Ldebug_loc85                   @ DW_AT_location
	.long	.Linfo_string351                @ DW_AT_name
	.byte	5                               @ DW_AT_decl_file
	.short	1115                            @ DW_AT_decl_line
	.long	1246                            @ DW_AT_type
	.byte	0                               @ End Of Children Mark
	.byte	26                              @ Abbrev [26] 0x1b7a:0x35 DW_TAG_subprogram
	.long	.Lfunc_begin51                  @ DW_AT_low_pc
	.long	.Lfunc_end51-.Lfunc_begin51     @ DW_AT_high_pc
	.byte	1                               @ DW_AT_frame_base
	.byte	93
                                        @ DW_AT_GNU_all_call_sites
	.long	.Linfo_string306                @ DW_AT_name
	.byte	5                               @ DW_AT_decl_file
	.short	1130                            @ DW_AT_decl_line
                                        @ DW_AT_prototyped
	.long	1246                            @ DW_AT_type
                                        @ DW_AT_external
	.byte	25                              @ Abbrev [25] 0x1b90:0x10 DW_TAG_formal_parameter
	.long	.Ldebug_loc86                   @ DW_AT_location
	.long	.Linfo_string350                @ DW_AT_name
	.byte	5                               @ DW_AT_decl_file
	.short	1130                            @ DW_AT_decl_line
	.long	38                              @ DW_AT_type
	.byte	24                              @ Abbrev [24] 0x1ba0:0xe DW_TAG_formal_parameter
	.byte	1                               @ DW_AT_location
	.byte	81
	.long	.Linfo_string351                @ DW_AT_name
	.byte	5                               @ DW_AT_decl_file
	.short	1130                            @ DW_AT_decl_line
	.long	1246                            @ DW_AT_type
	.byte	0                               @ End Of Children Mark
	.byte	23                              @ Abbrev [23] 0x1baf:0x31 DW_TAG_subprogram
	.long	.Lfunc_begin52                  @ DW_AT_low_pc
	.long	.Lfunc_end52-.Lfunc_begin52     @ DW_AT_high_pc
	.byte	1                               @ DW_AT_frame_base
	.byte	93
                                        @ DW_AT_GNU_all_call_sites
	.long	.Linfo_string307                @ DW_AT_name
	.byte	5                               @ DW_AT_decl_file
	.short	1144                            @ DW_AT_decl_line
                                        @ DW_AT_prototyped
                                        @ DW_AT_external
	.byte	24                              @ Abbrev [24] 0x1bc1:0xe DW_TAG_formal_parameter
	.byte	1                               @ DW_AT_location
	.byte	80
	.long	.Linfo_string350                @ DW_AT_name
	.byte	5                               @ DW_AT_decl_file
	.short	1144                            @ DW_AT_decl_line
	.long	38                              @ DW_AT_type
	.byte	25                              @ Abbrev [25] 0x1bcf:0x10 DW_TAG_formal_parameter
	.long	.Ldebug_loc87                   @ DW_AT_location
	.long	.Linfo_string351                @ DW_AT_name
	.byte	5                               @ DW_AT_decl_file
	.short	1144                            @ DW_AT_decl_line
	.long	1246                            @ DW_AT_type
	.byte	0                               @ End Of Children Mark
	.byte	23                              @ Abbrev [23] 0x1be0:0x31 DW_TAG_subprogram
	.long	.Lfunc_begin53                  @ DW_AT_low_pc
	.long	.Lfunc_end53-.Lfunc_begin53     @ DW_AT_high_pc
	.byte	1                               @ DW_AT_frame_base
	.byte	93
                                        @ DW_AT_GNU_all_call_sites
	.long	.Linfo_string308                @ DW_AT_name
	.byte	5                               @ DW_AT_decl_file
	.short	1158                            @ DW_AT_decl_line
                                        @ DW_AT_prototyped
                                        @ DW_AT_external
	.byte	24                              @ Abbrev [24] 0x1bf2:0xe DW_TAG_formal_parameter
	.byte	1                               @ DW_AT_location
	.byte	80
	.long	.Linfo_string350                @ DW_AT_name
	.byte	5                               @ DW_AT_decl_file
	.short	1158                            @ DW_AT_decl_line
	.long	38                              @ DW_AT_type
	.byte	25                              @ Abbrev [25] 0x1c00:0x10 DW_TAG_formal_parameter
	.long	.Ldebug_loc88                   @ DW_AT_location
	.long	.Linfo_string351                @ DW_AT_name
	.byte	5                               @ DW_AT_decl_file
	.short	1158                            @ DW_AT_decl_line
	.long	1246                            @ DW_AT_type
	.byte	0                               @ End Of Children Mark
	.byte	23                              @ Abbrev [23] 0x1c11:0x33 DW_TAG_subprogram
	.long	.Lfunc_begin54                  @ DW_AT_low_pc
	.long	.Lfunc_end54-.Lfunc_begin54     @ DW_AT_high_pc
	.byte	1                               @ DW_AT_frame_base
	.byte	93
                                        @ DW_AT_GNU_all_call_sites
	.long	.Linfo_string309                @ DW_AT_name
	.byte	5                               @ DW_AT_decl_file
	.short	1172                            @ DW_AT_decl_line
                                        @ DW_AT_prototyped
                                        @ DW_AT_external
	.byte	25                              @ Abbrev [25] 0x1c23:0x10 DW_TAG_formal_parameter
	.long	.Ldebug_loc89                   @ DW_AT_location
	.long	.Linfo_string350                @ DW_AT_name
	.byte	5                               @ DW_AT_decl_file
	.short	1172                            @ DW_AT_decl_line
	.long	38                              @ DW_AT_type
	.byte	25                              @ Abbrev [25] 0x1c33:0x10 DW_TAG_formal_parameter
	.long	.Ldebug_loc90                   @ DW_AT_location
	.long	.Linfo_string351                @ DW_AT_name
	.byte	5                               @ DW_AT_decl_file
	.short	1172                            @ DW_AT_decl_line
	.long	1246                            @ DW_AT_type
	.byte	0                               @ End Of Children Mark
	.byte	23                              @ Abbrev [23] 0x1c44:0x33 DW_TAG_subprogram
	.long	.Lfunc_begin55                  @ DW_AT_low_pc
	.long	.Lfunc_end55-.Lfunc_begin55     @ DW_AT_high_pc
	.byte	1                               @ DW_AT_frame_base
	.byte	93
                                        @ DW_AT_GNU_all_call_sites
	.long	.Linfo_string310                @ DW_AT_name
	.byte	5                               @ DW_AT_decl_file
	.short	1186                            @ DW_AT_decl_line
                                        @ DW_AT_prototyped
                                        @ DW_AT_external
	.byte	25                              @ Abbrev [25] 0x1c56:0x10 DW_TAG_formal_parameter
	.long	.Ldebug_loc91                   @ DW_AT_location
	.long	.Linfo_string350                @ DW_AT_name
	.byte	5                               @ DW_AT_decl_file
	.short	1186                            @ DW_AT_decl_line
	.long	38                              @ DW_AT_type
	.byte	25                              @ Abbrev [25] 0x1c66:0x10 DW_TAG_formal_parameter
	.long	.Ldebug_loc92                   @ DW_AT_location
	.long	.Linfo_string351                @ DW_AT_name
	.byte	5                               @ DW_AT_decl_file
	.short	1186                            @ DW_AT_decl_line
	.long	1246                            @ DW_AT_type
	.byte	0                               @ End Of Children Mark
	.byte	23                              @ Abbrev [23] 0x1c77:0x31 DW_TAG_subprogram
	.long	.Lfunc_begin56                  @ DW_AT_low_pc
	.long	.Lfunc_end56-.Lfunc_begin56     @ DW_AT_high_pc
	.byte	1                               @ DW_AT_frame_base
	.byte	93
                                        @ DW_AT_GNU_all_call_sites
	.long	.Linfo_string311                @ DW_AT_name
	.byte	5                               @ DW_AT_decl_file
	.short	1200                            @ DW_AT_decl_line
                                        @ DW_AT_prototyped
                                        @ DW_AT_external
	.byte	24                              @ Abbrev [24] 0x1c89:0xe DW_TAG_formal_parameter
	.byte	1                               @ DW_AT_location
	.byte	80
	.long	.Linfo_string350                @ DW_AT_name
	.byte	5                               @ DW_AT_decl_file
	.short	1200                            @ DW_AT_decl_line
	.long	38                              @ DW_AT_type
	.byte	25                              @ Abbrev [25] 0x1c97:0x10 DW_TAG_formal_parameter
	.long	.Ldebug_loc93                   @ DW_AT_location
	.long	.Linfo_string351                @ DW_AT_name
	.byte	5                               @ DW_AT_decl_file
	.short	1200                            @ DW_AT_decl_line
	.long	1246                            @ DW_AT_type
	.byte	0                               @ End Of Children Mark
	.byte	26                              @ Abbrev [26] 0x1ca8:0x37 DW_TAG_subprogram
	.long	.Lfunc_begin57                  @ DW_AT_low_pc
	.long	.Lfunc_end57-.Lfunc_begin57     @ DW_AT_high_pc
	.byte	1                               @ DW_AT_frame_base
	.byte	93
                                        @ DW_AT_GNU_all_call_sites
	.long	.Linfo_string312                @ DW_AT_name
	.byte	5                               @ DW_AT_decl_file
	.short	1216                            @ DW_AT_decl_line
                                        @ DW_AT_prototyped
	.long	1246                            @ DW_AT_type
                                        @ DW_AT_external
	.byte	25                              @ Abbrev [25] 0x1cbe:0x10 DW_TAG_formal_parameter
	.long	.Ldebug_loc94                   @ DW_AT_location
	.long	.Linfo_string350                @ DW_AT_name
	.byte	5                               @ DW_AT_decl_file
	.short	1216                            @ DW_AT_decl_line
	.long	38                              @ DW_AT_type
	.byte	25                              @ Abbrev [25] 0x1cce:0x10 DW_TAG_formal_parameter
	.long	.Ldebug_loc95                   @ DW_AT_location
	.long	.Linfo_string351                @ DW_AT_name
	.byte	5                               @ DW_AT_decl_file
	.short	1216                            @ DW_AT_decl_line
	.long	1246                            @ DW_AT_type
	.byte	0                               @ End Of Children Mark
	.byte	23                              @ Abbrev [23] 0x1cdf:0x3f DW_TAG_subprogram
	.long	.Lfunc_begin58                  @ DW_AT_low_pc
	.long	.Lfunc_end58-.Lfunc_begin58     @ DW_AT_high_pc
	.byte	1                               @ DW_AT_frame_base
	.byte	93
                                        @ DW_AT_GNU_all_call_sites
	.long	.Linfo_string313                @ DW_AT_name
	.byte	5                               @ DW_AT_decl_file
	.short	1234                            @ DW_AT_decl_line
                                        @ DW_AT_prototyped
                                        @ DW_AT_external
	.byte	24                              @ Abbrev [24] 0x1cf1:0xe DW_TAG_formal_parameter
	.byte	1                               @ DW_AT_location
	.byte	80
	.long	.Linfo_string350                @ DW_AT_name
	.byte	5                               @ DW_AT_decl_file
	.short	1234                            @ DW_AT_decl_line
	.long	38                              @ DW_AT_type
	.byte	25                              @ Abbrev [25] 0x1cff:0x10 DW_TAG_formal_parameter
	.long	.Ldebug_loc96                   @ DW_AT_location
	.long	.Linfo_string351                @ DW_AT_name
	.byte	5                               @ DW_AT_decl_file
	.short	1234                            @ DW_AT_decl_line
	.long	1246                            @ DW_AT_type
	.byte	24                              @ Abbrev [24] 0x1d0f:0xe DW_TAG_formal_parameter
	.byte	1                               @ DW_AT_location
	.byte	82
	.long	.Linfo_string381                @ DW_AT_name
	.byte	5                               @ DW_AT_decl_file
	.short	1234                            @ DW_AT_decl_line
	.long	1246                            @ DW_AT_type
	.byte	0                               @ End Of Children Mark
	.byte	23                              @ Abbrev [23] 0x1d1e:0x3f DW_TAG_subprogram
	.long	.Lfunc_begin59                  @ DW_AT_low_pc
	.long	.Lfunc_end59-.Lfunc_begin59     @ DW_AT_high_pc
	.byte	1                               @ DW_AT_frame_base
	.byte	93
                                        @ DW_AT_GNU_all_call_sites
	.long	.Linfo_string314                @ DW_AT_name
	.byte	5                               @ DW_AT_decl_file
	.short	1252                            @ DW_AT_decl_line
                                        @ DW_AT_prototyped
                                        @ DW_AT_external
	.byte	24                              @ Abbrev [24] 0x1d30:0xe DW_TAG_formal_parameter
	.byte	1                               @ DW_AT_location
	.byte	80
	.long	.Linfo_string350                @ DW_AT_name
	.byte	5                               @ DW_AT_decl_file
	.short	1252                            @ DW_AT_decl_line
	.long	38                              @ DW_AT_type
	.byte	25                              @ Abbrev [25] 0x1d3e:0x10 DW_TAG_formal_parameter
	.long	.Ldebug_loc97                   @ DW_AT_location
	.long	.Linfo_string351                @ DW_AT_name
	.byte	5                               @ DW_AT_decl_file
	.short	1252                            @ DW_AT_decl_line
	.long	1246                            @ DW_AT_type
	.byte	24                              @ Abbrev [24] 0x1d4e:0xe DW_TAG_formal_parameter
	.byte	1                               @ DW_AT_location
	.byte	82
	.long	.Linfo_string381                @ DW_AT_name
	.byte	5                               @ DW_AT_decl_file
	.short	1252                            @ DW_AT_decl_line
	.long	1246                            @ DW_AT_type
	.byte	0                               @ End Of Children Mark
	.byte	23                              @ Abbrev [23] 0x1d5d:0x60 DW_TAG_subprogram
	.long	.Lfunc_begin60                  @ DW_AT_low_pc
	.long	.Lfunc_end60-.Lfunc_begin60     @ DW_AT_high_pc
	.byte	1                               @ DW_AT_frame_base
	.byte	93
                                        @ DW_AT_GNU_all_call_sites
	.long	.Linfo_string315                @ DW_AT_name
	.byte	5                               @ DW_AT_decl_file
	.short	1276                            @ DW_AT_decl_line
                                        @ DW_AT_prototyped
                                        @ DW_AT_external
	.byte	24                              @ Abbrev [24] 0x1d6f:0xe DW_TAG_formal_parameter
	.byte	1                               @ DW_AT_location
	.byte	80
	.long	.Linfo_string350                @ DW_AT_name
	.byte	5                               @ DW_AT_decl_file
	.short	1276                            @ DW_AT_decl_line
	.long	38                              @ DW_AT_type
	.byte	25                              @ Abbrev [25] 0x1d7d:0x10 DW_TAG_formal_parameter
	.long	.Ldebug_loc98                   @ DW_AT_location
	.long	.Linfo_string351                @ DW_AT_name
	.byte	5                               @ DW_AT_decl_file
	.short	1276                            @ DW_AT_decl_line
	.long	1246                            @ DW_AT_type
	.byte	25                              @ Abbrev [25] 0x1d8d:0x10 DW_TAG_formal_parameter
	.long	.Ldebug_loc99                   @ DW_AT_location
	.long	.Linfo_string382                @ DW_AT_name
	.byte	5                               @ DW_AT_decl_file
	.short	1276                            @ DW_AT_decl_line
	.long	1246                            @ DW_AT_type
	.byte	25                              @ Abbrev [25] 0x1d9d:0x10 DW_TAG_formal_parameter
	.long	.Ldebug_loc100                  @ DW_AT_location
	.long	.Linfo_string383                @ DW_AT_name
	.byte	5                               @ DW_AT_decl_file
	.short	1276                            @ DW_AT_decl_line
	.long	1246                            @ DW_AT_type
	.byte	24                              @ Abbrev [24] 0x1dad:0xf DW_TAG_formal_parameter
	.byte	2                               @ DW_AT_location
	.byte	145
	.byte	16
	.long	.Linfo_string384                @ DW_AT_name
	.byte	5                               @ DW_AT_decl_file
	.short	1276                            @ DW_AT_decl_line
	.long	1246                            @ DW_AT_type
	.byte	0                               @ End Of Children Mark
	.byte	23                              @ Abbrev [23] 0x1dbd:0x41 DW_TAG_subprogram
	.long	.Lfunc_begin61                  @ DW_AT_low_pc
	.long	.Lfunc_end61-.Lfunc_begin61     @ DW_AT_high_pc
	.byte	1                               @ DW_AT_frame_base
	.byte	93
                                        @ DW_AT_GNU_all_call_sites
	.long	.Linfo_string316                @ DW_AT_name
	.byte	5                               @ DW_AT_decl_file
	.short	1297                            @ DW_AT_decl_line
                                        @ DW_AT_prototyped
                                        @ DW_AT_external
	.byte	24                              @ Abbrev [24] 0x1dcf:0xe DW_TAG_formal_parameter
	.byte	1                               @ DW_AT_location
	.byte	80
	.long	.Linfo_string350                @ DW_AT_name
	.byte	5                               @ DW_AT_decl_file
	.short	1297                            @ DW_AT_decl_line
	.long	38                              @ DW_AT_type
	.byte	25                              @ Abbrev [25] 0x1ddd:0x10 DW_TAG_formal_parameter
	.long	.Ldebug_loc101                  @ DW_AT_location
	.long	.Linfo_string365                @ DW_AT_name
	.byte	5                               @ DW_AT_decl_file
	.short	1297                            @ DW_AT_decl_line
	.long	1246                            @ DW_AT_type
	.byte	27                              @ Abbrev [27] 0x1ded:0x10 DW_TAG_variable
	.long	.Ldebug_loc102                  @ DW_AT_location
	.long	.Linfo_string364                @ DW_AT_name
	.byte	5                               @ DW_AT_decl_file
	.short	1299                            @ DW_AT_decl_line
	.long	1246                            @ DW_AT_type
	.byte	0                               @ End Of Children Mark
	.byte	23                              @ Abbrev [23] 0x1dfe:0x41 DW_TAG_subprogram
	.long	.Lfunc_begin62                  @ DW_AT_low_pc
	.long	.Lfunc_end62-.Lfunc_begin62     @ DW_AT_high_pc
	.byte	1                               @ DW_AT_frame_base
	.byte	93
                                        @ DW_AT_GNU_all_call_sites
	.long	.Linfo_string317                @ DW_AT_name
	.byte	5                               @ DW_AT_decl_file
	.short	1321                            @ DW_AT_decl_line
                                        @ DW_AT_prototyped
                                        @ DW_AT_external
	.byte	24                              @ Abbrev [24] 0x1e10:0xe DW_TAG_formal_parameter
	.byte	1                               @ DW_AT_location
	.byte	80
	.long	.Linfo_string350                @ DW_AT_name
	.byte	5                               @ DW_AT_decl_file
	.short	1321                            @ DW_AT_decl_line
	.long	38                              @ DW_AT_type
	.byte	25                              @ Abbrev [25] 0x1e1e:0x10 DW_TAG_formal_parameter
	.long	.Ldebug_loc103                  @ DW_AT_location
	.long	.Linfo_string365                @ DW_AT_name
	.byte	5                               @ DW_AT_decl_file
	.short	1321                            @ DW_AT_decl_line
	.long	1246                            @ DW_AT_type
	.byte	27                              @ Abbrev [27] 0x1e2e:0x10 DW_TAG_variable
	.long	.Ldebug_loc104                  @ DW_AT_location
	.long	.Linfo_string364                @ DW_AT_name
	.byte	5                               @ DW_AT_decl_file
	.short	1323                            @ DW_AT_decl_line
	.long	1246                            @ DW_AT_type
	.byte	0                               @ End Of Children Mark
	.byte	23                              @ Abbrev [23] 0x1e3f:0x41 DW_TAG_subprogram
	.long	.Lfunc_begin63                  @ DW_AT_low_pc
	.long	.Lfunc_end63-.Lfunc_begin63     @ DW_AT_high_pc
	.byte	1                               @ DW_AT_frame_base
	.byte	93
                                        @ DW_AT_GNU_all_call_sites
	.long	.Linfo_string318                @ DW_AT_name
	.byte	5                               @ DW_AT_decl_file
	.short	1353                            @ DW_AT_decl_line
                                        @ DW_AT_prototyped
                                        @ DW_AT_external
	.byte	24                              @ Abbrev [24] 0x1e51:0xe DW_TAG_formal_parameter
	.byte	1                               @ DW_AT_location
	.byte	80
	.long	.Linfo_string350                @ DW_AT_name
	.byte	5                               @ DW_AT_decl_file
	.short	1353                            @ DW_AT_decl_line
	.long	38                              @ DW_AT_type
	.byte	25                              @ Abbrev [25] 0x1e5f:0x10 DW_TAG_formal_parameter
	.long	.Ldebug_loc105                  @ DW_AT_location
	.long	.Linfo_string385                @ DW_AT_name
	.byte	5                               @ DW_AT_decl_file
	.short	1353                            @ DW_AT_decl_line
	.long	1246                            @ DW_AT_type
	.byte	25                              @ Abbrev [25] 0x1e6f:0x10 DW_TAG_formal_parameter
	.long	.Ldebug_loc106                  @ DW_AT_location
	.long	.Linfo_string386                @ DW_AT_name
	.byte	5                               @ DW_AT_decl_file
	.short	1353                            @ DW_AT_decl_line
	.long	1246                            @ DW_AT_type
	.byte	0                               @ End Of Children Mark
	.byte	23                              @ Abbrev [23] 0x1e80:0x21 DW_TAG_subprogram
	.long	.Lfunc_begin64                  @ DW_AT_low_pc
	.long	.Lfunc_end64-.Lfunc_begin64     @ DW_AT_high_pc
	.byte	1                               @ DW_AT_frame_base
	.byte	93
                                        @ DW_AT_GNU_all_call_sites
	.long	.Linfo_string319                @ DW_AT_name
	.byte	5                               @ DW_AT_decl_file
	.short	1367                            @ DW_AT_decl_line
                                        @ DW_AT_prototyped
                                        @ DW_AT_external
	.byte	24                              @ Abbrev [24] 0x1e92:0xe DW_TAG_formal_parameter
	.byte	1                               @ DW_AT_location
	.byte	80
	.long	.Linfo_string350                @ DW_AT_name
	.byte	5                               @ DW_AT_decl_file
	.short	1367                            @ DW_AT_decl_line
	.long	38                              @ DW_AT_type
	.byte	0                               @ End Of Children Mark
	.byte	23                              @ Abbrev [23] 0x1ea1:0x21 DW_TAG_subprogram
	.long	.Lfunc_begin65                  @ DW_AT_low_pc
	.long	.Lfunc_end65-.Lfunc_begin65     @ DW_AT_high_pc
	.byte	1                               @ DW_AT_frame_base
	.byte	93
                                        @ DW_AT_GNU_all_call_sites
	.long	.Linfo_string320                @ DW_AT_name
	.byte	5                               @ DW_AT_decl_file
	.short	1380                            @ DW_AT_decl_line
                                        @ DW_AT_prototyped
                                        @ DW_AT_external
	.byte	24                              @ Abbrev [24] 0x1eb3:0xe DW_TAG_formal_parameter
	.byte	1                               @ DW_AT_location
	.byte	80
	.long	.Linfo_string350                @ DW_AT_name
	.byte	5                               @ DW_AT_decl_file
	.short	1380                            @ DW_AT_decl_line
	.long	38                              @ DW_AT_type
	.byte	0                               @ End Of Children Mark
	.byte	23                              @ Abbrev [23] 0x1ec2:0x21 DW_TAG_subprogram
	.long	.Lfunc_begin66                  @ DW_AT_low_pc
	.long	.Lfunc_end66-.Lfunc_begin66     @ DW_AT_high_pc
	.byte	1                               @ DW_AT_frame_base
	.byte	93
                                        @ DW_AT_GNU_all_call_sites
	.long	.Linfo_string321                @ DW_AT_name
	.byte	5                               @ DW_AT_decl_file
	.short	1393                            @ DW_AT_decl_line
                                        @ DW_AT_prototyped
                                        @ DW_AT_external
	.byte	24                              @ Abbrev [24] 0x1ed4:0xe DW_TAG_formal_parameter
	.byte	1                               @ DW_AT_location
	.byte	80
	.long	.Linfo_string350                @ DW_AT_name
	.byte	5                               @ DW_AT_decl_file
	.short	1393                            @ DW_AT_decl_line
	.long	38                              @ DW_AT_type
	.byte	0                               @ End Of Children Mark
	.byte	23                              @ Abbrev [23] 0x1ee3:0x3f DW_TAG_subprogram
	.long	.Lfunc_begin67                  @ DW_AT_low_pc
	.long	.Lfunc_end67-.Lfunc_begin67     @ DW_AT_high_pc
	.byte	1                               @ DW_AT_frame_base
	.byte	93
                                        @ DW_AT_GNU_all_call_sites
	.long	.Linfo_string322                @ DW_AT_name
	.byte	5                               @ DW_AT_decl_file
	.short	1415                            @ DW_AT_decl_line
                                        @ DW_AT_prototyped
                                        @ DW_AT_external
	.byte	24                              @ Abbrev [24] 0x1ef5:0xe DW_TAG_formal_parameter
	.byte	1                               @ DW_AT_location
	.byte	80
	.long	.Linfo_string350                @ DW_AT_name
	.byte	5                               @ DW_AT_decl_file
	.short	1415                            @ DW_AT_decl_line
	.long	38                              @ DW_AT_type
	.byte	25                              @ Abbrev [25] 0x1f03:0x10 DW_TAG_formal_parameter
	.long	.Ldebug_loc107                  @ DW_AT_location
	.long	.Linfo_string351                @ DW_AT_name
	.byte	5                               @ DW_AT_decl_file
	.short	1415                            @ DW_AT_decl_line
	.long	1246                            @ DW_AT_type
	.byte	24                              @ Abbrev [24] 0x1f13:0xe DW_TAG_formal_parameter
	.byte	1                               @ DW_AT_location
	.byte	82
	.long	.Linfo_string387                @ DW_AT_name
	.byte	5                               @ DW_AT_decl_file
	.short	1415                            @ DW_AT_decl_line
	.long	1246                            @ DW_AT_type
	.byte	0                               @ End Of Children Mark
	.byte	23                              @ Abbrev [23] 0x1f22:0x51 DW_TAG_subprogram
	.long	.Lfunc_begin68                  @ DW_AT_low_pc
	.long	.Lfunc_end68-.Lfunc_begin68     @ DW_AT_high_pc
	.byte	1                               @ DW_AT_frame_base
	.byte	93
                                        @ DW_AT_GNU_all_call_sites
	.long	.Linfo_string323                @ DW_AT_name
	.byte	5                               @ DW_AT_decl_file
	.short	1440                            @ DW_AT_decl_line
                                        @ DW_AT_prototyped
                                        @ DW_AT_external
	.byte	24                              @ Abbrev [24] 0x1f34:0xe DW_TAG_formal_parameter
	.byte	1                               @ DW_AT_location
	.byte	80
	.long	.Linfo_string350                @ DW_AT_name
	.byte	5                               @ DW_AT_decl_file
	.short	1440                            @ DW_AT_decl_line
	.long	38                              @ DW_AT_type
	.byte	25                              @ Abbrev [25] 0x1f42:0x10 DW_TAG_formal_parameter
	.long	.Ldebug_loc108                  @ DW_AT_location
	.long	.Linfo_string388                @ DW_AT_name
	.byte	5                               @ DW_AT_decl_file
	.short	1440                            @ DW_AT_decl_line
	.long	1246                            @ DW_AT_type
	.byte	25                              @ Abbrev [25] 0x1f52:0x10 DW_TAG_formal_parameter
	.long	.Ldebug_loc109                  @ DW_AT_location
	.long	.Linfo_string385                @ DW_AT_name
	.byte	5                               @ DW_AT_decl_file
	.short	1440                            @ DW_AT_decl_line
	.long	1246                            @ DW_AT_type
	.byte	25                              @ Abbrev [25] 0x1f62:0x10 DW_TAG_formal_parameter
	.long	.Ldebug_loc110                  @ DW_AT_location
	.long	.Linfo_string386                @ DW_AT_name
	.byte	5                               @ DW_AT_decl_file
	.short	1440                            @ DW_AT_decl_line
	.long	1246                            @ DW_AT_type
	.byte	0                               @ End Of Children Mark
	.byte	23                              @ Abbrev [23] 0x1f73:0x31 DW_TAG_subprogram
	.long	.Lfunc_begin69                  @ DW_AT_low_pc
	.long	.Lfunc_end69-.Lfunc_begin69     @ DW_AT_high_pc
	.byte	1                               @ DW_AT_frame_base
	.byte	93
                                        @ DW_AT_GNU_all_call_sites
	.long	.Linfo_string324                @ DW_AT_name
	.byte	5                               @ DW_AT_decl_file
	.short	1455                            @ DW_AT_decl_line
                                        @ DW_AT_prototyped
                                        @ DW_AT_external
	.byte	24                              @ Abbrev [24] 0x1f85:0xe DW_TAG_formal_parameter
	.byte	1                               @ DW_AT_location
	.byte	80
	.long	.Linfo_string350                @ DW_AT_name
	.byte	5                               @ DW_AT_decl_file
	.short	1455                            @ DW_AT_decl_line
	.long	38                              @ DW_AT_type
	.byte	25                              @ Abbrev [25] 0x1f93:0x10 DW_TAG_formal_parameter
	.long	.Ldebug_loc111                  @ DW_AT_location
	.long	.Linfo_string388                @ DW_AT_name
	.byte	5                               @ DW_AT_decl_file
	.short	1455                            @ DW_AT_decl_line
	.long	1246                            @ DW_AT_type
	.byte	0                               @ End Of Children Mark
	.byte	23                              @ Abbrev [23] 0x1fa4:0x31 DW_TAG_subprogram
	.long	.Lfunc_begin70                  @ DW_AT_low_pc
	.long	.Lfunc_end70-.Lfunc_begin70     @ DW_AT_high_pc
	.byte	1                               @ DW_AT_frame_base
	.byte	93
                                        @ DW_AT_GNU_all_call_sites
	.long	.Linfo_string325                @ DW_AT_name
	.byte	5                               @ DW_AT_decl_file
	.short	1469                            @ DW_AT_decl_line
                                        @ DW_AT_prototyped
                                        @ DW_AT_external
	.byte	24                              @ Abbrev [24] 0x1fb6:0xe DW_TAG_formal_parameter
	.byte	1                               @ DW_AT_location
	.byte	80
	.long	.Linfo_string350                @ DW_AT_name
	.byte	5                               @ DW_AT_decl_file
	.short	1469                            @ DW_AT_decl_line
	.long	38                              @ DW_AT_type
	.byte	25                              @ Abbrev [25] 0x1fc4:0x10 DW_TAG_formal_parameter
	.long	.Ldebug_loc112                  @ DW_AT_location
	.long	.Linfo_string388                @ DW_AT_name
	.byte	5                               @ DW_AT_decl_file
	.short	1469                            @ DW_AT_decl_line
	.long	1246                            @ DW_AT_type
	.byte	0                               @ End Of Children Mark
	.byte	23                              @ Abbrev [23] 0x1fd5:0x31 DW_TAG_subprogram
	.long	.Lfunc_begin71                  @ DW_AT_low_pc
	.long	.Lfunc_end71-.Lfunc_begin71     @ DW_AT_high_pc
	.byte	1                               @ DW_AT_frame_base
	.byte	93
                                        @ DW_AT_GNU_all_call_sites
	.long	.Linfo_string326                @ DW_AT_name
	.byte	5                               @ DW_AT_decl_file
	.short	1483                            @ DW_AT_decl_line
                                        @ DW_AT_prototyped
                                        @ DW_AT_external
	.byte	24                              @ Abbrev [24] 0x1fe7:0xe DW_TAG_formal_parameter
	.byte	1                               @ DW_AT_location
	.byte	80
	.long	.Linfo_string350                @ DW_AT_name
	.byte	5                               @ DW_AT_decl_file
	.short	1483                            @ DW_AT_decl_line
	.long	38                              @ DW_AT_type
	.byte	25                              @ Abbrev [25] 0x1ff5:0x10 DW_TAG_formal_parameter
	.long	.Ldebug_loc113                  @ DW_AT_location
	.long	.Linfo_string388                @ DW_AT_name
	.byte	5                               @ DW_AT_decl_file
	.short	1483                            @ DW_AT_decl_line
	.long	1246                            @ DW_AT_type
	.byte	0                               @ End Of Children Mark
	.byte	23                              @ Abbrev [23] 0x2006:0x3f DW_TAG_subprogram
	.long	.Lfunc_begin72                  @ DW_AT_low_pc
	.long	.Lfunc_end72-.Lfunc_begin72     @ DW_AT_high_pc
	.byte	1                               @ DW_AT_frame_base
	.byte	93
                                        @ DW_AT_GNU_all_call_sites
	.long	.Linfo_string327                @ DW_AT_name
	.byte	5                               @ DW_AT_decl_file
	.short	1498                            @ DW_AT_decl_line
                                        @ DW_AT_prototyped
                                        @ DW_AT_external
	.byte	24                              @ Abbrev [24] 0x2018:0xe DW_TAG_formal_parameter
	.byte	1                               @ DW_AT_location
	.byte	80
	.long	.Linfo_string350                @ DW_AT_name
	.byte	5                               @ DW_AT_decl_file
	.short	1498                            @ DW_AT_decl_line
	.long	38                              @ DW_AT_type
	.byte	25                              @ Abbrev [25] 0x2026:0x10 DW_TAG_formal_parameter
	.long	.Ldebug_loc114                  @ DW_AT_location
	.long	.Linfo_string388                @ DW_AT_name
	.byte	5                               @ DW_AT_decl_file
	.short	1498                            @ DW_AT_decl_line
	.long	1246                            @ DW_AT_type
	.byte	24                              @ Abbrev [24] 0x2036:0xe DW_TAG_formal_parameter
	.byte	1                               @ DW_AT_location
	.byte	82
	.long	.Linfo_string389                @ DW_AT_name
	.byte	5                               @ DW_AT_decl_file
	.short	1498                            @ DW_AT_decl_line
	.long	1246                            @ DW_AT_type
	.byte	0                               @ End Of Children Mark
	.byte	23                              @ Abbrev [23] 0x2045:0x5c DW_TAG_subprogram
	.long	.Lfunc_begin73                  @ DW_AT_low_pc
	.long	.Lfunc_end73-.Lfunc_begin73     @ DW_AT_high_pc
	.byte	1                               @ DW_AT_frame_base
	.byte	93
                                        @ DW_AT_GNU_all_call_sites
	.long	.Linfo_string328                @ DW_AT_name
	.byte	5                               @ DW_AT_decl_file
	.short	1529                            @ DW_AT_decl_line
                                        @ DW_AT_prototyped
                                        @ DW_AT_external
	.byte	24                              @ Abbrev [24] 0x2057:0xe DW_TAG_formal_parameter
	.byte	1                               @ DW_AT_location
	.byte	80
	.long	.Linfo_string350                @ DW_AT_name
	.byte	5                               @ DW_AT_decl_file
	.short	1529                            @ DW_AT_decl_line
	.long	38                              @ DW_AT_type
	.byte	25                              @ Abbrev [25] 0x2065:0x10 DW_TAG_formal_parameter
	.long	.Ldebug_loc115                  @ DW_AT_location
	.long	.Linfo_string390                @ DW_AT_name
	.byte	5                               @ DW_AT_decl_file
	.short	1529                            @ DW_AT_decl_line
	.long	1246                            @ DW_AT_type
	.byte	24                              @ Abbrev [24] 0x2075:0xe DW_TAG_formal_parameter
	.byte	1                               @ DW_AT_location
	.byte	82
	.long	.Linfo_string391                @ DW_AT_name
	.byte	5                               @ DW_AT_decl_file
	.short	1529                            @ DW_AT_decl_line
	.long	1246                            @ DW_AT_type
	.byte	24                              @ Abbrev [24] 0x2083:0xe DW_TAG_formal_parameter
	.byte	1                               @ DW_AT_location
	.byte	83
	.long	.Linfo_string392                @ DW_AT_name
	.byte	5                               @ DW_AT_decl_file
	.short	1529                            @ DW_AT_decl_line
	.long	1246                            @ DW_AT_type
	.byte	24                              @ Abbrev [24] 0x2091:0xf DW_TAG_formal_parameter
	.byte	2                               @ DW_AT_location
	.byte	145
	.byte	0
	.long	.Linfo_string393                @ DW_AT_name
	.byte	5                               @ DW_AT_decl_file
	.short	1529                            @ DW_AT_decl_line
	.long	1246                            @ DW_AT_type
	.byte	0                               @ End Of Children Mark
	.byte	26                              @ Abbrev [26] 0x20a1:0x35 DW_TAG_subprogram
	.long	.Lfunc_begin74                  @ DW_AT_low_pc
	.long	.Lfunc_end74-.Lfunc_begin74     @ DW_AT_high_pc
	.byte	1                               @ DW_AT_frame_base
	.byte	93
                                        @ DW_AT_GNU_all_call_sites
	.long	.Linfo_string329                @ DW_AT_name
	.byte	5                               @ DW_AT_decl_file
	.short	1547                            @ DW_AT_decl_line
                                        @ DW_AT_prototyped
	.long	1246                            @ DW_AT_type
                                        @ DW_AT_external
	.byte	25                              @ Abbrev [25] 0x20b7:0x10 DW_TAG_formal_parameter
	.long	.Ldebug_loc116                  @ DW_AT_location
	.long	.Linfo_string350                @ DW_AT_name
	.byte	5                               @ DW_AT_decl_file
	.short	1547                            @ DW_AT_decl_line
	.long	38                              @ DW_AT_type
	.byte	24                              @ Abbrev [24] 0x20c7:0xe DW_TAG_formal_parameter
	.byte	1                               @ DW_AT_location
	.byte	81
	.long	.Linfo_string351                @ DW_AT_name
	.byte	5                               @ DW_AT_decl_file
	.short	1547                            @ DW_AT_decl_line
	.long	1246                            @ DW_AT_type
	.byte	0                               @ End Of Children Mark
	.byte	23                              @ Abbrev [23] 0x20d6:0x31 DW_TAG_subprogram
	.long	.Lfunc_begin75                  @ DW_AT_low_pc
	.long	.Lfunc_end75-.Lfunc_begin75     @ DW_AT_high_pc
	.byte	1                               @ DW_AT_frame_base
	.byte	93
                                        @ DW_AT_GNU_all_call_sites
	.long	.Linfo_string330                @ DW_AT_name
	.byte	5                               @ DW_AT_decl_file
	.short	1561                            @ DW_AT_decl_line
                                        @ DW_AT_prototyped
                                        @ DW_AT_external
	.byte	24                              @ Abbrev [24] 0x20e8:0xe DW_TAG_formal_parameter
	.byte	1                               @ DW_AT_location
	.byte	80
	.long	.Linfo_string350                @ DW_AT_name
	.byte	5                               @ DW_AT_decl_file
	.short	1561                            @ DW_AT_decl_line
	.long	38                              @ DW_AT_type
	.byte	25                              @ Abbrev [25] 0x20f6:0x10 DW_TAG_formal_parameter
	.long	.Ldebug_loc117                  @ DW_AT_location
	.long	.Linfo_string351                @ DW_AT_name
	.byte	5                               @ DW_AT_decl_file
	.short	1561                            @ DW_AT_decl_line
	.long	1246                            @ DW_AT_type
	.byte	0                               @ End Of Children Mark
	.byte	23                              @ Abbrev [23] 0x2107:0x51 DW_TAG_subprogram
	.long	.Lfunc_begin76                  @ DW_AT_low_pc
	.long	.Lfunc_end76-.Lfunc_begin76     @ DW_AT_high_pc
	.byte	1                               @ DW_AT_frame_base
	.byte	93
                                        @ DW_AT_GNU_all_call_sites
	.long	.Linfo_string331                @ DW_AT_name
	.byte	5                               @ DW_AT_decl_file
	.short	1581                            @ DW_AT_decl_line
                                        @ DW_AT_prototyped
                                        @ DW_AT_external
	.byte	25                              @ Abbrev [25] 0x2119:0x10 DW_TAG_formal_parameter
	.long	.Ldebug_loc118                  @ DW_AT_location
	.long	.Linfo_string350                @ DW_AT_name
	.byte	5                               @ DW_AT_decl_file
	.short	1581                            @ DW_AT_decl_line
	.long	38                              @ DW_AT_type
	.byte	25                              @ Abbrev [25] 0x2129:0x10 DW_TAG_formal_parameter
	.long	.Ldebug_loc119                  @ DW_AT_location
	.long	.Linfo_string351                @ DW_AT_name
	.byte	5                               @ DW_AT_decl_file
	.short	1581                            @ DW_AT_decl_line
	.long	1246                            @ DW_AT_type
	.byte	25                              @ Abbrev [25] 0x2139:0x10 DW_TAG_formal_parameter
	.long	.Ldebug_loc120                  @ DW_AT_location
	.long	.Linfo_string394                @ DW_AT_name
	.byte	5                               @ DW_AT_decl_file
	.short	1581                            @ DW_AT_decl_line
	.long	1246                            @ DW_AT_type
	.byte	24                              @ Abbrev [24] 0x2149:0xe DW_TAG_formal_parameter
	.byte	1                               @ DW_AT_location
	.byte	83
	.long	.Linfo_string395                @ DW_AT_name
	.byte	5                               @ DW_AT_decl_file
	.short	1581                            @ DW_AT_decl_line
	.long	1246                            @ DW_AT_type
	.byte	0                               @ End Of Children Mark
	.byte	23                              @ Abbrev [23] 0x2158:0x31 DW_TAG_subprogram
	.long	.Lfunc_begin77                  @ DW_AT_low_pc
	.long	.Lfunc_end77-.Lfunc_begin77     @ DW_AT_high_pc
	.byte	1                               @ DW_AT_frame_base
	.byte	93
                                        @ DW_AT_GNU_all_call_sites
	.long	.Linfo_string332                @ DW_AT_name
	.byte	5                               @ DW_AT_decl_file
	.short	1597                            @ DW_AT_decl_line
                                        @ DW_AT_prototyped
                                        @ DW_AT_external
	.byte	24                              @ Abbrev [24] 0x216a:0xe DW_TAG_formal_parameter
	.byte	1                               @ DW_AT_location
	.byte	80
	.long	.Linfo_string350                @ DW_AT_name
	.byte	5                               @ DW_AT_decl_file
	.short	1597                            @ DW_AT_decl_line
	.long	38                              @ DW_AT_type
	.byte	25                              @ Abbrev [25] 0x2178:0x10 DW_TAG_formal_parameter
	.long	.Ldebug_loc121                  @ DW_AT_location
	.long	.Linfo_string351                @ DW_AT_name
	.byte	5                               @ DW_AT_decl_file
	.short	1597                            @ DW_AT_decl_line
	.long	1246                            @ DW_AT_type
	.byte	0                               @ End Of Children Mark
	.byte	23                              @ Abbrev [23] 0x2189:0x31 DW_TAG_subprogram
	.long	.Lfunc_begin78                  @ DW_AT_low_pc
	.long	.Lfunc_end78-.Lfunc_begin78     @ DW_AT_high_pc
	.byte	1                               @ DW_AT_frame_base
	.byte	93
                                        @ DW_AT_GNU_all_call_sites
	.long	.Linfo_string333                @ DW_AT_name
	.byte	5                               @ DW_AT_decl_file
	.short	1611                            @ DW_AT_decl_line
                                        @ DW_AT_prototyped
                                        @ DW_AT_external
	.byte	24                              @ Abbrev [24] 0x219b:0xe DW_TAG_formal_parameter
	.byte	1                               @ DW_AT_location
	.byte	80
	.long	.Linfo_string350                @ DW_AT_name
	.byte	5                               @ DW_AT_decl_file
	.short	1611                            @ DW_AT_decl_line
	.long	38                              @ DW_AT_type
	.byte	25                              @ Abbrev [25] 0x21a9:0x10 DW_TAG_formal_parameter
	.long	.Ldebug_loc122                  @ DW_AT_location
	.long	.Linfo_string351                @ DW_AT_name
	.byte	5                               @ DW_AT_decl_file
	.short	1611                            @ DW_AT_decl_line
	.long	1246                            @ DW_AT_type
	.byte	0                               @ End Of Children Mark
	.byte	23                              @ Abbrev [23] 0x21ba:0x31 DW_TAG_subprogram
	.long	.Lfunc_begin79                  @ DW_AT_low_pc
	.long	.Lfunc_end79-.Lfunc_begin79     @ DW_AT_high_pc
	.byte	1                               @ DW_AT_frame_base
	.byte	93
                                        @ DW_AT_GNU_all_call_sites
	.long	.Linfo_string334                @ DW_AT_name
	.byte	5                               @ DW_AT_decl_file
	.short	1625                            @ DW_AT_decl_line
                                        @ DW_AT_prototyped
                                        @ DW_AT_external
	.byte	24                              @ Abbrev [24] 0x21cc:0xe DW_TAG_formal_parameter
	.byte	1                               @ DW_AT_location
	.byte	80
	.long	.Linfo_string350                @ DW_AT_name
	.byte	5                               @ DW_AT_decl_file
	.short	1625                            @ DW_AT_decl_line
	.long	38                              @ DW_AT_type
	.byte	25                              @ Abbrev [25] 0x21da:0x10 DW_TAG_formal_parameter
	.long	.Ldebug_loc123                  @ DW_AT_location
	.long	.Linfo_string351                @ DW_AT_name
	.byte	5                               @ DW_AT_decl_file
	.short	1625                            @ DW_AT_decl_line
	.long	1246                            @ DW_AT_type
	.byte	0                               @ End Of Children Mark
	.byte	23                              @ Abbrev [23] 0x21eb:0x41 DW_TAG_subprogram
	.long	.Lfunc_begin80                  @ DW_AT_low_pc
	.long	.Lfunc_end80-.Lfunc_begin80     @ DW_AT_high_pc
	.byte	1                               @ DW_AT_frame_base
	.byte	93
                                        @ DW_AT_GNU_all_call_sites
	.long	.Linfo_string335                @ DW_AT_name
	.byte	5                               @ DW_AT_decl_file
	.short	1640                            @ DW_AT_decl_line
                                        @ DW_AT_prototyped
                                        @ DW_AT_external
	.byte	25                              @ Abbrev [25] 0x21fd:0x10 DW_TAG_formal_parameter
	.long	.Ldebug_loc124                  @ DW_AT_location
	.long	.Linfo_string350                @ DW_AT_name
	.byte	5                               @ DW_AT_decl_file
	.short	1640                            @ DW_AT_decl_line
	.long	38                              @ DW_AT_type
	.byte	25                              @ Abbrev [25] 0x220d:0x10 DW_TAG_formal_parameter
	.long	.Ldebug_loc125                  @ DW_AT_location
	.long	.Linfo_string351                @ DW_AT_name
	.byte	5                               @ DW_AT_decl_file
	.short	1640                            @ DW_AT_decl_line
	.long	1246                            @ DW_AT_type
	.byte	24                              @ Abbrev [24] 0x221d:0xe DW_TAG_formal_parameter
	.byte	1                               @ DW_AT_location
	.byte	82
	.long	.Linfo_string396                @ DW_AT_name
	.byte	5                               @ DW_AT_decl_file
	.short	1640                            @ DW_AT_decl_line
	.long	1246                            @ DW_AT_type
	.byte	0                               @ End Of Children Mark
	.byte	23                              @ Abbrev [23] 0x222c:0x33 DW_TAG_subprogram
	.long	.Lfunc_begin81                  @ DW_AT_low_pc
	.long	.Lfunc_end81-.Lfunc_begin81     @ DW_AT_high_pc
	.byte	1                               @ DW_AT_frame_base
	.byte	93
                                        @ DW_AT_GNU_all_call_sites
	.long	.Linfo_string336                @ DW_AT_name
	.byte	5                               @ DW_AT_decl_file
	.short	1655                            @ DW_AT_decl_line
                                        @ DW_AT_prototyped
                                        @ DW_AT_external
	.byte	25                              @ Abbrev [25] 0x223e:0x10 DW_TAG_formal_parameter
	.long	.Ldebug_loc126                  @ DW_AT_location
	.long	.Linfo_string350                @ DW_AT_name
	.byte	5                               @ DW_AT_decl_file
	.short	1655                            @ DW_AT_decl_line
	.long	38                              @ DW_AT_type
	.byte	25                              @ Abbrev [25] 0x224e:0x10 DW_TAG_formal_parameter
	.long	.Ldebug_loc127                  @ DW_AT_location
	.long	.Linfo_string351                @ DW_AT_name
	.byte	5                               @ DW_AT_decl_file
	.short	1655                            @ DW_AT_decl_line
	.long	1246                            @ DW_AT_type
	.byte	0                               @ End Of Children Mark
	.byte	23                              @ Abbrev [23] 0x225f:0x41 DW_TAG_subprogram
	.long	.Lfunc_begin82                  @ DW_AT_low_pc
	.long	.Lfunc_end82-.Lfunc_begin82     @ DW_AT_high_pc
	.byte	1                               @ DW_AT_frame_base
	.byte	93
                                        @ DW_AT_GNU_all_call_sites
	.long	.Linfo_string337                @ DW_AT_name
	.byte	5                               @ DW_AT_decl_file
	.short	1670                            @ DW_AT_decl_line
                                        @ DW_AT_prototyped
                                        @ DW_AT_external
	.byte	25                              @ Abbrev [25] 0x2271:0x10 DW_TAG_formal_parameter
	.long	.Ldebug_loc128                  @ DW_AT_location
	.long	.Linfo_string350                @ DW_AT_name
	.byte	5                               @ DW_AT_decl_file
	.short	1670                            @ DW_AT_decl_line
	.long	38                              @ DW_AT_type
	.byte	25                              @ Abbrev [25] 0x2281:0x10 DW_TAG_formal_parameter
	.long	.Ldebug_loc129                  @ DW_AT_location
	.long	.Linfo_string351                @ DW_AT_name
	.byte	5                               @ DW_AT_decl_file
	.short	1670                            @ DW_AT_decl_line
	.long	1246                            @ DW_AT_type
	.byte	24                              @ Abbrev [24] 0x2291:0xe DW_TAG_formal_parameter
	.byte	1                               @ DW_AT_location
	.byte	82
	.long	.Linfo_string397                @ DW_AT_name
	.byte	5                               @ DW_AT_decl_file
	.short	1670                            @ DW_AT_decl_line
	.long	1246                            @ DW_AT_type
	.byte	0                               @ End Of Children Mark
	.byte	23                              @ Abbrev [23] 0x22a0:0x33 DW_TAG_subprogram
	.long	.Lfunc_begin83                  @ DW_AT_low_pc
	.long	.Lfunc_end83-.Lfunc_begin83     @ DW_AT_high_pc
	.byte	1                               @ DW_AT_frame_base
	.byte	93
                                        @ DW_AT_GNU_all_call_sites
	.long	.Linfo_string338                @ DW_AT_name
	.byte	5                               @ DW_AT_decl_file
	.short	1684                            @ DW_AT_decl_line
                                        @ DW_AT_prototyped
                                        @ DW_AT_external
	.byte	25                              @ Abbrev [25] 0x22b2:0x10 DW_TAG_formal_parameter
	.long	.Ldebug_loc130                  @ DW_AT_location
	.long	.Linfo_string350                @ DW_AT_name
	.byte	5                               @ DW_AT_decl_file
	.short	1684                            @ DW_AT_decl_line
	.long	38                              @ DW_AT_type
	.byte	25                              @ Abbrev [25] 0x22c2:0x10 DW_TAG_formal_parameter
	.long	.Ldebug_loc131                  @ DW_AT_location
	.long	.Linfo_string351                @ DW_AT_name
	.byte	5                               @ DW_AT_decl_file
	.short	1684                            @ DW_AT_decl_line
	.long	1246                            @ DW_AT_type
	.byte	0                               @ End Of Children Mark
	.byte	23                              @ Abbrev [23] 0x22d3:0x31 DW_TAG_subprogram
	.long	.Lfunc_begin84                  @ DW_AT_low_pc
	.long	.Lfunc_end84-.Lfunc_begin84     @ DW_AT_high_pc
	.byte	1                               @ DW_AT_frame_base
	.byte	93
                                        @ DW_AT_GNU_all_call_sites
	.long	.Linfo_string339                @ DW_AT_name
	.byte	5                               @ DW_AT_decl_file
	.short	1698                            @ DW_AT_decl_line
                                        @ DW_AT_prototyped
                                        @ DW_AT_external
	.byte	24                              @ Abbrev [24] 0x22e5:0xe DW_TAG_formal_parameter
	.byte	1                               @ DW_AT_location
	.byte	80
	.long	.Linfo_string350                @ DW_AT_name
	.byte	5                               @ DW_AT_decl_file
	.short	1698                            @ DW_AT_decl_line
	.long	38                              @ DW_AT_type
	.byte	25                              @ Abbrev [25] 0x22f3:0x10 DW_TAG_formal_parameter
	.long	.Ldebug_loc132                  @ DW_AT_location
	.long	.Linfo_string351                @ DW_AT_name
	.byte	5                               @ DW_AT_decl_file
	.short	1698                            @ DW_AT_decl_line
	.long	1246                            @ DW_AT_type
	.byte	0                               @ End Of Children Mark
	.byte	23                              @ Abbrev [23] 0x2304:0x31 DW_TAG_subprogram
	.long	.Lfunc_begin85                  @ DW_AT_low_pc
	.long	.Lfunc_end85-.Lfunc_begin85     @ DW_AT_high_pc
	.byte	1                               @ DW_AT_frame_base
	.byte	93
                                        @ DW_AT_GNU_all_call_sites
	.long	.Linfo_string340                @ DW_AT_name
	.byte	5                               @ DW_AT_decl_file
	.short	1712                            @ DW_AT_decl_line
                                        @ DW_AT_prototyped
                                        @ DW_AT_external
	.byte	24                              @ Abbrev [24] 0x2316:0xe DW_TAG_formal_parameter
	.byte	1                               @ DW_AT_location
	.byte	80
	.long	.Linfo_string350                @ DW_AT_name
	.byte	5                               @ DW_AT_decl_file
	.short	1712                            @ DW_AT_decl_line
	.long	38                              @ DW_AT_type
	.byte	25                              @ Abbrev [25] 0x2324:0x10 DW_TAG_formal_parameter
	.long	.Ldebug_loc133                  @ DW_AT_location
	.long	.Linfo_string351                @ DW_AT_name
	.byte	5                               @ DW_AT_decl_file
	.short	1712                            @ DW_AT_decl_line
	.long	1246                            @ DW_AT_type
	.byte	0                               @ End Of Children Mark
	.byte	23                              @ Abbrev [23] 0x2335:0x31 DW_TAG_subprogram
	.long	.Lfunc_begin86                  @ DW_AT_low_pc
	.long	.Lfunc_end86-.Lfunc_begin86     @ DW_AT_high_pc
	.byte	1                               @ DW_AT_frame_base
	.byte	93
                                        @ DW_AT_GNU_all_call_sites
	.long	.Linfo_string341                @ DW_AT_name
	.byte	5                               @ DW_AT_decl_file
	.short	1726                            @ DW_AT_decl_line
                                        @ DW_AT_prototyped
                                        @ DW_AT_external
	.byte	24                              @ Abbrev [24] 0x2347:0xe DW_TAG_formal_parameter
	.byte	1                               @ DW_AT_location
	.byte	80
	.long	.Linfo_string350                @ DW_AT_name
	.byte	5                               @ DW_AT_decl_file
	.short	1726                            @ DW_AT_decl_line
	.long	38                              @ DW_AT_type
	.byte	25                              @ Abbrev [25] 0x2355:0x10 DW_TAG_formal_parameter
	.long	.Ldebug_loc134                  @ DW_AT_location
	.long	.Linfo_string351                @ DW_AT_name
	.byte	5                               @ DW_AT_decl_file
	.short	1726                            @ DW_AT_decl_line
	.long	1246                            @ DW_AT_type
	.byte	0                               @ End Of Children Mark
	.byte	26                              @ Abbrev [26] 0x2366:0x35 DW_TAG_subprogram
	.long	.Lfunc_begin87                  @ DW_AT_low_pc
	.long	.Lfunc_end87-.Lfunc_begin87     @ DW_AT_high_pc
	.byte	1                               @ DW_AT_frame_base
	.byte	93
                                        @ DW_AT_GNU_all_call_sites
	.long	.Linfo_string342                @ DW_AT_name
	.byte	5                               @ DW_AT_decl_file
	.short	1741                            @ DW_AT_decl_line
                                        @ DW_AT_prototyped
	.long	1246                            @ DW_AT_type
                                        @ DW_AT_external
	.byte	25                              @ Abbrev [25] 0x237c:0x10 DW_TAG_formal_parameter
	.long	.Ldebug_loc135                  @ DW_AT_location
	.long	.Linfo_string350                @ DW_AT_name
	.byte	5                               @ DW_AT_decl_file
	.short	1741                            @ DW_AT_decl_line
	.long	38                              @ DW_AT_type
	.byte	24                              @ Abbrev [24] 0x238c:0xe DW_TAG_formal_parameter
	.byte	1                               @ DW_AT_location
	.byte	81
	.long	.Linfo_string351                @ DW_AT_name
	.byte	5                               @ DW_AT_decl_file
	.short	1741                            @ DW_AT_decl_line
	.long	1246                            @ DW_AT_type
	.byte	0                               @ End Of Children Mark
	.byte	23                              @ Abbrev [23] 0x239b:0x51 DW_TAG_subprogram
	.long	.Lfunc_begin88                  @ DW_AT_low_pc
	.long	.Lfunc_end88-.Lfunc_begin88     @ DW_AT_high_pc
	.byte	1                               @ DW_AT_frame_base
	.byte	93
                                        @ DW_AT_GNU_all_call_sites
	.long	.Linfo_string343                @ DW_AT_name
	.byte	5                               @ DW_AT_decl_file
	.short	1767                            @ DW_AT_decl_line
                                        @ DW_AT_prototyped
                                        @ DW_AT_external
	.byte	25                              @ Abbrev [25] 0x23ad:0x10 DW_TAG_formal_parameter
	.long	.Ldebug_loc136                  @ DW_AT_location
	.long	.Linfo_string350                @ DW_AT_name
	.byte	5                               @ DW_AT_decl_file
	.short	1767                            @ DW_AT_decl_line
	.long	38                              @ DW_AT_type
	.byte	25                              @ Abbrev [25] 0x23bd:0x10 DW_TAG_formal_parameter
	.long	.Ldebug_loc137                  @ DW_AT_location
	.long	.Linfo_string351                @ DW_AT_name
	.byte	5                               @ DW_AT_decl_file
	.short	1767                            @ DW_AT_decl_line
	.long	1246                            @ DW_AT_type
	.byte	25                              @ Abbrev [25] 0x23cd:0x10 DW_TAG_formal_parameter
	.long	.Ldebug_loc138                  @ DW_AT_location
	.long	.Linfo_string398                @ DW_AT_name
	.byte	5                               @ DW_AT_decl_file
	.short	1767                            @ DW_AT_decl_line
	.long	1246                            @ DW_AT_type
	.byte	24                              @ Abbrev [24] 0x23dd:0xe DW_TAG_formal_parameter
	.byte	1                               @ DW_AT_location
	.byte	83
	.long	.Linfo_string387                @ DW_AT_name
	.byte	5                               @ DW_AT_decl_file
	.short	1767                            @ DW_AT_decl_line
	.long	1246                            @ DW_AT_type
	.byte	0                               @ End Of Children Mark
	.byte	23                              @ Abbrev [23] 0x23ec:0x33 DW_TAG_subprogram
	.long	.Lfunc_begin89                  @ DW_AT_low_pc
	.long	.Lfunc_end89-.Lfunc_begin89     @ DW_AT_high_pc
	.byte	1                               @ DW_AT_frame_base
	.byte	93
                                        @ DW_AT_GNU_all_call_sites
	.long	.Linfo_string344                @ DW_AT_name
	.byte	5                               @ DW_AT_decl_file
	.short	1784                            @ DW_AT_decl_line
                                        @ DW_AT_prototyped
                                        @ DW_AT_external
	.byte	25                              @ Abbrev [25] 0x23fe:0x10 DW_TAG_formal_parameter
	.long	.Ldebug_loc139                  @ DW_AT_location
	.long	.Linfo_string350                @ DW_AT_name
	.byte	5                               @ DW_AT_decl_file
	.short	1784                            @ DW_AT_decl_line
	.long	38                              @ DW_AT_type
	.byte	25                              @ Abbrev [25] 0x240e:0x10 DW_TAG_formal_parameter
	.long	.Ldebug_loc140                  @ DW_AT_location
	.long	.Linfo_string351                @ DW_AT_name
	.byte	5                               @ DW_AT_decl_file
	.short	1784                            @ DW_AT_decl_line
	.long	1246                            @ DW_AT_type
	.byte	0                               @ End Of Children Mark
	.byte	23                              @ Abbrev [23] 0x241f:0x51 DW_TAG_subprogram
	.long	.Lfunc_begin90                  @ DW_AT_low_pc
	.long	.Lfunc_end90-.Lfunc_begin90     @ DW_AT_high_pc
	.byte	1                               @ DW_AT_frame_base
	.byte	93
                                        @ DW_AT_GNU_all_call_sites
	.long	.Linfo_string345                @ DW_AT_name
	.byte	5                               @ DW_AT_decl_file
	.short	1811                            @ DW_AT_decl_line
                                        @ DW_AT_prototyped
                                        @ DW_AT_external
	.byte	25                              @ Abbrev [25] 0x2431:0x10 DW_TAG_formal_parameter
	.long	.Ldebug_loc141                  @ DW_AT_location
	.long	.Linfo_string350                @ DW_AT_name
	.byte	5                               @ DW_AT_decl_file
	.short	1811                            @ DW_AT_decl_line
	.long	38                              @ DW_AT_type
	.byte	25                              @ Abbrev [25] 0x2441:0x10 DW_TAG_formal_parameter
	.long	.Ldebug_loc142                  @ DW_AT_location
	.long	.Linfo_string351                @ DW_AT_name
	.byte	5                               @ DW_AT_decl_file
	.short	1811                            @ DW_AT_decl_line
	.long	1246                            @ DW_AT_type
	.byte	25                              @ Abbrev [25] 0x2451:0x10 DW_TAG_formal_parameter
	.long	.Ldebug_loc143                  @ DW_AT_location
	.long	.Linfo_string399                @ DW_AT_name
	.byte	5                               @ DW_AT_decl_file
	.short	1811                            @ DW_AT_decl_line
	.long	1246                            @ DW_AT_type
	.byte	24                              @ Abbrev [24] 0x2461:0xe DW_TAG_formal_parameter
	.byte	1                               @ DW_AT_location
	.byte	83
	.long	.Linfo_string400                @ DW_AT_name
	.byte	5                               @ DW_AT_decl_file
	.short	1811                            @ DW_AT_decl_line
	.long	1246                            @ DW_AT_type
	.byte	0                               @ End Of Children Mark
	.byte	23                              @ Abbrev [23] 0x2470:0x33 DW_TAG_subprogram
	.long	.Lfunc_begin91                  @ DW_AT_low_pc
	.long	.Lfunc_end91-.Lfunc_begin91     @ DW_AT_high_pc
	.byte	1                               @ DW_AT_frame_base
	.byte	93
                                        @ DW_AT_GNU_all_call_sites
	.long	.Linfo_string346                @ DW_AT_name
	.byte	5                               @ DW_AT_decl_file
	.short	1826                            @ DW_AT_decl_line
                                        @ DW_AT_prototyped
                                        @ DW_AT_external
	.byte	25                              @ Abbrev [25] 0x2482:0x10 DW_TAG_formal_parameter
	.long	.Ldebug_loc144                  @ DW_AT_location
	.long	.Linfo_string350                @ DW_AT_name
	.byte	5                               @ DW_AT_decl_file
	.short	1826                            @ DW_AT_decl_line
	.long	38                              @ DW_AT_type
	.byte	25                              @ Abbrev [25] 0x2492:0x10 DW_TAG_formal_parameter
	.long	.Ldebug_loc145                  @ DW_AT_location
	.long	.Linfo_string351                @ DW_AT_name
	.byte	5                               @ DW_AT_decl_file
	.short	1826                            @ DW_AT_decl_line
	.long	1246                            @ DW_AT_type
	.byte	0                               @ End Of Children Mark
	.byte	26                              @ Abbrev [26] 0x24a3:0x35 DW_TAG_subprogram
	.long	.Lfunc_begin92                  @ DW_AT_low_pc
	.long	.Lfunc_end92-.Lfunc_begin92     @ DW_AT_high_pc
	.byte	1                               @ DW_AT_frame_base
	.byte	93
                                        @ DW_AT_GNU_all_call_sites
	.long	.Linfo_string347                @ DW_AT_name
	.byte	5                               @ DW_AT_decl_file
	.short	1841                            @ DW_AT_decl_line
                                        @ DW_AT_prototyped
	.long	1246                            @ DW_AT_type
                                        @ DW_AT_external
	.byte	25                              @ Abbrev [25] 0x24b9:0x10 DW_TAG_formal_parameter
	.long	.Ldebug_loc146                  @ DW_AT_location
	.long	.Linfo_string350                @ DW_AT_name
	.byte	5                               @ DW_AT_decl_file
	.short	1841                            @ DW_AT_decl_line
	.long	38                              @ DW_AT_type
	.byte	24                              @ Abbrev [24] 0x24c9:0xe DW_TAG_formal_parameter
	.byte	1                               @ DW_AT_location
	.byte	81
	.long	.Linfo_string351                @ DW_AT_name
	.byte	5                               @ DW_AT_decl_file
	.short	1841                            @ DW_AT_decl_line
	.long	1246                            @ DW_AT_type
	.byte	0                               @ End Of Children Mark
	.byte	23                              @ Abbrev [23] 0x24d8:0x3f DW_TAG_subprogram
	.long	.Lfunc_begin93                  @ DW_AT_low_pc
	.long	.Lfunc_end93-.Lfunc_begin93     @ DW_AT_high_pc
	.byte	1                               @ DW_AT_frame_base
	.byte	93
                                        @ DW_AT_GNU_all_call_sites
	.long	.Linfo_string348                @ DW_AT_name
	.byte	5                               @ DW_AT_decl_file
	.short	1860                            @ DW_AT_decl_line
                                        @ DW_AT_prototyped
                                        @ DW_AT_external
	.byte	24                              @ Abbrev [24] 0x24ea:0xe DW_TAG_formal_parameter
	.byte	1                               @ DW_AT_location
	.byte	80
	.long	.Linfo_string350                @ DW_AT_name
	.byte	5                               @ DW_AT_decl_file
	.short	1860                            @ DW_AT_decl_line
	.long	38                              @ DW_AT_type
	.byte	25                              @ Abbrev [25] 0x24f8:0x10 DW_TAG_formal_parameter
	.long	.Ldebug_loc147                  @ DW_AT_location
	.long	.Linfo_string351                @ DW_AT_name
	.byte	5                               @ DW_AT_decl_file
	.short	1860                            @ DW_AT_decl_line
	.long	1246                            @ DW_AT_type
	.byte	24                              @ Abbrev [24] 0x2508:0xe DW_TAG_formal_parameter
	.byte	1                               @ DW_AT_location
	.byte	82
	.long	.Linfo_string401                @ DW_AT_name
	.byte	5                               @ DW_AT_decl_file
	.short	1860                            @ DW_AT_decl_line
	.long	1246                            @ DW_AT_type
	.byte	0                               @ End Of Children Mark
	.byte	23                              @ Abbrev [23] 0x2517:0x31 DW_TAG_subprogram
	.long	.Lfunc_begin94                  @ DW_AT_low_pc
	.long	.Lfunc_end94-.Lfunc_begin94     @ DW_AT_high_pc
	.byte	1                               @ DW_AT_frame_base
	.byte	93
                                        @ DW_AT_GNU_all_call_sites
	.long	.Linfo_string349                @ DW_AT_name
	.byte	5                               @ DW_AT_decl_file
	.short	1875                            @ DW_AT_decl_line
                                        @ DW_AT_prototyped
                                        @ DW_AT_external
	.byte	24                              @ Abbrev [24] 0x2529:0xe DW_TAG_formal_parameter
	.byte	1                               @ DW_AT_location
	.byte	80
	.long	.Linfo_string350                @ DW_AT_name
	.byte	5                               @ DW_AT_decl_file
	.short	1875                            @ DW_AT_decl_line
	.long	38                              @ DW_AT_type
	.byte	25                              @ Abbrev [25] 0x2537:0x10 DW_TAG_formal_parameter
	.long	.Ldebug_loc148                  @ DW_AT_location
	.long	.Linfo_string351                @ DW_AT_name
	.byte	5                               @ DW_AT_decl_file
	.short	1875                            @ DW_AT_decl_line
	.long	1246                            @ DW_AT_type
	.byte	0                               @ End Of Children Mark
	.byte	8                               @ Abbrev [8] 0x2548:0xb DW_TAG_typedef
	.long	9555                            @ DW_AT_type
	.long	.Linfo_string262                @ DW_AT_name
	.byte	1                               @ DW_AT_decl_file
	.byte	58                              @ DW_AT_decl_line
	.byte	9                               @ Abbrev [9] 0x2553:0x7 DW_TAG_base_type
	.long	.Linfo_string261                @ DW_AT_name
	.byte	5                               @ DW_AT_encoding
	.byte	4                               @ DW_AT_byte_size
	.byte	0                               @ End Of Children Mark
.Ldebug_info_end0:
	.section	.debug_ranges,"",%progbits
.Ldebug_ranges0:
	.long	.Ltmp16
	.long	.Ltmp40
	.long	.Ltmp42
	.long	.Ltmp43
	.long	0
	.long	0
.Ldebug_ranges1:
	.long	.Lfunc_begin0
	.long	.Lfunc_end0
	.long	.Lfunc_begin1
	.long	.Lfunc_end1
	.long	.Lfunc_begin2
	.long	.Lfunc_end2
	.long	.Lfunc_begin3
	.long	.Lfunc_end3
	.long	.Lfunc_begin4
	.long	.Lfunc_end4
	.long	.Lfunc_begin5
	.long	.Lfunc_end5
	.long	.Lfunc_begin6
	.long	.Lfunc_end6
	.long	.Lfunc_begin7
	.long	.Lfunc_end7
	.long	.Lfunc_begin8
	.long	.Lfunc_end8
	.long	.Lfunc_begin9
	.long	.Lfunc_end9
	.long	.Lfunc_begin10
	.long	.Lfunc_end10
	.long	.Lfunc_begin11
	.long	.Lfunc_end11
	.long	.Lfunc_begin12
	.long	.Lfunc_end12
	.long	.Lfunc_begin13
	.long	.Lfunc_end13
	.long	.Lfunc_begin14
	.long	.Lfunc_end14
	.long	.Lfunc_begin15
	.long	.Lfunc_end15
	.long	.Lfunc_begin16
	.long	.Lfunc_end16
	.long	.Lfunc_begin17
	.long	.Lfunc_end17
	.long	.Lfunc_begin18
	.long	.Lfunc_end18
	.long	.Lfunc_begin19
	.long	.Lfunc_end19
	.long	.Lfunc_begin20
	.long	.Lfunc_end20
	.long	.Lfunc_begin21
	.long	.Lfunc_end21
	.long	.Lfunc_begin22
	.long	.Lfunc_end22
	.long	.Lfunc_begin23
	.long	.Lfunc_end23
	.long	.Lfunc_begin24
	.long	.Lfunc_end24
	.long	.Lfunc_begin25
	.long	.Lfunc_end25
	.long	.Lfunc_begin26
	.long	.Lfunc_end26
	.long	.Lfunc_begin27
	.long	.Lfunc_end27
	.long	.Lfunc_begin28
	.long	.Lfunc_end28
	.long	.Lfunc_begin29
	.long	.Lfunc_end29
	.long	.Lfunc_begin30
	.long	.Lfunc_end30
	.long	.Lfunc_begin31
	.long	.Lfunc_end31
	.long	.Lfunc_begin32
	.long	.Lfunc_end32
	.long	.Lfunc_begin33
	.long	.Lfunc_end33
	.long	.Lfunc_begin34
	.long	.Lfunc_end34
	.long	.Lfunc_begin35
	.long	.Lfunc_end35
	.long	.Lfunc_begin36
	.long	.Lfunc_end36
	.long	.Lfunc_begin37
	.long	.Lfunc_end37
	.long	.Lfunc_begin38
	.long	.Lfunc_end38
	.long	.Lfunc_begin39
	.long	.Lfunc_end39
	.long	.Lfunc_begin40
	.long	.Lfunc_end40
	.long	.Lfunc_begin41
	.long	.Lfunc_end41
	.long	.Lfunc_begin42
	.long	.Lfunc_end42
	.long	.Lfunc_begin43
	.long	.Lfunc_end43
	.long	.Lfunc_begin44
	.long	.Lfunc_end44
	.long	.Lfunc_begin45
	.long	.Lfunc_end45
	.long	.Lfunc_begin46
	.long	.Lfunc_end46
	.long	.Lfunc_begin47
	.long	.Lfunc_end47
	.long	.Lfunc_begin48
	.long	.Lfunc_end48
	.long	.Lfunc_begin49
	.long	.Lfunc_end49
	.long	.Lfunc_begin50
	.long	.Lfunc_end50
	.long	.Lfunc_begin51
	.long	.Lfunc_end51
	.long	.Lfunc_begin52
	.long	.Lfunc_end52
	.long	.Lfunc_begin53
	.long	.Lfunc_end53
	.long	.Lfunc_begin54
	.long	.Lfunc_end54
	.long	.Lfunc_begin55
	.long	.Lfunc_end55
	.long	.Lfunc_begin56
	.long	.Lfunc_end56
	.long	.Lfunc_begin57
	.long	.Lfunc_end57
	.long	.Lfunc_begin58
	.long	.Lfunc_end58
	.long	.Lfunc_begin59
	.long	.Lfunc_end59
	.long	.Lfunc_begin60
	.long	.Lfunc_end60
	.long	.Lfunc_begin61
	.long	.Lfunc_end61
	.long	.Lfunc_begin62
	.long	.Lfunc_end62
	.long	.Lfunc_begin63
	.long	.Lfunc_end63
	.long	.Lfunc_begin64
	.long	.Lfunc_end64
	.long	.Lfunc_begin65
	.long	.Lfunc_end65
	.long	.Lfunc_begin66
	.long	.Lfunc_end66
	.long	.Lfunc_begin67
	.long	.Lfunc_end67
	.long	.Lfunc_begin68
	.long	.Lfunc_end68
	.long	.Lfunc_begin69
	.long	.Lfunc_end69
	.long	.Lfunc_begin70
	.long	.Lfunc_end70
	.long	.Lfunc_begin71
	.long	.Lfunc_end71
	.long	.Lfunc_begin72
	.long	.Lfunc_end72
	.long	.Lfunc_begin73
	.long	.Lfunc_end73
	.long	.Lfunc_begin74
	.long	.Lfunc_end74
	.long	.Lfunc_begin75
	.long	.Lfunc_end75
	.long	.Lfunc_begin76
	.long	.Lfunc_end76
	.long	.Lfunc_begin77
	.long	.Lfunc_end77
	.long	.Lfunc_begin78
	.long	.Lfunc_end78
	.long	.Lfunc_begin79
	.long	.Lfunc_end79
	.long	.Lfunc_begin80
	.long	.Lfunc_end80
	.long	.Lfunc_begin81
	.long	.Lfunc_end81
	.long	.Lfunc_begin82
	.long	.Lfunc_end82
	.long	.Lfunc_begin83
	.long	.Lfunc_end83
	.long	.Lfunc_begin84
	.long	.Lfunc_end84
	.long	.Lfunc_begin85
	.long	.Lfunc_end85
	.long	.Lfunc_begin86
	.long	.Lfunc_end86
	.long	.Lfunc_begin87
	.long	.Lfunc_end87
	.long	.Lfunc_begin88
	.long	.Lfunc_end88
	.long	.Lfunc_begin89
	.long	.Lfunc_end89
	.long	.Lfunc_begin90
	.long	.Lfunc_end90
	.long	.Lfunc_begin91
	.long	.Lfunc_end91
	.long	.Lfunc_begin92
	.long	.Lfunc_end92
	.long	.Lfunc_begin93
	.long	.Lfunc_end93
	.long	.Lfunc_begin94
	.long	.Lfunc_end94
	.long	0
	.long	0
	.section	.debug_str,"MS",%progbits,1
.Linfo_string0:
	.asciz	"Component: Arm Compiler for Embedded 6.21 Tool: armclang [5ec1fd00]" @ string offset=0
.Linfo_string1:
	.asciz	"../../../../Library/StdDriver/src\\epwm.c" @ string offset=68
.Linfo_string2:
	.asciz	"C:\\Users\\rohankoshy\\Downloads\\en-us--M55M1_Series_BSP_CMSIS_V3.01.003\\SampleCode\\NuEdgeWise\\PoseLandmark_YOLOv8n\\KEIL" @ string offset=109
.Linfo_string3:
	.asciz	"CTL0"                          @ string offset=227
.Linfo_string4:
	.asciz	"unsigned int"                  @ string offset=232
.Linfo_string5:
	.asciz	"uint32_t"                      @ string offset=245
.Linfo_string6:
	.asciz	"CTL1"                          @ string offset=254
.Linfo_string7:
	.asciz	"SYNC"                          @ string offset=259
.Linfo_string8:
	.asciz	"SWSYNC"                        @ string offset=264
.Linfo_string9:
	.asciz	"CLKSRC"                        @ string offset=271
.Linfo_string10:
	.asciz	"RESERVE0_0"                    @ string offset=278
.Linfo_string11:
	.asciz	"__ARRAY_SIZE_TYPE__"           @ string offset=289
.Linfo_string12:
	.asciz	"CNTEN"                         @ string offset=309
.Linfo_string13:
	.asciz	"CNTCLR"                        @ string offset=315
.Linfo_string14:
	.asciz	"LOAD"                          @ string offset=322
.Linfo_string15:
	.asciz	"RESERVE0"                      @ string offset=327
.Linfo_string16:
	.asciz	"PERIOD"                        @ string offset=336
.Linfo_string17:
	.asciz	"RESERVE1"                      @ string offset=343
.Linfo_string18:
	.asciz	"CMPDAT"                        @ string offset=352
.Linfo_string19:
	.asciz	"RESERVE2"                      @ string offset=359
.Linfo_string20:
	.asciz	"RESERVE2_1"                    @ string offset=368
.Linfo_string21:
	.asciz	"RESERVE3"                      @ string offset=379
.Linfo_string22:
	.asciz	"PHS"                           @ string offset=388
.Linfo_string23:
	.asciz	"RESERVE4"                      @ string offset=392
.Linfo_string24:
	.asciz	"CNT"                           @ string offset=401
.Linfo_string25:
	.asciz	"RESERVE5"                      @ string offset=405
.Linfo_string26:
	.asciz	"WGCTL0"                        @ string offset=414
.Linfo_string27:
	.asciz	"WGCTL1"                        @ string offset=421
.Linfo_string28:
	.asciz	"MSKEN"                         @ string offset=428
.Linfo_string29:
	.asciz	"MSK"                           @ string offset=434
.Linfo_string30:
	.asciz	"BNF"                           @ string offset=438
.Linfo_string31:
	.asciz	"FAILBRK"                       @ string offset=442
.Linfo_string32:
	.asciz	"BRKCTL"                        @ string offset=450
.Linfo_string33:
	.asciz	"POLCTL"                        @ string offset=457
.Linfo_string34:
	.asciz	"POEN"                          @ string offset=464
.Linfo_string35:
	.asciz	"SWBRK"                         @ string offset=469
.Linfo_string36:
	.asciz	"INTEN0"                        @ string offset=475
.Linfo_string37:
	.asciz	"INTEN1"                        @ string offset=482
.Linfo_string38:
	.asciz	"INTSTS0"                       @ string offset=489
.Linfo_string39:
	.asciz	"INTSTS1"                       @ string offset=497
.Linfo_string40:
	.asciz	"RESERVE6"                      @ string offset=505
.Linfo_string41:
	.asciz	"DACTRGEN"                      @ string offset=514
.Linfo_string42:
	.asciz	"EADCTS0"                       @ string offset=523
.Linfo_string43:
	.asciz	"EADCTS1"                       @ string offset=531
.Linfo_string44:
	.asciz	"FTCMPDAT"                      @ string offset=539
.Linfo_string45:
	.asciz	"RESERVE7"                      @ string offset=548
.Linfo_string46:
	.asciz	"SSCTL"                         @ string offset=557
.Linfo_string47:
	.asciz	"SSTRG"                         @ string offset=563
.Linfo_string48:
	.asciz	"LEBCTL"                        @ string offset=569
.Linfo_string49:
	.asciz	"LEBCNT"                        @ string offset=576
.Linfo_string50:
	.asciz	"STATUS"                        @ string offset=583
.Linfo_string51:
	.asciz	"RESERVE8"                      @ string offset=590
.Linfo_string52:
	.asciz	"IFA"                           @ string offset=599
.Linfo_string53:
	.asciz	"RESERVE9"                      @ string offset=603
.Linfo_string54:
	.asciz	"AINTSTS"                       @ string offset=612
.Linfo_string55:
	.asciz	"AINTEN"                        @ string offset=620
.Linfo_string56:
	.asciz	"APDMACTL"                      @ string offset=627
.Linfo_string57:
	.asciz	"RESERVE10"                     @ string offset=636
.Linfo_string58:
	.asciz	"FDEN"                          @ string offset=646
.Linfo_string59:
	.asciz	"FDCTL"                         @ string offset=651
.Linfo_string60:
	.asciz	"FDIEN"                         @ string offset=657
.Linfo_string61:
	.asciz	"FDSTS"                         @ string offset=663
.Linfo_string62:
	.asciz	"EADCPSCCTL"                    @ string offset=669
.Linfo_string63:
	.asciz	"EADCPSC0"                      @ string offset=680
.Linfo_string64:
	.asciz	"EADCPSC1"                      @ string offset=689
.Linfo_string65:
	.asciz	"EADCPSCNT0"                    @ string offset=698
.Linfo_string66:
	.asciz	"EADCPSCNT1"                    @ string offset=709
.Linfo_string67:
	.asciz	"RESERVE11"                     @ string offset=720
.Linfo_string68:
	.asciz	"CAPINEN"                       @ string offset=730
.Linfo_string69:
	.asciz	"CAPCTL"                        @ string offset=738
.Linfo_string70:
	.asciz	"CAPSTS"                        @ string offset=745
.Linfo_string71:
	.asciz	"CAPDAT"                        @ string offset=752
.Linfo_string72:
	.asciz	"RCAPDAT"                       @ string offset=759
.Linfo_string73:
	.asciz	"FCAPDAT"                       @ string offset=767
.Linfo_string74:
	.asciz	"ECAPDAT_T"                     @ string offset=775
.Linfo_string75:
	.asciz	"PDMACTL"                       @ string offset=785
.Linfo_string76:
	.asciz	"PDMACAP"                       @ string offset=793
.Linfo_string77:
	.asciz	"RESERVE12"                     @ string offset=801
.Linfo_string78:
	.asciz	"CAPIEN"                        @ string offset=811
.Linfo_string79:
	.asciz	"CAPIF"                         @ string offset=818
.Linfo_string80:
	.asciz	"CAPNF"                         @ string offset=824
.Linfo_string81:
	.asciz	"EXTETCTL"                      @ string offset=830
.Linfo_string82:
	.asciz	"SWEOFCTL"                      @ string offset=839
.Linfo_string83:
	.asciz	"SWEOFTRG"                      @ string offset=848
.Linfo_string84:
	.asciz	"CLKPSC"                        @ string offset=857
.Linfo_string85:
	.asciz	"RDTCNT"                        @ string offset=864
.Linfo_string86:
	.asciz	"FDTCNT"                        @ string offset=871
.Linfo_string87:
	.asciz	"DTCTL"                         @ string offset=878
.Linfo_string88:
	.asciz	"RESERVE13"                     @ string offset=884
.Linfo_string89:
	.asciz	"PBUF"                          @ string offset=894
.Linfo_string90:
	.asciz	"CMPBUF"                        @ string offset=899
.Linfo_string91:
	.asciz	"RESERVE14"                     @ string offset=906
.Linfo_string92:
	.asciz	"FTCBUF"                        @ string offset=916
.Linfo_string93:
	.asciz	"FTCI"                          @ string offset=923
.Linfo_string94:
	.asciz	"CPSCBUF"                       @ string offset=928
.Linfo_string95:
	.asciz	"IFACNT"                        @ string offset=936
.Linfo_string96:
	.asciz	"EPWM_T"                        @ string offset=943
.Linfo_string97:
	.asciz	"SRCCTL"                        @ string offset=950
.Linfo_string98:
	.asciz	"MIRCCTL"                       @ string offset=957
.Linfo_string99:
	.asciz	"HIRCCTL"                       @ string offset=965
.Linfo_string100:
	.asciz	"HXTCTL"                        @ string offset=973
.Linfo_string101:
	.asciz	"HIRC48MCTL"                    @ string offset=980
.Linfo_string102:
	.asciz	"APLL0CTL"                      @ string offset=991
.Linfo_string103:
	.asciz	"APLL0SEL"                      @ string offset=1000
.Linfo_string104:
	.asciz	"APLL1CTL"                      @ string offset=1009
.Linfo_string105:
	.asciz	"APLL1SEL"                      @ string offset=1018
.Linfo_string106:
	.asciz	"CLKOCTL"                       @ string offset=1027
.Linfo_string107:
	.asciz	"CLKDCTL"                       @ string offset=1035
.Linfo_string108:
	.asciz	"CLKDSTS"                       @ string offset=1043
.Linfo_string109:
	.asciz	"CDUPB"                         @ string offset=1051
.Linfo_string110:
	.asciz	"CDLOWB"                        @ string offset=1057
.Linfo_string111:
	.asciz	"STOPREQ"                       @ string offset=1064
.Linfo_string112:
	.asciz	"STOPACK"                       @ string offset=1072
.Linfo_string113:
	.asciz	"ACMPCTL"                       @ string offset=1080
.Linfo_string114:
	.asciz	"AWFCTL"                        @ string offset=1088
.Linfo_string115:
	.asciz	"BPWMCTL"                       @ string offset=1095
.Linfo_string116:
	.asciz	"CANFDCTL"                      @ string offset=1103
.Linfo_string117:
	.asciz	"CCAPCTL"                       @ string offset=1112
.Linfo_string118:
	.asciz	"CRCCTL"                        @ string offset=1120
.Linfo_string119:
	.asciz	"CRYPTOCTL"                     @ string offset=1127
.Linfo_string120:
	.asciz	"DACCTL"                        @ string offset=1137
.Linfo_string121:
	.asciz	"DMICCTL"                       @ string offset=1144
.Linfo_string122:
	.asciz	"EADCCTL"                       @ string offset=1152
.Linfo_string123:
	.asciz	"EBICTL"                        @ string offset=1160
.Linfo_string124:
	.asciz	"ECAPCTL"                       @ string offset=1167
.Linfo_string125:
	.asciz	"EMACCTL"                       @ string offset=1175
.Linfo_string126:
	.asciz	"EPWMCTL"                       @ string offset=1183
.Linfo_string127:
	.asciz	"EQEICTL"                       @ string offset=1191
.Linfo_string128:
	.asciz	"FMCCTL"                        @ string offset=1199
.Linfo_string129:
	.asciz	"GDMACTL"                       @ string offset=1206
.Linfo_string130:
	.asciz	"GPIOCTL"                       @ string offset=1214
.Linfo_string131:
	.asciz	"HSOTGCTL"                      @ string offset=1222
.Linfo_string132:
	.asciz	"HSUSBDCTL"                     @ string offset=1231
.Linfo_string133:
	.asciz	"HSUSBHCTL"                     @ string offset=1241
.Linfo_string134:
	.asciz	"I2CCTL"                        @ string offset=1251
.Linfo_string135:
	.asciz	"I2SCTL"                        @ string offset=1258
.Linfo_string136:
	.asciz	"I3CCTL"                        @ string offset=1265
.Linfo_string137:
	.asciz	"KDFCTL"                        @ string offset=1272
.Linfo_string138:
	.asciz	"KPICTL"                        @ string offset=1279
.Linfo_string139:
	.asciz	"KSCTL"                         @ string offset=1286
.Linfo_string140:
	.asciz	"LPADCCTL"                      @ string offset=1292
.Linfo_string141:
	.asciz	"LPPDMACTL"                     @ string offset=1301
.Linfo_string142:
	.asciz	"LPGPIOCTL"                     @ string offset=1311
.Linfo_string143:
	.asciz	"LPI2CCTL"                      @ string offset=1321
.Linfo_string144:
	.asciz	"LPSPICTL"                      @ string offset=1330
.Linfo_string145:
	.asciz	"LPSRAMCTL"                     @ string offset=1339
.Linfo_string146:
	.asciz	"LPTMRCTL"                      @ string offset=1349
.Linfo_string147:
	.asciz	"LPUARTCTL"                     @ string offset=1358
.Linfo_string148:
	.asciz	"NPUCTL"                        @ string offset=1368
.Linfo_string149:
	.asciz	"OTFCCTL"                       @ string offset=1375
.Linfo_string150:
	.asciz	"OTGCTL"                        @ string offset=1383
.Linfo_string151:
	.asciz	"PSIOCTL"                       @ string offset=1390
.Linfo_string152:
	.asciz	"QSPICTL"                       @ string offset=1398
.Linfo_string153:
	.asciz	"RTCCTL"                        @ string offset=1406
.Linfo_string154:
	.asciz	"SCCTL"                         @ string offset=1413
.Linfo_string155:
	.asciz	"SCUCTL"                        @ string offset=1419
.Linfo_string156:
	.asciz	"SDHCTL"                        @ string offset=1426
.Linfo_string157:
	.asciz	"SPICTL"                        @ string offset=1433
.Linfo_string158:
	.asciz	"SPIMCTL"                       @ string offset=1440
.Linfo_string159:
	.asciz	"SRAMCTL"                       @ string offset=1448
.Linfo_string160:
	.asciz	"STCTL"                         @ string offset=1456
.Linfo_string161:
	.asciz	"TMRCTL"                        @ string offset=1462
.Linfo_string162:
	.asciz	"TRNGCTL"                       @ string offset=1469
.Linfo_string163:
	.asciz	"TTMRCTL"                       @ string offset=1477
.Linfo_string164:
	.asciz	"UARTCTL"                       @ string offset=1485
.Linfo_string165:
	.asciz	"USBDCTL"                       @ string offset=1493
.Linfo_string166:
	.asciz	"USBHCTL"                       @ string offset=1501
.Linfo_string167:
	.asciz	"USCICTL"                       @ string offset=1509
.Linfo_string168:
	.asciz	"UTCPDCTL"                      @ string offset=1517
.Linfo_string169:
	.asciz	"WDTCTL"                        @ string offset=1526
.Linfo_string170:
	.asciz	"WWDTCTL"                       @ string offset=1533
.Linfo_string171:
	.asciz	"SCLKSEL"                       @ string offset=1541
.Linfo_string172:
	.asciz	"BPWMSEL"                       @ string offset=1549
.Linfo_string173:
	.asciz	"CANFDSEL"                      @ string offset=1557
.Linfo_string174:
	.asciz	"CCAPSEL"                       @ string offset=1566
.Linfo_string175:
	.asciz	"CLKOSEL"                       @ string offset=1574
.Linfo_string176:
	.asciz	"DMICSEL"                       @ string offset=1582
.Linfo_string177:
	.asciz	"EADCSEL"                       @ string offset=1590
.Linfo_string178:
	.asciz	"EPWMSEL"                       @ string offset=1598
.Linfo_string179:
	.asciz	"FMCSEL"                        @ string offset=1606
.Linfo_string180:
	.asciz	"I2SSEL"                        @ string offset=1613
.Linfo_string181:
	.asciz	"I3CSEL"                        @ string offset=1620
.Linfo_string182:
	.asciz	"KPISEL"                        @ string offset=1627
.Linfo_string183:
	.asciz	"LPADCSEL"                      @ string offset=1634
.Linfo_string184:
	.asciz	"LPSPISEL"                      @ string offset=1643
.Linfo_string185:
	.asciz	"LPTMRSEL"                      @ string offset=1652
.Linfo_string186:
	.asciz	"LPUARTSEL"                     @ string offset=1661
.Linfo_string187:
	.asciz	"PSIOSEL"                       @ string offset=1671
.Linfo_string188:
	.asciz	"QSPISEL"                       @ string offset=1679
.Linfo_string189:
	.asciz	"SCSEL"                         @ string offset=1687
.Linfo_string190:
	.asciz	"SDHSEL"                        @ string offset=1693
.Linfo_string191:
	.asciz	"SPISEL"                        @ string offset=1700
.Linfo_string192:
	.asciz	"STSEL"                         @ string offset=1707
.Linfo_string193:
	.asciz	"TMRSEL"                        @ string offset=1713
.Linfo_string194:
	.asciz	"TTMRSEL"                       @ string offset=1720
.Linfo_string195:
	.asciz	"UARTSEL0"                      @ string offset=1728
.Linfo_string196:
	.asciz	"UARTSEL1"                      @ string offset=1737
.Linfo_string197:
	.asciz	"USBSEL"                        @ string offset=1746
.Linfo_string198:
	.asciz	"WDTSEL"                        @ string offset=1753
.Linfo_string199:
	.asciz	"DLLSEL"                        @ string offset=1760
.Linfo_string200:
	.asciz	"WWDTSEL"                       @ string offset=1767
.Linfo_string201:
	.asciz	"SCLKDIV"                       @ string offset=1775
.Linfo_string202:
	.asciz	"HCLKDIV"                       @ string offset=1783
.Linfo_string203:
	.asciz	"PCLKDIV"                       @ string offset=1791
.Linfo_string204:
	.asciz	"CANFDDIV"                      @ string offset=1799
.Linfo_string205:
	.asciz	"DMICDIV"                       @ string offset=1808
.Linfo_string206:
	.asciz	"EADCDIV"                       @ string offset=1816
.Linfo_string207:
	.asciz	"I2SDIV"                        @ string offset=1824
.Linfo_string208:
	.asciz	"KPIDIV"                        @ string offset=1831
.Linfo_string209:
	.asciz	"LPADCDIV"                      @ string offset=1838
.Linfo_string210:
	.asciz	"LPUARTDIV"                     @ string offset=1847
.Linfo_string211:
	.asciz	"PSIODIV"                       @ string offset=1857
.Linfo_string212:
	.asciz	"SCDIV"                         @ string offset=1865
.Linfo_string213:
	.asciz	"SDHDIV"                        @ string offset=1871
.Linfo_string214:
	.asciz	"STDIV"                         @ string offset=1878
.Linfo_string215:
	.asciz	"UARTDIV0"                      @ string offset=1884
.Linfo_string216:
	.asciz	"UARTDIV1"                      @ string offset=1893
.Linfo_string217:
	.asciz	"USBDIV"                        @ string offset=1902
.Linfo_string218:
	.asciz	"VSENSEDIV"                     @ string offset=1909
.Linfo_string219:
	.asciz	"CLK_T"                         @ string offset=1919
.Linfo_string220:
	.asciz	"CTL"                           @ string offset=1925
.Linfo_string221:
	.asciz	"PAR"                           @ string offset=1929
.Linfo_string222:
	.asciz	"INTEN"                         @ string offset=1933
.Linfo_string223:
	.asciz	"INTSTS"                        @ string offset=1939
.Linfo_string224:
	.asciz	"PARM"                          @ string offset=1946
.Linfo_string225:
	.asciz	"CWSP"                          @ string offset=1951
.Linfo_string226:
	.asciz	"CWS"                           @ string offset=1956
.Linfo_string227:
	.asciz	"PKTSL"                         @ string offset=1960
.Linfo_string228:
	.asciz	"PLNSL"                         @ string offset=1966
.Linfo_string229:
	.asciz	"FRCTL"                         @ string offset=1972
.Linfo_string230:
	.asciz	"STRIDE"                        @ string offset=1978
.Linfo_string231:
	.asciz	"FIFOTH"                        @ string offset=1985
.Linfo_string232:
	.asciz	"CMPADDR"                       @ string offset=1992
.Linfo_string233:
	.asciz	"LUMA_Y1_THD"                   @ string offset=2000
.Linfo_string234:
	.asciz	"PKTSM"                         @ string offset=2012
.Linfo_string235:
	.asciz	"PLNSM"                         @ string offset=2018
.Linfo_string236:
	.asciz	"CURADDRP"                      @ string offset=2024
.Linfo_string237:
	.asciz	"CURADDRY"                      @ string offset=2033
.Linfo_string238:
	.asciz	"CURADDRU"                      @ string offset=2042
.Linfo_string239:
	.asciz	"CURADDRV"                      @ string offset=2051
.Linfo_string240:
	.asciz	"PKTBA0"                        @ string offset=2060
.Linfo_string241:
	.asciz	"YBA"                           @ string offset=2067
.Linfo_string242:
	.asciz	"UBA"                           @ string offset=2071
.Linfo_string243:
	.asciz	"VBA"                           @ string offset=2075
.Linfo_string244:
	.asciz	"MDCTL"                         @ string offset=2079
.Linfo_string245:
	.asciz	"MDTRG_WK"                      @ string offset=2085
.Linfo_string246:
	.asciz	"MDTTH"                         @ string offset=2094
.Linfo_string247:
	.asciz	"MDTSAD"                        @ string offset=2100
.Linfo_string248:
	.asciz	"MDWOCTH"                       @ string offset=2107
.Linfo_string249:
	.asciz	"MDWOC"                         @ string offset=2115
.Linfo_string250:
	.asciz	"MDWTH"                         @ string offset=2121
.Linfo_string251:
	.asciz	"MDWSAD"                        @ string offset=2127
.Linfo_string252:
	.asciz	"CCAP_T"                        @ string offset=2134
.Linfo_string253:
	.asciz	"EPWM_ConfigCaptureChannel"     @ string offset=2141
.Linfo_string254:
	.asciz	"EPWM_ConfigOutputChannel"      @ string offset=2167
.Linfo_string255:
	.asciz	"EPWM_Start"                    @ string offset=2192
.Linfo_string256:
	.asciz	"EPWM_Stop"                     @ string offset=2203
.Linfo_string257:
	.asciz	"EPWM_ForceStop"                @ string offset=2213
.Linfo_string258:
	.asciz	"EPWM_EnableADCTrigger"         @ string offset=2228
.Linfo_string259:
	.asciz	"EPWM_DisableADCTrigger"        @ string offset=2250
.Linfo_string260:
	.asciz	"EPWM_EnableADCTriggerPrescale" @ string offset=2273
.Linfo_string261:
	.asciz	"int"                           @ string offset=2303
.Linfo_string262:
	.asciz	"int32_t"                       @ string offset=2307
.Linfo_string263:
	.asciz	"EPWM_DisableADCTriggerPrescale" @ string offset=2315
.Linfo_string264:
	.asciz	"EPWM_ClearADCTriggerFlag"      @ string offset=2346
.Linfo_string265:
	.asciz	"EPWM_GetADCTriggerFlag"        @ string offset=2371
.Linfo_string266:
	.asciz	"EPWM_EnableDACTrigger"         @ string offset=2394
.Linfo_string267:
	.asciz	"EPWM_DisableDACTrigger"        @ string offset=2416
.Linfo_string268:
	.asciz	"EPWM_ClearDACTriggerFlag"      @ string offset=2439
.Linfo_string269:
	.asciz	"EPWM_GetDACTriggerFlag"        @ string offset=2464
.Linfo_string270:
	.asciz	"EPWM_EnableFaultBrake"         @ string offset=2487
.Linfo_string271:
	.asciz	"EPWM_EnableCapture"            @ string offset=2509
.Linfo_string272:
	.asciz	"EPWM_DisableCapture"           @ string offset=2528
.Linfo_string273:
	.asciz	"EPWM_EnableOutput"             @ string offset=2548
.Linfo_string274:
	.asciz	"EPWM_DisableOutput"            @ string offset=2566
.Linfo_string275:
	.asciz	"EPWM_EnablePDMA"               @ string offset=2585
.Linfo_string276:
	.asciz	"EPWM_DisablePDMA"              @ string offset=2601
.Linfo_string277:
	.asciz	"EPWM_EnableFallingDeadZone"    @ string offset=2618
.Linfo_string278:
	.asciz	"EPWM_EnableRisingDeadZone"     @ string offset=2645
.Linfo_string279:
	.asciz	"EPWM_DisableFallingDeadZone"   @ string offset=2671
.Linfo_string280:
	.asciz	"EPWM_DisableRisingDeadZone"    @ string offset=2699
.Linfo_string281:
	.asciz	"EPWM_EnableCaptureInt"         @ string offset=2726
.Linfo_string282:
	.asciz	"EPWM_DisableCaptureInt"        @ string offset=2748
.Linfo_string283:
	.asciz	"EPWM_ClearCaptureIntFlag"      @ string offset=2771
.Linfo_string284:
	.asciz	"EPWM_GetCaptureIntFlag"        @ string offset=2796
.Linfo_string285:
	.asciz	"EPWM_EnableDutyInt"            @ string offset=2819
.Linfo_string286:
	.asciz	"EPWM_DisableDutyInt"           @ string offset=2838
.Linfo_string287:
	.asciz	"EPWM_ClearDutyIntFlag"         @ string offset=2858
.Linfo_string288:
	.asciz	"EPWM_GetDutyIntFlag"           @ string offset=2880
.Linfo_string289:
	.asciz	"EPWM_EnableFaultBrakeInt"      @ string offset=2900
.Linfo_string290:
	.asciz	"EPWM_DisableFaultBrakeInt"     @ string offset=2925
.Linfo_string291:
	.asciz	"EPWM_ClearFaultBrakeIntFlag"   @ string offset=2951
.Linfo_string292:
	.asciz	"EPWM_GetFaultBrakeIntFlag"     @ string offset=2979
.Linfo_string293:
	.asciz	"EPWM_EnablePeriodInt"          @ string offset=3005
.Linfo_string294:
	.asciz	"EPWM_DisablePeriodInt"         @ string offset=3026
.Linfo_string295:
	.asciz	"EPWM_ClearPeriodIntFlag"       @ string offset=3048
.Linfo_string296:
	.asciz	"EPWM_GetPeriodIntFlag"         @ string offset=3072
.Linfo_string297:
	.asciz	"EPWM_EnableZeroInt"            @ string offset=3094
.Linfo_string298:
	.asciz	"EPWM_DisableZeroInt"           @ string offset=3113
.Linfo_string299:
	.asciz	"EPWM_ClearZeroIntFlag"         @ string offset=3133
.Linfo_string300:
	.asciz	"EPWM_GetZeroIntFlag"           @ string offset=3155
.Linfo_string301:
	.asciz	"EPWM_EnableAcc"                @ string offset=3175
.Linfo_string302:
	.asciz	"EPWM_DisableAcc"               @ string offset=3190
.Linfo_string303:
	.asciz	"EPWM_EnableAccInt"             @ string offset=3206
.Linfo_string304:
	.asciz	"EPWM_DisableAccInt"            @ string offset=3224
.Linfo_string305:
	.asciz	"EPWM_ClearAccInt"              @ string offset=3243
.Linfo_string306:
	.asciz	"EPWM_GetAccInt"                @ string offset=3260
.Linfo_string307:
	.asciz	"EPWM_EnableAccPDMA"            @ string offset=3275
.Linfo_string308:
	.asciz	"EPWM_DisableAccPDMA"           @ string offset=3294
.Linfo_string309:
	.asciz	"EPWM_EnableAccStopMode"        @ string offset=3314
.Linfo_string310:
	.asciz	"EPWM_DisableAccStopMode"       @ string offset=3337
.Linfo_string311:
	.asciz	"EPWM_ClearFTDutyIntFlag"       @ string offset=3361
.Linfo_string312:
	.asciz	"EPWM_GetFTDutyIntFlag"         @ string offset=3385
.Linfo_string313:
	.asciz	"EPWM_EnableLoadMode"           @ string offset=3407
.Linfo_string314:
	.asciz	"EPWM_DisableLoadMode"          @ string offset=3427
.Linfo_string315:
	.asciz	"EPWM_ConfigSyncPhase"          @ string offset=3448
.Linfo_string316:
	.asciz	"EPWM_EnableSyncPhase"          @ string offset=3469
.Linfo_string317:
	.asciz	"EPWM_DisableSyncPhase"         @ string offset=3490
.Linfo_string318:
	.asciz	"EPWM_EnableSyncNoiseFilter"    @ string offset=3512
.Linfo_string319:
	.asciz	"EPWM_DisableSyncNoiseFilter"   @ string offset=3539
.Linfo_string320:
	.asciz	"EPWM_EnableSyncPinInverse"     @ string offset=3567
.Linfo_string321:
	.asciz	"EPWM_DisableSyncPinInverse"    @ string offset=3593
.Linfo_string322:
	.asciz	"EPWM_SetClockSource"           @ string offset=3620
.Linfo_string323:
	.asciz	"EPWM_EnableBrakeNoiseFilter"   @ string offset=3640
.Linfo_string324:
	.asciz	"EPWM_DisableBrakeNoiseFilter"  @ string offset=3668
.Linfo_string325:
	.asciz	"EPWM_EnableBrakePinInverse"    @ string offset=3697
.Linfo_string326:
	.asciz	"EPWM_DisableBrakePinInverse"   @ string offset=3724
.Linfo_string327:
	.asciz	"EPWM_SetBrakePinSource"        @ string offset=3752
.Linfo_string328:
	.asciz	"EPWM_SetLeadingEdgeBlanking"   @ string offset=3775
.Linfo_string329:
	.asciz	"EPWM_GetWrapAroundFlag"        @ string offset=3803
.Linfo_string330:
	.asciz	"EPWM_ClearWrapAroundFlag"      @ string offset=3826
.Linfo_string331:
	.asciz	"EPWM_EnableFaultDetect"        @ string offset=3851
.Linfo_string332:
	.asciz	"EPWM_DisableFaultDetect"       @ string offset=3874
.Linfo_string333:
	.asciz	"EPWM_EnableFaultDetectOutput"  @ string offset=3898
.Linfo_string334:
	.asciz	"EPWM_DisableFaultDetectOutput" @ string offset=3927
.Linfo_string335:
	.asciz	"EPWM_EnableFaultDetectDeglitch" @ string offset=3957
.Linfo_string336:
	.asciz	"EPWM_DisableFaultDetectDeglitch" @ string offset=3988
.Linfo_string337:
	.asciz	"EPWM_EnableFaultDetectMask"    @ string offset=4020
.Linfo_string338:
	.asciz	"EPWM_DisableFaultDetectMask"   @ string offset=4047
.Linfo_string339:
	.asciz	"EPWM_EnableFaultDetectInt"     @ string offset=4075
.Linfo_string340:
	.asciz	"EPWM_DisableFaultDetectInt"    @ string offset=4101
.Linfo_string341:
	.asciz	"EPWM_ClearFaultDetectInt"      @ string offset=4128
.Linfo_string342:
	.asciz	"EPWM_GetFaultDetectInt"        @ string offset=4153
.Linfo_string343:
	.asciz	"EPWM_EnableCaptureInputNoiseFilter" @ string offset=4176
.Linfo_string344:
	.asciz	"EPWM_DisableCaptureInputNoiseFilter" @ string offset=4211
.Linfo_string345:
	.asciz	"EPWM_EnableExtEventTrigger"    @ string offset=4247
.Linfo_string346:
	.asciz	"EPWM_DisableExtEventTrigger"   @ string offset=4274
.Linfo_string347:
	.asciz	"EPWM_GetAccCounter"            @ string offset=4302
.Linfo_string348:
	.asciz	"EPWM_EnableSWEventOutput"      @ string offset=4321
.Linfo_string349:
	.asciz	"EPWM_DisableSWEventOutput"     @ string offset=4346
.Linfo_string350:
	.asciz	"epwm"                          @ string offset=4372
.Linfo_string351:
	.asciz	"u32ChannelNum"                 @ string offset=4377
.Linfo_string352:
	.asciz	"u32UnitTimeNsec"               @ string offset=4391
.Linfo_string353:
	.asciz	"u32CaptureEdge"                @ string offset=4407
.Linfo_string354:
	.asciz	"u16CNR"                        @ string offset=4422
.Linfo_string355:
	.asciz	"u16Prescale"                   @ string offset=4429
.Linfo_string356:
	.asciz	"u32Src"                        @ string offset=4441
.Linfo_string357:
	.asciz	"u32EPWMClockSrc"               @ string offset=4448
.Linfo_string358:
	.asciz	"u32Exit"                       @ string offset=4464
.Linfo_string359:
	.asciz	"u32NearestUnitTimeNsec"        @ string offset=4472
.Linfo_string360:
	.asciz	"u32Frequency"                  @ string offset=4495
.Linfo_string361:
	.asciz	"u32DutyCycle"                  @ string offset=4508
.Linfo_string362:
	.asciz	"u32CNR"                        @ string offset=4521
.Linfo_string363:
	.asciz	"u32Prescale"                   @ string offset=4528
.Linfo_string364:
	.asciz	"i"                             @ string offset=4540
.Linfo_string365:
	.asciz	"u32ChannelMask"                @ string offset=4542
.Linfo_string366:
	.asciz	"u32Condition"                  @ string offset=4557
.Linfo_string367:
	.asciz	"u32PrescaleCnt"                @ string offset=4570
.Linfo_string368:
	.asciz	"u32LevelMask"                  @ string offset=4585
.Linfo_string369:
	.asciz	"u32BrakeSource"                @ string offset=4598
.Linfo_string370:
	.asciz	"u32RisingFirst"                @ string offset=4613
.Linfo_string371:
	.asciz	"u32Mode"                       @ string offset=4628
.Linfo_string372:
	.asciz	"u32IsOddCh"                    @ string offset=4636
.Linfo_string373:
	.asciz	"u32FDuration"                  @ string offset=4647
.Linfo_string374:
	.asciz	"u32RDuration"                  @ string offset=4660
.Linfo_string375:
	.asciz	"u32Edge"                       @ string offset=4673
.Linfo_string376:
	.asciz	"RisingLatch"                   @ string offset=4681
.Linfo_string377:
	.asciz	"u32IntDutyType"                @ string offset=4693
.Linfo_string378:
	.asciz	"u32IntPeriodType"              @ string offset=4708
.Linfo_string379:
	.asciz	"u32IntFlagCnt"                 @ string offset=4725
.Linfo_string380:
	.asciz	"u32IntAccSrc"                  @ string offset=4739
.Linfo_string381:
	.asciz	"u32LoadMode"                   @ string offset=4752
.Linfo_string382:
	.asciz	"u32SyncSrc"                    @ string offset=4764
.Linfo_string383:
	.asciz	"u32Direction"                  @ string offset=4775
.Linfo_string384:
	.asciz	"u32StartPhase"                 @ string offset=4788
.Linfo_string385:
	.asciz	"u32ClkCnt"                     @ string offset=4802
.Linfo_string386:
	.asciz	"u32ClkDivSel"                  @ string offset=4812
.Linfo_string387:
	.asciz	"u32ClkSrcSel"                  @ string offset=4825
.Linfo_string388:
	.asciz	"u32BrakePinNum"                @ string offset=4838
.Linfo_string389:
	.asciz	"u32SelAnotherModule"           @ string offset=4853
.Linfo_string390:
	.asciz	"u32TrigSrcSel"                 @ string offset=4873
.Linfo_string391:
	.asciz	"u32TrigType"                   @ string offset=4887
.Linfo_string392:
	.asciz	"u32BlankingCnt"                @ string offset=4899
.Linfo_string393:
	.asciz	"u32BlankingEnable"             @ string offset=4914
.Linfo_string394:
	.asciz	"u32AfterPrescaler"             @ string offset=4932
.Linfo_string395:
	.asciz	"u32ClkSel"                     @ string offset=4950
.Linfo_string396:
	.asciz	"u32DeglitchSmpCycle"           @ string offset=4960
.Linfo_string397:
	.asciz	"u32MaskCnt"                    @ string offset=4980
.Linfo_string398:
	.asciz	"u32FilterCount"                @ string offset=4991
.Linfo_string399:
	.asciz	"u32ExtEventSrc"                @ string offset=5006
.Linfo_string400:
	.asciz	"u32CounterAction"              @ string offset=5021
.Linfo_string401:
	.asciz	"u32OutputLevel"                @ string offset=5038
	.ident	"Component: Arm Compiler for Embedded 6.21 Tool: armclang [5ec1fd00]"
	.section	".note.GNU-stack","",%progbits
	.eabi_attribute	30, 1	@ Tag_ABI_optimization_goals
	.ARM_attribute	16, 1	@ Tag_AV_eba
	.section	.debug_line,"",%progbits
.Lline_table_start0:
