	.text
	.syntax unified
	.eabi_attribute	67, "2.09"	@ Tag_conformance
	.cpu	cortex-m55
	.eabi_attribute	6, 21	@ Tag_CPU_arch
	.eabi_attribute	7, 77	@ Tag_CPU_arch_profile
	.eabi_attribute	8, 0	@ Tag_ARM_ISA_use
	.eabi_attribute	9, 3	@ Tag_THUMB_ISA_use
	.fpu	fpv5-d16
	.eabi_attribute	36, 1	@ Tag_FP_HP_extension
	.eabi_attribute	48, 2	@ Tag_MVE_arch
	.eabi_attribute	46, 1	@ Tag_DSP_extension
	.eabi_attribute	34, 1	@ Tag_CPU_unaligned_access
	.eabi_attribute	17, 1	@ Tag_ABI_PCS_GOT_use
	.eabi_attribute	20, 2	@ Tag_ABI_FP_denormal
	.eabi_attribute	21, 0	@ Tag_ABI_FP_exceptions
	.eabi_attribute	23, 1	@ Tag_ABI_FP_number_model
	.eabi_attribute	24, 1	@ Tag_ABI_align_needed
	.eabi_attribute	25, 1	@ Tag_ABI_align_preserved
	.eabi_attribute	28, 1	@ Tag_ABI_VFP_args
	.eabi_attribute	38, 1	@ Tag_ABI_FP_16bit_format
	.eabi_attribute	18, 2	@ Tag_ABI_PCS_wchar_t
	.eabi_attribute	26, 1	@ Tag_ABI_enum_size
	.eabi_attribute	14, 0	@ Tag_ABI_PCS_R9_use
	.file	"FastMathFunctionsF16.c"
	.file	1 "C:\\Keil_v5\\ARM\\ARMCLANG\\Bin\\..\\include" "arm_mve.h"
	.file	2 "C:/Keil_v5/Packs/ARM/CMSIS-DSP/1.15.0/Source/FastMathFunctions" "arm_vlog_f16.c"
	.file	3 "C:/Keil_v5/Packs/ARM/CMSIS-DSP/1.15.0/Source/FastMathFunctions" "arm_atan2_f16.c"
	.file	4 "C:\\Users\\rohankoshy\\Downloads\\en-us--M55M1_Series_BSP_CMSIS_V3.01.003\\SampleCode\\NuEdgeWise\\PoseLandmark_YOLOv8n\\KEIL" "../../../../Library/CMSIS/DSP/Include/arm_math_types.h"
	.file	5 "C:\\Keil_v5\\ARM\\ARMCLANG\\Bin\\..\\include" "stdint.h"
	.section	.text.arm_vexp_f16,"ax",%progbits
	.hidden	arm_vexp_f16                    @ -- Begin function arm_vexp_f16
	.globl	arm_vexp_f16
	.p2align	2
	.type	arm_vexp_f16,%function
	.code	16                              @ @arm_vexp_f16
	.thumb_func
arm_vexp_f16:
.Lfunc_begin0:
	.file	6 "C:/Keil_v5/Packs/ARM/CMSIS-DSP/1.15.0/Source/FastMathFunctions" "arm_vexp_f16.c"
	.loc	6 53 0                          @ C:/Keil_v5/Packs/ARM/CMSIS-DSP/1.15.0/Source/FastMathFunctions/arm_vexp_f16.c:53:0
	.fnstart
	.cfi_sections .debug_frame
	.cfi_startproc
@ %bb.0:
	@DEBUG_VALUE: arm_vexp_f16:blockSize <- $r2
	@DEBUG_VALUE: arm_vexp_f16:pSrc <- $r0
	@DEBUG_VALUE: arm_vexp_f16:pDst <- $r1
	.save	{r4, r5, r6, lr}
	push	{r4, r5, r6, lr}
	.cfi_def_cfa_offset 16
	.cfi_offset lr, -4
	.cfi_offset r6, -8
	.cfi_offset r5, -12
	.cfi_offset r4, -16
	.vsave	{d8, d9, d10, d11, d12, d13, d14, d15}
	vpush	{d8, d9, d10, d11, d12, d13, d14, d15}
	.cfi_def_cfa_offset 80
	.cfi_offset d15, -24
	.cfi_offset d14, -32
	.cfi_offset d13, -40
	.cfi_offset d12, -48
	.cfi_offset d11, -56
	.cfi_offset d10, -64
	.cfi_offset d9, -72
	.cfi_offset d8, -80
	.pad	#144
	sub	sp, #144
	.cfi_def_cfa_offset 224
.Ltmp0:
	@DEBUG_VALUE: arm_vexp_f16:blkCnt <- [DW_OP_constu 3, DW_OP_shr, DW_OP_stack_value] $r2
	mov	r4, r1
.Ltmp1:
	@DEBUG_VALUE: arm_vexp_f16:pDst <- $r4
	@DEBUG_VALUE: arm_vexp_f16:pDst <- $r4
	.loc	6 61 23 prologue_end            @ C:/Keil_v5/Packs/ARM/CMSIS-DSP/1.15.0/Source/FastMathFunctions/arm_vexp_f16.c:61:23
	lsrs	r1, r2, #3
	mov	r5, r0
.Ltmp2:
	@DEBUG_VALUE: arm_vexp_f16:pSrc <- $r5
	@DEBUG_VALUE: arm_vexp_f16:pSrc <- $r5
	.loc	6 63 4                          @ C:/Keil_v5/Packs/ARM/CMSIS-DSP/1.15.0/Source/FastMathFunctions/arm_vexp_f16.c:63:4
	wls	lr, r1, .LBB0_3
.Ltmp3:
@ %bb.1:
	@DEBUG_VALUE: arm_vexp_f16:pSrc <- $r5
	@DEBUG_VALUE: arm_vexp_f16:pDst <- $r4
	@DEBUG_VALUE: arm_vexp_f16:blkCnt <- [DW_OP_constu 3, DW_OP_shr, DW_OP_stack_value] $r2
	@DEBUG_VALUE: arm_vexp_f16:blockSize <- $r2
	.loc	6 0 4 is_stmt 0                 @ C:/Keil_v5/Packs/ARM/CMSIS-DSP/1.15.0/Source/FastMathFunctions/arm_vexp_f16.c:0:4
	movw	r0, :lower16:exp_tab_f16
	movt	r0, :upper16:exp_tab_f16
	vldrh.u16	q0, [r0]
	vmov.u16	r0, q0[0]
	vdup.16	q1, r0
	vmov.u16	r1, q0[4]
	vstrw.32	q1, [sp, #128]                  @ 16-byte Spill
	vmov.u16	r0, q0[2]
	vdup.16	q1, r1
	vstrw.32	q1, [sp, #112]                  @ 16-byte Spill
	vmov.u16	r1, q0[6]
	vdup.16	q1, r0
	vstrw.32	q1, [sp, #96]                   @ 16-byte Spill
	vmov.u16	r0, q0[1]
	vdup.16	q1, r1
	vstrw.32	q1, [sp, #80]                   @ 16-byte Spill
	vdup.16	q1, r0
	vmov.u16	r0, q0[3]
	vstrw.32	q1, [sp, #64]                   @ 16-byte Spill
	vmov.u16	r1, q0[5]
	vdup.16	q1, r1
	vmov.u16	r3, q0[7]
	vdup.16	q0, r0
	vstrw.32	q0, [sp, #32]                   @ 16-byte Spill
	vdup.16	q0, r3
	@DEBUG_VALUE: arm_vexp_f16:blkCnt <- [DW_OP_constu 3, DW_OP_shr, DW_OP_stack_value] $r2
	vstrw.32	q1, [sp, #48]                   @ 16-byte Spill
	vmvn.i16	q1, #0xd
	vstrw.32	q0, [sp, #16]                   @ 16-byte Spill
	vmov.i32	q0, #0x0
	vstrw.32	q0, [sp]                        @ 16-byte Spill
	movw	r0, #15813
	movw	r1, #47500
.Ltmp4:
	.p2align	2
.LBB0_2:                                @ =>This Inner Loop Header: Depth=1
	@DEBUG_VALUE: arm_vexp_f16:pSrc <- $r5
	@DEBUG_VALUE: arm_vexp_f16:pDst <- $r4
	@DEBUG_VALUE: arm_vexp_f16:blockSize <- $r2
	@DEBUG_VALUE: arm_vexp_f16:blkCnt <- undef
	@DEBUG_VALUE: arm_vexp_f16:pSrc <- $r5
	@DEBUG_VALUE: arm_vexp_f16:pDst <- $r4
	.loc	6 65 13 is_stmt 1               @ C:/Keil_v5/Packs/ARM/CMSIS-DSP/1.15.0/Source/FastMathFunctions/arm_vexp_f16.c:65:13
	vldrh.u16	q4, [r5], #16
.Ltmp5:
	@DEBUG_VALUE: vexpq_f16:x <- $q4
	@DEBUG_VALUE: arm_vexp_f16:src <- $q4
	.file	7 "C:\\Users\\rohankoshy\\Downloads\\en-us--M55M1_Series_BSP_CMSIS_V3.01.003\\SampleCode\\NuEdgeWise\\PoseLandmark_YOLOv8n\\KEIL" "../../../../Library/CMSIS/DSP/Include\\arm_vec_math_f16.h"
	.loc	7 222 39                        @ ../../../../Library/CMSIS/DSP/Include\arm_vec_math_f16.h:222:39
	vmul.f16	q2, q4, r0
.Ltmp6:
	.loc	7 135 29                        @ ../../../../Library/CMSIS/DSP/Include\arm_vec_math_f16.h:135:29
	vldrw.u32	q5, [sp, #112]          @ 16-byte Reload
.Ltmp7:
	.loc	7 223 40                        @ ../../../../Library/CMSIS/DSP/Include\arm_vec_math_f16.h:223:40
	vrintz.f16	q3, q2
.Ltmp8:
	.loc	7 136 29                        @ ../../../../Library/CMSIS/DSP/Include\arm_vec_math_f16.h:136:29
	vldrw.u32	q6, [sp, #80]           @ 16-byte Reload
.Ltmp9:
	.loc	7 223 27                        @ ../../../../Library/CMSIS/DSP/Include\arm_vec_math_f16.h:223:27
	vfma.f16	q4, q3, r1
.Ltmp10:
	@DEBUG_VALUE: vtaylor_polyq_f16:x <- $q4
	@DEBUG_VALUE: vexpq_f16:val <- $q4
	.loc	7 135 29                        @ ../../../../Library/CMSIS/DSP/Include\arm_vec_math_f16.h:135:29
	vldrw.u32	q3, [sp, #128]          @ 16-byte Reload
	vfma.f16	q3, q5, q4
.Ltmp11:
	@DEBUG_VALUE: vtaylor_polyq_f16:A <- $q3
	.loc	7 136 29                        @ ../../../../Library/CMSIS/DSP/Include\arm_vec_math_f16.h:136:29
	vldrw.u32	q5, [sp, #96]           @ 16-byte Reload
	vfma.f16	q5, q6, q4
.Ltmp12:
	@DEBUG_VALUE: vtaylor_polyq_f16:B <- $q5
	.loc	7 137 29                        @ ../../../../Library/CMSIS/DSP/Include\arm_vec_math_f16.h:137:29
	vldrw.u32	q6, [sp, #64]           @ 16-byte Reload
.Ltmp13:
	.loc	7 222 25                        @ ../../../../Library/CMSIS/DSP/Include\arm_vec_math_f16.h:222:25
	vcvt.s16.f16	q2, q2
.Ltmp14:
	@DEBUG_VALUE: vexpq_f16:m <- $q2
	.loc	7 137 29                        @ ../../../../Library/CMSIS/DSP/Include\arm_vec_math_f16.h:137:29
	vldrw.u32	q7, [sp, #48]           @ 16-byte Reload
	vfma.f16	q6, q7, q4
.Ltmp15:
	@DEBUG_VALUE: vtaylor_polyq_f16:C <- $q6
	.loc	7 138 29                        @ ../../../../Library/CMSIS/DSP/Include\arm_vec_math_f16.h:138:29
	vldrw.u32	q7, [sp, #32]           @ 16-byte Reload
.Ltmp16:
	.loc	7 231 40                        @ ../../../../Library/CMSIS/DSP/Include\arm_vec_math_f16.h:231:40
	vcmp.s16	gt, q1, q2
.Ltmp17:
	.loc	7 138 29                        @ ../../../../Library/CMSIS/DSP/Include\arm_vec_math_f16.h:138:29
	vldrw.u32	q0, [sp, #16]           @ 16-byte Reload
	vfma.f16	q7, q0, q4
.Ltmp18:
	@DEBUG_VALUE: vtaylor_polyq_f16:D <- $q7
	.loc	7 231 12                        @ ../../../../Library/CMSIS/DSP/Include\arm_vec_math_f16.h:231:12
	vldrw.u32	q0, [sp]                @ 16-byte Reload
.Ltmp19:
	.loc	7 139 30                        @ ../../../../Library/CMSIS/DSP/Include\arm_vec_math_f16.h:139:30
	vmul.f16	q4, q4, q4
.Ltmp20:
	@DEBUG_VALUE: vtaylor_polyq_f16:x2 <- $q4
	.loc	7 141 58                        @ ../../../../Library/CMSIS/DSP/Include\arm_vec_math_f16.h:141:58
	vfma.f16	q6, q7, q4
.Ltmp21:
	.loc	7 141 37 is_stmt 0              @ ../../../../Library/CMSIS/DSP/Include\arm_vec_math_f16.h:141:37
	vfma.f16	q3, q5, q4
.Ltmp22:
	.loc	7 140 30 is_stmt 1              @ ../../../../Library/CMSIS/DSP/Include\arm_vec_math_f16.h:140:30
	vmul.f16	q4, q4, q4
.Ltmp23:
	@DEBUG_VALUE: vtaylor_polyq_f16:x4 <- $q4
	@DEBUG_VALUE: vtaylor_polyq_f16:x2 <- $q4
	.loc	7 141 31                        @ ../../../../Library/CMSIS/DSP/Include\arm_vec_math_f16.h:141:31
	vfma.f16	q3, q6, q4
.Ltmp24:
	@DEBUG_VALUE: vexpq_f16:poly <- $q3
	@DEBUG_VALUE: vtaylor_polyq_f16:res <- $q3
	.loc	7 229 58                        @ ../../../../Library/CMSIS/DSP/Include\arm_vec_math_f16.h:229:58
	vqshl.s16	q4, q2, #10
.Ltmp25:
	.loc	7 229 27 is_stmt 0              @ ../../../../Library/CMSIS/DSP/Include\arm_vec_math_f16.h:229:27
	vqadd.s16	q3, q3, q4
.Ltmp26:
	@DEBUG_VALUE: vexpq_f16:poly <- $q3
	.loc	7 231 12 is_stmt 1              @ ../../../../Library/CMSIS/DSP/Include\arm_vec_math_f16.h:231:12
	vpsel	q2, q0, q3
.Ltmp27:
	@DEBUG_VALUE: arm_vexp_f16:dst <- $q2
	@DEBUG_VALUE: vexpq_f16:poly <- $q2
	.loc	6 67 7                          @ C:/Keil_v5/Packs/ARM/CMSIS-DSP/1.15.0/Source/FastMathFunctions/arm_vexp_f16.c:67:7
	vstrb.8	q2, [r4], #16
.Ltmp28:
	@DEBUG_VALUE: vtaylor_polyq_f16:coeffs <- undef
	@DEBUG_VALUE: arm_vexp_f16:pDst <- $r4
	@DEBUG_VALUE: arm_vexp_f16:pSrc <- $r5
	.loc	6 63 4                          @ C:/Keil_v5/Packs/ARM/CMSIS-DSP/1.15.0/Source/FastMathFunctions/arm_vexp_f16.c:63:4
	le	lr, .LBB0_2
.Ltmp29:
.LBB0_3:
	@DEBUG_VALUE: arm_vexp_f16:pSrc <- $r5
	@DEBUG_VALUE: arm_vexp_f16:pDst <- $r4
	@DEBUG_VALUE: arm_vexp_f16:blockSize <- $r2
	.loc	6 75 23                         @ C:/Keil_v5/Packs/ARM/CMSIS-DSP/1.15.0/Source/FastMathFunctions/arm_vexp_f16.c:75:23
	ands	r6, r2, #7
	@DEBUG_VALUE: arm_vexp_f16:pDst <- $r4
	@DEBUG_VALUE: arm_vexp_f16:pSrc <- $r5
.Ltmp30:
	@DEBUG_VALUE: arm_vexp_f16:blkCnt <- $r6
	.loc	6 80 4                          @ C:/Keil_v5/Packs/ARM/CMSIS-DSP/1.15.0/Source/FastMathFunctions/arm_vexp_f16.c:80:4
	beq	.LBB0_11
.Ltmp31:
@ %bb.4:
	@DEBUG_VALUE: arm_vexp_f16:blkCnt <- $r6
	@DEBUG_VALUE: arm_vexp_f16:pSrc <- $r5
	@DEBUG_VALUE: arm_vexp_f16:pDst <- $r4
	@DEBUG_VALUE: arm_vexp_f16:blockSize <- $r2
	@DEBUG_VALUE: arm_vexp_f16:blkCnt <- $r6
	@DEBUG_VALUE: arm_vexp_f16:pSrc <- [DW_OP_plus_uconst 2, DW_OP_stack_value] $r5
	@DEBUG_VALUE: arm_vexp_f16:pDst <- $r4
	.loc	6 85 43                         @ C:/Keil_v5/Packs/ARM/CMSIS-DSP/1.15.0/Source/FastMathFunctions/arm_vexp_f16.c:85:43
	vldr.16	s0, [r5]
	.loc	6 85 32 is_stmt 0               @ C:/Keil_v5/Packs/ARM/CMSIS-DSP/1.15.0/Source/FastMathFunctions/arm_vexp_f16.c:85:32
	vcvtb.f32.f16	s0, s0
	.loc	6 85 27                         @ C:/Keil_v5/Packs/ARM/CMSIS-DSP/1.15.0/Source/FastMathFunctions/arm_vexp_f16.c:85:27
	bl	__hardfp_expf
.Ltmp32:
	@DEBUG_VALUE: arm_vexp_f16:blockSize <- [DW_OP_LLVM_entry_value 1] $r2
	.loc	6 85 17                         @ C:/Keil_v5/Packs/ARM/CMSIS-DSP/1.15.0/Source/FastMathFunctions/arm_vexp_f16.c:85:17
	vcvtb.f16.f32	s0, s0
.Ltmp33:
	@DEBUG_VALUE: arm_vexp_f16:pDst <- [DW_OP_plus_uconst 2, DW_OP_stack_value] $r4
	.loc	6 80 4 is_stmt 1                @ C:/Keil_v5/Packs/ARM/CMSIS-DSP/1.15.0/Source/FastMathFunctions/arm_vexp_f16.c:80:4
	cmp	r6, #1
.Ltmp34:
	.loc	6 85 15                         @ C:/Keil_v5/Packs/ARM/CMSIS-DSP/1.15.0/Source/FastMathFunctions/arm_vexp_f16.c:85:15
	vstr.16	s0, [r4]
.Ltmp35:
	@DEBUG_VALUE: arm_vexp_f16:blkCnt <- [DW_OP_constu 1, DW_OP_minus, DW_OP_stack_value] $r6
	.loc	6 80 4                          @ C:/Keil_v5/Packs/ARM/CMSIS-DSP/1.15.0/Source/FastMathFunctions/arm_vexp_f16.c:80:4
	beq	.LBB0_11
.Ltmp36:
@ %bb.5:
	@DEBUG_VALUE: arm_vexp_f16:blkCnt <- [DW_OP_constu 1, DW_OP_minus, DW_OP_stack_value] $r6
	@DEBUG_VALUE: arm_vexp_f16:pDst <- [DW_OP_plus_uconst 2, DW_OP_stack_value] $r4
	@DEBUG_VALUE: arm_vexp_f16:blockSize <- [DW_OP_LLVM_entry_value 1] $r2
	@DEBUG_VALUE: arm_vexp_f16:pSrc <- [DW_OP_plus_uconst 2, DW_OP_stack_value] $r5
	@DEBUG_VALUE: arm_vexp_f16:blkCnt <- [DW_OP_constu 1, DW_OP_minus, DW_OP_stack_value] $r6
	@DEBUG_VALUE: arm_vexp_f16:pSrc <- [DW_OP_plus_uconst 2, DW_OP_plus_uconst 2, DW_OP_stack_value] $r5
	@DEBUG_VALUE: arm_vexp_f16:pDst <- [DW_OP_plus_uconst 2, DW_OP_stack_value] $r4
	.loc	6 85 43                         @ C:/Keil_v5/Packs/ARM/CMSIS-DSP/1.15.0/Source/FastMathFunctions/arm_vexp_f16.c:85:43
	vldr.16	s0, [r5, #2]
	.loc	6 85 32 is_stmt 0               @ C:/Keil_v5/Packs/ARM/CMSIS-DSP/1.15.0/Source/FastMathFunctions/arm_vexp_f16.c:85:32
	vcvtb.f32.f16	s0, s0
	.loc	6 85 27                         @ C:/Keil_v5/Packs/ARM/CMSIS-DSP/1.15.0/Source/FastMathFunctions/arm_vexp_f16.c:85:27
	bl	__hardfp_expf
.Ltmp37:
	.loc	6 85 17                         @ C:/Keil_v5/Packs/ARM/CMSIS-DSP/1.15.0/Source/FastMathFunctions/arm_vexp_f16.c:85:17
	vcvtb.f16.f32	s0, s0
.Ltmp38:
	@DEBUG_VALUE: arm_vexp_f16:pDst <- [DW_OP_plus_uconst 2, DW_OP_plus_uconst 2, DW_OP_stack_value] $r4
	.loc	6 80 4 is_stmt 1                @ C:/Keil_v5/Packs/ARM/CMSIS-DSP/1.15.0/Source/FastMathFunctions/arm_vexp_f16.c:80:4
	cmp	r6, #2
.Ltmp39:
	.loc	6 85 15                         @ C:/Keil_v5/Packs/ARM/CMSIS-DSP/1.15.0/Source/FastMathFunctions/arm_vexp_f16.c:85:15
	vstr.16	s0, [r4, #2]
.Ltmp40:
	@DEBUG_VALUE: arm_vexp_f16:blkCnt <- [DW_OP_constu 2, DW_OP_minus, DW_OP_stack_value] $r6
	.loc	6 80 4                          @ C:/Keil_v5/Packs/ARM/CMSIS-DSP/1.15.0/Source/FastMathFunctions/arm_vexp_f16.c:80:4
	beq	.LBB0_11
.Ltmp41:
@ %bb.6:
	@DEBUG_VALUE: arm_vexp_f16:blkCnt <- [DW_OP_constu 2, DW_OP_minus, DW_OP_stack_value] $r6
	@DEBUG_VALUE: arm_vexp_f16:pDst <- [DW_OP_plus_uconst 2, DW_OP_plus_uconst 2, DW_OP_stack_value] $r4
	@DEBUG_VALUE: arm_vexp_f16:pSrc <- [DW_OP_plus_uconst 2, DW_OP_plus_uconst 2, DW_OP_stack_value] $r5
	@DEBUG_VALUE: arm_vexp_f16:blockSize <- [DW_OP_LLVM_entry_value 1] $r2
	@DEBUG_VALUE: arm_vexp_f16:blkCnt <- [DW_OP_constu 2, DW_OP_minus, DW_OP_stack_value] $r6
	@DEBUG_VALUE: arm_vexp_f16:pSrc <- [DW_OP_plus_uconst 4, DW_OP_plus_uconst 2, DW_OP_stack_value] $r5
	@DEBUG_VALUE: arm_vexp_f16:pDst <- [DW_OP_plus_uconst 4, DW_OP_stack_value] $r4
	.loc	6 85 43                         @ C:/Keil_v5/Packs/ARM/CMSIS-DSP/1.15.0/Source/FastMathFunctions/arm_vexp_f16.c:85:43
	vldr.16	s0, [r5, #4]
	.loc	6 85 32 is_stmt 0               @ C:/Keil_v5/Packs/ARM/CMSIS-DSP/1.15.0/Source/FastMathFunctions/arm_vexp_f16.c:85:32
	vcvtb.f32.f16	s0, s0
	.loc	6 85 27                         @ C:/Keil_v5/Packs/ARM/CMSIS-DSP/1.15.0/Source/FastMathFunctions/arm_vexp_f16.c:85:27
	bl	__hardfp_expf
.Ltmp42:
	.loc	6 85 17                         @ C:/Keil_v5/Packs/ARM/CMSIS-DSP/1.15.0/Source/FastMathFunctions/arm_vexp_f16.c:85:17
	vcvtb.f16.f32	s0, s0
.Ltmp43:
	@DEBUG_VALUE: arm_vexp_f16:pDst <- [DW_OP_plus_uconst 4, DW_OP_plus_uconst 2, DW_OP_stack_value] $r4
	.loc	6 80 4 is_stmt 1                @ C:/Keil_v5/Packs/ARM/CMSIS-DSP/1.15.0/Source/FastMathFunctions/arm_vexp_f16.c:80:4
	cmp	r6, #3
.Ltmp44:
	.loc	6 85 15                         @ C:/Keil_v5/Packs/ARM/CMSIS-DSP/1.15.0/Source/FastMathFunctions/arm_vexp_f16.c:85:15
	vstr.16	s0, [r4, #4]
.Ltmp45:
	@DEBUG_VALUE: arm_vexp_f16:blkCnt <- [DW_OP_constu 3, DW_OP_minus, DW_OP_stack_value] $r6
	.loc	6 80 4                          @ C:/Keil_v5/Packs/ARM/CMSIS-DSP/1.15.0/Source/FastMathFunctions/arm_vexp_f16.c:80:4
	beq	.LBB0_11
.Ltmp46:
@ %bb.7:
	@DEBUG_VALUE: arm_vexp_f16:blkCnt <- [DW_OP_constu 3, DW_OP_minus, DW_OP_stack_value] $r6
	@DEBUG_VALUE: arm_vexp_f16:pDst <- [DW_OP_plus_uconst 4, DW_OP_plus_uconst 2, DW_OP_stack_value] $r4
	@DEBUG_VALUE: arm_vexp_f16:pSrc <- [DW_OP_plus_uconst 4, DW_OP_plus_uconst 2, DW_OP_stack_value] $r5
	@DEBUG_VALUE: arm_vexp_f16:blockSize <- [DW_OP_LLVM_entry_value 1] $r2
	@DEBUG_VALUE: arm_vexp_f16:blkCnt <- [DW_OP_constu 3, DW_OP_minus, DW_OP_stack_value] $r6
	@DEBUG_VALUE: arm_vexp_f16:pSrc <- [DW_OP_plus_uconst 6, DW_OP_plus_uconst 2, DW_OP_stack_value] $r5
	@DEBUG_VALUE: arm_vexp_f16:pDst <- [DW_OP_plus_uconst 6, DW_OP_stack_value] $r4
	.loc	6 85 43                         @ C:/Keil_v5/Packs/ARM/CMSIS-DSP/1.15.0/Source/FastMathFunctions/arm_vexp_f16.c:85:43
	vldr.16	s0, [r5, #6]
	.loc	6 85 32 is_stmt 0               @ C:/Keil_v5/Packs/ARM/CMSIS-DSP/1.15.0/Source/FastMathFunctions/arm_vexp_f16.c:85:32
	vcvtb.f32.f16	s0, s0
	.loc	6 85 27                         @ C:/Keil_v5/Packs/ARM/CMSIS-DSP/1.15.0/Source/FastMathFunctions/arm_vexp_f16.c:85:27
	bl	__hardfp_expf
.Ltmp47:
	.loc	6 85 17                         @ C:/Keil_v5/Packs/ARM/CMSIS-DSP/1.15.0/Source/FastMathFunctions/arm_vexp_f16.c:85:17
	vcvtb.f16.f32	s0, s0
.Ltmp48:
	@DEBUG_VALUE: arm_vexp_f16:pDst <- [DW_OP_plus_uconst 6, DW_OP_plus_uconst 2, DW_OP_stack_value] $r4
	.loc	6 80 4 is_stmt 1                @ C:/Keil_v5/Packs/ARM/CMSIS-DSP/1.15.0/Source/FastMathFunctions/arm_vexp_f16.c:80:4
	cmp	r6, #4
.Ltmp49:
	.loc	6 85 15                         @ C:/Keil_v5/Packs/ARM/CMSIS-DSP/1.15.0/Source/FastMathFunctions/arm_vexp_f16.c:85:15
	vstr.16	s0, [r4, #6]
.Ltmp50:
	@DEBUG_VALUE: arm_vexp_f16:blkCnt <- [DW_OP_constu 4, DW_OP_minus, DW_OP_stack_value] $r6
	.loc	6 80 4                          @ C:/Keil_v5/Packs/ARM/CMSIS-DSP/1.15.0/Source/FastMathFunctions/arm_vexp_f16.c:80:4
	beq	.LBB0_11
.Ltmp51:
@ %bb.8:
	@DEBUG_VALUE: arm_vexp_f16:blkCnt <- [DW_OP_constu 4, DW_OP_minus, DW_OP_stack_value] $r6
	@DEBUG_VALUE: arm_vexp_f16:pDst <- [DW_OP_plus_uconst 6, DW_OP_plus_uconst 2, DW_OP_stack_value] $r4
	@DEBUG_VALUE: arm_vexp_f16:pSrc <- [DW_OP_plus_uconst 6, DW_OP_plus_uconst 2, DW_OP_stack_value] $r5
	@DEBUG_VALUE: arm_vexp_f16:blockSize <- [DW_OP_LLVM_entry_value 1] $r2
	@DEBUG_VALUE: arm_vexp_f16:blkCnt <- [DW_OP_constu 4, DW_OP_minus, DW_OP_stack_value] $r6
	@DEBUG_VALUE: arm_vexp_f16:pSrc <- [DW_OP_plus_uconst 8, DW_OP_plus_uconst 2, DW_OP_stack_value] $r5
	@DEBUG_VALUE: arm_vexp_f16:pDst <- [DW_OP_plus_uconst 8, DW_OP_stack_value] $r4
	.loc	6 85 43                         @ C:/Keil_v5/Packs/ARM/CMSIS-DSP/1.15.0/Source/FastMathFunctions/arm_vexp_f16.c:85:43
	vldr.16	s0, [r5, #8]
	.loc	6 85 32 is_stmt 0               @ C:/Keil_v5/Packs/ARM/CMSIS-DSP/1.15.0/Source/FastMathFunctions/arm_vexp_f16.c:85:32
	vcvtb.f32.f16	s0, s0
	.loc	6 85 27                         @ C:/Keil_v5/Packs/ARM/CMSIS-DSP/1.15.0/Source/FastMathFunctions/arm_vexp_f16.c:85:27
	bl	__hardfp_expf
.Ltmp52:
	.loc	6 85 17                         @ C:/Keil_v5/Packs/ARM/CMSIS-DSP/1.15.0/Source/FastMathFunctions/arm_vexp_f16.c:85:17
	vcvtb.f16.f32	s0, s0
.Ltmp53:
	@DEBUG_VALUE: arm_vexp_f16:pDst <- [DW_OP_plus_uconst 8, DW_OP_plus_uconst 2, DW_OP_stack_value] $r4
	.loc	6 80 4 is_stmt 1                @ C:/Keil_v5/Packs/ARM/CMSIS-DSP/1.15.0/Source/FastMathFunctions/arm_vexp_f16.c:80:4
	cmp	r6, #5
.Ltmp54:
	.loc	6 85 15                         @ C:/Keil_v5/Packs/ARM/CMSIS-DSP/1.15.0/Source/FastMathFunctions/arm_vexp_f16.c:85:15
	vstr.16	s0, [r4, #8]
.Ltmp55:
	@DEBUG_VALUE: arm_vexp_f16:blkCnt <- [DW_OP_constu 5, DW_OP_minus, DW_OP_stack_value] $r6
	.loc	6 80 4                          @ C:/Keil_v5/Packs/ARM/CMSIS-DSP/1.15.0/Source/FastMathFunctions/arm_vexp_f16.c:80:4
	beq	.LBB0_11
.Ltmp56:
@ %bb.9:
	@DEBUG_VALUE: arm_vexp_f16:blkCnt <- [DW_OP_constu 5, DW_OP_minus, DW_OP_stack_value] $r6
	@DEBUG_VALUE: arm_vexp_f16:pDst <- [DW_OP_plus_uconst 8, DW_OP_plus_uconst 2, DW_OP_stack_value] $r4
	@DEBUG_VALUE: arm_vexp_f16:pSrc <- [DW_OP_plus_uconst 8, DW_OP_plus_uconst 2, DW_OP_stack_value] $r5
	@DEBUG_VALUE: arm_vexp_f16:blockSize <- [DW_OP_LLVM_entry_value 1] $r2
	@DEBUG_VALUE: arm_vexp_f16:blkCnt <- [DW_OP_constu 5, DW_OP_minus, DW_OP_stack_value] $r6
	@DEBUG_VALUE: arm_vexp_f16:pSrc <- [DW_OP_plus_uconst 10, DW_OP_plus_uconst 2, DW_OP_stack_value] $r5
	@DEBUG_VALUE: arm_vexp_f16:pDst <- [DW_OP_plus_uconst 10, DW_OP_stack_value] $r4
	.loc	6 85 43                         @ C:/Keil_v5/Packs/ARM/CMSIS-DSP/1.15.0/Source/FastMathFunctions/arm_vexp_f16.c:85:43
	vldr.16	s0, [r5, #10]
	.loc	6 85 32 is_stmt 0               @ C:/Keil_v5/Packs/ARM/CMSIS-DSP/1.15.0/Source/FastMathFunctions/arm_vexp_f16.c:85:32
	vcvtb.f32.f16	s0, s0
	.loc	6 85 27                         @ C:/Keil_v5/Packs/ARM/CMSIS-DSP/1.15.0/Source/FastMathFunctions/arm_vexp_f16.c:85:27
	bl	__hardfp_expf
.Ltmp57:
	.loc	6 85 17                         @ C:/Keil_v5/Packs/ARM/CMSIS-DSP/1.15.0/Source/FastMathFunctions/arm_vexp_f16.c:85:17
	vcvtb.f16.f32	s0, s0
.Ltmp58:
	@DEBUG_VALUE: arm_vexp_f16:pDst <- [DW_OP_plus_uconst 10, DW_OP_plus_uconst 2, DW_OP_stack_value] $r4
	.loc	6 80 4 is_stmt 1                @ C:/Keil_v5/Packs/ARM/CMSIS-DSP/1.15.0/Source/FastMathFunctions/arm_vexp_f16.c:80:4
	cmp	r6, #6
.Ltmp59:
	.loc	6 85 15                         @ C:/Keil_v5/Packs/ARM/CMSIS-DSP/1.15.0/Source/FastMathFunctions/arm_vexp_f16.c:85:15
	vstr.16	s0, [r4, #10]
.Ltmp60:
	@DEBUG_VALUE: arm_vexp_f16:blkCnt <- [DW_OP_constu 6, DW_OP_minus, DW_OP_stack_value] undef
	.loc	6 80 4                          @ C:/Keil_v5/Packs/ARM/CMSIS-DSP/1.15.0/Source/FastMathFunctions/arm_vexp_f16.c:80:4
	beq	.LBB0_11
.Ltmp61:
@ %bb.10:
	@DEBUG_VALUE: arm_vexp_f16:pDst <- [DW_OP_plus_uconst 10, DW_OP_plus_uconst 2, DW_OP_stack_value] $r4
	@DEBUG_VALUE: arm_vexp_f16:pSrc <- [DW_OP_plus_uconst 10, DW_OP_plus_uconst 2, DW_OP_stack_value] $r5
	@DEBUG_VALUE: arm_vexp_f16:blockSize <- [DW_OP_LLVM_entry_value 1] $r2
	@DEBUG_VALUE: arm_vexp_f16:blkCnt <- [DW_OP_constu 6, DW_OP_minus, DW_OP_stack_value] undef
	@DEBUG_VALUE: arm_vexp_f16:pSrc <- [DW_OP_plus_uconst 12, DW_OP_plus_uconst 2, DW_OP_stack_value] $r5
	@DEBUG_VALUE: arm_vexp_f16:pDst <- [DW_OP_plus_uconst 12, DW_OP_stack_value] $r4
	.loc	6 85 43                         @ C:/Keil_v5/Packs/ARM/CMSIS-DSP/1.15.0/Source/FastMathFunctions/arm_vexp_f16.c:85:43
	vldr.16	s0, [r5, #12]
	.loc	6 85 32 is_stmt 0               @ C:/Keil_v5/Packs/ARM/CMSIS-DSP/1.15.0/Source/FastMathFunctions/arm_vexp_f16.c:85:32
	vcvtb.f32.f16	s0, s0
	.loc	6 85 27                         @ C:/Keil_v5/Packs/ARM/CMSIS-DSP/1.15.0/Source/FastMathFunctions/arm_vexp_f16.c:85:27
	bl	__hardfp_expf
.Ltmp62:
	.loc	6 85 17                         @ C:/Keil_v5/Packs/ARM/CMSIS-DSP/1.15.0/Source/FastMathFunctions/arm_vexp_f16.c:85:17
	vcvtb.f16.f32	s0, s0
.Ltmp63:
	@DEBUG_VALUE: arm_vexp_f16:pDst <- [DW_OP_plus_uconst 12, DW_OP_plus_uconst 2, DW_OP_stack_value] $r4
	.loc	6 85 15                         @ C:/Keil_v5/Packs/ARM/CMSIS-DSP/1.15.0/Source/FastMathFunctions/arm_vexp_f16.c:85:15
	vstr.16	s0, [r4, #12]
.Ltmp64:
	@DEBUG_VALUE: arm_vexp_f16:blkCnt <- [DW_OP_constu 7, DW_OP_minus, DW_OP_stack_value] undef
.LBB0_11:
	.loc	6 90 1 epilogue_begin is_stmt 1 @ C:/Keil_v5/Packs/ARM/CMSIS-DSP/1.15.0/Source/FastMathFunctions/arm_vexp_f16.c:90:1
	add	sp, #144
	vpop	{d8, d9, d10, d11, d12, d13, d14, d15}
	pop	{r4, r5, r6, pc}
.Ltmp65:
.Lfunc_end0:
	.size	arm_vexp_f16, .Lfunc_end0-arm_vexp_f16
	.cfi_endproc
	.cantunwind
	.fnend
                                        @ -- End function
	.section	.text.logf16_scalar,"ax",%progbits
	.hidden	logf16_scalar                   @ -- Begin function logf16_scalar
	.globl	logf16_scalar
	.p2align	2
	.type	logf16_scalar,%function
	.code	16                              @ @logf16_scalar
	.thumb_func
logf16_scalar:
.Lfunc_begin1:
	.fnstart
	.cfi_startproc
@ %bb.0:
	@DEBUG_VALUE: logf16_scalar:x <- $s0
	@DEBUG_VALUE: arm_typecast_s16_f16:x <- $s0
	.file	8 "C:\\Users\\rohankoshy\\Downloads\\en-us--M55M1_Series_BSP_CMSIS_V3.01.003\\SampleCode\\NuEdgeWise\\PoseLandmark_YOLOv8n\\KEIL" "../../../../Library/CMSIS/DSP/Include\\dsp/support_functions_f16.h"
	.loc	8 170 19 prologue_end           @ ../../../../Library/CMSIS/DSP/Include\dsp/support_functions_f16.h:170:19
	vmov.f16	r0, s0
.Ltmp66:
	@DEBUG_VALUE: logf16_scalar:i <- $r0
	@DEBUG_VALUE: arm_typecast_s16_f16:res <- $r0
	sxth	r1, r0
	mvn	r2, #14
.Ltmp67:
	.loc	2 79 40                         @ C:/Keil_v5/Packs/ARM/CMSIS-DSP/1.15.0/Source/FastMathFunctions/arm_vlog_f16.c:79:40
	add.w	r1, r2, r1, asr #10
.Ltmp68:
	@DEBUG_VALUE: logf16_scalar:vecExpUnBiased <- [DW_OP_LLVM_convert 16 5, DW_OP_LLVM_convert 32 5, DW_OP_stack_value] $r1
	.loc	2 0 40 is_stmt 0                @ C:/Keil_v5/Packs/ARM/CMSIS-DSP/1.15.0/Source/FastMathFunctions/arm_vlog_f16.c:0:40
	vmov.f16	s2, #-1.000000e+00
	.loc	2 80 9 is_stmt 1                @ C:/Keil_v5/Packs/ARM/CMSIS-DSP/1.15.0/Source/FastMathFunctions/arm_vlog_f16.c:80:9
	sub.w	r0, r0, r1, lsl #10
.Ltmp69:
	@DEBUG_VALUE: arm_typecast_f16_s16:x <- $r0
	@DEBUG_VALUE: logf16_scalar:i <- $r0
	.loc	2 91 22                         @ C:/Keil_v5/Packs/ARM/CMSIS-DSP/1.15.0/Source/FastMathFunctions/arm_vlog_f16.c:91:22
	movw	r2, :lower16:lut_logf16
.Ltmp70:
	.loc	8 189 21                        @ ../../../../Library/CMSIS/DSP/Include\dsp/support_functions_f16.h:189:21
	vmov.f16	s0, r0
.Ltmp71:
	@DEBUG_VALUE: logf16_scalar:x <- [DW_OP_LLVM_entry_value 1] $s0
	@DEBUG_VALUE: logf16_scalar:vecTmpFlt1 <- $s0
	@DEBUG_VALUE: arm_typecast_f16_s16:res <- $s0
	.loc	2 91 22                         @ C:/Keil_v5/Packs/ARM/CMSIS-DSP/1.15.0/Source/FastMathFunctions/arm_vlog_f16.c:91:22
	movt	r2, :upper16:lut_logf16
	.loc	2 87 33                         @ C:/Keil_v5/Packs/ARM/CMSIS-DSP/1.15.0/Source/FastMathFunctions/arm_vlog_f16.c:87:33
	vadd.f16	s0, s0, s2
.Ltmp72:
	.loc	2 0 33 is_stmt 0                @ C:/Keil_v5/Packs/ARM/CMSIS-DSP/1.15.0/Source/FastMathFunctions/arm_vlog_f16.c:0:33
	vmov.f16	s2, #8.000000e+00
	.loc	2 87 43                         @ C:/Keil_v5/Packs/ARM/CMSIS-DSP/1.15.0/Source/FastMathFunctions/arm_vlog_f16.c:87:43
	vmul.f16	s0, s0, s2
.Ltmp73:
	@DEBUG_VALUE: logf16_scalar:tmp <- $s0
	.loc	2 88 9 is_stmt 1                @ C:/Keil_v5/Packs/ARM/CMSIS-DSP/1.15.0/Source/FastMathFunctions/arm_vlog_f16.c:88:9
	vcvtm.s32.f16	s2, s0
	.loc	2 88 14 is_stmt 0               @ C:/Keil_v5/Packs/ARM/CMSIS-DSP/1.15.0/Source/FastMathFunctions/arm_vlog_f16.c:88:14
	vrintm.f16	s4, s0
	.loc	2 88 9                          @ C:/Keil_v5/Packs/ARM/CMSIS-DSP/1.15.0/Source/FastMathFunctions/arm_vlog_f16.c:88:9
	vmov	r0, s2
.Ltmp74:
	@DEBUG_VALUE: logf16_scalar:n <- $r0
	.loc	2 91 22 is_stmt 1               @ C:/Keil_v5/Packs/ARM/CMSIS-DSP/1.15.0/Source/FastMathFunctions/arm_vlog_f16.c:91:22
	add.w	r0, r2, r0, lsl #3
.Ltmp75:
	@DEBUG_VALUE: logf16_scalar:lut <- $r0
	.loc	2 89 23                         @ C:/Keil_v5/Packs/ARM/CMSIS-DSP/1.15.0/Source/FastMathFunctions/arm_vlog_f16.c:89:23
	vsub.f16	s2, s0, s4
.Ltmp76:
	@DEBUG_VALUE: logf16_scalar:v <- $s2
	.loc	2 93 21                         @ C:/Keil_v5/Packs/ARM/CMSIS-DSP/1.15.0/Source/FastMathFunctions/arm_vlog_f16.c:93:21
	vldr.16	s0, [r0, #4]
.Ltmp77:
	@DEBUG_VALUE: j <- 1
	@DEBUG_VALUE: logf16_scalar:res <- $s0
	.loc	2 96 24                         @ C:/Keil_v5/Packs/ARM/CMSIS-DSP/1.15.0/Source/FastMathFunctions/arm_vlog_f16.c:96:24
	vldr.16	s4, [r0, #2]
	.loc	2 96 31 is_stmt 0               @ C:/Keil_v5/Packs/ARM/CMSIS-DSP/1.15.0/Source/FastMathFunctions/arm_vlog_f16.c:96:31
	vfma.f16	s4, s2, s0
.Ltmp78:
	@DEBUG_VALUE: j <- 0
	@DEBUG_VALUE: logf16_scalar:res <- $s4
	.loc	2 96 24                         @ C:/Keil_v5/Packs/ARM/CMSIS-DSP/1.15.0/Source/FastMathFunctions/arm_vlog_f16.c:96:24
	vldr.16	s0, [r0]
	.loc	2 96 31                         @ C:/Keil_v5/Packs/ARM/CMSIS-DSP/1.15.0/Source/FastMathFunctions/arm_vlog_f16.c:96:31
	vfma.f16	s0, s2, s4
.Ltmp79:
	@DEBUG_VALUE: j <- -1
	@DEBUG_VALUE: logf16_scalar:res <- $s0
	.loc	2 99 41 is_stmt 1               @ C:/Keil_v5/Packs/ARM/CMSIS-DSP/1.15.0/Source/FastMathFunctions/arm_vlog_f16.c:99:41
	vmov	s2, r1
.Ltmp80:
	@DEBUG_VALUE: logf16_scalar:vecExpUnBiased <- [DW_OP_LLVM_convert 16 5, DW_OP_LLVM_convert 32 5, DW_OP_stack_value] $s2
	.loc	2 0 41 is_stmt 0                @ C:/Keil_v5/Packs/ARM/CMSIS-DSP/1.15.0/Source/FastMathFunctions/arm_vlog_f16.c:0:41
	vldr.16	s4, .LCPI1_0
	.loc	2 99 41                         @ C:/Keil_v5/Packs/ARM/CMSIS-DSP/1.15.0/Source/FastMathFunctions/arm_vlog_f16.c:99:41
	vcvt.f16.s32	s2, s2
.Ltmp81:
	.loc	2 99 25                         @ C:/Keil_v5/Packs/ARM/CMSIS-DSP/1.15.0/Source/FastMathFunctions/arm_vlog_f16.c:99:25
	vfma.f16	s0, s2, s4
.Ltmp82:
	@DEBUG_VALUE: logf16_scalar:res <- $s0
	.loc	2 102 5 is_stmt 1               @ C:/Keil_v5/Packs/ARM/CMSIS-DSP/1.15.0/Source/FastMathFunctions/arm_vlog_f16.c:102:5
	bx	lr
.Ltmp83:
	.p2align	1
@ %bb.1:
	.loc	2 0 5 is_stmt 0                 @ C:/Keil_v5/Packs/ARM/CMSIS-DSP/1.15.0/Source/FastMathFunctions/arm_vlog_f16.c:0:5
.LCPI1_0:
	.short	0x398c                          @ half 0.69336
.Lfunc_end1:
	.size	logf16_scalar, .Lfunc_end1-logf16_scalar
	.cfi_endproc
	.cantunwind
	.fnend
                                        @ -- End function
	.section	.text.vlogq_lut_f16,"ax",%progbits
	.hidden	vlogq_lut_f16                   @ -- Begin function vlogq_lut_f16
	.globl	vlogq_lut_f16
	.p2align	2
	.type	vlogq_lut_f16,%function
	.code	16                              @ @vlogq_lut_f16
	.thumb_func
vlogq_lut_f16:
.Lfunc_begin2:
	.loc	2 112 0 is_stmt 1               @ C:/Keil_v5/Packs/ARM/CMSIS-DSP/1.15.0/Source/FastMathFunctions/arm_vlog_f16.c:112:0
	.fnstart
	.cfi_startproc
@ %bb.0:
	@DEBUG_VALUE: vlogq_lut_f16:vecIn <- $q0
	.vsave	{d8, d9, d10, d11, d12, d13}
	vpush	{d8, d9, d10, d11, d12, d13}
	.cfi_def_cfa_offset 48
	.cfi_offset d13, -8
	.cfi_offset d12, -16
	.cfi_offset d11, -24
	.cfi_offset d10, -32
	.cfi_offset d9, -40
	.cfi_offset d8, -48
.Ltmp84:
	@DEBUG_VALUE: vlogq_lut_f16:i <- $q0
	.loc	2 115 44 prologue_end           @ C:/Keil_v5/Packs/ARM/CMSIS-DSP/1.15.0/Source/FastMathFunctions/arm_vlog_f16.c:115:44
	vshr.s16	q1, q0, #10
	.loc	2 126 23                        @ C:/Keil_v5/Packs/ARM/CMSIS-DSP/1.15.0/Source/FastMathFunctions/arm_vlog_f16.c:126:23
	vmov.i16	q3, #0xbc00
	movw	r0, #65521
	.loc	2 115 32                        @ C:/Keil_v5/Packs/ARM/CMSIS-DSP/1.15.0/Source/FastMathFunctions/arm_vlog_f16.c:115:32
	vadd.i16	q1, q1, r0
.Ltmp85:
	@DEBUG_VALUE: vlogq_lut_f16:vecExpUnBiased <- $q1
	.loc	2 116 21                        @ C:/Keil_v5/Packs/ARM/CMSIS-DSP/1.15.0/Source/FastMathFunctions/arm_vlog_f16.c:116:21
	vshl.i16	q2, q1, #10
	.loc	2 146 27                        @ C:/Keil_v5/Packs/ARM/CMSIS-DSP/1.15.0/Source/FastMathFunctions/arm_vlog_f16.c:146:27
	vcvt.f16.s16	q1, q1
.Ltmp86:
	.loc	2 116 9                         @ C:/Keil_v5/Packs/ARM/CMSIS-DSP/1.15.0/Source/FastMathFunctions/arm_vlog_f16.c:116:9
	vsub.i16	q0, q0, q2
.Ltmp87:
	@DEBUG_VALUE: vlogq_lut_f16:vecIn <- [DW_OP_LLVM_entry_value 1] $q0
	@DEBUG_VALUE: vlogq_lut_f16:vecTmpFlt1 <- $q0
	@DEBUG_VALUE: vlogq_lut_f16:i <- $q0
	.loc	2 126 23                        @ C:/Keil_v5/Packs/ARM/CMSIS-DSP/1.15.0/Source/FastMathFunctions/arm_vlog_f16.c:126:23
	vadd.f16	q0, q0, q3
.Ltmp88:
	.loc	2 126 11 is_stmt 0              @ C:/Keil_v5/Packs/ARM/CMSIS-DSP/1.15.0/Source/FastMathFunctions/arm_vlog_f16.c:126:11
	vmov.i16	q2, #0x4800
	.loc	2 128 9 is_stmt 1               @ C:/Keil_v5/Packs/ARM/CMSIS-DSP/1.15.0/Source/FastMathFunctions/arm_vlog_f16.c:128:9
	vcvt.s16.f16	q3, q0, #3
.Ltmp89:
	@DEBUG_VALUE: vlogq_lut_f16:n <- $q3
	.loc	2 126 11                        @ C:/Keil_v5/Packs/ARM/CMSIS-DSP/1.15.0/Source/FastMathFunctions/arm_vlog_f16.c:126:11
	vmul.f16	q0, q0, q2
.Ltmp90:
	@DEBUG_VALUE: vlogq_lut_f16:tmp <- $q0
	.loc	2 132 14                        @ C:/Keil_v5/Packs/ARM/CMSIS-DSP/1.15.0/Source/FastMathFunctions/arm_vlog_f16.c:132:14
	vshl.i16	q2, q3, #2
.Ltmp91:
	@DEBUG_VALUE: vlogq_lut_f16:offset <- undef
	.loc	2 129 23                        @ C:/Keil_v5/Packs/ARM/CMSIS-DSP/1.15.0/Source/FastMathFunctions/arm_vlog_f16.c:129:23
	vrintz.f16	q5, q0
	.loc	2 133 14                        @ C:/Keil_v5/Packs/ARM/CMSIS-DSP/1.15.0/Source/FastMathFunctions/arm_vlog_f16.c:133:14
	vmov	q3, q2
.Ltmp92:
	.loc	2 136 14                        @ C:/Keil_v5/Packs/ARM/CMSIS-DSP/1.15.0/Source/FastMathFunctions/arm_vlog_f16.c:136:14
	vmov	q4, q2
	.loc	2 133 14                        @ C:/Keil_v5/Packs/ARM/CMSIS-DSP/1.15.0/Source/FastMathFunctions/arm_vlog_f16.c:133:14
	vorr.i16	q3, #0x2
.Ltmp93:
	@DEBUG_VALUE: vlogq_lut_f16:offset <- $q3
	.loc	2 136 14                        @ C:/Keil_v5/Packs/ARM/CMSIS-DSP/1.15.0/Source/FastMathFunctions/arm_vlog_f16.c:136:14
	vorr.i16	q4, #0x1
.Ltmp94:
	@DEBUG_VALUE: j <- 1
	@DEBUG_VALUE: vlogq_lut_f16:offset <- $q4
	.loc	2 135 11                        @ C:/Keil_v5/Packs/ARM/CMSIS-DSP/1.15.0/Source/FastMathFunctions/arm_vlog_f16.c:135:11
	movw	r0, :lower16:lut_logf16
	movt	r0, :upper16:lut_logf16
	vldrh.u16	q6, [r0, q3, uxtw #1]
.Ltmp95:
	@DEBUG_VALUE: vlogq_lut_f16:res <- $q6
	.loc	2 129 9                         @ C:/Keil_v5/Packs/ARM/CMSIS-DSP/1.15.0/Source/FastMathFunctions/arm_vlog_f16.c:129:9
	vsub.f16	q3, q0, q5
.Ltmp96:
	@DEBUG_VALUE: vlogq_lut_f16:v <- $q3
	.loc	2 140 15                        @ C:/Keil_v5/Packs/ARM/CMSIS-DSP/1.15.0/Source/FastMathFunctions/arm_vlog_f16.c:140:15
	vldrh.u16	q5, [r0, q4, uxtw #1]
.Ltmp97:
	@DEBUG_VALUE: vlogq_lut_f16:lutV <- $q5
	.loc	2 141 14                        @ C:/Keil_v5/Packs/ARM/CMSIS-DSP/1.15.0/Source/FastMathFunctions/arm_vlog_f16.c:141:14
	vfma.f16	q5, q3, q6
.Ltmp98:
	@DEBUG_VALUE: vlogq_lut_f16:res <- $q5
	@DEBUG_VALUE: j <- 0
	@DEBUG_VALUE: vlogq_lut_f16:offset <- undef
	.loc	2 140 15                        @ C:/Keil_v5/Packs/ARM/CMSIS-DSP/1.15.0/Source/FastMathFunctions/arm_vlog_f16.c:140:15
	vldrh.u16	q0, [r0, q2, uxtw #1]
.Ltmp99:
	@DEBUG_VALUE: vlogq_lut_f16:lutV <- $q0
	.loc	2 141 14                        @ C:/Keil_v5/Packs/ARM/CMSIS-DSP/1.15.0/Source/FastMathFunctions/arm_vlog_f16.c:141:14
	vfma.f16	q0, q3, q5
.Ltmp100:
	@DEBUG_VALUE: vlogq_lut_f16:res <- $q0
	@DEBUG_VALUE: j <- -1
	@DEBUG_VALUE: vlogq_lut_f16:offset <- [DW_OP_LLVM_arg 0, DW_OP_LLVM_arg 0, DW_OP_plus, DW_OP_stack_value] undef
	.loc	2 0 14 is_stmt 0                @ C:/Keil_v5/Packs/ARM/CMSIS-DSP/1.15.0/Source/FastMathFunctions/arm_vlog_f16.c:0:14
	movw	r0, #14732
.Ltmp101:
	.loc	2 146 11 is_stmt 1              @ C:/Keil_v5/Packs/ARM/CMSIS-DSP/1.15.0/Source/FastMathFunctions/arm_vlog_f16.c:146:11
	vfma.f16	q0, q1, r0
.Ltmp102:
	@DEBUG_VALUE: vlogq_lut_f16:res <- $q0
	.loc	2 149 5 epilogue_begin          @ C:/Keil_v5/Packs/ARM/CMSIS-DSP/1.15.0/Source/FastMathFunctions/arm_vlog_f16.c:149:5
	vpop	{d8, d9, d10, d11, d12, d13}
	bx	lr
.Ltmp103:
.Lfunc_end2:
	.size	vlogq_lut_f16, .Lfunc_end2-vlogq_lut_f16
	.cfi_endproc
	.cantunwind
	.fnend
                                        @ -- End function
	.section	.text.arm_vlog_f16,"ax",%progbits
	.hidden	arm_vlog_f16                    @ -- Begin function arm_vlog_f16
	.globl	arm_vlog_f16
	.p2align	2
	.type	arm_vlog_f16,%function
	.code	16                              @ @arm_vlog_f16
	.thumb_func
arm_vlog_f16:
.Lfunc_begin3:
	.loc	2 177 0                         @ C:/Keil_v5/Packs/ARM/CMSIS-DSP/1.15.0/Source/FastMathFunctions/arm_vlog_f16.c:177:0
	.fnstart
	.cfi_startproc
@ %bb.0:
	@DEBUG_VALUE: arm_vlog_f16:blockSize <- $r2
	@DEBUG_VALUE: arm_vlog_f16:pSrc <- $r0
	@DEBUG_VALUE: arm_vlog_f16:pDst <- $r1
	.save	{r4, lr}
	push	{r4, lr}
	.cfi_def_cfa_offset 8
	.cfi_offset lr, -4
	.cfi_offset r4, -8
	.vsave	{d8, d9, d10, d11, d12, d13, d14, d15}
	vpush	{d8, d9, d10, d11, d12, d13, d14, d15}
	.cfi_def_cfa_offset 72
	.cfi_offset d15, -16
	.cfi_offset d14, -24
	.cfi_offset d13, -32
	.cfi_offset d12, -40
	.cfi_offset d11, -48
	.cfi_offset d10, -56
	.cfi_offset d9, -64
	.cfi_offset d8, -72
	.pad	#16
	sub	sp, #16
	.cfi_def_cfa_offset 88
.Ltmp104:
	@DEBUG_VALUE: arm_vlog_f16:blkCnt <- [DW_OP_constu 3, DW_OP_shr, DW_OP_stack_value] $r2
	movw	r3, :lower16:lut_logf16
.Ltmp105:
	.loc	2 184 23 prologue_end           @ C:/Keil_v5/Packs/ARM/CMSIS-DSP/1.15.0/Source/FastMathFunctions/arm_vlog_f16.c:184:23
	lsrs	r4, r2, #3
	movt	r3, :upper16:lut_logf16
	.loc	2 186 4                         @ C:/Keil_v5/Packs/ARM/CMSIS-DSP/1.15.0/Source/FastMathFunctions/arm_vlog_f16.c:186:4
	wls	lr, r4, .LBB3_3
.Ltmp106:
@ %bb.1:
	@DEBUG_VALUE: arm_vlog_f16:blkCnt <- [DW_OP_constu 3, DW_OP_shr, DW_OP_stack_value] $r2
	@DEBUG_VALUE: arm_vlog_f16:pDst <- $r1
	@DEBUG_VALUE: arm_vlog_f16:pSrc <- $r0
	@DEBUG_VALUE: arm_vlog_f16:blockSize <- $r2
	@DEBUG_VALUE: arm_vlog_f16:blkCnt <- [DW_OP_constu 3, DW_OP_shr, DW_OP_stack_value] $r2
	.loc	2 0 4 is_stmt 0                 @ C:/Keil_v5/Packs/ARM/CMSIS-DSP/1.15.0/Source/FastMathFunctions/arm_vlog_f16.c:0:4
	vmov.i16	q1, #0x4800
	vmov.i16	q0, #0xbc00
	vstrw.32	q0, [sp]                        @ 16-byte Spill
	movw	r12, #65521
	movw	r4, #14732
.Ltmp107:
	.p2align	2
.LBB3_2:                                @ =>This Inner Loop Header: Depth=1
	@DEBUG_VALUE: arm_vlog_f16:pDst <- $r1
	@DEBUG_VALUE: arm_vlog_f16:pSrc <- $r0
	@DEBUG_VALUE: arm_vlog_f16:blockSize <- $r2
	@DEBUG_VALUE: arm_vlog_f16:blkCnt <- undef
	@DEBUG_VALUE: arm_vlog_f16:pSrc <- $r0
	@DEBUG_VALUE: arm_vlog_f16:pDst <- $r1
	.loc	2 188 13 is_stmt 1              @ C:/Keil_v5/Packs/ARM/CMSIS-DSP/1.15.0/Source/FastMathFunctions/arm_vlog_f16.c:188:13
	vldrh.u16	q3, [r0], #16
.Ltmp108:
	@DEBUG_VALUE: vlogq_lut_f16:vecIn <- undef
	@DEBUG_VALUE: arm_vlog_f16:src <- undef
	@DEBUG_VALUE: vlogq_lut_f16:i <- $q3
	.loc	2 115 44                        @ C:/Keil_v5/Packs/ARM/CMSIS-DSP/1.15.0/Source/FastMathFunctions/arm_vlog_f16.c:115:44
	vshr.s16	q2, q3, #10
	.loc	2 126 23                        @ C:/Keil_v5/Packs/ARM/CMSIS-DSP/1.15.0/Source/FastMathFunctions/arm_vlog_f16.c:126:23
	vldrw.u32	q0, [sp]                @ 16-byte Reload
	.loc	2 115 32                        @ C:/Keil_v5/Packs/ARM/CMSIS-DSP/1.15.0/Source/FastMathFunctions/arm_vlog_f16.c:115:32
	vadd.i16	q2, q2, r12
.Ltmp109:
	@DEBUG_VALUE: vlogq_lut_f16:vecExpUnBiased <- $q2
	.loc	2 116 21                        @ C:/Keil_v5/Packs/ARM/CMSIS-DSP/1.15.0/Source/FastMathFunctions/arm_vlog_f16.c:116:21
	vshl.i16	q4, q2, #10
	.loc	2 146 27                        @ C:/Keil_v5/Packs/ARM/CMSIS-DSP/1.15.0/Source/FastMathFunctions/arm_vlog_f16.c:146:27
	vcvt.f16.s16	q2, q2
.Ltmp110:
	.loc	2 116 9                         @ C:/Keil_v5/Packs/ARM/CMSIS-DSP/1.15.0/Source/FastMathFunctions/arm_vlog_f16.c:116:9
	vsub.i16	q3, q3, q4
.Ltmp111:
	@DEBUG_VALUE: vlogq_lut_f16:vecTmpFlt1 <- $q3
	@DEBUG_VALUE: vlogq_lut_f16:i <- $q3
	.loc	2 126 23                        @ C:/Keil_v5/Packs/ARM/CMSIS-DSP/1.15.0/Source/FastMathFunctions/arm_vlog_f16.c:126:23
	vadd.f16	q3, q3, q0
.Ltmp112:
	.loc	2 128 9                         @ C:/Keil_v5/Packs/ARM/CMSIS-DSP/1.15.0/Source/FastMathFunctions/arm_vlog_f16.c:128:9
	vcvt.s16.f16	q4, q3, #3
.Ltmp113:
	@DEBUG_VALUE: vlogq_lut_f16:n <- $q4
	.loc	2 132 14                        @ C:/Keil_v5/Packs/ARM/CMSIS-DSP/1.15.0/Source/FastMathFunctions/arm_vlog_f16.c:132:14
	vshl.i16	q4, q4, #2
.Ltmp114:
	@DEBUG_VALUE: vlogq_lut_f16:offset <- undef
	.loc	2 126 11                        @ C:/Keil_v5/Packs/ARM/CMSIS-DSP/1.15.0/Source/FastMathFunctions/arm_vlog_f16.c:126:11
	vmul.f16	q3, q3, q1
.Ltmp115:
	@DEBUG_VALUE: vlogq_lut_f16:tmp <- $q3
	.loc	2 133 14                        @ C:/Keil_v5/Packs/ARM/CMSIS-DSP/1.15.0/Source/FastMathFunctions/arm_vlog_f16.c:133:14
	vmov	q5, q4
	.loc	2 129 23                        @ C:/Keil_v5/Packs/ARM/CMSIS-DSP/1.15.0/Source/FastMathFunctions/arm_vlog_f16.c:129:23
	vrintz.f16	q7, q3
	.loc	2 136 14                        @ C:/Keil_v5/Packs/ARM/CMSIS-DSP/1.15.0/Source/FastMathFunctions/arm_vlog_f16.c:136:14
	vmov	q6, q4
	.loc	2 129 9                         @ C:/Keil_v5/Packs/ARM/CMSIS-DSP/1.15.0/Source/FastMathFunctions/arm_vlog_f16.c:129:9
	vsub.f16	q3, q3, q7
.Ltmp116:
	@DEBUG_VALUE: vlogq_lut_f16:v <- $q3
	@DEBUG_VALUE: j <- 1
	.loc	2 133 14                        @ C:/Keil_v5/Packs/ARM/CMSIS-DSP/1.15.0/Source/FastMathFunctions/arm_vlog_f16.c:133:14
	vorr.i16	q5, #0x2
.Ltmp117:
	@DEBUG_VALUE: vlogq_lut_f16:offset <- $q5
	.loc	2 136 14                        @ C:/Keil_v5/Packs/ARM/CMSIS-DSP/1.15.0/Source/FastMathFunctions/arm_vlog_f16.c:136:14
	vorr.i16	q6, #0x1
.Ltmp118:
	@DEBUG_VALUE: vlogq_lut_f16:offset <- $q6
	.loc	2 135 11                        @ C:/Keil_v5/Packs/ARM/CMSIS-DSP/1.15.0/Source/FastMathFunctions/arm_vlog_f16.c:135:11
	vldrh.u16	q0, [r3, q5, uxtw #1]
.Ltmp119:
	@DEBUG_VALUE: vlogq_lut_f16:res <- $q0
	.loc	2 140 15                        @ C:/Keil_v5/Packs/ARM/CMSIS-DSP/1.15.0/Source/FastMathFunctions/arm_vlog_f16.c:140:15
	vldrh.u16	q5, [r3, q6, uxtw #1]
.Ltmp120:
	@DEBUG_VALUE: vlogq_lut_f16:lutV <- $q5
	.loc	2 141 14                        @ C:/Keil_v5/Packs/ARM/CMSIS-DSP/1.15.0/Source/FastMathFunctions/arm_vlog_f16.c:141:14
	vfma.f16	q5, q3, q0
.Ltmp121:
	@DEBUG_VALUE: vlogq_lut_f16:res <- $q5
	@DEBUG_VALUE: j <- 0
	@DEBUG_VALUE: vlogq_lut_f16:offset <- undef
	.loc	2 140 15                        @ C:/Keil_v5/Packs/ARM/CMSIS-DSP/1.15.0/Source/FastMathFunctions/arm_vlog_f16.c:140:15
	vldrh.u16	q0, [r3, q4, uxtw #1]
.Ltmp122:
	@DEBUG_VALUE: vlogq_lut_f16:lutV <- $q0
	.loc	2 141 14                        @ C:/Keil_v5/Packs/ARM/CMSIS-DSP/1.15.0/Source/FastMathFunctions/arm_vlog_f16.c:141:14
	vfma.f16	q0, q3, q5
.Ltmp123:
	@DEBUG_VALUE: vlogq_lut_f16:res <- $q0
	@DEBUG_VALUE: j <- -1
	@DEBUG_VALUE: vlogq_lut_f16:offset <- [DW_OP_LLVM_arg 0, DW_OP_LLVM_arg 0, DW_OP_plus, DW_OP_stack_value] undef
	.loc	2 146 11                        @ C:/Keil_v5/Packs/ARM/CMSIS-DSP/1.15.0/Source/FastMathFunctions/arm_vlog_f16.c:146:11
	vfma.f16	q0, q2, r4
.Ltmp124:
	@DEBUG_VALUE: arm_vlog_f16:dst <- $q0
	@DEBUG_VALUE: vlogq_lut_f16:res <- $q0
	.loc	2 190 7                         @ C:/Keil_v5/Packs/ARM/CMSIS-DSP/1.15.0/Source/FastMathFunctions/arm_vlog_f16.c:190:7
	vstrb.8	q0, [r1], #16
.Ltmp125:
	@DEBUG_VALUE: arm_vlog_f16:pDst <- $r1
	@DEBUG_VALUE: arm_vlog_f16:pSrc <- $r0
	.loc	2 186 4                         @ C:/Keil_v5/Packs/ARM/CMSIS-DSP/1.15.0/Source/FastMathFunctions/arm_vlog_f16.c:186:4
	le	lr, .LBB3_2
.Ltmp126:
.LBB3_3:
	@DEBUG_VALUE: arm_vlog_f16:pDst <- $r1
	@DEBUG_VALUE: arm_vlog_f16:pSrc <- $r0
	@DEBUG_VALUE: arm_vlog_f16:blockSize <- $r2
	.loc	2 198 23                        @ C:/Keil_v5/Packs/ARM/CMSIS-DSP/1.15.0/Source/FastMathFunctions/arm_vlog_f16.c:198:23
	and	r2, r2, #7
.Ltmp127:
	@DEBUG_VALUE: arm_vlog_f16:blockSize <- [DW_OP_LLVM_entry_value 1] $r2
	@DEBUG_VALUE: arm_vlog_f16:pDst <- $r1
	@DEBUG_VALUE: arm_vlog_f16:pSrc <- $r0
	@DEBUG_VALUE: arm_vlog_f16:blkCnt <- $r2
	.loc	2 203 4                         @ C:/Keil_v5/Packs/ARM/CMSIS-DSP/1.15.0/Source/FastMathFunctions/arm_vlog_f16.c:203:4
	wls	lr, r2, .LBB3_6
.Ltmp128:
@ %bb.4:
	@DEBUG_VALUE: arm_vlog_f16:blkCnt <- $r2
	@DEBUG_VALUE: arm_vlog_f16:blockSize <- [DW_OP_LLVM_entry_value 1] $r2
	@DEBUG_VALUE: arm_vlog_f16:pDst <- $r1
	@DEBUG_VALUE: arm_vlog_f16:pSrc <- $r0
	.loc	2 0 4 is_stmt 0                 @ C:/Keil_v5/Packs/ARM/CMSIS-DSP/1.15.0/Source/FastMathFunctions/arm_vlog_f16.c:0:4
	vldr.16	s2, .LCPI3_0
	mvn	r12, #14
	vmov.f16	s0, #-1.000000e+00
	vmov.f16	s4, #8.000000e+00
.Ltmp129:
	.p2align	2
.LBB3_5:                                @ =>This Inner Loop Header: Depth=1
	@DEBUG_VALUE: arm_vlog_f16:blockSize <- [DW_OP_LLVM_entry_value 1] $r2
	@DEBUG_VALUE: arm_vlog_f16:pDst <- $r1
	@DEBUG_VALUE: arm_vlog_f16:pSrc <- $r0
	@DEBUG_VALUE: arm_vlog_f16:blkCnt <- undef
	@DEBUG_VALUE: arm_vlog_f16:pSrc <- $r0
	@DEBUG_VALUE: arm_vlog_f16:pDst <- $r1
	.loc	2 208 31 is_stmt 1              @ C:/Keil_v5/Packs/ARM/CMSIS-DSP/1.15.0/Source/FastMathFunctions/arm_vlog_f16.c:208:31
	ldrsh	r4, [r0], #2
.Ltmp130:
	@DEBUG_VALUE: logf16_scalar:x <- undef
	@DEBUG_VALUE: logf16_scalar:i <- $r4
	@DEBUG_VALUE: arm_vlog_f16:pSrc <- $r0
	.loc	2 79 40                         @ C:/Keil_v5/Packs/ARM/CMSIS-DSP/1.15.0/Source/FastMathFunctions/arm_vlog_f16.c:79:40
	add.w	r2, r12, r4, asr #10
.Ltmp131:
	@DEBUG_VALUE: logf16_scalar:vecExpUnBiased <- [DW_OP_LLVM_convert 16 5, DW_OP_LLVM_convert 32 5, DW_OP_stack_value] $r2
	.loc	2 80 9                          @ C:/Keil_v5/Packs/ARM/CMSIS-DSP/1.15.0/Source/FastMathFunctions/arm_vlog_f16.c:80:9
	sub.w	r4, r4, r2, lsl #10
.Ltmp132:
	@DEBUG_VALUE: arm_typecast_f16_s16:x <- $r4
	@DEBUG_VALUE: logf16_scalar:i <- $r4
	.loc	8 189 21                        @ ../../../../Library/CMSIS/DSP/Include\dsp/support_functions_f16.h:189:21
	vmov.f16	s6, r4
.Ltmp133:
	@DEBUG_VALUE: logf16_scalar:vecTmpFlt1 <- $s6
	@DEBUG_VALUE: arm_typecast_f16_s16:res <- $s6
	.loc	2 87 33                         @ C:/Keil_v5/Packs/ARM/CMSIS-DSP/1.15.0/Source/FastMathFunctions/arm_vlog_f16.c:87:33
	vadd.f16	s6, s6, s0
.Ltmp134:
	.loc	2 87 43 is_stmt 0               @ C:/Keil_v5/Packs/ARM/CMSIS-DSP/1.15.0/Source/FastMathFunctions/arm_vlog_f16.c:87:43
	vmul.f16	s6, s6, s4
.Ltmp135:
	@DEBUG_VALUE: logf16_scalar:tmp <- $s6
	.loc	2 88 9 is_stmt 1                @ C:/Keil_v5/Packs/ARM/CMSIS-DSP/1.15.0/Source/FastMathFunctions/arm_vlog_f16.c:88:9
	vcvtm.s32.f16	s8, s6
	.loc	2 88 14 is_stmt 0               @ C:/Keil_v5/Packs/ARM/CMSIS-DSP/1.15.0/Source/FastMathFunctions/arm_vlog_f16.c:88:14
	vrintm.f16	s10, s6
	.loc	2 88 9                          @ C:/Keil_v5/Packs/ARM/CMSIS-DSP/1.15.0/Source/FastMathFunctions/arm_vlog_f16.c:88:9
	vmov	r4, s8
.Ltmp136:
	@DEBUG_VALUE: logf16_scalar:n <- $r4
	.loc	2 91 22 is_stmt 1               @ C:/Keil_v5/Packs/ARM/CMSIS-DSP/1.15.0/Source/FastMathFunctions/arm_vlog_f16.c:91:22
	add.w	r4, r3, r4, lsl #3
.Ltmp137:
	@DEBUG_VALUE: logf16_scalar:lut <- $r4
	.loc	2 89 23                         @ C:/Keil_v5/Packs/ARM/CMSIS-DSP/1.15.0/Source/FastMathFunctions/arm_vlog_f16.c:89:23
	vsub.f16	s6, s6, s10
.Ltmp138:
	@DEBUG_VALUE: logf16_scalar:v <- $s6
	.loc	2 93 21                         @ C:/Keil_v5/Packs/ARM/CMSIS-DSP/1.15.0/Source/FastMathFunctions/arm_vlog_f16.c:93:21
	vldr.16	s8, [r4, #4]
.Ltmp139:
	@DEBUG_VALUE: j <- 1
	@DEBUG_VALUE: logf16_scalar:res <- $s8
	.loc	2 96 24                         @ C:/Keil_v5/Packs/ARM/CMSIS-DSP/1.15.0/Source/FastMathFunctions/arm_vlog_f16.c:96:24
	vldr.16	s10, [r4, #2]
	.loc	2 96 31 is_stmt 0               @ C:/Keil_v5/Packs/ARM/CMSIS-DSP/1.15.0/Source/FastMathFunctions/arm_vlog_f16.c:96:31
	vfma.f16	s10, s6, s8
.Ltmp140:
	@DEBUG_VALUE: j <- 0
	@DEBUG_VALUE: logf16_scalar:res <- $s10
	.loc	2 96 24                         @ C:/Keil_v5/Packs/ARM/CMSIS-DSP/1.15.0/Source/FastMathFunctions/arm_vlog_f16.c:96:24
	vldr.16	s8, [r4]
	.loc	2 96 31                         @ C:/Keil_v5/Packs/ARM/CMSIS-DSP/1.15.0/Source/FastMathFunctions/arm_vlog_f16.c:96:31
	vfma.f16	s8, s6, s10
.Ltmp141:
	@DEBUG_VALUE: j <- -1
	@DEBUG_VALUE: logf16_scalar:res <- $s8
	.loc	2 99 41 is_stmt 1               @ C:/Keil_v5/Packs/ARM/CMSIS-DSP/1.15.0/Source/FastMathFunctions/arm_vlog_f16.c:99:41
	vmov	s6, r2
.Ltmp142:
	@DEBUG_VALUE: logf16_scalar:vecExpUnBiased <- [DW_OP_LLVM_convert 16 5, DW_OP_LLVM_convert 32 5, DW_OP_stack_value] $s6
	vcvt.f16.s32	s6, s6
.Ltmp143:
	.loc	2 99 25 is_stmt 0               @ C:/Keil_v5/Packs/ARM/CMSIS-DSP/1.15.0/Source/FastMathFunctions/arm_vlog_f16.c:99:25
	vfma.f16	s8, s6, s2
.Ltmp144:
	@DEBUG_VALUE: logf16_scalar:res <- $s8
	.loc	2 208 15 is_stmt 1              @ C:/Keil_v5/Packs/ARM/CMSIS-DSP/1.15.0/Source/FastMathFunctions/arm_vlog_f16.c:208:15
	vstr.16	s8, [r1]
	.loc	2 208 12 is_stmt 0              @ C:/Keil_v5/Packs/ARM/CMSIS-DSP/1.15.0/Source/FastMathFunctions/arm_vlog_f16.c:208:12
	adds	r1, #2
.Ltmp145:
	@DEBUG_VALUE: arm_vlog_f16:pDst <- $r1
	.loc	2 203 4 is_stmt 1               @ C:/Keil_v5/Packs/ARM/CMSIS-DSP/1.15.0/Source/FastMathFunctions/arm_vlog_f16.c:203:4
	le	lr, .LBB3_5
.Ltmp146:
.LBB3_6:
	@DEBUG_VALUE: arm_vlog_f16:blockSize <- [DW_OP_LLVM_entry_value 1] $r2
	@DEBUG_VALUE: arm_vlog_f16:pDst <- $r1
	@DEBUG_VALUE: arm_vlog_f16:pSrc <- $r0
	.loc	2 213 1 epilogue_begin          @ C:/Keil_v5/Packs/ARM/CMSIS-DSP/1.15.0/Source/FastMathFunctions/arm_vlog_f16.c:213:1
	add	sp, #16
	vpop	{d8, d9, d10, d11, d12, d13, d14, d15}
	pop	{r4, pc}
.Ltmp147:
	.p2align	1
@ %bb.7:
	.loc	2 0 1 is_stmt 0                 @ C:/Keil_v5/Packs/ARM/CMSIS-DSP/1.15.0/Source/FastMathFunctions/arm_vlog_f16.c:0:1
.LCPI3_0:
	.short	0x398c                          @ half 0.69336
.Lfunc_end3:
	.size	arm_vlog_f16, .Lfunc_end3-arm_vlog_f16
	.cfi_endproc
	.cantunwind
	.fnend
                                        @ -- End function
	.section	.text.arm_vinverse_f16,"ax",%progbits
	.hidden	arm_vinverse_f16                @ -- Begin function arm_vinverse_f16
	.globl	arm_vinverse_f16
	.p2align	2
	.type	arm_vinverse_f16,%function
	.code	16                              @ @arm_vinverse_f16
	.thumb_func
arm_vinverse_f16:
.Lfunc_begin4:
	.file	9 "C:/Keil_v5/Packs/ARM/CMSIS-DSP/1.15.0/Source/FastMathFunctions" "arm_vinverse_f16.c"
	.loc	9 41 0 is_stmt 1                @ C:/Keil_v5/Packs/ARM/CMSIS-DSP/1.15.0/Source/FastMathFunctions/arm_vinverse_f16.c:41:0
	.fnstart
	.cfi_startproc
@ %bb.0:
	@DEBUG_VALUE: arm_vinverse_f16:blockSize <- $r2
	@DEBUG_VALUE: arm_vinverse_f16:pSrc <- $r0
	@DEBUG_VALUE: arm_vinverse_f16:pDst <- $r1
	.save	{r7, lr}
	push	{r7, lr}
	.cfi_def_cfa_offset 8
	.cfi_offset lr, -4
	.cfi_offset r7, -8
	.vsave	{d8, d9, d10, d11, d12, d13, d14, d15}
	vpush	{d8, d9, d10, d11, d12, d13, d14, d15}
	.cfi_def_cfa_offset 72
	.cfi_offset d15, -16
	.cfi_offset d14, -24
	.cfi_offset d13, -32
	.cfi_offset d12, -40
	.cfi_offset d11, -48
	.cfi_offset d10, -56
	.cfi_offset d9, -64
	.cfi_offset d8, -72
	.pad	#24
	sub	sp, #24
	.cfi_def_cfa_offset 96
.Ltmp148:
	@DEBUG_VALUE: arm_vinverse_f16:blkCnt <- [DW_OP_constu 3, DW_OP_shr, DW_OP_stack_value] $r2
	.loc	9 49 23 prologue_end            @ C:/Keil_v5/Packs/ARM/CMSIS-DSP/1.15.0/Source/FastMathFunctions/arm_vinverse_f16.c:49:23
	lsrs	r3, r2, #3
	.loc	9 51 4                          @ C:/Keil_v5/Packs/ARM/CMSIS-DSP/1.15.0/Source/FastMathFunctions/arm_vinverse_f16.c:51:4
	wls	lr, r3, .LBB4_3
.Ltmp149:
@ %bb.1:
	@DEBUG_VALUE: arm_vinverse_f16:blkCnt <- [DW_OP_constu 3, DW_OP_shr, DW_OP_stack_value] $r2
	@DEBUG_VALUE: arm_vinverse_f16:pDst <- $r1
	@DEBUG_VALUE: arm_vinverse_f16:pSrc <- $r0
	@DEBUG_VALUE: arm_vinverse_f16:blockSize <- $r2
	@DEBUG_VALUE: arm_vinverse_f16:blkCnt <- [DW_OP_constu 3, DW_OP_shr, DW_OP_stack_value] $r2
	.loc	9 0 4 is_stmt 0                 @ C:/Keil_v5/Packs/ARM/CMSIS-DSP/1.15.0/Source/FastMathFunctions/arm_vinverse_f16.c:0:4
	vmov.i16	q1, #0x3c00
	vstrw.32	q1, [sp]                        @ 16-byte Spill
	vmov.i16	q0, #0x7c00
	movw	r3, #15782
	vmov.i16	q3, #0x4000
	vdup.16	q1, r3
	movw	r3, #46984
.Ltmp150:
	.p2align	2
.LBB4_2:                                @ =>This Inner Loop Header: Depth=1
	@DEBUG_VALUE: arm_vinverse_f16:pDst <- $r1
	@DEBUG_VALUE: arm_vinverse_f16:pSrc <- $r0
	@DEBUG_VALUE: arm_vinverse_f16:blockSize <- $r2
	@DEBUG_VALUE: arm_vinverse_f16:blkCnt <- undef
	@DEBUG_VALUE: arm_vinverse_f16:pSrc <- $r0
	@DEBUG_VALUE: arm_vinverse_f16:pDst <- $r1
	.loc	9 53 13 is_stmt 1               @ C:/Keil_v5/Packs/ARM/CMSIS-DSP/1.15.0/Source/FastMathFunctions/arm_vinverse_f16.c:53:13
	vldrh.u16	q4, [r0], #16
.Ltmp151:
	@DEBUG_VALUE: vrecip_hiprec_f16:x <- $q4
	@DEBUG_VALUE: arm_vinverse_f16:src <- $q4
	.loc	7 87 26                         @ ../../../../Library/CMSIS/DSP/Include\arm_vec_math_f16.h:87:26
	vabs.f16	q5, q4
.Ltmp152:
	@DEBUG_VALUE: vrecip_hiprec_f16:xinv <- $q5
	@DEBUG_VALUE: vrecip_hiprec_f16:ax <- $q5
	.loc	7 91 27                         @ ../../../../Library/CMSIS/DSP/Include\arm_vec_math_f16.h:91:27
	vand	q6, q5, q0
	.loc	7 91 17 is_stmt 0               @ ../../../../Library/CMSIS/DSP/Include\arm_vec_math_f16.h:91:17
	vldrw.u32	q2, [sp]                @ 16-byte Reload
	vsub.i16	q6, q2, q6
.Ltmp153:
	@DEBUG_VALUE: vrecip_hiprec_f16:m <- $q6
	.loc	7 108 49 is_stmt 1              @ ../../../../Library/CMSIS/DSP/Include\arm_vec_math_f16.h:108:49
	vcmp.f16	eq, q4, zr
	.loc	7 92 21                         @ ../../../../Library/CMSIS/DSP/Include\arm_vec_math_f16.h:92:21
	vadd.i16	q7, q6, q5
.Ltmp154:
	@DEBUG_VALUE: vrecip_hiprec_f16:xinv <- $q7
	.loc	7 93 28                         @ ../../../../Library/CMSIS/DSP/Include\arm_vec_math_f16.h:93:28
	vmov	q2, q1
	vfma.f16	q2, q7, r3
.Ltmp155:
	@DEBUG_VALUE: vrecip_hiprec_f16:xinv <- $q2
	.loc	7 94 21                         @ ../../../../Library/CMSIS/DSP/Include\arm_vec_math_f16.h:94:21
	vadd.i16	q2, q6, q2
.Ltmp156:
	@DEBUG_VALUE: vrecip_hiprec_f16:xinv <- $q2
	.loc	7 96 16                         @ ../../../../Library/CMSIS/DSP/Include\arm_vec_math_f16.h:96:16
	vmov	q6, q3
.Ltmp157:
	vfms.f16	q6, q2, q5
.Ltmp158:
	@DEBUG_VALUE: vrecip_hiprec_f16:b <- $q6
	.loc	7 97 21                         @ ../../../../Library/CMSIS/DSP/Include\arm_vec_math_f16.h:97:21
	vmul.f16	q2, q6, q2
.Ltmp159:
	@DEBUG_VALUE: vrecip_hiprec_f16:xinv <- $q2
	.loc	7 99 16                         @ ../../../../Library/CMSIS/DSP/Include\arm_vec_math_f16.h:99:16
	vmov	q6, q3
.Ltmp160:
	vfms.f16	q6, q2, q5
.Ltmp161:
	@DEBUG_VALUE: vrecip_hiprec_f16:b <- $q6
	.loc	7 100 21                        @ ../../../../Library/CMSIS/DSP/Include\arm_vec_math_f16.h:100:21
	vmul.f16	q2, q2, q6
.Ltmp162:
	@DEBUG_VALUE: vrecip_hiprec_f16:xinv <- $q2
	.loc	7 102 16                        @ ../../../../Library/CMSIS/DSP/Include\arm_vec_math_f16.h:102:16
	vmov	q6, q3
.Ltmp163:
	vfms.f16	q6, q2, q5
.Ltmp164:
	@DEBUG_VALUE: vrecip_hiprec_f16:b <- $q6
	.loc	7 103 21                        @ ../../../../Library/CMSIS/DSP/Include\arm_vec_math_f16.h:103:21
	vmul.f16	q2, q2, q6
.Ltmp165:
	@DEBUG_VALUE: vrecip_hiprec_f16:xinv <- $q2
	.loc	7 105 16                        @ ../../../../Library/CMSIS/DSP/Include\arm_vec_math_f16.h:105:16
	vmov	q6, q3
.Ltmp166:
	vfms.f16	q6, q2, q5
.Ltmp167:
	@DEBUG_VALUE: vrecip_hiprec_f16:b <- $q6
	.loc	7 0 16 is_stmt 0                @ ../../../../Library/CMSIS/DSP/Include\arm_vec_math_f16.h:0:16
	vstr	p0, [sp, #20]                   @ 4-byte Spill
	.loc	7 112 38 is_stmt 1              @ ../../../../Library/CMSIS/DSP/Include\arm_vec_math_f16.h:112:38
	vcmp.f16	lt, q4, zr
	vstr	p0, [sp, #16]                   @ 4-byte Spill
	.loc	7 106 21                        @ ../../../../Library/CMSIS/DSP/Include\arm_vec_math_f16.h:106:21
	vmul.f16	q2, q2, q6
.Ltmp168:
	@DEBUG_VALUE: vrecip_hiprec_f16:xinv <- $q2
	.loc	7 108 14                        @ ../../../../Library/CMSIS/DSP/Include\arm_vec_math_f16.h:108:14
	vldr	p0, [sp, #20]                   @ 4-byte Reload
	vpsel	q2, q0, q2
.Ltmp169:
	@DEBUG_VALUE: vrecip_hiprec_f16:xinv <- $q2
	.loc	7 112 14                        @ ../../../../Library/CMSIS/DSP/Include\arm_vec_math_f16.h:112:14
	vldr	p0, [sp, #16]                   @ 4-byte Reload
	vpst	
	vnegt.f16	q2, q2
.Ltmp170:
	@DEBUG_VALUE: arm_vinverse_f16:dst <- $q2
	@DEBUG_VALUE: vrecip_hiprec_f16:xinv <- $q2
	.loc	9 55 7                          @ C:/Keil_v5/Packs/ARM/CMSIS-DSP/1.15.0/Source/FastMathFunctions/arm_vinverse_f16.c:55:7
	vstrb.8	q2, [r1], #16
.Ltmp171:
	@DEBUG_VALUE: arm_vinverse_f16:pDst <- $r1
	@DEBUG_VALUE: arm_vinverse_f16:pSrc <- $r0
	.loc	9 51 4                          @ C:/Keil_v5/Packs/ARM/CMSIS-DSP/1.15.0/Source/FastMathFunctions/arm_vinverse_f16.c:51:4
	le	lr, .LBB4_2
.Ltmp172:
.LBB4_3:
	@DEBUG_VALUE: arm_vinverse_f16:pDst <- $r1
	@DEBUG_VALUE: arm_vinverse_f16:pSrc <- $r0
	@DEBUG_VALUE: arm_vinverse_f16:blockSize <- $r2
	.loc	9 63 23                         @ C:/Keil_v5/Packs/ARM/CMSIS-DSP/1.15.0/Source/FastMathFunctions/arm_vinverse_f16.c:63:23
	ands	r2, r2, #7
.Ltmp173:
	@DEBUG_VALUE: arm_vinverse_f16:blockSize <- [DW_OP_LLVM_entry_value 1] $r2
	@DEBUG_VALUE: arm_vinverse_f16:pDst <- $r1
	@DEBUG_VALUE: arm_vinverse_f16:pSrc <- $r0
	@DEBUG_VALUE: arm_vinverse_f16:blkCnt <- $r2
	.loc	9 68 4                          @ C:/Keil_v5/Packs/ARM/CMSIS-DSP/1.15.0/Source/FastMathFunctions/arm_vinverse_f16.c:68:4
	beq	.LBB4_11
.Ltmp174:
@ %bb.4:
	@DEBUG_VALUE: arm_vinverse_f16:blkCnt <- $r2
	@DEBUG_VALUE: arm_vinverse_f16:blockSize <- [DW_OP_LLVM_entry_value 1] $r2
	@DEBUG_VALUE: arm_vinverse_f16:pDst <- $r1
	@DEBUG_VALUE: arm_vinverse_f16:pSrc <- $r0
	@DEBUG_VALUE: arm_vinverse_f16:blkCnt <- $r2
	@DEBUG_VALUE: arm_vinverse_f16:pSrc <- [DW_OP_plus_uconst 2, DW_OP_stack_value] $r0
	@DEBUG_VALUE: arm_vinverse_f16:pDst <- $r1
	.loc	9 71 36                         @ C:/Keil_v5/Packs/ARM/CMSIS-DSP/1.15.0/Source/FastMathFunctions/arm_vinverse_f16.c:71:36
	vldr.16	s2, [r0]
	vmov.f16	s0, #1.000000e+00
	.loc	9 71 24 is_stmt 0               @ C:/Keil_v5/Packs/ARM/CMSIS-DSP/1.15.0/Source/FastMathFunctions/arm_vinverse_f16.c:71:24
	vdiv.f16	s2, s0, s2
.Ltmp175:
	@DEBUG_VALUE: arm_vinverse_f16:pDst <- [DW_OP_plus_uconst 2, DW_OP_stack_value] $r1
	.loc	9 68 4 is_stmt 1                @ C:/Keil_v5/Packs/ARM/CMSIS-DSP/1.15.0/Source/FastMathFunctions/arm_vinverse_f16.c:68:4
	cmp	r2, #1
.Ltmp176:
	.loc	9 71 15                         @ C:/Keil_v5/Packs/ARM/CMSIS-DSP/1.15.0/Source/FastMathFunctions/arm_vinverse_f16.c:71:15
	vstr.16	s2, [r1]
.Ltmp177:
	@DEBUG_VALUE: arm_vinverse_f16:blkCnt <- [DW_OP_constu 1, DW_OP_minus, DW_OP_stack_value] $r2
	.loc	9 68 4                          @ C:/Keil_v5/Packs/ARM/CMSIS-DSP/1.15.0/Source/FastMathFunctions/arm_vinverse_f16.c:68:4
	beq	.LBB4_11
.Ltmp178:
@ %bb.5:
	@DEBUG_VALUE: arm_vinverse_f16:blkCnt <- [DW_OP_constu 1, DW_OP_minus, DW_OP_stack_value] $r2
	@DEBUG_VALUE: arm_vinverse_f16:pDst <- [DW_OP_plus_uconst 2, DW_OP_stack_value] $r1
	@DEBUG_VALUE: arm_vinverse_f16:pSrc <- [DW_OP_plus_uconst 2, DW_OP_stack_value] $r0
	@DEBUG_VALUE: arm_vinverse_f16:blockSize <- [DW_OP_LLVM_entry_value 1] $r2
	@DEBUG_VALUE: arm_vinverse_f16:blkCnt <- [DW_OP_constu 1, DW_OP_minus, DW_OP_stack_value] $r2
	@DEBUG_VALUE: arm_vinverse_f16:pSrc <- [DW_OP_plus_uconst 2, DW_OP_plus_uconst 2, DW_OP_stack_value] $r0
	@DEBUG_VALUE: arm_vinverse_f16:pDst <- [DW_OP_plus_uconst 2, DW_OP_stack_value] $r1
	.loc	9 71 36                         @ C:/Keil_v5/Packs/ARM/CMSIS-DSP/1.15.0/Source/FastMathFunctions/arm_vinverse_f16.c:71:36
	vldr.16	s2, [r0, #2]
.Ltmp179:
	.loc	9 68 4                          @ C:/Keil_v5/Packs/ARM/CMSIS-DSP/1.15.0/Source/FastMathFunctions/arm_vinverse_f16.c:68:4
	cmp	r2, #2
.Ltmp180:
	.loc	9 71 24                         @ C:/Keil_v5/Packs/ARM/CMSIS-DSP/1.15.0/Source/FastMathFunctions/arm_vinverse_f16.c:71:24
	vdiv.f16	s2, s0, s2
.Ltmp181:
	@DEBUG_VALUE: arm_vinverse_f16:pDst <- [DW_OP_plus_uconst 2, DW_OP_plus_uconst 2, DW_OP_stack_value] $r1
	.loc	9 71 15 is_stmt 0               @ C:/Keil_v5/Packs/ARM/CMSIS-DSP/1.15.0/Source/FastMathFunctions/arm_vinverse_f16.c:71:15
	vstr.16	s2, [r1, #2]
.Ltmp182:
	@DEBUG_VALUE: arm_vinverse_f16:blkCnt <- [DW_OP_constu 2, DW_OP_minus, DW_OP_stack_value] $r2
	.loc	9 68 4 is_stmt 1                @ C:/Keil_v5/Packs/ARM/CMSIS-DSP/1.15.0/Source/FastMathFunctions/arm_vinverse_f16.c:68:4
	beq	.LBB4_11
.Ltmp183:
@ %bb.6:
	@DEBUG_VALUE: arm_vinverse_f16:blkCnt <- [DW_OP_constu 2, DW_OP_minus, DW_OP_stack_value] $r2
	@DEBUG_VALUE: arm_vinverse_f16:pDst <- [DW_OP_plus_uconst 2, DW_OP_plus_uconst 2, DW_OP_stack_value] $r1
	@DEBUG_VALUE: arm_vinverse_f16:pSrc <- [DW_OP_plus_uconst 2, DW_OP_plus_uconst 2, DW_OP_stack_value] $r0
	@DEBUG_VALUE: arm_vinverse_f16:blockSize <- [DW_OP_LLVM_entry_value 1] $r2
	@DEBUG_VALUE: arm_vinverse_f16:blkCnt <- [DW_OP_constu 2, DW_OP_minus, DW_OP_stack_value] $r2
	@DEBUG_VALUE: arm_vinverse_f16:pSrc <- [DW_OP_plus_uconst 4, DW_OP_plus_uconst 2, DW_OP_stack_value] $r0
	@DEBUG_VALUE: arm_vinverse_f16:pDst <- [DW_OP_plus_uconst 4, DW_OP_stack_value] $r1
	.loc	9 71 36                         @ C:/Keil_v5/Packs/ARM/CMSIS-DSP/1.15.0/Source/FastMathFunctions/arm_vinverse_f16.c:71:36
	vldr.16	s2, [r0, #4]
.Ltmp184:
	.loc	9 68 4                          @ C:/Keil_v5/Packs/ARM/CMSIS-DSP/1.15.0/Source/FastMathFunctions/arm_vinverse_f16.c:68:4
	cmp	r2, #3
.Ltmp185:
	.loc	9 71 24                         @ C:/Keil_v5/Packs/ARM/CMSIS-DSP/1.15.0/Source/FastMathFunctions/arm_vinverse_f16.c:71:24
	vdiv.f16	s2, s0, s2
.Ltmp186:
	@DEBUG_VALUE: arm_vinverse_f16:pDst <- [DW_OP_plus_uconst 4, DW_OP_plus_uconst 2, DW_OP_stack_value] $r1
	.loc	9 71 15 is_stmt 0               @ C:/Keil_v5/Packs/ARM/CMSIS-DSP/1.15.0/Source/FastMathFunctions/arm_vinverse_f16.c:71:15
	vstr.16	s2, [r1, #4]
.Ltmp187:
	@DEBUG_VALUE: arm_vinverse_f16:blkCnt <- [DW_OP_constu 3, DW_OP_minus, DW_OP_stack_value] $r2
	.loc	9 68 4 is_stmt 1                @ C:/Keil_v5/Packs/ARM/CMSIS-DSP/1.15.0/Source/FastMathFunctions/arm_vinverse_f16.c:68:4
	beq	.LBB4_11
.Ltmp188:
@ %bb.7:
	@DEBUG_VALUE: arm_vinverse_f16:blkCnt <- [DW_OP_constu 3, DW_OP_minus, DW_OP_stack_value] $r2
	@DEBUG_VALUE: arm_vinverse_f16:pDst <- [DW_OP_plus_uconst 4, DW_OP_plus_uconst 2, DW_OP_stack_value] $r1
	@DEBUG_VALUE: arm_vinverse_f16:pSrc <- [DW_OP_plus_uconst 4, DW_OP_plus_uconst 2, DW_OP_stack_value] $r0
	@DEBUG_VALUE: arm_vinverse_f16:blockSize <- [DW_OP_LLVM_entry_value 1] $r2
	@DEBUG_VALUE: arm_vinverse_f16:blkCnt <- [DW_OP_constu 3, DW_OP_minus, DW_OP_stack_value] $r2
	@DEBUG_VALUE: arm_vinverse_f16:pSrc <- [DW_OP_plus_uconst 6, DW_OP_plus_uconst 2, DW_OP_stack_value] $r0
	@DEBUG_VALUE: arm_vinverse_f16:pDst <- [DW_OP_plus_uconst 6, DW_OP_stack_value] $r1
	.loc	9 71 36                         @ C:/Keil_v5/Packs/ARM/CMSIS-DSP/1.15.0/Source/FastMathFunctions/arm_vinverse_f16.c:71:36
	vldr.16	s2, [r0, #6]
.Ltmp189:
	.loc	9 68 4                          @ C:/Keil_v5/Packs/ARM/CMSIS-DSP/1.15.0/Source/FastMathFunctions/arm_vinverse_f16.c:68:4
	cmp	r2, #4
.Ltmp190:
	.loc	9 71 24                         @ C:/Keil_v5/Packs/ARM/CMSIS-DSP/1.15.0/Source/FastMathFunctions/arm_vinverse_f16.c:71:24
	vdiv.f16	s2, s0, s2
.Ltmp191:
	@DEBUG_VALUE: arm_vinverse_f16:pDst <- [DW_OP_plus_uconst 6, DW_OP_plus_uconst 2, DW_OP_stack_value] $r1
	.loc	9 71 15 is_stmt 0               @ C:/Keil_v5/Packs/ARM/CMSIS-DSP/1.15.0/Source/FastMathFunctions/arm_vinverse_f16.c:71:15
	vstr.16	s2, [r1, #6]
.Ltmp192:
	@DEBUG_VALUE: arm_vinverse_f16:blkCnt <- [DW_OP_constu 4, DW_OP_minus, DW_OP_stack_value] $r2
	.loc	9 68 4 is_stmt 1                @ C:/Keil_v5/Packs/ARM/CMSIS-DSP/1.15.0/Source/FastMathFunctions/arm_vinverse_f16.c:68:4
	beq	.LBB4_11
.Ltmp193:
@ %bb.8:
	@DEBUG_VALUE: arm_vinverse_f16:blkCnt <- [DW_OP_constu 4, DW_OP_minus, DW_OP_stack_value] $r2
	@DEBUG_VALUE: arm_vinverse_f16:pDst <- [DW_OP_plus_uconst 6, DW_OP_plus_uconst 2, DW_OP_stack_value] $r1
	@DEBUG_VALUE: arm_vinverse_f16:pSrc <- [DW_OP_plus_uconst 6, DW_OP_plus_uconst 2, DW_OP_stack_value] $r0
	@DEBUG_VALUE: arm_vinverse_f16:blockSize <- [DW_OP_LLVM_entry_value 1] $r2
	@DEBUG_VALUE: arm_vinverse_f16:blkCnt <- [DW_OP_constu 4, DW_OP_minus, DW_OP_stack_value] $r2
	@DEBUG_VALUE: arm_vinverse_f16:pSrc <- [DW_OP_plus_uconst 8, DW_OP_plus_uconst 2, DW_OP_stack_value] $r0
	@DEBUG_VALUE: arm_vinverse_f16:pDst <- [DW_OP_plus_uconst 8, DW_OP_stack_value] $r1
	.loc	9 71 36                         @ C:/Keil_v5/Packs/ARM/CMSIS-DSP/1.15.0/Source/FastMathFunctions/arm_vinverse_f16.c:71:36
	vldr.16	s2, [r0, #8]
.Ltmp194:
	.loc	9 68 4                          @ C:/Keil_v5/Packs/ARM/CMSIS-DSP/1.15.0/Source/FastMathFunctions/arm_vinverse_f16.c:68:4
	cmp	r2, #5
.Ltmp195:
	.loc	9 71 24                         @ C:/Keil_v5/Packs/ARM/CMSIS-DSP/1.15.0/Source/FastMathFunctions/arm_vinverse_f16.c:71:24
	vdiv.f16	s2, s0, s2
.Ltmp196:
	@DEBUG_VALUE: arm_vinverse_f16:pDst <- [DW_OP_plus_uconst 8, DW_OP_plus_uconst 2, DW_OP_stack_value] $r1
	.loc	9 71 15 is_stmt 0               @ C:/Keil_v5/Packs/ARM/CMSIS-DSP/1.15.0/Source/FastMathFunctions/arm_vinverse_f16.c:71:15
	vstr.16	s2, [r1, #8]
.Ltmp197:
	@DEBUG_VALUE: arm_vinverse_f16:blkCnt <- [DW_OP_constu 5, DW_OP_minus, DW_OP_stack_value] $r2
	.loc	9 68 4 is_stmt 1                @ C:/Keil_v5/Packs/ARM/CMSIS-DSP/1.15.0/Source/FastMathFunctions/arm_vinverse_f16.c:68:4
	beq	.LBB4_11
.Ltmp198:
@ %bb.9:
	@DEBUG_VALUE: arm_vinverse_f16:blkCnt <- [DW_OP_constu 5, DW_OP_minus, DW_OP_stack_value] $r2
	@DEBUG_VALUE: arm_vinverse_f16:pDst <- [DW_OP_plus_uconst 8, DW_OP_plus_uconst 2, DW_OP_stack_value] $r1
	@DEBUG_VALUE: arm_vinverse_f16:pSrc <- [DW_OP_plus_uconst 8, DW_OP_plus_uconst 2, DW_OP_stack_value] $r0
	@DEBUG_VALUE: arm_vinverse_f16:blockSize <- [DW_OP_LLVM_entry_value 1] $r2
	@DEBUG_VALUE: arm_vinverse_f16:blkCnt <- [DW_OP_constu 5, DW_OP_minus, DW_OP_stack_value] $r2
	@DEBUG_VALUE: arm_vinverse_f16:pSrc <- [DW_OP_plus_uconst 10, DW_OP_plus_uconst 2, DW_OP_stack_value] $r0
	@DEBUG_VALUE: arm_vinverse_f16:pDst <- [DW_OP_plus_uconst 10, DW_OP_stack_value] $r1
	.loc	9 71 36                         @ C:/Keil_v5/Packs/ARM/CMSIS-DSP/1.15.0/Source/FastMathFunctions/arm_vinverse_f16.c:71:36
	vldr.16	s2, [r0, #10]
.Ltmp199:
	.loc	9 68 4                          @ C:/Keil_v5/Packs/ARM/CMSIS-DSP/1.15.0/Source/FastMathFunctions/arm_vinverse_f16.c:68:4
	cmp	r2, #6
.Ltmp200:
	.loc	9 71 24                         @ C:/Keil_v5/Packs/ARM/CMSIS-DSP/1.15.0/Source/FastMathFunctions/arm_vinverse_f16.c:71:24
	vdiv.f16	s2, s0, s2
.Ltmp201:
	@DEBUG_VALUE: arm_vinverse_f16:pDst <- [DW_OP_plus_uconst 10, DW_OP_plus_uconst 2, DW_OP_stack_value] $r1
	.loc	9 71 15 is_stmt 0               @ C:/Keil_v5/Packs/ARM/CMSIS-DSP/1.15.0/Source/FastMathFunctions/arm_vinverse_f16.c:71:15
	vstr.16	s2, [r1, #10]
.Ltmp202:
	@DEBUG_VALUE: arm_vinverse_f16:blkCnt <- [DW_OP_constu 6, DW_OP_minus, DW_OP_stack_value] undef
	.loc	9 68 4 is_stmt 1                @ C:/Keil_v5/Packs/ARM/CMSIS-DSP/1.15.0/Source/FastMathFunctions/arm_vinverse_f16.c:68:4
	beq	.LBB4_11
.Ltmp203:
@ %bb.10:
	@DEBUG_VALUE: arm_vinverse_f16:pDst <- [DW_OP_plus_uconst 10, DW_OP_plus_uconst 2, DW_OP_stack_value] $r1
	@DEBUG_VALUE: arm_vinverse_f16:pSrc <- [DW_OP_plus_uconst 10, DW_OP_plus_uconst 2, DW_OP_stack_value] $r0
	@DEBUG_VALUE: arm_vinverse_f16:blockSize <- [DW_OP_LLVM_entry_value 1] $r2
	@DEBUG_VALUE: arm_vinverse_f16:blkCnt <- [DW_OP_constu 6, DW_OP_minus, DW_OP_stack_value] undef
	@DEBUG_VALUE: arm_vinverse_f16:pSrc <- [DW_OP_plus_uconst 12, DW_OP_plus_uconst 2, DW_OP_stack_value] $r0
	@DEBUG_VALUE: arm_vinverse_f16:pDst <- [DW_OP_plus_uconst 12, DW_OP_stack_value] $r1
	.loc	9 71 36                         @ C:/Keil_v5/Packs/ARM/CMSIS-DSP/1.15.0/Source/FastMathFunctions/arm_vinverse_f16.c:71:36
	vldr.16	s2, [r0, #12]
	.loc	9 71 24 is_stmt 0               @ C:/Keil_v5/Packs/ARM/CMSIS-DSP/1.15.0/Source/FastMathFunctions/arm_vinverse_f16.c:71:24
	vdiv.f16	s0, s0, s2
.Ltmp204:
	@DEBUG_VALUE: arm_vinverse_f16:pDst <- [DW_OP_plus_uconst 12, DW_OP_plus_uconst 2, DW_OP_stack_value] $r1
	.loc	9 71 15                         @ C:/Keil_v5/Packs/ARM/CMSIS-DSP/1.15.0/Source/FastMathFunctions/arm_vinverse_f16.c:71:15
	vstr.16	s0, [r1, #12]
.Ltmp205:
	@DEBUG_VALUE: arm_vinverse_f16:blkCnt <- [DW_OP_constu 7, DW_OP_minus, DW_OP_stack_value] undef
.LBB4_11:
	@DEBUG_VALUE: arm_vinverse_f16:blockSize <- [DW_OP_LLVM_entry_value 1] $r2
	.loc	9 76 1 epilogue_begin is_stmt 1 @ C:/Keil_v5/Packs/ARM/CMSIS-DSP/1.15.0/Source/FastMathFunctions/arm_vinverse_f16.c:76:1
	add	sp, #24
	vpop	{d8, d9, d10, d11, d12, d13, d14, d15}
	pop	{r7, pc}
.Ltmp206:
.Lfunc_end4:
	.size	arm_vinverse_f16, .Lfunc_end4-arm_vinverse_f16
	.cfi_endproc
	.file	10 "C:\\Users\\rohankoshy\\Downloads\\en-us--M55M1_Series_BSP_CMSIS_V3.01.003\\SampleCode\\NuEdgeWise\\PoseLandmark_YOLOv8n\\KEIL" "../../../../Library/CMSIS/DSP/Include\\arm_math_types_f16.h"
	.cantunwind
	.fnend
                                        @ -- End function
	.section	.text.arm_atan2_f16,"ax",%progbits
	.hidden	arm_atan2_f16                   @ -- Begin function arm_atan2_f16
	.globl	arm_atan2_f16
	.p2align	2
	.type	arm_atan2_f16,%function
	.code	16                              @ @arm_atan2_f16
	.thumb_func
arm_atan2_f16:
.Lfunc_begin5:
	.fnstart
	.cfi_startproc
@ %bb.0:
	@DEBUG_VALUE: arm_atan2_f16:result <- $r0
	.loc	3 121 9 prologue_end            @ C:/Keil_v5/Packs/ARM/CMSIS-DSP/1.15.0/Source/FastMathFunctions/arm_atan2_f16.c:121:9
	vcmp.f16	s1, #0
	vmrs	APSR_nzcv, fpscr
.Ltmp207:
	@DEBUG_VALUE: arm_atan2_f16:y <- $s0
	@DEBUG_VALUE: arm_atan2_f16:x <- $s1
	ble	.LBB5_3
.Ltmp208:
@ %bb.1:
	@DEBUG_VALUE: arm_atan2_f16:x <- $s1
	@DEBUG_VALUE: arm_atan2_f16:y <- $s0
	@DEBUG_VALUE: arm_atan2_f16:result <- $r0
	.loc	3 123 41                        @ C:/Keil_v5/Packs/ARM/CMSIS-DSP/1.15.0/Source/FastMathFunctions/arm_atan2_f16.c:123:41
	vdiv.f16	s0, s0, s1
.Ltmp209:
	@DEBUG_VALUE: arm_atan2_f16:y <- [DW_OP_LLVM_entry_value 1] $s0
	@DEBUG_VALUE: arm_atan_f16:res <- 0.000000e+00
	@DEBUG_VALUE: arm_atan_f16:sign <- 0
	@DEBUG_VALUE: arm_atan_f16:x <- $s0
	.loc	3 72 8                          @ C:/Keil_v5/Packs/ARM/CMSIS-DSP/1.15.0/Source/FastMathFunctions/arm_atan2_f16.c:72:8
	vneg.f16	s2, s0
	vcmp.f16	s0, #0
	vmrs	APSR_nzcv, fpscr
	vselge.f16	s4, s0, s2
.Ltmp210:
	@DEBUG_VALUE: arm_atan_f16:x <- $s4
	.loc	3 0 8 is_stmt 0                 @ C:/Keil_v5/Packs/ARM/CMSIS-DSP/1.15.0/Source/FastMathFunctions/arm_atan2_f16.c:0:8
	vmov.f16	s2, #1.000000e+00
.Ltmp211:
	@DEBUG_VALUE: arm_atan_f16:sign <- undef
	.loc	3 78 8 is_stmt 1                @ C:/Keil_v5/Packs/ARM/CMSIS-DSP/1.15.0/Source/FastMathFunctions/arm_atan2_f16.c:78:8
	vcmp.f16	s4, s2
	vmrs	APSR_nzcv, fpscr
	ble	.LBB5_7
.Ltmp212:
@ %bb.2:
	@DEBUG_VALUE: arm_atan_f16:x <- $s4
	@DEBUG_VALUE: arm_atan_f16:res <- 0.000000e+00
	@DEBUG_VALUE: arm_atan2_f16:y <- [DW_OP_LLVM_entry_value 1] $s0
	@DEBUG_VALUE: arm_atan2_f16:x <- $s1
	@DEBUG_VALUE: arm_atan2_f16:result <- $r0
	.loc	3 80 18                         @ C:/Keil_v5/Packs/ARM/CMSIS-DSP/1.15.0/Source/FastMathFunctions/arm_atan2_f16.c:80:18
	vdiv.f16	s4, s2, s4
.Ltmp213:
	@DEBUG_VALUE: arm_atan_f16:x <- $s4
	.loc	3 0 18 is_stmt 0                @ C:/Keil_v5/Packs/ARM/CMSIS-DSP/1.15.0/Source/FastMathFunctions/arm_atan2_f16.c:0:18
	vldr.16	s6, .LCPI5_4
	vldr.16	s8, .LCPI5_5
.Ltmp214:
	@DEBUG_VALUE: arm_atan_limited_f16:res <- 1.519775e-01
	@DEBUG_VALUE: arm_atan_limited_f16:i <- 1
	@DEBUG_VALUE: arm_atan_limited_f16:x <- $s4
	.loc	3 60 41 is_stmt 1               @ C:/Keil_v5/Packs/ARM/CMSIS-DSP/1.15.0/Source/FastMathFunctions/arm_atan2_f16.c:60:41
	vfma.f16	s8, s4, s6
.Ltmp215:
	@DEBUG_VALUE: arm_atan_limited_f16:res <- $s8
	@DEBUG_VALUE: arm_atan_limited_f16:i <- 2
	vmul.f16	s6, s4, s8
.Ltmp216:
	@DEBUG_VALUE: arm_atan_limited_f16:res <- $s6
	@DEBUG_VALUE: arm_atan_limited_f16:i <- 3
	vfma.f16	s2, s4, s6
.Ltmp217:
	@DEBUG_VALUE: arm_atan_limited_f16:res <- $s2
	@DEBUG_VALUE: arm_atan_limited_f16:i <- 4
	vmul.f16	s2, s4, s2
.Ltmp218:
	@DEBUG_VALUE: arm_atan_limited_f16:res <- $s2
	.loc	3 0 41 is_stmt 0                @ C:/Keil_v5/Packs/ARM/CMSIS-DSP/1.15.0/Source/FastMathFunctions/arm_atan2_f16.c:0:41
	vldr.16	s4, .LCPI5_0
.Ltmp219:
	@DEBUG_VALUE: arm_atan_limited_f16:i <- 5
	.loc	3 81 32 is_stmt 1               @ C:/Keil_v5/Packs/ARM/CMSIS-DSP/1.15.0/Source/FastMathFunctions/arm_atan2_f16.c:81:32
	vsub.f16	s2, s4, s2
.Ltmp220:
	@DEBUG_VALUE: arm_atan_f16:res <- $s2
	.loc	3 0 32 is_stmt 0                @ C:/Keil_v5/Packs/ARM/CMSIS-DSP/1.15.0/Source/FastMathFunctions/arm_atan2_f16.c:0:32
	b	.LBB5_8
.Ltmp221:
.LBB5_3:
	@DEBUG_VALUE: arm_atan2_f16:x <- $s1
	@DEBUG_VALUE: arm_atan2_f16:y <- $s0
	@DEBUG_VALUE: arm_atan2_f16:result <- $r0
	@DEBUG_VALUE: arm_atan2_f16:y <- $s0
	.loc	3 126 9 is_stmt 1               @ C:/Keil_v5/Packs/ARM/CMSIS-DSP/1.15.0/Source/FastMathFunctions/arm_atan2_f16.c:126:9
	vcmp.f16	s1, #0
	vmrs	APSR_nzcv, fpscr
	bge	.LBB5_10
.Ltmp222:
@ %bb.4:
	@DEBUG_VALUE: arm_atan2_f16:x <- $s1
	@DEBUG_VALUE: arm_atan2_f16:y <- $s0
	@DEBUG_VALUE: arm_atan2_f16:result <- $r0
	@DEBUG_VALUE: arm_atan2_f16:y <- $s0
	.loc	3 128 13                        @ C:/Keil_v5/Packs/ARM/CMSIS-DSP/1.15.0/Source/FastMathFunctions/arm_atan2_f16.c:128:13
	vcmp.f16	s0, #0
	vmrs	APSR_nzcv, fpscr
	ble	.LBB5_13
.Ltmp223:
@ %bb.5:
	@DEBUG_VALUE: arm_atan2_f16:x <- $s1
	@DEBUG_VALUE: arm_atan2_f16:y <- $s0
	@DEBUG_VALUE: arm_atan2_f16:result <- $r0
	.loc	3 130 54                        @ C:/Keil_v5/Packs/ARM/CMSIS-DSP/1.15.0/Source/FastMathFunctions/arm_atan2_f16.c:130:54
	vdiv.f16	s0, s0, s1
.Ltmp224:
	@DEBUG_VALUE: arm_atan_f16:res <- 0.000000e+00
	@DEBUG_VALUE: arm_atan_f16:sign <- 0
	@DEBUG_VALUE: arm_atan_f16:x <- $s0
	.loc	3 72 8                          @ C:/Keil_v5/Packs/ARM/CMSIS-DSP/1.15.0/Source/FastMathFunctions/arm_atan2_f16.c:72:8
	vneg.f16	s2, s0
	vcmp.f16	s0, #0
	vmrs	APSR_nzcv, fpscr
	vselge.f16	s4, s0, s2
.Ltmp225:
	@DEBUG_VALUE: arm_atan_f16:x <- $s4
	.loc	3 0 8 is_stmt 0                 @ C:/Keil_v5/Packs/ARM/CMSIS-DSP/1.15.0/Source/FastMathFunctions/arm_atan2_f16.c:0:8
	vmov.f16	s2, #1.000000e+00
.Ltmp226:
	@DEBUG_VALUE: arm_atan_f16:sign <- undef
	.loc	3 78 8 is_stmt 1                @ C:/Keil_v5/Packs/ARM/CMSIS-DSP/1.15.0/Source/FastMathFunctions/arm_atan2_f16.c:78:8
	vcmp.f16	s4, s2
	vmrs	APSR_nzcv, fpscr
	ble	.LBB5_19
.Ltmp227:
@ %bb.6:
	@DEBUG_VALUE: arm_atan_f16:x <- $s4
	@DEBUG_VALUE: arm_atan_f16:res <- 0.000000e+00
	@DEBUG_VALUE: arm_atan2_f16:x <- $s1
	@DEBUG_VALUE: arm_atan2_f16:result <- $r0
	.loc	3 80 18                         @ C:/Keil_v5/Packs/ARM/CMSIS-DSP/1.15.0/Source/FastMathFunctions/arm_atan2_f16.c:80:18
	vdiv.f16	s4, s2, s4
.Ltmp228:
	@DEBUG_VALUE: arm_atan_f16:x <- $s4
	.loc	3 0 18 is_stmt 0                @ C:/Keil_v5/Packs/ARM/CMSIS-DSP/1.15.0/Source/FastMathFunctions/arm_atan2_f16.c:0:18
	vldr.16	s6, .LCPI5_4
	vldr.16	s8, .LCPI5_5
.Ltmp229:
	@DEBUG_VALUE: arm_atan_limited_f16:res <- 1.519775e-01
	@DEBUG_VALUE: arm_atan_limited_f16:i <- 1
	@DEBUG_VALUE: arm_atan_limited_f16:x <- $s4
	.loc	3 60 41 is_stmt 1               @ C:/Keil_v5/Packs/ARM/CMSIS-DSP/1.15.0/Source/FastMathFunctions/arm_atan2_f16.c:60:41
	vfma.f16	s8, s4, s6
.Ltmp230:
	@DEBUG_VALUE: arm_atan_limited_f16:res <- $s8
	@DEBUG_VALUE: arm_atan_limited_f16:i <- 2
	vmul.f16	s6, s4, s8
.Ltmp231:
	@DEBUG_VALUE: arm_atan_limited_f16:res <- $s6
	@DEBUG_VALUE: arm_atan_limited_f16:i <- 3
	vfma.f16	s2, s4, s6
.Ltmp232:
	@DEBUG_VALUE: arm_atan_limited_f16:res <- $s2
	@DEBUG_VALUE: arm_atan_limited_f16:i <- 4
	vmul.f16	s2, s4, s2
.Ltmp233:
	@DEBUG_VALUE: arm_atan_limited_f16:res <- $s2
	.loc	3 0 41 is_stmt 0                @ C:/Keil_v5/Packs/ARM/CMSIS-DSP/1.15.0/Source/FastMathFunctions/arm_atan2_f16.c:0:41
	vldr.16	s4, .LCPI5_0
.Ltmp234:
	@DEBUG_VALUE: arm_atan_limited_f16:i <- 5
	.loc	3 81 32 is_stmt 1               @ C:/Keil_v5/Packs/ARM/CMSIS-DSP/1.15.0/Source/FastMathFunctions/arm_atan2_f16.c:81:32
	vsub.f16	s2, s4, s2
.Ltmp235:
	@DEBUG_VALUE: arm_atan_f16:res <- $s2
	.loc	3 0 32 is_stmt 0                @ C:/Keil_v5/Packs/ARM/CMSIS-DSP/1.15.0/Source/FastMathFunctions/arm_atan2_f16.c:0:32
	b	.LBB5_20
.Ltmp236:
.LBB5_7:
	@DEBUG_VALUE: arm_atan_f16:x <- $s4
	@DEBUG_VALUE: arm_atan_f16:res <- 0.000000e+00
	@DEBUG_VALUE: arm_atan2_f16:y <- [DW_OP_LLVM_entry_value 1] $s0
	@DEBUG_VALUE: arm_atan2_f16:x <- $s1
	@DEBUG_VALUE: arm_atan2_f16:result <- $r0
	vldr.16	s6, .LCPI5_4
	vldr.16	s8, .LCPI5_5
.Ltmp237:
	@DEBUG_VALUE: arm_atan_limited_f16:res <- 1.519775e-01
	@DEBUG_VALUE: arm_atan_limited_f16:i <- 1
	@DEBUG_VALUE: arm_atan_limited_f16:x <- $s4
	.loc	3 60 41 is_stmt 1               @ C:/Keil_v5/Packs/ARM/CMSIS-DSP/1.15.0/Source/FastMathFunctions/arm_atan2_f16.c:60:41
	vfma.f16	s8, s4, s6
.Ltmp238:
	@DEBUG_VALUE: arm_atan_limited_f16:res <- $s8
	@DEBUG_VALUE: arm_atan_limited_f16:i <- 2
	vmul.f16	s6, s4, s8
.Ltmp239:
	@DEBUG_VALUE: arm_atan_limited_f16:res <- $s6
	@DEBUG_VALUE: arm_atan_limited_f16:i <- 3
	vfma.f16	s2, s4, s6
.Ltmp240:
	@DEBUG_VALUE: arm_atan_limited_f16:res <- $s2
	@DEBUG_VALUE: arm_atan_limited_f16:i <- 4
	vmul.f16	s2, s4, s2
.Ltmp241:
	@DEBUG_VALUE: arm_atan_limited_f16:res <- $s2
	@DEBUG_VALUE: arm_atan_limited_f16:i <- 5
	@DEBUG_VALUE: arm_atan_f16:res <- $s2
.LBB5_8:
	@DEBUG_VALUE: arm_atan_f16:res <- $s2
	@DEBUG_VALUE: arm_atan2_f16:y <- [DW_OP_LLVM_entry_value 1] $s0
	@DEBUG_VALUE: arm_atan2_f16:x <- $s1
	@DEBUG_VALUE: arm_atan2_f16:result <- $r0
	@DEBUG_VALUE: arm_atan_f16:res <- $s2
	.loc	3 89 8                          @ C:/Keil_v5/Packs/ARM/CMSIS-DSP/1.15.0/Source/FastMathFunctions/arm_atan2_f16.c:89:8
	vneg.f16	s4, s2
	vcmp.f16	s0, #0
	vmrs	APSR_nzcv, fpscr
	vselge.f16	s0, s2, s4
.Ltmp242:
	@DEBUG_VALUE: arm_atan_f16:res <- $s0
.LBB5_9:
	@DEBUG_VALUE: arm_atan2_f16:x <- $s1
	@DEBUG_VALUE: arm_atan2_f16:result <- $r0
	.loc	3 0 0 is_stmt 0                 @ C:/Keil_v5/Packs/ARM/CMSIS-DSP/1.15.0/Source/FastMathFunctions/arm_atan2_f16.c:0:0
	vstr.16	s0, [r0]
	movs	r0, #0
.Ltmp243:
	@DEBUG_VALUE: arm_atan2_f16:result <- [DW_OP_LLVM_entry_value 1] $r0
	.loc	3 166 1 is_stmt 1               @ C:/Keil_v5/Packs/ARM/CMSIS-DSP/1.15.0/Source/FastMathFunctions/arm_atan2_f16.c:166:1
	sxtb	r0, r0
	bx	lr
.Ltmp244:
.LBB5_10:
	@DEBUG_VALUE: arm_atan2_f16:x <- $s1
	@DEBUG_VALUE: arm_atan2_f16:y <- $s0
	@DEBUG_VALUE: arm_atan2_f16:result <- $r0
	.loc	3 149 9                         @ C:/Keil_v5/Packs/ARM/CMSIS-DSP/1.15.0/Source/FastMathFunctions/arm_atan2_f16.c:149:9
	vcmp.f16	s1, #0
	vmrs	APSR_nzcv, fpscr
	bne	.LBB5_18
.Ltmp245:
@ %bb.11:
	@DEBUG_VALUE: arm_atan2_f16:x <- $s1
	@DEBUG_VALUE: arm_atan2_f16:y <- $s0
	@DEBUG_VALUE: arm_atan2_f16:result <- $r0
	.loc	3 151 13                        @ C:/Keil_v5/Packs/ARM/CMSIS-DSP/1.15.0/Source/FastMathFunctions/arm_atan2_f16.c:151:13
	vcmp.f16	s0, #0
	vmrs	APSR_nzcv, fpscr
	ble	.LBB5_16
.Ltmp246:
@ %bb.12:
	@DEBUG_VALUE: arm_atan2_f16:x <- $s1
	@DEBUG_VALUE: arm_atan2_f16:y <- $s0
	@DEBUG_VALUE: arm_atan2_f16:result <- $r0
	.loc	3 0 13 is_stmt 0                @ C:/Keil_v5/Packs/ARM/CMSIS-DSP/1.15.0/Source/FastMathFunctions/arm_atan2_f16.c:0:13
	vldr.16	s0, .LCPI5_0
.Ltmp247:
	b	.LBB5_9
.Ltmp248:
.LBB5_13:
	@DEBUG_VALUE: arm_atan2_f16:x <- $s1
	@DEBUG_VALUE: arm_atan2_f16:y <- $s0
	@DEBUG_VALUE: arm_atan2_f16:result <- $r0
	@DEBUG_VALUE: arm_atan2_f16:y <- $s0
	.loc	3 132 18 is_stmt 1              @ C:/Keil_v5/Packs/ARM/CMSIS-DSP/1.15.0/Source/FastMathFunctions/arm_atan2_f16.c:132:18
	vcmp.f16	s0, #0
	vmrs	APSR_nzcv, fpscr
	bge	.LBB5_21
.Ltmp249:
@ %bb.14:
	@DEBUG_VALUE: arm_atan2_f16:x <- $s1
	@DEBUG_VALUE: arm_atan2_f16:y <- $s0
	@DEBUG_VALUE: arm_atan2_f16:result <- $r0
	.loc	3 134 54                        @ C:/Keil_v5/Packs/ARM/CMSIS-DSP/1.15.0/Source/FastMathFunctions/arm_atan2_f16.c:134:54
	vdiv.f16	s0, s0, s1
.Ltmp250:
	@DEBUG_VALUE: arm_atan_f16:res <- 0.000000e+00
	@DEBUG_VALUE: arm_atan_f16:sign <- 0
	@DEBUG_VALUE: arm_atan_f16:x <- $s0
	.loc	3 72 8                          @ C:/Keil_v5/Packs/ARM/CMSIS-DSP/1.15.0/Source/FastMathFunctions/arm_atan2_f16.c:72:8
	vneg.f16	s2, s0
	vcmp.f16	s0, #0
	vmrs	APSR_nzcv, fpscr
	vselge.f16	s4, s0, s2
.Ltmp251:
	@DEBUG_VALUE: arm_atan_f16:x <- $s4
	.loc	3 0 8 is_stmt 0                 @ C:/Keil_v5/Packs/ARM/CMSIS-DSP/1.15.0/Source/FastMathFunctions/arm_atan2_f16.c:0:8
	vmov.f16	s2, #1.000000e+00
.Ltmp252:
	@DEBUG_VALUE: arm_atan_f16:sign <- undef
	.loc	3 78 8 is_stmt 1                @ C:/Keil_v5/Packs/ARM/CMSIS-DSP/1.15.0/Source/FastMathFunctions/arm_atan2_f16.c:78:8
	vcmp.f16	s4, s2
	vmrs	APSR_nzcv, fpscr
	ble	.LBB5_22
.Ltmp253:
@ %bb.15:
	@DEBUG_VALUE: arm_atan_f16:x <- $s4
	@DEBUG_VALUE: arm_atan_f16:res <- 0.000000e+00
	@DEBUG_VALUE: arm_atan2_f16:x <- $s1
	@DEBUG_VALUE: arm_atan2_f16:result <- $r0
	.loc	3 80 18                         @ C:/Keil_v5/Packs/ARM/CMSIS-DSP/1.15.0/Source/FastMathFunctions/arm_atan2_f16.c:80:18
	vdiv.f16	s4, s2, s4
.Ltmp254:
	@DEBUG_VALUE: arm_atan_f16:x <- $s4
	.loc	3 0 18 is_stmt 0                @ C:/Keil_v5/Packs/ARM/CMSIS-DSP/1.15.0/Source/FastMathFunctions/arm_atan2_f16.c:0:18
	vldr.16	s6, .LCPI5_4
	vldr.16	s8, .LCPI5_5
.Ltmp255:
	@DEBUG_VALUE: arm_atan_limited_f16:res <- 1.519775e-01
	@DEBUG_VALUE: arm_atan_limited_f16:i <- 1
	@DEBUG_VALUE: arm_atan_limited_f16:x <- $s4
	.loc	3 60 41 is_stmt 1               @ C:/Keil_v5/Packs/ARM/CMSIS-DSP/1.15.0/Source/FastMathFunctions/arm_atan2_f16.c:60:41
	vfma.f16	s8, s4, s6
.Ltmp256:
	@DEBUG_VALUE: arm_atan_limited_f16:res <- $s8
	@DEBUG_VALUE: arm_atan_limited_f16:i <- 2
	vmul.f16	s6, s4, s8
.Ltmp257:
	@DEBUG_VALUE: arm_atan_limited_f16:res <- $s6
	@DEBUG_VALUE: arm_atan_limited_f16:i <- 3
	vfma.f16	s2, s4, s6
.Ltmp258:
	@DEBUG_VALUE: arm_atan_limited_f16:res <- $s2
	@DEBUG_VALUE: arm_atan_limited_f16:i <- 4
	vmul.f16	s2, s4, s2
.Ltmp259:
	@DEBUG_VALUE: arm_atan_limited_f16:res <- $s2
	.loc	3 0 41 is_stmt 0                @ C:/Keil_v5/Packs/ARM/CMSIS-DSP/1.15.0/Source/FastMathFunctions/arm_atan2_f16.c:0:41
	vldr.16	s4, .LCPI5_0
.Ltmp260:
	@DEBUG_VALUE: arm_atan_limited_f16:i <- 5
	.loc	3 81 32 is_stmt 1               @ C:/Keil_v5/Packs/ARM/CMSIS-DSP/1.15.0/Source/FastMathFunctions/arm_atan2_f16.c:81:32
	vsub.f16	s2, s4, s2
.Ltmp261:
	@DEBUG_VALUE: arm_atan_f16:res <- $s2
	.loc	3 0 32 is_stmt 0                @ C:/Keil_v5/Packs/ARM/CMSIS-DSP/1.15.0/Source/FastMathFunctions/arm_atan2_f16.c:0:32
	b	.LBB5_23
.Ltmp262:
.LBB5_16:
	@DEBUG_VALUE: arm_atan2_f16:x <- $s1
	@DEBUG_VALUE: arm_atan2_f16:y <- $s0
	@DEBUG_VALUE: arm_atan2_f16:result <- $r0
	.loc	3 156 13 is_stmt 1              @ C:/Keil_v5/Packs/ARM/CMSIS-DSP/1.15.0/Source/FastMathFunctions/arm_atan2_f16.c:156:13
	vcmp.f16	s0, #0
	vmrs	APSR_nzcv, fpscr
	bge	.LBB5_18
.Ltmp263:
@ %bb.17:
	@DEBUG_VALUE: arm_atan2_f16:x <- $s1
	@DEBUG_VALUE: arm_atan2_f16:y <- $s0
	@DEBUG_VALUE: arm_atan2_f16:result <- $r0
	.loc	3 0 13 is_stmt 0                @ C:/Keil_v5/Packs/ARM/CMSIS-DSP/1.15.0/Source/FastMathFunctions/arm_atan2_f16.c:0:13
	vldr.16	s0, .LCPI5_1
.Ltmp264:
	b	.LBB5_9
.Ltmp265:
.LBB5_18:
	@DEBUG_VALUE: arm_atan2_f16:x <- $s1
	@DEBUG_VALUE: arm_atan2_f16:y <- $s0
	@DEBUG_VALUE: arm_atan2_f16:result <- $r0
	movs	r0, #252
.Ltmp266:
	@DEBUG_VALUE: arm_atan2_f16:result <- [DW_OP_LLVM_entry_value 1] $r0
	.loc	3 166 1 is_stmt 1               @ C:/Keil_v5/Packs/ARM/CMSIS-DSP/1.15.0/Source/FastMathFunctions/arm_atan2_f16.c:166:1
	sxtb	r0, r0
	bx	lr
.Ltmp267:
.LBB5_19:
	@DEBUG_VALUE: arm_atan_f16:x <- $s4
	@DEBUG_VALUE: arm_atan_f16:res <- 0.000000e+00
	@DEBUG_VALUE: arm_atan2_f16:x <- $s1
	@DEBUG_VALUE: arm_atan2_f16:result <- $r0
	.loc	3 0 1 is_stmt 0                 @ C:/Keil_v5/Packs/ARM/CMSIS-DSP/1.15.0/Source/FastMathFunctions/arm_atan2_f16.c:0:1
	vldr.16	s6, .LCPI5_4
	vldr.16	s8, .LCPI5_5
.Ltmp268:
	@DEBUG_VALUE: arm_atan_limited_f16:res <- 1.519775e-01
	@DEBUG_VALUE: arm_atan_limited_f16:i <- 1
	@DEBUG_VALUE: arm_atan_limited_f16:x <- $s4
	.loc	3 60 41 is_stmt 1               @ C:/Keil_v5/Packs/ARM/CMSIS-DSP/1.15.0/Source/FastMathFunctions/arm_atan2_f16.c:60:41
	vfma.f16	s8, s4, s6
.Ltmp269:
	@DEBUG_VALUE: arm_atan_limited_f16:res <- $s8
	@DEBUG_VALUE: arm_atan_limited_f16:i <- 2
	vmul.f16	s6, s4, s8
.Ltmp270:
	@DEBUG_VALUE: arm_atan_limited_f16:res <- $s6
	@DEBUG_VALUE: arm_atan_limited_f16:i <- 3
	vfma.f16	s2, s4, s6
.Ltmp271:
	@DEBUG_VALUE: arm_atan_limited_f16:res <- $s2
	@DEBUG_VALUE: arm_atan_limited_f16:i <- 4
	vmul.f16	s2, s4, s2
.Ltmp272:
	@DEBUG_VALUE: arm_atan_limited_f16:res <- $s2
	@DEBUG_VALUE: arm_atan_limited_f16:i <- 5
	@DEBUG_VALUE: arm_atan_f16:res <- $s2
.LBB5_20:
	@DEBUG_VALUE: arm_atan_f16:res <- $s2
	@DEBUG_VALUE: arm_atan2_f16:x <- $s1
	@DEBUG_VALUE: arm_atan2_f16:result <- $r0
	@DEBUG_VALUE: arm_atan_f16:res <- $s2
	.loc	3 89 8                          @ C:/Keil_v5/Packs/ARM/CMSIS-DSP/1.15.0/Source/FastMathFunctions/arm_atan2_f16.c:89:8
	vneg.f16	s4, s2
	vcmp.f16	s0, #0
	vmrs	APSR_nzcv, fpscr
	vselge.f16	s0, s2, s4
.Ltmp273:
	@DEBUG_VALUE: arm_atan_f16:res <- $s0
	.loc	3 0 8 is_stmt 0                 @ C:/Keil_v5/Packs/ARM/CMSIS-DSP/1.15.0/Source/FastMathFunctions/arm_atan2_f16.c:0:8
	vldr.16	s2, .LCPI5_2
.Ltmp274:
	.loc	3 130 68 is_stmt 1              @ C:/Keil_v5/Packs/ARM/CMSIS-DSP/1.15.0/Source/FastMathFunctions/arm_atan2_f16.c:130:68
	vadd.f16	s0, s0, s2
.Ltmp275:
	.loc	3 0 68 is_stmt 0                @ C:/Keil_v5/Packs/ARM/CMSIS-DSP/1.15.0/Source/FastMathFunctions/arm_atan2_f16.c:0:68
	b	.LBB5_9
.Ltmp276:
.LBB5_21:
	@DEBUG_VALUE: arm_atan2_f16:x <- $s1
	@DEBUG_VALUE: arm_atan2_f16:y <- $s0
	@DEBUG_VALUE: arm_atan2_f16:result <- $r0
	@DEBUG_VALUE: arm_atan2_f16:y <- $s0
	.pad	#4
	sub	sp, #4
	.cfi_def_cfa_offset 4
	vstr.16	s0, [sp]
.Ltmp277:
	@DEBUG_VALUE: arm_atan2_f16:y <- [$sp+0]
	ldrb.w	r1, [sp, #1]
	vldr.16	s0, .LCPI5_3
	vldr.16	s2, .LCPI5_2
	lsls	r1, r1, #24
	it	pl
	vmovpl.f32	s0, s2
	add	sp, #4
	b	.LBB5_9
.Ltmp278:
.LBB5_22:
	@DEBUG_VALUE: arm_atan_f16:x <- $s4
	@DEBUG_VALUE: arm_atan_f16:res <- 0.000000e+00
	@DEBUG_VALUE: arm_atan2_f16:x <- $s1
	@DEBUG_VALUE: arm_atan2_f16:result <- $r0
	vldr.16	s6, .LCPI5_4
	vldr.16	s8, .LCPI5_5
.Ltmp279:
	@DEBUG_VALUE: arm_atan_limited_f16:res <- 1.519775e-01
	@DEBUG_VALUE: arm_atan_limited_f16:i <- 1
	@DEBUG_VALUE: arm_atan_limited_f16:x <- $s4
	.loc	3 60 41 is_stmt 1               @ C:/Keil_v5/Packs/ARM/CMSIS-DSP/1.15.0/Source/FastMathFunctions/arm_atan2_f16.c:60:41
	vfma.f16	s8, s4, s6
.Ltmp280:
	@DEBUG_VALUE: arm_atan_limited_f16:res <- $s8
	@DEBUG_VALUE: arm_atan_limited_f16:i <- 2
	vmul.f16	s6, s4, s8
.Ltmp281:
	@DEBUG_VALUE: arm_atan_limited_f16:res <- $s6
	@DEBUG_VALUE: arm_atan_limited_f16:i <- 3
	vfma.f16	s2, s4, s6
.Ltmp282:
	@DEBUG_VALUE: arm_atan_limited_f16:res <- $s2
	@DEBUG_VALUE: arm_atan_limited_f16:i <- 4
	vmul.f16	s2, s4, s2
.Ltmp283:
	@DEBUG_VALUE: arm_atan_limited_f16:res <- $s2
	@DEBUG_VALUE: arm_atan_limited_f16:i <- 5
	@DEBUG_VALUE: arm_atan_f16:res <- $s2
.LBB5_23:
	@DEBUG_VALUE: arm_atan_f16:res <- $s2
	@DEBUG_VALUE: arm_atan2_f16:x <- $s1
	@DEBUG_VALUE: arm_atan2_f16:result <- $r0
	@DEBUG_VALUE: arm_atan_f16:res <- $s2
	.loc	3 89 8                          @ C:/Keil_v5/Packs/ARM/CMSIS-DSP/1.15.0/Source/FastMathFunctions/arm_atan2_f16.c:89:8
	vneg.f16	s4, s2
	vcmp.f16	s0, #0
	vmrs	APSR_nzcv, fpscr
	vselge.f16	s0, s2, s4
.Ltmp284:
	@DEBUG_VALUE: arm_atan_f16:res <- $s0
	.loc	3 0 8 is_stmt 0                 @ C:/Keil_v5/Packs/ARM/CMSIS-DSP/1.15.0/Source/FastMathFunctions/arm_atan2_f16.c:0:8
	vldr.16	s2, .LCPI5_3
.Ltmp285:
	.loc	3 134 68 is_stmt 1              @ C:/Keil_v5/Packs/ARM/CMSIS-DSP/1.15.0/Source/FastMathFunctions/arm_atan2_f16.c:134:68
	vadd.f16	s0, s0, s2
.Ltmp286:
	.loc	3 0 68 is_stmt 0                @ C:/Keil_v5/Packs/ARM/CMSIS-DSP/1.15.0/Source/FastMathFunctions/arm_atan2_f16.c:0:68
	b	.LBB5_9
.Ltmp287:
	.p2align	1
@ %bb.24:
.LCPI5_0:
	.short	0x3e49                          @ half 1.5713
.LCPI5_1:
	.short	0xbe49                          @ half -1.5713
.LCPI5_2:
	.short	0x4248                          @ half 3.1406
.LCPI5_3:
	.short	0xc248                          @ half -3.1406
.LCPI5_4:
	.short	0x30dd                          @ half 0.15198
.LCPI5_5:
	.short	0xb5df                          @ half -0.36694
.Lfunc_end5:
	.size	arm_atan2_f16, .Lfunc_end5-arm_atan2_f16
	.cfi_endproc
	.cantunwind
	.fnend
                                        @ -- End function
	.type	lut_logf16,%object              @ @lut_logf16
	.section	.data.lut_logf16,"aw",%progbits
	.p2align	1, 0x0
lut_logf16:
	.short	0x0000                          @ half 0
	.short	0x3000                          @ half 0.125
	.short	0xa000                          @ half -0.0078125
	.short	0x113e                          @ half 6.3992E-4
	.short	0x2f8a                          @ half 0.1178
	.short	0x2f1c                          @ half 0.11108
	.short	0x9e52                          @ half -0.0061722
	.short	0x0f57                          @ half 4.4799E-4
	.short	0x3324                          @ half 0.22314
	.short	0x2e66                          @ half 0.099976
	.short	0x9d1f                          @ half -0.0050011
	.short	0x0d5c                          @ half 3.2711E-4
	.short	0x3518                          @ half 0.31836
	.short	0x2dd1                          @ half 0.090881
	.short	0x9c3b                          @ half -0.0041313
	.short	0x0c09                          @ half 2.4629E-4
	.short	0x367d                          @ half 0.40552
	.short	0x2d55                          @ half 0.083313
	.short	0x9b1c                          @ half -0.0034714
	.short	0x0a39                          @ half 1.899E-4
	.short	0x37c5                          @ half 0.4856
	.short	0x2cec                          @ half 0.076904
	.short	0x9a0f                          @ half -0.0029583
	.short	0x08e7                          @ half 1.4961E-4
	.short	0x387a                          @ half 0.55957
	.short	0x2c92                          @ half 0.071411
	.short	0x9939                          @ half -0.0025501
	.short	0x07db                          @ half 1.1986E-4
	.short	0x3907                          @ half 0.62842
	.short	0x2c44                          @ half 0.06665
	.short	0x988d                          @ half -0.0022221
	.short	0x0665                          @ half 9.7572E-5
	.short	0x398c                          @ half 0.69336
	.short	0x2c00                          @ half 0.0625
	.short	0x9800                          @ half -0.0019531
	.short	0x0545                          @ half 8.0406E-5
	.size	lut_logf16, 72

	.section	.debug_loc,"",%progbits
.Ldebug_loc0:
	.long	-1
	.long	.Lfunc_begin0                   @   base address
	.long	.Lfunc_begin0-.Lfunc_begin0
	.long	.Ltmp32-.Lfunc_begin0
	.short	1                               @ Loc expr size
	.byte	82                              @ DW_OP_reg2
	.long	.Ltmp32-.Lfunc_begin0
	.long	.Ltmp64-.Lfunc_begin0
	.short	4                               @ Loc expr size
	.byte	243                             @ DW_OP_GNU_entry_value
	.byte	1                               @ 1
	.byte	82                              @ DW_OP_reg2
	.byte	159                             @ DW_OP_stack_value
	.long	0
	.long	0
.Ldebug_loc1:
	.long	-1
	.long	.Lfunc_begin0                   @   base address
	.long	.Lfunc_begin0-.Lfunc_begin0
	.long	.Ltmp2-.Lfunc_begin0
	.short	1                               @ Loc expr size
	.byte	80                              @ DW_OP_reg0
	.long	.Ltmp2-.Lfunc_begin0
	.long	.Ltmp5-.Lfunc_begin0
	.short	1                               @ Loc expr size
	.byte	85                              @ DW_OP_reg5
	.long	.Ltmp28-.Lfunc_begin0
	.long	.Ltmp31-.Lfunc_begin0
	.short	1                               @ Loc expr size
	.byte	85                              @ DW_OP_reg5
	.long	.Ltmp31-.Lfunc_begin0
	.long	.Ltmp36-.Lfunc_begin0
	.short	3                               @ Loc expr size
	.byte	117                             @ DW_OP_breg5
	.byte	2                               @ 2
	.byte	159                             @ DW_OP_stack_value
	.long	.Ltmp36-.Lfunc_begin0
	.long	.Ltmp41-.Lfunc_begin0
	.short	5                               @ Loc expr size
	.byte	117                             @ DW_OP_breg5
	.byte	2                               @ 2
	.byte	35                              @ DW_OP_plus_uconst
	.byte	2                               @ 2
	.byte	159                             @ DW_OP_stack_value
	.long	.Ltmp41-.Lfunc_begin0
	.long	.Ltmp46-.Lfunc_begin0
	.short	5                               @ Loc expr size
	.byte	117                             @ DW_OP_breg5
	.byte	4                               @ 4
	.byte	35                              @ DW_OP_plus_uconst
	.byte	2                               @ 2
	.byte	159                             @ DW_OP_stack_value
	.long	.Ltmp46-.Lfunc_begin0
	.long	.Ltmp51-.Lfunc_begin0
	.short	5                               @ Loc expr size
	.byte	117                             @ DW_OP_breg5
	.byte	6                               @ 6
	.byte	35                              @ DW_OP_plus_uconst
	.byte	2                               @ 2
	.byte	159                             @ DW_OP_stack_value
	.long	.Ltmp51-.Lfunc_begin0
	.long	.Ltmp56-.Lfunc_begin0
	.short	5                               @ Loc expr size
	.byte	117                             @ DW_OP_breg5
	.byte	8                               @ 8
	.byte	35                              @ DW_OP_plus_uconst
	.byte	2                               @ 2
	.byte	159                             @ DW_OP_stack_value
	.long	.Ltmp56-.Lfunc_begin0
	.long	.Ltmp61-.Lfunc_begin0
	.short	5                               @ Loc expr size
	.byte	117                             @ DW_OP_breg5
	.byte	10                              @ 10
	.byte	35                              @ DW_OP_plus_uconst
	.byte	2                               @ 2
	.byte	159                             @ DW_OP_stack_value
	.long	.Ltmp61-.Lfunc_begin0
	.long	.Ltmp64-.Lfunc_begin0
	.short	5                               @ Loc expr size
	.byte	117                             @ DW_OP_breg5
	.byte	12                              @ 12
	.byte	35                              @ DW_OP_plus_uconst
	.byte	2                               @ 2
	.byte	159                             @ DW_OP_stack_value
	.long	0
	.long	0
.Ldebug_loc2:
	.long	-1
	.long	.Lfunc_begin0                   @   base address
	.long	.Lfunc_begin0-.Lfunc_begin0
	.long	.Ltmp1-.Lfunc_begin0
	.short	1                               @ Loc expr size
	.byte	81                              @ DW_OP_reg1
	.long	.Ltmp1-.Lfunc_begin0
	.long	.Ltmp33-.Lfunc_begin0
	.short	1                               @ Loc expr size
	.byte	84                              @ DW_OP_reg4
	.long	.Ltmp33-.Lfunc_begin0
	.long	.Ltmp38-.Lfunc_begin0
	.short	3                               @ Loc expr size
	.byte	116                             @ DW_OP_breg4
	.byte	2                               @ 2
	.byte	159                             @ DW_OP_stack_value
	.long	.Ltmp38-.Lfunc_begin0
	.long	.Ltmp41-.Lfunc_begin0
	.short	5                               @ Loc expr size
	.byte	116                             @ DW_OP_breg4
	.byte	2                               @ 2
	.byte	35                              @ DW_OP_plus_uconst
	.byte	2                               @ 2
	.byte	159                             @ DW_OP_stack_value
	.long	.Ltmp41-.Lfunc_begin0
	.long	.Ltmp43-.Lfunc_begin0
	.short	3                               @ Loc expr size
	.byte	116                             @ DW_OP_breg4
	.byte	4                               @ 4
	.byte	159                             @ DW_OP_stack_value
	.long	.Ltmp43-.Lfunc_begin0
	.long	.Ltmp46-.Lfunc_begin0
	.short	5                               @ Loc expr size
	.byte	116                             @ DW_OP_breg4
	.byte	4                               @ 4
	.byte	35                              @ DW_OP_plus_uconst
	.byte	2                               @ 2
	.byte	159                             @ DW_OP_stack_value
	.long	.Ltmp46-.Lfunc_begin0
	.long	.Ltmp48-.Lfunc_begin0
	.short	3                               @ Loc expr size
	.byte	116                             @ DW_OP_breg4
	.byte	6                               @ 6
	.byte	159                             @ DW_OP_stack_value
	.long	.Ltmp48-.Lfunc_begin0
	.long	.Ltmp51-.Lfunc_begin0
	.short	5                               @ Loc expr size
	.byte	116                             @ DW_OP_breg4
	.byte	6                               @ 6
	.byte	35                              @ DW_OP_plus_uconst
	.byte	2                               @ 2
	.byte	159                             @ DW_OP_stack_value
	.long	.Ltmp51-.Lfunc_begin0
	.long	.Ltmp53-.Lfunc_begin0
	.short	3                               @ Loc expr size
	.byte	116                             @ DW_OP_breg4
	.byte	8                               @ 8
	.byte	159                             @ DW_OP_stack_value
	.long	.Ltmp53-.Lfunc_begin0
	.long	.Ltmp56-.Lfunc_begin0
	.short	5                               @ Loc expr size
	.byte	116                             @ DW_OP_breg4
	.byte	8                               @ 8
	.byte	35                              @ DW_OP_plus_uconst
	.byte	2                               @ 2
	.byte	159                             @ DW_OP_stack_value
	.long	.Ltmp56-.Lfunc_begin0
	.long	.Ltmp58-.Lfunc_begin0
	.short	3                               @ Loc expr size
	.byte	116                             @ DW_OP_breg4
	.byte	10                              @ 10
	.byte	159                             @ DW_OP_stack_value
	.long	.Ltmp58-.Lfunc_begin0
	.long	.Ltmp61-.Lfunc_begin0
	.short	5                               @ Loc expr size
	.byte	116                             @ DW_OP_breg4
	.byte	10                              @ 10
	.byte	35                              @ DW_OP_plus_uconst
	.byte	2                               @ 2
	.byte	159                             @ DW_OP_stack_value
	.long	.Ltmp61-.Lfunc_begin0
	.long	.Ltmp63-.Lfunc_begin0
	.short	3                               @ Loc expr size
	.byte	116                             @ DW_OP_breg4
	.byte	12                              @ 12
	.byte	159                             @ DW_OP_stack_value
	.long	.Ltmp63-.Lfunc_begin0
	.long	.Ltmp64-.Lfunc_begin0
	.short	5                               @ Loc expr size
	.byte	116                             @ DW_OP_breg4
	.byte	12                              @ 12
	.byte	35                              @ DW_OP_plus_uconst
	.byte	2                               @ 2
	.byte	159                             @ DW_OP_stack_value
	.long	0
	.long	0
.Ldebug_loc3:
	.long	-1
	.long	.Lfunc_begin0                   @   base address
	.long	.Ltmp0-.Lfunc_begin0
	.long	.Ltmp4-.Lfunc_begin0
	.short	5                               @ Loc expr size
	.byte	114                             @ DW_OP_breg2
	.byte	0                               @ 0
	.byte	51                              @ DW_OP_lit3
	.byte	37                              @ DW_OP_shr
	.byte	159                             @ DW_OP_stack_value
	.long	.Ltmp30-.Lfunc_begin0
	.long	.Ltmp35-.Lfunc_begin0
	.short	1                               @ Loc expr size
	.byte	86                              @ DW_OP_reg6
	.long	.Ltmp35-.Lfunc_begin0
	.long	.Ltmp40-.Lfunc_begin0
	.short	3                               @ Loc expr size
	.byte	118                             @ DW_OP_breg6
	.byte	127                             @ -1
	.byte	159                             @ DW_OP_stack_value
	.long	.Ltmp40-.Lfunc_begin0
	.long	.Ltmp45-.Lfunc_begin0
	.short	3                               @ Loc expr size
	.byte	118                             @ DW_OP_breg6
	.byte	126                             @ -2
	.byte	159                             @ DW_OP_stack_value
	.long	.Ltmp45-.Lfunc_begin0
	.long	.Ltmp50-.Lfunc_begin0
	.short	3                               @ Loc expr size
	.byte	118                             @ DW_OP_breg6
	.byte	125                             @ -3
	.byte	159                             @ DW_OP_stack_value
	.long	.Ltmp50-.Lfunc_begin0
	.long	.Ltmp55-.Lfunc_begin0
	.short	3                               @ Loc expr size
	.byte	118                             @ DW_OP_breg6
	.byte	124                             @ -4
	.byte	159                             @ DW_OP_stack_value
	.long	.Ltmp55-.Lfunc_begin0
	.long	.Ltmp60-.Lfunc_begin0
	.short	3                               @ Loc expr size
	.byte	118                             @ DW_OP_breg6
	.byte	123                             @ -5
	.byte	159                             @ DW_OP_stack_value
	.long	0
	.long	0
.Ldebug_loc4:
	.long	-1
	.long	.Lfunc_begin0                   @   base address
	.long	.Ltmp5-.Lfunc_begin0
	.long	.Ltmp10-.Lfunc_begin0
	.short	10                              @ Loc expr size
	.byte	144                             @ sub-register DW_OP_regx
	.byte	136                             @ 264
	.byte	2                               @ 
	.byte	147                             @ DW_OP_piece
	.byte	8                               @ 8
	.byte	144                             @ sub-register DW_OP_regx
	.byte	137                             @ 265
	.byte	2                               @ 
	.byte	147                             @ DW_OP_piece
	.byte	8                               @ 8
	.long	0
	.long	0
.Ldebug_loc5:
	.long	-1
	.long	.Lfunc_begin0                   @   base address
	.long	.Ltmp5-.Lfunc_begin0
	.long	.Ltmp10-.Lfunc_begin0
	.short	10                              @ Loc expr size
	.byte	144                             @ sub-register DW_OP_regx
	.byte	136                             @ 264
	.byte	2                               @ 
	.byte	147                             @ DW_OP_piece
	.byte	8                               @ 8
	.byte	144                             @ sub-register DW_OP_regx
	.byte	137                             @ 265
	.byte	2                               @ 
	.byte	147                             @ DW_OP_piece
	.byte	8                               @ 8
	.long	0
	.long	0
.Ldebug_loc6:
	.long	-1
	.long	.Lfunc_begin0                   @   base address
	.long	.Ltmp10-.Lfunc_begin0
	.long	.Ltmp20-.Lfunc_begin0
	.short	10                              @ Loc expr size
	.byte	144                             @ sub-register DW_OP_regx
	.byte	136                             @ 264
	.byte	2                               @ 
	.byte	147                             @ DW_OP_piece
	.byte	8                               @ 8
	.byte	144                             @ sub-register DW_OP_regx
	.byte	137                             @ 265
	.byte	2                               @ 
	.byte	147                             @ DW_OP_piece
	.byte	8                               @ 8
	.long	0
	.long	0
.Ldebug_loc7:
	.long	-1
	.long	.Lfunc_begin0                   @   base address
	.long	.Ltmp10-.Lfunc_begin0
	.long	.Ltmp20-.Lfunc_begin0
	.short	10                              @ Loc expr size
	.byte	144                             @ sub-register DW_OP_regx
	.byte	136                             @ 264
	.byte	2                               @ 
	.byte	147                             @ DW_OP_piece
	.byte	8                               @ 8
	.byte	144                             @ sub-register DW_OP_regx
	.byte	137                             @ 265
	.byte	2                               @ 
	.byte	147                             @ DW_OP_piece
	.byte	8                               @ 8
	.long	0
	.long	0
.Ldebug_loc8:
	.long	-1
	.long	.Lfunc_begin0                   @   base address
	.long	.Ltmp11-.Lfunc_begin0
	.long	.Ltmp22-.Lfunc_begin0
	.short	10                              @ Loc expr size
	.byte	144                             @ sub-register DW_OP_regx
	.byte	134                             @ 262
	.byte	2                               @ 
	.byte	147                             @ DW_OP_piece
	.byte	8                               @ 8
	.byte	144                             @ sub-register DW_OP_regx
	.byte	135                             @ 263
	.byte	2                               @ 
	.byte	147                             @ DW_OP_piece
	.byte	8                               @ 8
	.long	0
	.long	0
.Ldebug_loc9:
	.long	-1
	.long	.Lfunc_begin0                   @   base address
	.long	.Ltmp12-.Lfunc_begin0
	.long	.Ltmp29-.Lfunc_begin0
	.short	10                              @ Loc expr size
	.byte	144                             @ sub-register DW_OP_regx
	.byte	138                             @ 266
	.byte	2                               @ 
	.byte	147                             @ DW_OP_piece
	.byte	8                               @ 8
	.byte	144                             @ sub-register DW_OP_regx
	.byte	139                             @ 267
	.byte	2                               @ 
	.byte	147                             @ DW_OP_piece
	.byte	8                               @ 8
	.long	0
	.long	0
.Ldebug_loc10:
	.long	-1
	.long	.Lfunc_begin0                   @   base address
	.long	.Ltmp14-.Lfunc_begin0
	.long	.Ltmp27-.Lfunc_begin0
	.short	10                              @ Loc expr size
	.byte	144                             @ sub-register DW_OP_regx
	.byte	132                             @ 260
	.byte	2                               @ 
	.byte	147                             @ DW_OP_piece
	.byte	8                               @ 8
	.byte	144                             @ sub-register DW_OP_regx
	.byte	133                             @ 261
	.byte	2                               @ 
	.byte	147                             @ DW_OP_piece
	.byte	8                               @ 8
	.long	0
	.long	0
.Ldebug_loc11:
	.long	-1
	.long	.Lfunc_begin0                   @   base address
	.long	.Ltmp15-.Lfunc_begin0
	.long	.Ltmp21-.Lfunc_begin0
	.short	10                              @ Loc expr size
	.byte	144                             @ sub-register DW_OP_regx
	.byte	140                             @ 268
	.byte	2                               @ 
	.byte	147                             @ DW_OP_piece
	.byte	8                               @ 8
	.byte	144                             @ sub-register DW_OP_regx
	.byte	141                             @ 269
	.byte	2                               @ 
	.byte	147                             @ DW_OP_piece
	.byte	8                               @ 8
	.long	0
	.long	0
.Ldebug_loc12:
	.long	-1
	.long	.Lfunc_begin0                   @   base address
	.long	.Ltmp18-.Lfunc_begin0
	.long	.Ltmp29-.Lfunc_begin0
	.short	10                              @ Loc expr size
	.byte	144                             @ sub-register DW_OP_regx
	.byte	142                             @ 270
	.byte	2                               @ 
	.byte	147                             @ DW_OP_piece
	.byte	8                               @ 8
	.byte	144                             @ sub-register DW_OP_regx
	.byte	143                             @ 271
	.byte	2                               @ 
	.byte	147                             @ DW_OP_piece
	.byte	8                               @ 8
	.long	0
	.long	0
.Ldebug_loc13:
	.long	-1
	.long	.Lfunc_begin0                   @   base address
	.long	.Ltmp20-.Lfunc_begin0
	.long	.Ltmp25-.Lfunc_begin0
	.short	10                              @ Loc expr size
	.byte	144                             @ sub-register DW_OP_regx
	.byte	136                             @ 264
	.byte	2                               @ 
	.byte	147                             @ DW_OP_piece
	.byte	8                               @ 8
	.byte	144                             @ sub-register DW_OP_regx
	.byte	137                             @ 265
	.byte	2                               @ 
	.byte	147                             @ DW_OP_piece
	.byte	8                               @ 8
	.long	0
	.long	0
.Ldebug_loc14:
	.long	-1
	.long	.Lfunc_begin0                   @   base address
	.long	.Ltmp23-.Lfunc_begin0
	.long	.Ltmp25-.Lfunc_begin0
	.short	10                              @ Loc expr size
	.byte	144                             @ sub-register DW_OP_regx
	.byte	136                             @ 264
	.byte	2                               @ 
	.byte	147                             @ DW_OP_piece
	.byte	8                               @ 8
	.byte	144                             @ sub-register DW_OP_regx
	.byte	137                             @ 265
	.byte	2                               @ 
	.byte	147                             @ DW_OP_piece
	.byte	8                               @ 8
	.long	0
	.long	0
.Ldebug_loc15:
	.long	-1
	.long	.Lfunc_begin0                   @   base address
	.long	.Ltmp24-.Lfunc_begin0
	.long	.Ltmp27-.Lfunc_begin0
	.short	10                              @ Loc expr size
	.byte	144                             @ sub-register DW_OP_regx
	.byte	134                             @ 262
	.byte	2                               @ 
	.byte	147                             @ DW_OP_piece
	.byte	8                               @ 8
	.byte	144                             @ sub-register DW_OP_regx
	.byte	135                             @ 263
	.byte	2                               @ 
	.byte	147                             @ DW_OP_piece
	.byte	8                               @ 8
	.long	.Ltmp27-.Lfunc_begin0
	.long	.Ltmp29-.Lfunc_begin0
	.short	10                              @ Loc expr size
	.byte	144                             @ sub-register DW_OP_regx
	.byte	132                             @ 260
	.byte	2                               @ 
	.byte	147                             @ DW_OP_piece
	.byte	8                               @ 8
	.byte	144                             @ sub-register DW_OP_regx
	.byte	133                             @ 261
	.byte	2                               @ 
	.byte	147                             @ DW_OP_piece
	.byte	8                               @ 8
	.long	0
	.long	0
.Ldebug_loc16:
	.long	-1
	.long	.Lfunc_begin0                   @   base address
	.long	.Ltmp27-.Lfunc_begin0
	.long	.Ltmp29-.Lfunc_begin0
	.short	10                              @ Loc expr size
	.byte	144                             @ sub-register DW_OP_regx
	.byte	132                             @ 260
	.byte	2                               @ 
	.byte	147                             @ DW_OP_piece
	.byte	8                               @ 8
	.byte	144                             @ sub-register DW_OP_regx
	.byte	133                             @ 261
	.byte	2                               @ 
	.byte	147                             @ DW_OP_piece
	.byte	8                               @ 8
	.long	0
	.long	0
.Ldebug_loc17:
	.long	-1
	.long	.Lfunc_begin1                   @   base address
	.long	.Lfunc_begin1-.Lfunc_begin1
	.long	.Ltmp71-.Lfunc_begin1
	.short	3                               @ Loc expr size
	.byte	144                             @ super-register DW_OP_regx
	.byte	128                             @ 256
	.byte	2                               @ 
	.long	.Ltmp71-.Lfunc_begin1
	.long	.Ltmp83-.Lfunc_begin1
	.short	6                               @ Loc expr size
	.byte	243                             @ DW_OP_GNU_entry_value
	.byte	3                               @ 3
	.byte	144                             @ super-register DW_OP_regx
	.byte	128                             @ 256
	.byte	2                               @ 
	.byte	159                             @ DW_OP_stack_value
	.long	0
	.long	0
.Ldebug_loc18:
	.long	-1
	.long	.Lfunc_begin1                   @   base address
	.long	.Ltmp66-.Lfunc_begin1
	.long	.Ltmp74-.Lfunc_begin1
	.short	1                               @ Loc expr size
	.byte	80                              @ DW_OP_reg0
	.long	0
	.long	0
.Ldebug_loc19:
	.long	-1
	.long	.Lfunc_begin1                   @   base address
	.long	.Ltmp66-.Lfunc_begin1
	.long	.Ltmp69-.Lfunc_begin1
	.short	1                               @ Loc expr size
	.byte	80                              @ DW_OP_reg0
	.long	0
	.long	0
.Ldebug_loc20:
	.long	-1
	.long	.Lfunc_begin1                   @   base address
	.long	.Ltmp68-.Lfunc_begin1
	.long	.Ltmp80-.Lfunc_begin1
	.short	14                              @ Loc expr size
	.byte	113                             @ DW_OP_breg1
	.byte	0                               @ 0
	.byte	18                              @ DW_OP_dup
	.byte	16                              @ DW_OP_constu
	.byte	15                              @ 15
	.byte	37                              @ DW_OP_shr
	.byte	48                              @ DW_OP_lit0
	.byte	32                              @ DW_OP_not
	.byte	30                              @ DW_OP_mul
	.byte	16                              @ DW_OP_constu
	.byte	16                              @ 16
	.byte	36                              @ DW_OP_shl
	.byte	33                              @ DW_OP_or
	.byte	159                             @ DW_OP_stack_value
	.long	.Ltmp80-.Lfunc_begin1
	.long	.Ltmp81-.Lfunc_begin1
	.short	23                              @ Loc expr size
	.byte	146                             @ DW_OP_bregx
	.byte	129                             @ 257
	.byte	2                               @ 
	.byte	0                               @ 0
	.byte	16                              @ DW_OP_constu
	.byte	255                             @ 4294967295
	.byte	255                             @ 
	.byte	255                             @ 
	.byte	255                             @ 
	.byte	15                              @ 
	.byte	26                              @ DW_OP_and
	.byte	18                              @ DW_OP_dup
	.byte	16                              @ DW_OP_constu
	.byte	15                              @ 15
	.byte	37                              @ DW_OP_shr
	.byte	48                              @ DW_OP_lit0
	.byte	32                              @ DW_OP_not
	.byte	30                              @ DW_OP_mul
	.byte	16                              @ DW_OP_constu
	.byte	16                              @ 16
	.byte	36                              @ DW_OP_shl
	.byte	33                              @ DW_OP_or
	.byte	159                             @ DW_OP_stack_value
	.long	0
	.long	0
.Ldebug_loc21:
	.long	-1
	.long	.Lfunc_begin1                   @   base address
	.long	.Ltmp71-.Lfunc_begin1
	.long	.Ltmp72-.Lfunc_begin1
	.short	3                               @ Loc expr size
	.byte	144                             @ super-register DW_OP_regx
	.byte	128                             @ 256
	.byte	2                               @ 
	.long	0
	.long	0
.Ldebug_loc22:
	.long	-1
	.long	.Lfunc_begin1                   @   base address
	.long	.Ltmp73-.Lfunc_begin1
	.long	.Ltmp77-.Lfunc_begin1
	.short	3                               @ Loc expr size
	.byte	144                             @ super-register DW_OP_regx
	.byte	128                             @ 256
	.byte	2                               @ 
	.long	0
	.long	0
.Ldebug_loc23:
	.long	-1
	.long	.Lfunc_begin1                   @   base address
	.long	.Ltmp74-.Lfunc_begin1
	.long	.Ltmp75-.Lfunc_begin1
	.short	1                               @ Loc expr size
	.byte	80                              @ DW_OP_reg0
	.long	0
	.long	0
.Ldebug_loc24:
	.long	-1
	.long	.Lfunc_begin1                   @   base address
	.long	.Ltmp75-.Lfunc_begin1
	.long	.Ltmp83-.Lfunc_begin1
	.short	1                               @ Loc expr size
	.byte	80                              @ DW_OP_reg0
	.long	0
	.long	0
.Ldebug_loc25:
	.long	-1
	.long	.Lfunc_begin1                   @   base address
	.long	.Ltmp76-.Lfunc_begin1
	.long	.Ltmp80-.Lfunc_begin1
	.short	3                               @ Loc expr size
	.byte	144                             @ super-register DW_OP_regx
	.byte	129                             @ 257
	.byte	2                               @ 
	.long	0
	.long	0
.Ldebug_loc26:
	.long	-1
	.long	.Lfunc_begin1                   @   base address
	.long	.Ltmp77-.Lfunc_begin1
	.long	.Ltmp78-.Lfunc_begin1
	.short	3                               @ Loc expr size
	.byte	17                              @ DW_OP_consts
	.byte	1                               @ 1
	.byte	159                             @ DW_OP_stack_value
	.long	.Ltmp78-.Lfunc_begin1
	.long	.Ltmp79-.Lfunc_begin1
	.short	3                               @ Loc expr size
	.byte	17                              @ DW_OP_consts
	.byte	0                               @ 0
	.byte	159                             @ DW_OP_stack_value
	.long	.Ltmp79-.Lfunc_begin1
	.long	.Ltmp83-.Lfunc_begin1
	.short	3                               @ Loc expr size
	.byte	17                              @ DW_OP_consts
	.byte	127                             @ -1
	.byte	159                             @ DW_OP_stack_value
	.long	0
	.long	0
.Ldebug_loc27:
	.long	-1
	.long	.Lfunc_begin1                   @   base address
	.long	.Ltmp77-.Lfunc_begin1
	.long	.Ltmp78-.Lfunc_begin1
	.short	3                               @ Loc expr size
	.byte	144                             @ super-register DW_OP_regx
	.byte	128                             @ 256
	.byte	2                               @ 
	.long	.Ltmp78-.Lfunc_begin1
	.long	.Ltmp79-.Lfunc_begin1
	.short	3                               @ Loc expr size
	.byte	144                             @ super-register DW_OP_regx
	.byte	130                             @ 258
	.byte	2                               @ 
	.long	.Ltmp79-.Lfunc_begin1
	.long	.Ltmp83-.Lfunc_begin1
	.short	3                               @ Loc expr size
	.byte	144                             @ super-register DW_OP_regx
	.byte	128                             @ 256
	.byte	2                               @ 
	.long	0
	.long	0
.Ldebug_loc28:
	.long	-1
	.long	.Lfunc_begin2                   @   base address
	.long	.Lfunc_begin2-.Lfunc_begin2
	.long	.Ltmp87-.Lfunc_begin2
	.short	10                              @ Loc expr size
	.byte	144                             @ sub-register DW_OP_regx
	.byte	128                             @ 256
	.byte	2                               @ 
	.byte	147                             @ DW_OP_piece
	.byte	8                               @ 8
	.byte	144                             @ sub-register DW_OP_regx
	.byte	129                             @ 257
	.byte	2                               @ 
	.byte	147                             @ DW_OP_piece
	.byte	8                               @ 8
	.long	0
	.long	0
.Ldebug_loc29:
	.long	-1
	.long	.Lfunc_begin2                   @   base address
	.long	.Ltmp84-.Lfunc_begin2
	.long	.Ltmp88-.Lfunc_begin2
	.short	10                              @ Loc expr size
	.byte	144                             @ sub-register DW_OP_regx
	.byte	128                             @ 256
	.byte	2                               @ 
	.byte	147                             @ DW_OP_piece
	.byte	8                               @ 8
	.byte	144                             @ sub-register DW_OP_regx
	.byte	129                             @ 257
	.byte	2                               @ 
	.byte	147                             @ DW_OP_piece
	.byte	8                               @ 8
	.long	0
	.long	0
.Ldebug_loc30:
	.long	-1
	.long	.Lfunc_begin2                   @   base address
	.long	.Ltmp85-.Lfunc_begin2
	.long	.Ltmp86-.Lfunc_begin2
	.short	10                              @ Loc expr size
	.byte	144                             @ sub-register DW_OP_regx
	.byte	130                             @ 258
	.byte	2                               @ 
	.byte	147                             @ DW_OP_piece
	.byte	8                               @ 8
	.byte	144                             @ sub-register DW_OP_regx
	.byte	131                             @ 259
	.byte	2                               @ 
	.byte	147                             @ DW_OP_piece
	.byte	8                               @ 8
	.long	0
	.long	0
.Ldebug_loc31:
	.long	-1
	.long	.Lfunc_begin2                   @   base address
	.long	.Ltmp87-.Lfunc_begin2
	.long	.Ltmp88-.Lfunc_begin2
	.short	10                              @ Loc expr size
	.byte	144                             @ sub-register DW_OP_regx
	.byte	128                             @ 256
	.byte	2                               @ 
	.byte	147                             @ DW_OP_piece
	.byte	8                               @ 8
	.byte	144                             @ sub-register DW_OP_regx
	.byte	129                             @ 257
	.byte	2                               @ 
	.byte	147                             @ DW_OP_piece
	.byte	8                               @ 8
	.long	0
	.long	0
.Ldebug_loc32:
	.long	-1
	.long	.Lfunc_begin2                   @   base address
	.long	.Ltmp89-.Lfunc_begin2
	.long	.Ltmp92-.Lfunc_begin2
	.short	10                              @ Loc expr size
	.byte	144                             @ sub-register DW_OP_regx
	.byte	134                             @ 262
	.byte	2                               @ 
	.byte	147                             @ DW_OP_piece
	.byte	8                               @ 8
	.byte	144                             @ sub-register DW_OP_regx
	.byte	135                             @ 263
	.byte	2                               @ 
	.byte	147                             @ DW_OP_piece
	.byte	8                               @ 8
	.long	0
	.long	0
.Ldebug_loc33:
	.long	-1
	.long	.Lfunc_begin2                   @   base address
	.long	.Ltmp90-.Lfunc_begin2
	.long	.Ltmp99-.Lfunc_begin2
	.short	10                              @ Loc expr size
	.byte	144                             @ sub-register DW_OP_regx
	.byte	128                             @ 256
	.byte	2                               @ 
	.byte	147                             @ DW_OP_piece
	.byte	8                               @ 8
	.byte	144                             @ sub-register DW_OP_regx
	.byte	129                             @ 257
	.byte	2                               @ 
	.byte	147                             @ DW_OP_piece
	.byte	8                               @ 8
	.long	0
	.long	0
.Ldebug_loc34:
	.long	-1
	.long	.Lfunc_begin2                   @   base address
	.long	.Ltmp93-.Lfunc_begin2
	.long	.Ltmp94-.Lfunc_begin2
	.short	10                              @ Loc expr size
	.byte	144                             @ sub-register DW_OP_regx
	.byte	134                             @ 262
	.byte	2                               @ 
	.byte	147                             @ DW_OP_piece
	.byte	8                               @ 8
	.byte	144                             @ sub-register DW_OP_regx
	.byte	135                             @ 263
	.byte	2                               @ 
	.byte	147                             @ DW_OP_piece
	.byte	8                               @ 8
	.long	.Ltmp94-.Lfunc_begin2
	.long	.Ltmp98-.Lfunc_begin2
	.short	10                              @ Loc expr size
	.byte	144                             @ sub-register DW_OP_regx
	.byte	136                             @ 264
	.byte	2                               @ 
	.byte	147                             @ DW_OP_piece
	.byte	8                               @ 8
	.byte	144                             @ sub-register DW_OP_regx
	.byte	137                             @ 265
	.byte	2                               @ 
	.byte	147                             @ DW_OP_piece
	.byte	8                               @ 8
	.long	0
	.long	0
.Ldebug_loc35:
	.long	-1
	.long	.Lfunc_begin2                   @   base address
	.long	.Ltmp94-.Lfunc_begin2
	.long	.Ltmp98-.Lfunc_begin2
	.short	3                               @ Loc expr size
	.byte	17                              @ DW_OP_consts
	.byte	1                               @ 1
	.byte	159                             @ DW_OP_stack_value
	.long	.Ltmp98-.Lfunc_begin2
	.long	.Ltmp100-.Lfunc_begin2
	.short	3                               @ Loc expr size
	.byte	17                              @ DW_OP_consts
	.byte	0                               @ 0
	.byte	159                             @ DW_OP_stack_value
	.long	.Ltmp100-.Lfunc_begin2
	.long	.Lfunc_end2-.Lfunc_begin2
	.short	3                               @ Loc expr size
	.byte	17                              @ DW_OP_consts
	.byte	127                             @ -1
	.byte	159                             @ DW_OP_stack_value
	.long	0
	.long	0
.Ldebug_loc36:
	.long	-1
	.long	.Lfunc_begin2                   @   base address
	.long	.Ltmp95-.Lfunc_begin2
	.long	.Ltmp98-.Lfunc_begin2
	.short	10                              @ Loc expr size
	.byte	144                             @ sub-register DW_OP_regx
	.byte	140                             @ 268
	.byte	2                               @ 
	.byte	147                             @ DW_OP_piece
	.byte	8                               @ 8
	.byte	144                             @ sub-register DW_OP_regx
	.byte	141                             @ 269
	.byte	2                               @ 
	.byte	147                             @ DW_OP_piece
	.byte	8                               @ 8
	.long	.Ltmp98-.Lfunc_begin2
	.long	.Ltmp100-.Lfunc_begin2
	.short	10                              @ Loc expr size
	.byte	144                             @ sub-register DW_OP_regx
	.byte	138                             @ 266
	.byte	2                               @ 
	.byte	147                             @ DW_OP_piece
	.byte	8                               @ 8
	.byte	144                             @ sub-register DW_OP_regx
	.byte	139                             @ 267
	.byte	2                               @ 
	.byte	147                             @ DW_OP_piece
	.byte	8                               @ 8
	.long	.Ltmp100-.Lfunc_begin2
	.long	.Lfunc_end2-.Lfunc_begin2
	.short	10                              @ Loc expr size
	.byte	144                             @ sub-register DW_OP_regx
	.byte	128                             @ 256
	.byte	2                               @ 
	.byte	147                             @ DW_OP_piece
	.byte	8                               @ 8
	.byte	144                             @ sub-register DW_OP_regx
	.byte	129                             @ 257
	.byte	2                               @ 
	.byte	147                             @ DW_OP_piece
	.byte	8                               @ 8
	.long	0
	.long	0
.Ldebug_loc37:
	.long	-1
	.long	.Lfunc_begin2                   @   base address
	.long	.Ltmp96-.Lfunc_begin2
	.long	.Lfunc_end2-.Lfunc_begin2
	.short	10                              @ Loc expr size
	.byte	144                             @ sub-register DW_OP_regx
	.byte	134                             @ 262
	.byte	2                               @ 
	.byte	147                             @ DW_OP_piece
	.byte	8                               @ 8
	.byte	144                             @ sub-register DW_OP_regx
	.byte	135                             @ 263
	.byte	2                               @ 
	.byte	147                             @ DW_OP_piece
	.byte	8                               @ 8
	.long	0
	.long	0
.Ldebug_loc38:
	.long	-1
	.long	.Lfunc_begin2                   @   base address
	.long	.Ltmp97-.Lfunc_begin2
	.long	.Ltmp98-.Lfunc_begin2
	.short	10                              @ Loc expr size
	.byte	144                             @ sub-register DW_OP_regx
	.byte	138                             @ 266
	.byte	2                               @ 
	.byte	147                             @ DW_OP_piece
	.byte	8                               @ 8
	.byte	144                             @ sub-register DW_OP_regx
	.byte	139                             @ 267
	.byte	2                               @ 
	.byte	147                             @ DW_OP_piece
	.byte	8                               @ 8
	.long	.Ltmp99-.Lfunc_begin2
	.long	.Ltmp100-.Lfunc_begin2
	.short	10                              @ Loc expr size
	.byte	144                             @ sub-register DW_OP_regx
	.byte	128                             @ 256
	.byte	2                               @ 
	.byte	147                             @ DW_OP_piece
	.byte	8                               @ 8
	.byte	144                             @ sub-register DW_OP_regx
	.byte	129                             @ 257
	.byte	2                               @ 
	.byte	147                             @ DW_OP_piece
	.byte	8                               @ 8
	.long	0
	.long	0
.Ldebug_loc39:
	.long	-1
	.long	.Lfunc_begin3                   @   base address
	.long	.Lfunc_begin3-.Lfunc_begin3
	.long	.Ltmp127-.Lfunc_begin3
	.short	1                               @ Loc expr size
	.byte	82                              @ DW_OP_reg2
	.long	.Ltmp127-.Lfunc_begin3
	.long	.Ltmp147-.Lfunc_begin3
	.short	4                               @ Loc expr size
	.byte	243                             @ DW_OP_GNU_entry_value
	.byte	1                               @ 1
	.byte	82                              @ DW_OP_reg2
	.byte	159                             @ DW_OP_stack_value
	.long	0
	.long	0
.Ldebug_loc40:
	.long	-1
	.long	.Lfunc_begin3                   @   base address
	.long	.Lfunc_begin3-.Lfunc_begin3
	.long	.Ltmp108-.Lfunc_begin3
	.short	1                               @ Loc expr size
	.byte	80                              @ DW_OP_reg0
	.long	.Ltmp125-.Lfunc_begin3
	.long	.Ltmp147-.Lfunc_begin3
	.short	1                               @ Loc expr size
	.byte	80                              @ DW_OP_reg0
	.long	0
	.long	0
.Ldebug_loc41:
	.long	-1
	.long	.Lfunc_begin3                   @   base address
	.long	.Ltmp104-.Lfunc_begin3
	.long	.Ltmp107-.Lfunc_begin3
	.short	5                               @ Loc expr size
	.byte	114                             @ DW_OP_breg2
	.byte	0                               @ 0
	.byte	51                              @ DW_OP_lit3
	.byte	37                              @ DW_OP_shr
	.byte	159                             @ DW_OP_stack_value
	.long	.Ltmp127-.Lfunc_begin3
	.long	.Ltmp129-.Lfunc_begin3
	.short	1                               @ Loc expr size
	.byte	82                              @ DW_OP_reg2
	.long	0
	.long	0
.Ldebug_loc42:
	.long	-1
	.long	.Lfunc_begin3                   @   base address
	.long	.Ltmp108-.Lfunc_begin3
	.long	.Ltmp112-.Lfunc_begin3
	.short	10                              @ Loc expr size
	.byte	144                             @ sub-register DW_OP_regx
	.byte	134                             @ 262
	.byte	2                               @ 
	.byte	147                             @ DW_OP_piece
	.byte	8                               @ 8
	.byte	144                             @ sub-register DW_OP_regx
	.byte	135                             @ 263
	.byte	2                               @ 
	.byte	147                             @ DW_OP_piece
	.byte	8                               @ 8
	.long	0
	.long	0
.Ldebug_loc43:
	.long	-1
	.long	.Lfunc_begin3                   @   base address
	.long	.Ltmp109-.Lfunc_begin3
	.long	.Ltmp110-.Lfunc_begin3
	.short	10                              @ Loc expr size
	.byte	144                             @ sub-register DW_OP_regx
	.byte	132                             @ 260
	.byte	2                               @ 
	.byte	147                             @ DW_OP_piece
	.byte	8                               @ 8
	.byte	144                             @ sub-register DW_OP_regx
	.byte	133                             @ 261
	.byte	2                               @ 
	.byte	147                             @ DW_OP_piece
	.byte	8                               @ 8
	.long	0
	.long	0
.Ldebug_loc44:
	.long	-1
	.long	.Lfunc_begin3                   @   base address
	.long	.Ltmp111-.Lfunc_begin3
	.long	.Ltmp112-.Lfunc_begin3
	.short	10                              @ Loc expr size
	.byte	144                             @ sub-register DW_OP_regx
	.byte	134                             @ 262
	.byte	2                               @ 
	.byte	147                             @ DW_OP_piece
	.byte	8                               @ 8
	.byte	144                             @ sub-register DW_OP_regx
	.byte	135                             @ 263
	.byte	2                               @ 
	.byte	147                             @ DW_OP_piece
	.byte	8                               @ 8
	.long	0
	.long	0
.Ldebug_loc45:
	.long	-1
	.long	.Lfunc_begin3                   @   base address
	.long	.Ltmp113-.Lfunc_begin3
	.long	.Ltmp114-.Lfunc_begin3
	.short	10                              @ Loc expr size
	.byte	144                             @ sub-register DW_OP_regx
	.byte	136                             @ 264
	.byte	2                               @ 
	.byte	147                             @ DW_OP_piece
	.byte	8                               @ 8
	.byte	144                             @ sub-register DW_OP_regx
	.byte	137                             @ 265
	.byte	2                               @ 
	.byte	147                             @ DW_OP_piece
	.byte	8                               @ 8
	.long	0
	.long	0
.Ldebug_loc46:
	.long	-1
	.long	.Lfunc_begin3                   @   base address
	.long	.Ltmp117-.Lfunc_begin3
	.long	.Ltmp118-.Lfunc_begin3
	.short	10                              @ Loc expr size
	.byte	144                             @ sub-register DW_OP_regx
	.byte	138                             @ 266
	.byte	2                               @ 
	.byte	147                             @ DW_OP_piece
	.byte	8                               @ 8
	.byte	144                             @ sub-register DW_OP_regx
	.byte	139                             @ 267
	.byte	2                               @ 
	.byte	147                             @ DW_OP_piece
	.byte	8                               @ 8
	.long	.Ltmp118-.Lfunc_begin3
	.long	.Ltmp121-.Lfunc_begin3
	.short	10                              @ Loc expr size
	.byte	144                             @ sub-register DW_OP_regx
	.byte	140                             @ 268
	.byte	2                               @ 
	.byte	147                             @ DW_OP_piece
	.byte	8                               @ 8
	.byte	144                             @ sub-register DW_OP_regx
	.byte	141                             @ 269
	.byte	2                               @ 
	.byte	147                             @ DW_OP_piece
	.byte	8                               @ 8
	.long	0
	.long	0
.Ldebug_loc47:
	.long	-1
	.long	.Lfunc_begin3                   @   base address
	.long	.Ltmp115-.Lfunc_begin3
	.long	.Ltmp116-.Lfunc_begin3
	.short	10                              @ Loc expr size
	.byte	144                             @ sub-register DW_OP_regx
	.byte	134                             @ 262
	.byte	2                               @ 
	.byte	147                             @ DW_OP_piece
	.byte	8                               @ 8
	.byte	144                             @ sub-register DW_OP_regx
	.byte	135                             @ 263
	.byte	2                               @ 
	.byte	147                             @ DW_OP_piece
	.byte	8                               @ 8
	.long	0
	.long	0
.Ldebug_loc48:
	.long	-1
	.long	.Lfunc_begin3                   @   base address
	.long	.Ltmp116-.Lfunc_begin3
	.long	.Ltmp126-.Lfunc_begin3
	.short	10                              @ Loc expr size
	.byte	144                             @ sub-register DW_OP_regx
	.byte	134                             @ 262
	.byte	2                               @ 
	.byte	147                             @ DW_OP_piece
	.byte	8                               @ 8
	.byte	144                             @ sub-register DW_OP_regx
	.byte	135                             @ 263
	.byte	2                               @ 
	.byte	147                             @ DW_OP_piece
	.byte	8                               @ 8
	.long	0
	.long	0
.Ldebug_loc49:
	.long	-1
	.long	.Lfunc_begin3                   @   base address
	.long	.Ltmp116-.Lfunc_begin3
	.long	.Ltmp121-.Lfunc_begin3
	.short	3                               @ Loc expr size
	.byte	17                              @ DW_OP_consts
	.byte	1                               @ 1
	.byte	159                             @ DW_OP_stack_value
	.long	.Ltmp121-.Lfunc_begin3
	.long	.Ltmp123-.Lfunc_begin3
	.short	3                               @ Loc expr size
	.byte	17                              @ DW_OP_consts
	.byte	0                               @ 0
	.byte	159                             @ DW_OP_stack_value
	.long	.Ltmp123-.Lfunc_begin3
	.long	.Ltmp126-.Lfunc_begin3
	.short	3                               @ Loc expr size
	.byte	17                              @ DW_OP_consts
	.byte	127                             @ -1
	.byte	159                             @ DW_OP_stack_value
	.long	0
	.long	0
.Ldebug_loc50:
	.long	-1
	.long	.Lfunc_begin3                   @   base address
	.long	.Ltmp119-.Lfunc_begin3
	.long	.Ltmp121-.Lfunc_begin3
	.short	10                              @ Loc expr size
	.byte	144                             @ sub-register DW_OP_regx
	.byte	128                             @ 256
	.byte	2                               @ 
	.byte	147                             @ DW_OP_piece
	.byte	8                               @ 8
	.byte	144                             @ sub-register DW_OP_regx
	.byte	129                             @ 257
	.byte	2                               @ 
	.byte	147                             @ DW_OP_piece
	.byte	8                               @ 8
	.long	.Ltmp121-.Lfunc_begin3
	.long	.Ltmp123-.Lfunc_begin3
	.short	10                              @ Loc expr size
	.byte	144                             @ sub-register DW_OP_regx
	.byte	138                             @ 266
	.byte	2                               @ 
	.byte	147                             @ DW_OP_piece
	.byte	8                               @ 8
	.byte	144                             @ sub-register DW_OP_regx
	.byte	139                             @ 267
	.byte	2                               @ 
	.byte	147                             @ DW_OP_piece
	.byte	8                               @ 8
	.long	.Ltmp123-.Lfunc_begin3
	.long	.Ltmp124-.Lfunc_begin3
	.short	10                              @ Loc expr size
	.byte	144                             @ sub-register DW_OP_regx
	.byte	128                             @ 256
	.byte	2                               @ 
	.byte	147                             @ DW_OP_piece
	.byte	8                               @ 8
	.byte	144                             @ sub-register DW_OP_regx
	.byte	129                             @ 257
	.byte	2                               @ 
	.byte	147                             @ DW_OP_piece
	.byte	8                               @ 8
	.long	0
	.long	0
.Ldebug_loc51:
	.long	-1
	.long	.Lfunc_begin3                   @   base address
	.long	.Ltmp120-.Lfunc_begin3
	.long	.Ltmp121-.Lfunc_begin3
	.short	10                              @ Loc expr size
	.byte	144                             @ sub-register DW_OP_regx
	.byte	138                             @ 266
	.byte	2                               @ 
	.byte	147                             @ DW_OP_piece
	.byte	8                               @ 8
	.byte	144                             @ sub-register DW_OP_regx
	.byte	139                             @ 267
	.byte	2                               @ 
	.byte	147                             @ DW_OP_piece
	.byte	8                               @ 8
	.long	.Ltmp122-.Lfunc_begin3
	.long	.Ltmp123-.Lfunc_begin3
	.short	10                              @ Loc expr size
	.byte	144                             @ sub-register DW_OP_regx
	.byte	128                             @ 256
	.byte	2                               @ 
	.byte	147                             @ DW_OP_piece
	.byte	8                               @ 8
	.byte	144                             @ sub-register DW_OP_regx
	.byte	129                             @ 257
	.byte	2                               @ 
	.byte	147                             @ DW_OP_piece
	.byte	8                               @ 8
	.long	0
	.long	0
.Ldebug_loc52:
	.long	-1
	.long	.Lfunc_begin3                   @   base address
	.long	.Ltmp124-.Lfunc_begin3
	.long	.Ltmp126-.Lfunc_begin3
	.short	10                              @ Loc expr size
	.byte	144                             @ sub-register DW_OP_regx
	.byte	128                             @ 256
	.byte	2                               @ 
	.byte	147                             @ DW_OP_piece
	.byte	8                               @ 8
	.byte	144                             @ sub-register DW_OP_regx
	.byte	129                             @ 257
	.byte	2                               @ 
	.byte	147                             @ DW_OP_piece
	.byte	8                               @ 8
	.long	0
	.long	0
.Ldebug_loc53:
	.long	-1
	.long	.Lfunc_begin3                   @   base address
	.long	.Ltmp130-.Lfunc_begin3
	.long	.Ltmp136-.Lfunc_begin3
	.short	1                               @ Loc expr size
	.byte	84                              @ DW_OP_reg4
	.long	0
	.long	0
.Ldebug_loc54:
	.long	-1
	.long	.Lfunc_begin3                   @   base address
	.long	.Ltmp131-.Lfunc_begin3
	.long	.Ltmp142-.Lfunc_begin3
	.short	14                              @ Loc expr size
	.byte	114                             @ DW_OP_breg2
	.byte	0                               @ 0
	.byte	18                              @ DW_OP_dup
	.byte	16                              @ DW_OP_constu
	.byte	15                              @ 15
	.byte	37                              @ DW_OP_shr
	.byte	48                              @ DW_OP_lit0
	.byte	32                              @ DW_OP_not
	.byte	30                              @ DW_OP_mul
	.byte	16                              @ DW_OP_constu
	.byte	16                              @ 16
	.byte	36                              @ DW_OP_shl
	.byte	33                              @ DW_OP_or
	.byte	159                             @ DW_OP_stack_value
	.long	.Ltmp142-.Lfunc_begin3
	.long	.Ltmp143-.Lfunc_begin3
	.short	23                              @ Loc expr size
	.byte	146                             @ DW_OP_bregx
	.byte	131                             @ 259
	.byte	2                               @ 
	.byte	0                               @ 0
	.byte	16                              @ DW_OP_constu
	.byte	255                             @ 4294967295
	.byte	255                             @ 
	.byte	255                             @ 
	.byte	255                             @ 
	.byte	15                              @ 
	.byte	26                              @ DW_OP_and
	.byte	18                              @ DW_OP_dup
	.byte	16                              @ DW_OP_constu
	.byte	15                              @ 15
	.byte	37                              @ DW_OP_shr
	.byte	48                              @ DW_OP_lit0
	.byte	32                              @ DW_OP_not
	.byte	30                              @ DW_OP_mul
	.byte	16                              @ DW_OP_constu
	.byte	16                              @ 16
	.byte	36                              @ DW_OP_shl
	.byte	33                              @ DW_OP_or
	.byte	159                             @ DW_OP_stack_value
	.long	0
	.long	0
.Ldebug_loc55:
	.long	-1
	.long	.Lfunc_begin3                   @   base address
	.long	.Ltmp133-.Lfunc_begin3
	.long	.Ltmp134-.Lfunc_begin3
	.short	3                               @ Loc expr size
	.byte	144                             @ super-register DW_OP_regx
	.byte	131                             @ 259
	.byte	2                               @ 
	.long	0
	.long	0
.Ldebug_loc56:
	.long	-1
	.long	.Lfunc_begin3                   @   base address
	.long	.Ltmp135-.Lfunc_begin3
	.long	.Ltmp138-.Lfunc_begin3
	.short	3                               @ Loc expr size
	.byte	144                             @ super-register DW_OP_regx
	.byte	131                             @ 259
	.byte	2                               @ 
	.long	0
	.long	0
.Ldebug_loc57:
	.long	-1
	.long	.Lfunc_begin3                   @   base address
	.long	.Ltmp136-.Lfunc_begin3
	.long	.Ltmp137-.Lfunc_begin3
	.short	1                               @ Loc expr size
	.byte	84                              @ DW_OP_reg4
	.long	0
	.long	0
.Ldebug_loc58:
	.long	-1
	.long	.Lfunc_begin3                   @   base address
	.long	.Ltmp137-.Lfunc_begin3
	.long	.Ltmp146-.Lfunc_begin3
	.short	1                               @ Loc expr size
	.byte	84                              @ DW_OP_reg4
	.long	0
	.long	0
.Ldebug_loc59:
	.long	-1
	.long	.Lfunc_begin3                   @   base address
	.long	.Ltmp138-.Lfunc_begin3
	.long	.Ltmp142-.Lfunc_begin3
	.short	3                               @ Loc expr size
	.byte	144                             @ super-register DW_OP_regx
	.byte	131                             @ 259
	.byte	2                               @ 
	.long	0
	.long	0
.Ldebug_loc60:
	.long	-1
	.long	.Lfunc_begin3                   @   base address
	.long	.Ltmp139-.Lfunc_begin3
	.long	.Ltmp140-.Lfunc_begin3
	.short	3                               @ Loc expr size
	.byte	17                              @ DW_OP_consts
	.byte	1                               @ 1
	.byte	159                             @ DW_OP_stack_value
	.long	.Ltmp140-.Lfunc_begin3
	.long	.Ltmp141-.Lfunc_begin3
	.short	3                               @ Loc expr size
	.byte	17                              @ DW_OP_consts
	.byte	0                               @ 0
	.byte	159                             @ DW_OP_stack_value
	.long	.Ltmp141-.Lfunc_begin3
	.long	.Ltmp146-.Lfunc_begin3
	.short	3                               @ Loc expr size
	.byte	17                              @ DW_OP_consts
	.byte	127                             @ -1
	.byte	159                             @ DW_OP_stack_value
	.long	0
	.long	0
.Ldebug_loc61:
	.long	-1
	.long	.Lfunc_begin3                   @   base address
	.long	.Ltmp139-.Lfunc_begin3
	.long	.Ltmp140-.Lfunc_begin3
	.short	3                               @ Loc expr size
	.byte	144                             @ super-register DW_OP_regx
	.byte	132                             @ 260
	.byte	2                               @ 
	.long	.Ltmp140-.Lfunc_begin3
	.long	.Ltmp141-.Lfunc_begin3
	.short	3                               @ Loc expr size
	.byte	144                             @ super-register DW_OP_regx
	.byte	133                             @ 261
	.byte	2                               @ 
	.long	.Ltmp141-.Lfunc_begin3
	.long	.Ltmp144-.Lfunc_begin3
	.short	3                               @ Loc expr size
	.byte	144                             @ super-register DW_OP_regx
	.byte	132                             @ 260
	.byte	2                               @ 
	.long	0
	.long	0
.Ldebug_loc62:
	.long	-1
	.long	.Lfunc_begin4                   @   base address
	.long	.Lfunc_begin4-.Lfunc_begin4
	.long	.Ltmp173-.Lfunc_begin4
	.short	1                               @ Loc expr size
	.byte	82                              @ DW_OP_reg2
	.long	.Ltmp173-.Lfunc_begin4
	.long	.Lfunc_end4-.Lfunc_begin4
	.short	4                               @ Loc expr size
	.byte	243                             @ DW_OP_GNU_entry_value
	.byte	1                               @ 1
	.byte	82                              @ DW_OP_reg2
	.byte	159                             @ DW_OP_stack_value
	.long	0
	.long	0
.Ldebug_loc63:
	.long	-1
	.long	.Lfunc_begin4                   @   base address
	.long	.Lfunc_begin4-.Lfunc_begin4
	.long	.Ltmp151-.Lfunc_begin4
	.short	1                               @ Loc expr size
	.byte	80                              @ DW_OP_reg0
	.long	.Ltmp171-.Lfunc_begin4
	.long	.Ltmp174-.Lfunc_begin4
	.short	1                               @ Loc expr size
	.byte	80                              @ DW_OP_reg0
	.long	.Ltmp174-.Lfunc_begin4
	.long	.Ltmp178-.Lfunc_begin4
	.short	3                               @ Loc expr size
	.byte	112                             @ DW_OP_breg0
	.byte	2                               @ 2
	.byte	159                             @ DW_OP_stack_value
	.long	.Ltmp178-.Lfunc_begin4
	.long	.Ltmp183-.Lfunc_begin4
	.short	5                               @ Loc expr size
	.byte	112                             @ DW_OP_breg0
	.byte	2                               @ 2
	.byte	35                              @ DW_OP_plus_uconst
	.byte	2                               @ 2
	.byte	159                             @ DW_OP_stack_value
	.long	.Ltmp183-.Lfunc_begin4
	.long	.Ltmp188-.Lfunc_begin4
	.short	5                               @ Loc expr size
	.byte	112                             @ DW_OP_breg0
	.byte	4                               @ 4
	.byte	35                              @ DW_OP_plus_uconst
	.byte	2                               @ 2
	.byte	159                             @ DW_OP_stack_value
	.long	.Ltmp188-.Lfunc_begin4
	.long	.Ltmp193-.Lfunc_begin4
	.short	5                               @ Loc expr size
	.byte	112                             @ DW_OP_breg0
	.byte	6                               @ 6
	.byte	35                              @ DW_OP_plus_uconst
	.byte	2                               @ 2
	.byte	159                             @ DW_OP_stack_value
	.long	.Ltmp193-.Lfunc_begin4
	.long	.Ltmp198-.Lfunc_begin4
	.short	5                               @ Loc expr size
	.byte	112                             @ DW_OP_breg0
	.byte	8                               @ 8
	.byte	35                              @ DW_OP_plus_uconst
	.byte	2                               @ 2
	.byte	159                             @ DW_OP_stack_value
	.long	.Ltmp198-.Lfunc_begin4
	.long	.Ltmp203-.Lfunc_begin4
	.short	5                               @ Loc expr size
	.byte	112                             @ DW_OP_breg0
	.byte	10                              @ 10
	.byte	35                              @ DW_OP_plus_uconst
	.byte	2                               @ 2
	.byte	159                             @ DW_OP_stack_value
	.long	.Ltmp203-.Lfunc_begin4
	.long	.Ltmp205-.Lfunc_begin4
	.short	5                               @ Loc expr size
	.byte	112                             @ DW_OP_breg0
	.byte	12                              @ 12
	.byte	35                              @ DW_OP_plus_uconst
	.byte	2                               @ 2
	.byte	159                             @ DW_OP_stack_value
	.long	0
	.long	0
.Ldebug_loc64:
	.long	-1
	.long	.Lfunc_begin4                   @   base address
	.long	.Lfunc_begin4-.Lfunc_begin4
	.long	.Ltmp175-.Lfunc_begin4
	.short	1                               @ Loc expr size
	.byte	81                              @ DW_OP_reg1
	.long	.Ltmp175-.Lfunc_begin4
	.long	.Ltmp181-.Lfunc_begin4
	.short	3                               @ Loc expr size
	.byte	113                             @ DW_OP_breg1
	.byte	2                               @ 2
	.byte	159                             @ DW_OP_stack_value
	.long	.Ltmp181-.Lfunc_begin4
	.long	.Ltmp183-.Lfunc_begin4
	.short	5                               @ Loc expr size
	.byte	113                             @ DW_OP_breg1
	.byte	2                               @ 2
	.byte	35                              @ DW_OP_plus_uconst
	.byte	2                               @ 2
	.byte	159                             @ DW_OP_stack_value
	.long	.Ltmp183-.Lfunc_begin4
	.long	.Ltmp186-.Lfunc_begin4
	.short	3                               @ Loc expr size
	.byte	113                             @ DW_OP_breg1
	.byte	4                               @ 4
	.byte	159                             @ DW_OP_stack_value
	.long	.Ltmp186-.Lfunc_begin4
	.long	.Ltmp188-.Lfunc_begin4
	.short	5                               @ Loc expr size
	.byte	113                             @ DW_OP_breg1
	.byte	4                               @ 4
	.byte	35                              @ DW_OP_plus_uconst
	.byte	2                               @ 2
	.byte	159                             @ DW_OP_stack_value
	.long	.Ltmp188-.Lfunc_begin4
	.long	.Ltmp191-.Lfunc_begin4
	.short	3                               @ Loc expr size
	.byte	113                             @ DW_OP_breg1
	.byte	6                               @ 6
	.byte	159                             @ DW_OP_stack_value
	.long	.Ltmp191-.Lfunc_begin4
	.long	.Ltmp193-.Lfunc_begin4
	.short	5                               @ Loc expr size
	.byte	113                             @ DW_OP_breg1
	.byte	6                               @ 6
	.byte	35                              @ DW_OP_plus_uconst
	.byte	2                               @ 2
	.byte	159                             @ DW_OP_stack_value
	.long	.Ltmp193-.Lfunc_begin4
	.long	.Ltmp196-.Lfunc_begin4
	.short	3                               @ Loc expr size
	.byte	113                             @ DW_OP_breg1
	.byte	8                               @ 8
	.byte	159                             @ DW_OP_stack_value
	.long	.Ltmp196-.Lfunc_begin4
	.long	.Ltmp198-.Lfunc_begin4
	.short	5                               @ Loc expr size
	.byte	113                             @ DW_OP_breg1
	.byte	8                               @ 8
	.byte	35                              @ DW_OP_plus_uconst
	.byte	2                               @ 2
	.byte	159                             @ DW_OP_stack_value
	.long	.Ltmp198-.Lfunc_begin4
	.long	.Ltmp201-.Lfunc_begin4
	.short	3                               @ Loc expr size
	.byte	113                             @ DW_OP_breg1
	.byte	10                              @ 10
	.byte	159                             @ DW_OP_stack_value
	.long	.Ltmp201-.Lfunc_begin4
	.long	.Ltmp203-.Lfunc_begin4
	.short	5                               @ Loc expr size
	.byte	113                             @ DW_OP_breg1
	.byte	10                              @ 10
	.byte	35                              @ DW_OP_plus_uconst
	.byte	2                               @ 2
	.byte	159                             @ DW_OP_stack_value
	.long	.Ltmp203-.Lfunc_begin4
	.long	.Ltmp204-.Lfunc_begin4
	.short	3                               @ Loc expr size
	.byte	113                             @ DW_OP_breg1
	.byte	12                              @ 12
	.byte	159                             @ DW_OP_stack_value
	.long	.Ltmp204-.Lfunc_begin4
	.long	.Ltmp205-.Lfunc_begin4
	.short	5                               @ Loc expr size
	.byte	113                             @ DW_OP_breg1
	.byte	12                              @ 12
	.byte	35                              @ DW_OP_plus_uconst
	.byte	2                               @ 2
	.byte	159                             @ DW_OP_stack_value
	.long	0
	.long	0
.Ldebug_loc65:
	.long	-1
	.long	.Lfunc_begin4                   @   base address
	.long	.Ltmp148-.Lfunc_begin4
	.long	.Ltmp150-.Lfunc_begin4
	.short	5                               @ Loc expr size
	.byte	114                             @ DW_OP_breg2
	.byte	0                               @ 0
	.byte	51                              @ DW_OP_lit3
	.byte	37                              @ DW_OP_shr
	.byte	159                             @ DW_OP_stack_value
	.long	.Ltmp173-.Lfunc_begin4
	.long	.Ltmp177-.Lfunc_begin4
	.short	1                               @ Loc expr size
	.byte	82                              @ DW_OP_reg2
	.long	.Ltmp177-.Lfunc_begin4
	.long	.Ltmp182-.Lfunc_begin4
	.short	3                               @ Loc expr size
	.byte	114                             @ DW_OP_breg2
	.byte	127                             @ -1
	.byte	159                             @ DW_OP_stack_value
	.long	.Ltmp182-.Lfunc_begin4
	.long	.Ltmp187-.Lfunc_begin4
	.short	3                               @ Loc expr size
	.byte	114                             @ DW_OP_breg2
	.byte	126                             @ -2
	.byte	159                             @ DW_OP_stack_value
	.long	.Ltmp187-.Lfunc_begin4
	.long	.Ltmp192-.Lfunc_begin4
	.short	3                               @ Loc expr size
	.byte	114                             @ DW_OP_breg2
	.byte	125                             @ -3
	.byte	159                             @ DW_OP_stack_value
	.long	.Ltmp192-.Lfunc_begin4
	.long	.Ltmp197-.Lfunc_begin4
	.short	3                               @ Loc expr size
	.byte	114                             @ DW_OP_breg2
	.byte	124                             @ -4
	.byte	159                             @ DW_OP_stack_value
	.long	.Ltmp197-.Lfunc_begin4
	.long	.Ltmp202-.Lfunc_begin4
	.short	3                               @ Loc expr size
	.byte	114                             @ DW_OP_breg2
	.byte	123                             @ -5
	.byte	159                             @ DW_OP_stack_value
	.long	0
	.long	0
.Ldebug_loc66:
	.long	-1
	.long	.Lfunc_begin4                   @   base address
	.long	.Ltmp151-.Lfunc_begin4
	.long	.Ltmp172-.Lfunc_begin4
	.short	10                              @ Loc expr size
	.byte	144                             @ sub-register DW_OP_regx
	.byte	136                             @ 264
	.byte	2                               @ 
	.byte	147                             @ DW_OP_piece
	.byte	8                               @ 8
	.byte	144                             @ sub-register DW_OP_regx
	.byte	137                             @ 265
	.byte	2                               @ 
	.byte	147                             @ DW_OP_piece
	.byte	8                               @ 8
	.long	0
	.long	0
.Ldebug_loc67:
	.long	-1
	.long	.Lfunc_begin4                   @   base address
	.long	.Ltmp152-.Lfunc_begin4
	.long	.Ltmp154-.Lfunc_begin4
	.short	10                              @ Loc expr size
	.byte	144                             @ sub-register DW_OP_regx
	.byte	138                             @ 266
	.byte	2                               @ 
	.byte	147                             @ DW_OP_piece
	.byte	8                               @ 8
	.byte	144                             @ sub-register DW_OP_regx
	.byte	139                             @ 267
	.byte	2                               @ 
	.byte	147                             @ DW_OP_piece
	.byte	8                               @ 8
	.long	.Ltmp154-.Lfunc_begin4
	.long	.Ltmp155-.Lfunc_begin4
	.short	10                              @ Loc expr size
	.byte	144                             @ sub-register DW_OP_regx
	.byte	142                             @ 270
	.byte	2                               @ 
	.byte	147                             @ DW_OP_piece
	.byte	8                               @ 8
	.byte	144                             @ sub-register DW_OP_regx
	.byte	143                             @ 271
	.byte	2                               @ 
	.byte	147                             @ DW_OP_piece
	.byte	8                               @ 8
	.long	.Ltmp155-.Lfunc_begin4
	.long	.Ltmp170-.Lfunc_begin4
	.short	10                              @ Loc expr size
	.byte	144                             @ sub-register DW_OP_regx
	.byte	132                             @ 260
	.byte	2                               @ 
	.byte	147                             @ DW_OP_piece
	.byte	8                               @ 8
	.byte	144                             @ sub-register DW_OP_regx
	.byte	133                             @ 261
	.byte	2                               @ 
	.byte	147                             @ DW_OP_piece
	.byte	8                               @ 8
	.long	0
	.long	0
.Ldebug_loc68:
	.long	-1
	.long	.Lfunc_begin4                   @   base address
	.long	.Ltmp152-.Lfunc_begin4
	.long	.Ltmp172-.Lfunc_begin4
	.short	10                              @ Loc expr size
	.byte	144                             @ sub-register DW_OP_regx
	.byte	138                             @ 266
	.byte	2                               @ 
	.byte	147                             @ DW_OP_piece
	.byte	8                               @ 8
	.byte	144                             @ sub-register DW_OP_regx
	.byte	139                             @ 267
	.byte	2                               @ 
	.byte	147                             @ DW_OP_piece
	.byte	8                               @ 8
	.long	0
	.long	0
.Ldebug_loc69:
	.long	-1
	.long	.Lfunc_begin4                   @   base address
	.long	.Ltmp153-.Lfunc_begin4
	.long	.Ltmp157-.Lfunc_begin4
	.short	10                              @ Loc expr size
	.byte	144                             @ sub-register DW_OP_regx
	.byte	140                             @ 268
	.byte	2                               @ 
	.byte	147                             @ DW_OP_piece
	.byte	8                               @ 8
	.byte	144                             @ sub-register DW_OP_regx
	.byte	141                             @ 269
	.byte	2                               @ 
	.byte	147                             @ DW_OP_piece
	.byte	8                               @ 8
	.long	0
	.long	0
.Ldebug_loc70:
	.long	-1
	.long	.Lfunc_begin4                   @   base address
	.long	.Ltmp158-.Lfunc_begin4
	.long	.Ltmp160-.Lfunc_begin4
	.short	10                              @ Loc expr size
	.byte	144                             @ sub-register DW_OP_regx
	.byte	140                             @ 268
	.byte	2                               @ 
	.byte	147                             @ DW_OP_piece
	.byte	8                               @ 8
	.byte	144                             @ sub-register DW_OP_regx
	.byte	141                             @ 269
	.byte	2                               @ 
	.byte	147                             @ DW_OP_piece
	.byte	8                               @ 8
	.long	.Ltmp161-.Lfunc_begin4
	.long	.Ltmp163-.Lfunc_begin4
	.short	10                              @ Loc expr size
	.byte	144                             @ sub-register DW_OP_regx
	.byte	140                             @ 268
	.byte	2                               @ 
	.byte	147                             @ DW_OP_piece
	.byte	8                               @ 8
	.byte	144                             @ sub-register DW_OP_regx
	.byte	141                             @ 269
	.byte	2                               @ 
	.byte	147                             @ DW_OP_piece
	.byte	8                               @ 8
	.long	.Ltmp164-.Lfunc_begin4
	.long	.Ltmp166-.Lfunc_begin4
	.short	10                              @ Loc expr size
	.byte	144                             @ sub-register DW_OP_regx
	.byte	140                             @ 268
	.byte	2                               @ 
	.byte	147                             @ DW_OP_piece
	.byte	8                               @ 8
	.byte	144                             @ sub-register DW_OP_regx
	.byte	141                             @ 269
	.byte	2                               @ 
	.byte	147                             @ DW_OP_piece
	.byte	8                               @ 8
	.long	.Ltmp167-.Lfunc_begin4
	.long	.Ltmp172-.Lfunc_begin4
	.short	10                              @ Loc expr size
	.byte	144                             @ sub-register DW_OP_regx
	.byte	140                             @ 268
	.byte	2                               @ 
	.byte	147                             @ DW_OP_piece
	.byte	8                               @ 8
	.byte	144                             @ sub-register DW_OP_regx
	.byte	141                             @ 269
	.byte	2                               @ 
	.byte	147                             @ DW_OP_piece
	.byte	8                               @ 8
	.long	0
	.long	0
.Ldebug_loc71:
	.long	-1
	.long	.Lfunc_begin4                   @   base address
	.long	.Ltmp170-.Lfunc_begin4
	.long	.Ltmp172-.Lfunc_begin4
	.short	10                              @ Loc expr size
	.byte	144                             @ sub-register DW_OP_regx
	.byte	132                             @ 260
	.byte	2                               @ 
	.byte	147                             @ DW_OP_piece
	.byte	8                               @ 8
	.byte	144                             @ sub-register DW_OP_regx
	.byte	133                             @ 261
	.byte	2                               @ 
	.byte	147                             @ DW_OP_piece
	.byte	8                               @ 8
	.long	0
	.long	0
.Ldebug_loc72:
	.long	-1
	.long	.Lfunc_begin5                   @   base address
	.long	.Lfunc_begin5-.Lfunc_begin5
	.long	.Ltmp243-.Lfunc_begin5
	.short	1                               @ Loc expr size
	.byte	80                              @ DW_OP_reg0
	.long	.Ltmp243-.Lfunc_begin5
	.long	.Ltmp244-.Lfunc_begin5
	.short	4                               @ Loc expr size
	.byte	243                             @ DW_OP_GNU_entry_value
	.byte	1                               @ 1
	.byte	80                              @ DW_OP_reg0
	.byte	159                             @ DW_OP_stack_value
	.long	.Ltmp244-.Lfunc_begin5
	.long	.Ltmp266-.Lfunc_begin5
	.short	1                               @ Loc expr size
	.byte	80                              @ DW_OP_reg0
	.long	.Ltmp266-.Lfunc_begin5
	.long	.Ltmp267-.Lfunc_begin5
	.short	4                               @ Loc expr size
	.byte	243                             @ DW_OP_GNU_entry_value
	.byte	1                               @ 1
	.byte	80                              @ DW_OP_reg0
	.byte	159                             @ DW_OP_stack_value
	.long	.Ltmp267-.Lfunc_begin5
	.long	.Ltmp287-.Lfunc_begin5
	.short	1                               @ Loc expr size
	.byte	80                              @ DW_OP_reg0
	.long	0
	.long	0
.Ldebug_loc73:
	.long	-1
	.long	.Lfunc_begin5                   @   base address
	.long	.Ltmp207-.Lfunc_begin5
	.long	.Ltmp209-.Lfunc_begin5
	.short	3                               @ Loc expr size
	.byte	144                             @ super-register DW_OP_regx
	.byte	128                             @ 256
	.byte	2                               @ 
	.long	.Ltmp209-.Lfunc_begin5
	.long	.Ltmp221-.Lfunc_begin5
	.short	6                               @ Loc expr size
	.byte	243                             @ DW_OP_GNU_entry_value
	.byte	3                               @ 3
	.byte	144                             @ super-register DW_OP_regx
	.byte	128                             @ 256
	.byte	2                               @ 
	.byte	159                             @ DW_OP_stack_value
	.long	.Ltmp221-.Lfunc_begin5
	.long	.Ltmp224-.Lfunc_begin5
	.short	3                               @ Loc expr size
	.byte	144                             @ super-register DW_OP_regx
	.byte	128                             @ 256
	.byte	2                               @ 
	.long	.Ltmp236-.Lfunc_begin5
	.long	.Ltmp242-.Lfunc_begin5
	.short	6                               @ Loc expr size
	.byte	243                             @ DW_OP_GNU_entry_value
	.byte	3                               @ 3
	.byte	144                             @ super-register DW_OP_regx
	.byte	128                             @ 256
	.byte	2                               @ 
	.byte	159                             @ DW_OP_stack_value
	.long	.Ltmp244-.Lfunc_begin5
	.long	.Ltmp247-.Lfunc_begin5
	.short	3                               @ Loc expr size
	.byte	144                             @ super-register DW_OP_regx
	.byte	128                             @ 256
	.byte	2                               @ 
	.long	.Ltmp248-.Lfunc_begin5
	.long	.Ltmp250-.Lfunc_begin5
	.short	3                               @ Loc expr size
	.byte	144                             @ super-register DW_OP_regx
	.byte	128                             @ 256
	.byte	2                               @ 
	.long	.Ltmp262-.Lfunc_begin5
	.long	.Ltmp264-.Lfunc_begin5
	.short	3                               @ Loc expr size
	.byte	144                             @ super-register DW_OP_regx
	.byte	128                             @ 256
	.byte	2                               @ 
	.long	.Ltmp265-.Lfunc_begin5
	.long	.Ltmp267-.Lfunc_begin5
	.short	3                               @ Loc expr size
	.byte	144                             @ super-register DW_OP_regx
	.byte	128                             @ 256
	.byte	2                               @ 
	.long	.Ltmp276-.Lfunc_begin5
	.long	.Ltmp277-.Lfunc_begin5
	.short	3                               @ Loc expr size
	.byte	144                             @ super-register DW_OP_regx
	.byte	128                             @ 256
	.byte	2                               @ 
	.long	.Ltmp277-.Lfunc_begin5
	.long	.Ltmp278-.Lfunc_begin5
	.short	2                               @ Loc expr size
	.byte	125                             @ DW_OP_breg13
	.byte	0                               @ 0
	.long	0
	.long	0
.Ldebug_loc74:
	.long	-1
	.long	.Lfunc_begin5                   @   base address
	.long	.Ltmp207-.Lfunc_begin5
	.long	.Ltmp287-.Lfunc_begin5
	.short	6                               @ Loc expr size
	.byte	144                             @ super-register DW_OP_regx
	.byte	128                             @ 256
	.byte	2                               @ 
	.byte	157                             @ DW_OP_bit_piece
	.byte	32                              @ 32
	.byte	32                              @ 32
	.long	0
	.long	0
.Ldebug_loc75:
	.long	-1
	.long	.Lfunc_begin5                   @   base address
	.long	.Ltmp220-.Lfunc_begin5
	.long	.Ltmp221-.Lfunc_begin5
	.short	3                               @ Loc expr size
	.byte	144                             @ super-register DW_OP_regx
	.byte	129                             @ 257
	.byte	2                               @ 
	.long	.Ltmp241-.Lfunc_begin5
	.long	.Ltmp242-.Lfunc_begin5
	.short	3                               @ Loc expr size
	.byte	144                             @ super-register DW_OP_regx
	.byte	129                             @ 257
	.byte	2                               @ 
	.long	0
	.long	0
.Ldebug_loc76:
	.long	-1
	.long	.Lfunc_begin5                   @   base address
	.long	.Ltmp209-.Lfunc_begin5
	.long	.Ltmp211-.Lfunc_begin5
	.short	3                               @ Loc expr size
	.byte	17                              @ DW_OP_consts
	.byte	0                               @ 0
	.byte	159                             @ DW_OP_stack_value
	.long	0
	.long	0
.Ldebug_loc77:
	.long	-1
	.long	.Lfunc_begin5                   @   base address
	.long	.Ltmp209-.Lfunc_begin5
	.long	.Ltmp210-.Lfunc_begin5
	.short	3                               @ Loc expr size
	.byte	144                             @ super-register DW_OP_regx
	.byte	128                             @ 256
	.byte	2                               @ 
	.long	.Ltmp210-.Lfunc_begin5
	.long	.Ltmp219-.Lfunc_begin5
	.short	3                               @ Loc expr size
	.byte	144                             @ super-register DW_OP_regx
	.byte	130                             @ 258
	.byte	2                               @ 
	.long	.Ltmp236-.Lfunc_begin5
	.long	.Ltmp241-.Lfunc_begin5
	.short	3                               @ Loc expr size
	.byte	144                             @ super-register DW_OP_regx
	.byte	130                             @ 258
	.byte	2                               @ 
	.long	0
	.long	0
.Ldebug_loc78:
	.long	-1
	.long	.Lfunc_begin5                   @   base address
	.long	.Ltmp215-.Lfunc_begin5
	.long	.Ltmp216-.Lfunc_begin5
	.short	3                               @ Loc expr size
	.byte	144                             @ super-register DW_OP_regx
	.byte	132                             @ 260
	.byte	2                               @ 
	.long	.Ltmp216-.Lfunc_begin5
	.long	.Ltmp217-.Lfunc_begin5
	.short	3                               @ Loc expr size
	.byte	144                             @ super-register DW_OP_regx
	.byte	131                             @ 259
	.byte	2                               @ 
	.long	.Ltmp217-.Lfunc_begin5
	.long	.Ltmp220-.Lfunc_begin5
	.short	3                               @ Loc expr size
	.byte	144                             @ super-register DW_OP_regx
	.byte	129                             @ 257
	.byte	2                               @ 
	.long	0
	.long	0
.Ldebug_loc79:
	.long	-1
	.long	.Lfunc_begin5                   @   base address
	.long	.Ltmp214-.Lfunc_begin5
	.long	.Ltmp215-.Lfunc_begin5
	.short	3                               @ Loc expr size
	.byte	17                              @ DW_OP_consts
	.byte	1                               @ 1
	.byte	159                             @ DW_OP_stack_value
	.long	.Ltmp215-.Lfunc_begin5
	.long	.Ltmp216-.Lfunc_begin5
	.short	3                               @ Loc expr size
	.byte	17                              @ DW_OP_consts
	.byte	2                               @ 2
	.byte	159                             @ DW_OP_stack_value
	.long	.Ltmp216-.Lfunc_begin5
	.long	.Ltmp217-.Lfunc_begin5
	.short	3                               @ Loc expr size
	.byte	17                              @ DW_OP_consts
	.byte	3                               @ 3
	.byte	159                             @ DW_OP_stack_value
	.long	.Ltmp217-.Lfunc_begin5
	.long	.Ltmp219-.Lfunc_begin5
	.short	3                               @ Loc expr size
	.byte	17                              @ DW_OP_consts
	.byte	4                               @ 4
	.byte	159                             @ DW_OP_stack_value
	.long	.Ltmp219-.Lfunc_begin5
	.long	.Ltmp221-.Lfunc_begin5
	.short	3                               @ Loc expr size
	.byte	17                              @ DW_OP_consts
	.byte	5                               @ 5
	.byte	159                             @ DW_OP_stack_value
	.long	0
	.long	0
.Ldebug_loc80:
	.long	-1
	.long	.Lfunc_begin5                   @   base address
	.long	.Ltmp235-.Lfunc_begin5
	.long	.Ltmp236-.Lfunc_begin5
	.short	3                               @ Loc expr size
	.byte	144                             @ super-register DW_OP_regx
	.byte	129                             @ 257
	.byte	2                               @ 
	.long	.Ltmp272-.Lfunc_begin5
	.long	.Ltmp273-.Lfunc_begin5
	.short	3                               @ Loc expr size
	.byte	144                             @ super-register DW_OP_regx
	.byte	129                             @ 257
	.byte	2                               @ 
	.long	.Ltmp273-.Lfunc_begin5
	.long	.Ltmp275-.Lfunc_begin5
	.short	3                               @ Loc expr size
	.byte	144                             @ super-register DW_OP_regx
	.byte	128                             @ 256
	.byte	2                               @ 
	.long	0
	.long	0
.Ldebug_loc81:
	.long	-1
	.long	.Lfunc_begin5                   @   base address
	.long	.Ltmp224-.Lfunc_begin5
	.long	.Ltmp226-.Lfunc_begin5
	.short	3                               @ Loc expr size
	.byte	17                              @ DW_OP_consts
	.byte	0                               @ 0
	.byte	159                             @ DW_OP_stack_value
	.long	0
	.long	0
.Ldebug_loc82:
	.long	-1
	.long	.Lfunc_begin5                   @   base address
	.long	.Ltmp224-.Lfunc_begin5
	.long	.Ltmp225-.Lfunc_begin5
	.short	3                               @ Loc expr size
	.byte	144                             @ super-register DW_OP_regx
	.byte	128                             @ 256
	.byte	2                               @ 
	.long	.Ltmp225-.Lfunc_begin5
	.long	.Ltmp234-.Lfunc_begin5
	.short	3                               @ Loc expr size
	.byte	144                             @ super-register DW_OP_regx
	.byte	130                             @ 258
	.byte	2                               @ 
	.long	.Ltmp267-.Lfunc_begin5
	.long	.Ltmp272-.Lfunc_begin5
	.short	3                               @ Loc expr size
	.byte	144                             @ super-register DW_OP_regx
	.byte	130                             @ 258
	.byte	2                               @ 
	.long	0
	.long	0
.Ldebug_loc83:
	.long	-1
	.long	.Lfunc_begin5                   @   base address
	.long	.Ltmp230-.Lfunc_begin5
	.long	.Ltmp231-.Lfunc_begin5
	.short	3                               @ Loc expr size
	.byte	144                             @ super-register DW_OP_regx
	.byte	132                             @ 260
	.byte	2                               @ 
	.long	.Ltmp231-.Lfunc_begin5
	.long	.Ltmp232-.Lfunc_begin5
	.short	3                               @ Loc expr size
	.byte	144                             @ super-register DW_OP_regx
	.byte	131                             @ 259
	.byte	2                               @ 
	.long	.Ltmp232-.Lfunc_begin5
	.long	.Ltmp235-.Lfunc_begin5
	.short	3                               @ Loc expr size
	.byte	144                             @ super-register DW_OP_regx
	.byte	129                             @ 257
	.byte	2                               @ 
	.long	0
	.long	0
.Ldebug_loc84:
	.long	-1
	.long	.Lfunc_begin5                   @   base address
	.long	.Ltmp229-.Lfunc_begin5
	.long	.Ltmp230-.Lfunc_begin5
	.short	3                               @ Loc expr size
	.byte	17                              @ DW_OP_consts
	.byte	1                               @ 1
	.byte	159                             @ DW_OP_stack_value
	.long	.Ltmp230-.Lfunc_begin5
	.long	.Ltmp231-.Lfunc_begin5
	.short	3                               @ Loc expr size
	.byte	17                              @ DW_OP_consts
	.byte	2                               @ 2
	.byte	159                             @ DW_OP_stack_value
	.long	.Ltmp231-.Lfunc_begin5
	.long	.Ltmp232-.Lfunc_begin5
	.short	3                               @ Loc expr size
	.byte	17                              @ DW_OP_consts
	.byte	3                               @ 3
	.byte	159                             @ DW_OP_stack_value
	.long	.Ltmp232-.Lfunc_begin5
	.long	.Ltmp234-.Lfunc_begin5
	.short	3                               @ Loc expr size
	.byte	17                              @ DW_OP_consts
	.byte	4                               @ 4
	.byte	159                             @ DW_OP_stack_value
	.long	.Ltmp234-.Lfunc_begin5
	.long	.Ltmp236-.Lfunc_begin5
	.short	3                               @ Loc expr size
	.byte	17                              @ DW_OP_consts
	.byte	5                               @ 5
	.byte	159                             @ DW_OP_stack_value
	.long	0
	.long	0
.Ldebug_loc85:
	.long	-1
	.long	.Lfunc_begin5                   @   base address
	.long	.Ltmp238-.Lfunc_begin5
	.long	.Ltmp239-.Lfunc_begin5
	.short	3                               @ Loc expr size
	.byte	144                             @ super-register DW_OP_regx
	.byte	132                             @ 260
	.byte	2                               @ 
	.long	.Ltmp239-.Lfunc_begin5
	.long	.Ltmp240-.Lfunc_begin5
	.short	3                               @ Loc expr size
	.byte	144                             @ super-register DW_OP_regx
	.byte	131                             @ 259
	.byte	2                               @ 
	.long	.Ltmp240-.Lfunc_begin5
	.long	.Ltmp241-.Lfunc_begin5
	.short	3                               @ Loc expr size
	.byte	144                             @ super-register DW_OP_regx
	.byte	129                             @ 257
	.byte	2                               @ 
	.long	0
	.long	0
.Ldebug_loc86:
	.long	-1
	.long	.Lfunc_begin5                   @   base address
	.long	.Ltmp237-.Lfunc_begin5
	.long	.Ltmp238-.Lfunc_begin5
	.short	3                               @ Loc expr size
	.byte	17                              @ DW_OP_consts
	.byte	1                               @ 1
	.byte	159                             @ DW_OP_stack_value
	.long	.Ltmp238-.Lfunc_begin5
	.long	.Ltmp239-.Lfunc_begin5
	.short	3                               @ Loc expr size
	.byte	17                              @ DW_OP_consts
	.byte	2                               @ 2
	.byte	159                             @ DW_OP_stack_value
	.long	.Ltmp239-.Lfunc_begin5
	.long	.Ltmp240-.Lfunc_begin5
	.short	3                               @ Loc expr size
	.byte	17                              @ DW_OP_consts
	.byte	3                               @ 3
	.byte	159                             @ DW_OP_stack_value
	.long	.Ltmp240-.Lfunc_begin5
	.long	.Ltmp241-.Lfunc_begin5
	.short	3                               @ Loc expr size
	.byte	17                              @ DW_OP_consts
	.byte	4                               @ 4
	.byte	159                             @ DW_OP_stack_value
	.long	0
	.long	0
.Ldebug_loc87:
	.long	-1
	.long	.Lfunc_begin5                   @   base address
	.long	.Ltmp261-.Lfunc_begin5
	.long	.Ltmp262-.Lfunc_begin5
	.short	3                               @ Loc expr size
	.byte	144                             @ super-register DW_OP_regx
	.byte	129                             @ 257
	.byte	2                               @ 
	.long	.Ltmp283-.Lfunc_begin5
	.long	.Ltmp284-.Lfunc_begin5
	.short	3                               @ Loc expr size
	.byte	144                             @ super-register DW_OP_regx
	.byte	129                             @ 257
	.byte	2                               @ 
	.long	.Ltmp284-.Lfunc_begin5
	.long	.Ltmp286-.Lfunc_begin5
	.short	3                               @ Loc expr size
	.byte	144                             @ super-register DW_OP_regx
	.byte	128                             @ 256
	.byte	2                               @ 
	.long	0
	.long	0
.Ldebug_loc88:
	.long	-1
	.long	.Lfunc_begin5                   @   base address
	.long	.Ltmp250-.Lfunc_begin5
	.long	.Ltmp252-.Lfunc_begin5
	.short	3                               @ Loc expr size
	.byte	17                              @ DW_OP_consts
	.byte	0                               @ 0
	.byte	159                             @ DW_OP_stack_value
	.long	0
	.long	0
.Ldebug_loc89:
	.long	-1
	.long	.Lfunc_begin5                   @   base address
	.long	.Ltmp250-.Lfunc_begin5
	.long	.Ltmp251-.Lfunc_begin5
	.short	3                               @ Loc expr size
	.byte	144                             @ super-register DW_OP_regx
	.byte	128                             @ 256
	.byte	2                               @ 
	.long	.Ltmp251-.Lfunc_begin5
	.long	.Ltmp260-.Lfunc_begin5
	.short	3                               @ Loc expr size
	.byte	144                             @ super-register DW_OP_regx
	.byte	130                             @ 258
	.byte	2                               @ 
	.long	.Ltmp278-.Lfunc_begin5
	.long	.Ltmp283-.Lfunc_begin5
	.short	3                               @ Loc expr size
	.byte	144                             @ super-register DW_OP_regx
	.byte	130                             @ 258
	.byte	2                               @ 
	.long	0
	.long	0
.Ldebug_loc90:
	.long	-1
	.long	.Lfunc_begin5                   @   base address
	.long	.Ltmp256-.Lfunc_begin5
	.long	.Ltmp257-.Lfunc_begin5
	.short	3                               @ Loc expr size
	.byte	144                             @ super-register DW_OP_regx
	.byte	132                             @ 260
	.byte	2                               @ 
	.long	.Ltmp257-.Lfunc_begin5
	.long	.Ltmp258-.Lfunc_begin5
	.short	3                               @ Loc expr size
	.byte	144                             @ super-register DW_OP_regx
	.byte	131                             @ 259
	.byte	2                               @ 
	.long	.Ltmp258-.Lfunc_begin5
	.long	.Ltmp261-.Lfunc_begin5
	.short	3                               @ Loc expr size
	.byte	144                             @ super-register DW_OP_regx
	.byte	129                             @ 257
	.byte	2                               @ 
	.long	0
	.long	0
.Ldebug_loc91:
	.long	-1
	.long	.Lfunc_begin5                   @   base address
	.long	.Ltmp255-.Lfunc_begin5
	.long	.Ltmp256-.Lfunc_begin5
	.short	3                               @ Loc expr size
	.byte	17                              @ DW_OP_consts
	.byte	1                               @ 1
	.byte	159                             @ DW_OP_stack_value
	.long	.Ltmp256-.Lfunc_begin5
	.long	.Ltmp257-.Lfunc_begin5
	.short	3                               @ Loc expr size
	.byte	17                              @ DW_OP_consts
	.byte	2                               @ 2
	.byte	159                             @ DW_OP_stack_value
	.long	.Ltmp257-.Lfunc_begin5
	.long	.Ltmp258-.Lfunc_begin5
	.short	3                               @ Loc expr size
	.byte	17                              @ DW_OP_consts
	.byte	3                               @ 3
	.byte	159                             @ DW_OP_stack_value
	.long	.Ltmp258-.Lfunc_begin5
	.long	.Ltmp260-.Lfunc_begin5
	.short	3                               @ Loc expr size
	.byte	17                              @ DW_OP_consts
	.byte	4                               @ 4
	.byte	159                             @ DW_OP_stack_value
	.long	.Ltmp260-.Lfunc_begin5
	.long	.Ltmp262-.Lfunc_begin5
	.short	3                               @ Loc expr size
	.byte	17                              @ DW_OP_consts
	.byte	5                               @ 5
	.byte	159                             @ DW_OP_stack_value
	.long	0
	.long	0
.Ldebug_loc92:
	.long	-1
	.long	.Lfunc_begin5                   @   base address
	.long	.Ltmp269-.Lfunc_begin5
	.long	.Ltmp270-.Lfunc_begin5
	.short	3                               @ Loc expr size
	.byte	144                             @ super-register DW_OP_regx
	.byte	132                             @ 260
	.byte	2                               @ 
	.long	.Ltmp270-.Lfunc_begin5
	.long	.Ltmp271-.Lfunc_begin5
	.short	3                               @ Loc expr size
	.byte	144                             @ super-register DW_OP_regx
	.byte	131                             @ 259
	.byte	2                               @ 
	.long	.Ltmp271-.Lfunc_begin5
	.long	.Ltmp272-.Lfunc_begin5
	.short	3                               @ Loc expr size
	.byte	144                             @ super-register DW_OP_regx
	.byte	129                             @ 257
	.byte	2                               @ 
	.long	0
	.long	0
.Ldebug_loc93:
	.long	-1
	.long	.Lfunc_begin5                   @   base address
	.long	.Ltmp268-.Lfunc_begin5
	.long	.Ltmp269-.Lfunc_begin5
	.short	3                               @ Loc expr size
	.byte	17                              @ DW_OP_consts
	.byte	1                               @ 1
	.byte	159                             @ DW_OP_stack_value
	.long	.Ltmp269-.Lfunc_begin5
	.long	.Ltmp270-.Lfunc_begin5
	.short	3                               @ Loc expr size
	.byte	17                              @ DW_OP_consts
	.byte	2                               @ 2
	.byte	159                             @ DW_OP_stack_value
	.long	.Ltmp270-.Lfunc_begin5
	.long	.Ltmp271-.Lfunc_begin5
	.short	3                               @ Loc expr size
	.byte	17                              @ DW_OP_consts
	.byte	3                               @ 3
	.byte	159                             @ DW_OP_stack_value
	.long	.Ltmp271-.Lfunc_begin5
	.long	.Ltmp272-.Lfunc_begin5
	.short	3                               @ Loc expr size
	.byte	17                              @ DW_OP_consts
	.byte	4                               @ 4
	.byte	159                             @ DW_OP_stack_value
	.long	0
	.long	0
.Ldebug_loc94:
	.long	-1
	.long	.Lfunc_begin5                   @   base address
	.long	.Ltmp280-.Lfunc_begin5
	.long	.Ltmp281-.Lfunc_begin5
	.short	3                               @ Loc expr size
	.byte	144                             @ super-register DW_OP_regx
	.byte	132                             @ 260
	.byte	2                               @ 
	.long	.Ltmp281-.Lfunc_begin5
	.long	.Ltmp282-.Lfunc_begin5
	.short	3                               @ Loc expr size
	.byte	144                             @ super-register DW_OP_regx
	.byte	131                             @ 259
	.byte	2                               @ 
	.long	.Ltmp282-.Lfunc_begin5
	.long	.Ltmp283-.Lfunc_begin5
	.short	3                               @ Loc expr size
	.byte	144                             @ super-register DW_OP_regx
	.byte	129                             @ 257
	.byte	2                               @ 
	.long	0
	.long	0
.Ldebug_loc95:
	.long	-1
	.long	.Lfunc_begin5                   @   base address
	.long	.Ltmp279-.Lfunc_begin5
	.long	.Ltmp280-.Lfunc_begin5
	.short	3                               @ Loc expr size
	.byte	17                              @ DW_OP_consts
	.byte	1                               @ 1
	.byte	159                             @ DW_OP_stack_value
	.long	.Ltmp280-.Lfunc_begin5
	.long	.Ltmp281-.Lfunc_begin5
	.short	3                               @ Loc expr size
	.byte	17                              @ DW_OP_consts
	.byte	2                               @ 2
	.byte	159                             @ DW_OP_stack_value
	.long	.Ltmp281-.Lfunc_begin5
	.long	.Ltmp282-.Lfunc_begin5
	.short	3                               @ Loc expr size
	.byte	17                              @ DW_OP_consts
	.byte	3                               @ 3
	.byte	159                             @ DW_OP_stack_value
	.long	.Ltmp282-.Lfunc_begin5
	.long	.Ltmp283-.Lfunc_begin5
	.short	3                               @ Loc expr size
	.byte	17                              @ DW_OP_consts
	.byte	4                               @ 4
	.byte	159                             @ DW_OP_stack_value
	.long	0
	.long	0
	.section	.debug_abbrev,"",%progbits
	.byte	1                               @ Abbreviation Code
	.byte	17                              @ DW_TAG_compile_unit
	.byte	1                               @ DW_CHILDREN_yes
	.byte	37                              @ DW_AT_producer
	.byte	14                              @ DW_FORM_strp
	.byte	19                              @ DW_AT_language
	.byte	5                               @ DW_FORM_data2
	.byte	3                               @ DW_AT_name
	.byte	14                              @ DW_FORM_strp
	.byte	16                              @ DW_AT_stmt_list
	.byte	23                              @ DW_FORM_sec_offset
	.byte	27                              @ DW_AT_comp_dir
	.byte	14                              @ DW_FORM_strp
	.byte	17                              @ DW_AT_low_pc
	.byte	1                               @ DW_FORM_addr
	.byte	85                              @ DW_AT_ranges
	.byte	23                              @ DW_FORM_sec_offset
	.byte	0                               @ EOM(1)
	.byte	0                               @ EOM(2)
	.byte	2                               @ Abbreviation Code
	.byte	52                              @ DW_TAG_variable
	.byte	0                               @ DW_CHILDREN_no
	.byte	3                               @ DW_AT_name
	.byte	14                              @ DW_FORM_strp
	.byte	73                              @ DW_AT_type
	.byte	19                              @ DW_FORM_ref4
	.byte	58                              @ DW_AT_decl_file
	.byte	11                              @ DW_FORM_data1
	.byte	59                              @ DW_AT_decl_line
	.byte	11                              @ DW_FORM_data1
	.byte	2                               @ DW_AT_location
	.byte	24                              @ DW_FORM_exprloc
	.byte	0                               @ EOM(1)
	.byte	0                               @ EOM(2)
	.byte	3                               @ Abbreviation Code
	.byte	1                               @ DW_TAG_array_type
	.byte	1                               @ DW_CHILDREN_yes
	.byte	73                              @ DW_AT_type
	.byte	19                              @ DW_FORM_ref4
	.byte	0                               @ EOM(1)
	.byte	0                               @ EOM(2)
	.byte	4                               @ Abbreviation Code
	.byte	33                              @ DW_TAG_subrange_type
	.byte	0                               @ DW_CHILDREN_no
	.byte	73                              @ DW_AT_type
	.byte	19                              @ DW_FORM_ref4
	.byte	55                              @ DW_AT_count
	.byte	11                              @ DW_FORM_data1
	.byte	0                               @ EOM(1)
	.byte	0                               @ EOM(2)
	.byte	5                               @ Abbreviation Code
	.byte	22                              @ DW_TAG_typedef
	.byte	0                               @ DW_CHILDREN_no
	.byte	73                              @ DW_AT_type
	.byte	19                              @ DW_FORM_ref4
	.byte	3                               @ DW_AT_name
	.byte	14                              @ DW_FORM_strp
	.byte	58                              @ DW_AT_decl_file
	.byte	11                              @ DW_FORM_data1
	.byte	59                              @ DW_AT_decl_line
	.byte	5                               @ DW_FORM_data2
	.byte	0                               @ EOM(1)
	.byte	0                               @ EOM(2)
	.byte	6                               @ Abbreviation Code
	.byte	36                              @ DW_TAG_base_type
	.byte	0                               @ DW_CHILDREN_no
	.byte	3                               @ DW_AT_name
	.byte	14                              @ DW_FORM_strp
	.byte	62                              @ DW_AT_encoding
	.byte	11                              @ DW_FORM_data1
	.byte	11                              @ DW_AT_byte_size
	.byte	11                              @ DW_FORM_data1
	.byte	0                               @ EOM(1)
	.byte	0                               @ EOM(2)
	.byte	7                               @ Abbreviation Code
	.byte	36                              @ DW_TAG_base_type
	.byte	0                               @ DW_CHILDREN_no
	.byte	3                               @ DW_AT_name
	.byte	14                              @ DW_FORM_strp
	.byte	11                              @ DW_AT_byte_size
	.byte	11                              @ DW_FORM_data1
	.byte	62                              @ DW_AT_encoding
	.byte	11                              @ DW_FORM_data1
	.byte	0                               @ EOM(1)
	.byte	0                               @ EOM(2)
	.byte	8                               @ Abbreviation Code
	.byte	52                              @ DW_TAG_variable
	.byte	0                               @ DW_CHILDREN_no
	.byte	3                               @ DW_AT_name
	.byte	14                              @ DW_FORM_strp
	.byte	73                              @ DW_AT_type
	.byte	19                              @ DW_FORM_ref4
	.byte	58                              @ DW_AT_decl_file
	.byte	11                              @ DW_FORM_data1
	.byte	59                              @ DW_AT_decl_line
	.byte	11                              @ DW_FORM_data1
	.byte	0                               @ EOM(1)
	.byte	0                               @ EOM(2)
	.byte	9                               @ Abbreviation Code
	.byte	38                              @ DW_TAG_const_type
	.byte	0                               @ DW_CHILDREN_no
	.byte	73                              @ DW_AT_type
	.byte	19                              @ DW_FORM_ref4
	.byte	0                               @ EOM(1)
	.byte	0                               @ EOM(2)
	.byte	10                              @ Abbreviation Code
	.byte	4                               @ DW_TAG_enumeration_type
	.byte	1                               @ DW_CHILDREN_yes
	.byte	73                              @ DW_AT_type
	.byte	19                              @ DW_FORM_ref4
	.byte	11                              @ DW_AT_byte_size
	.byte	11                              @ DW_FORM_data1
	.byte	58                              @ DW_AT_decl_file
	.byte	11                              @ DW_FORM_data1
	.byte	59                              @ DW_AT_decl_line
	.byte	5                               @ DW_FORM_data2
	.byte	0                               @ EOM(1)
	.byte	0                               @ EOM(2)
	.byte	11                              @ Abbreviation Code
	.byte	40                              @ DW_TAG_enumerator
	.byte	0                               @ DW_CHILDREN_no
	.byte	3                               @ DW_AT_name
	.byte	14                              @ DW_FORM_strp
	.byte	28                              @ DW_AT_const_value
	.byte	13                              @ DW_FORM_sdata
	.byte	0                               @ EOM(1)
	.byte	0                               @ EOM(2)
	.byte	12                              @ Abbreviation Code
	.byte	22                              @ DW_TAG_typedef
	.byte	0                               @ DW_CHILDREN_no
	.byte	73                              @ DW_AT_type
	.byte	19                              @ DW_FORM_ref4
	.byte	3                               @ DW_AT_name
	.byte	14                              @ DW_FORM_strp
	.byte	58                              @ DW_AT_decl_file
	.byte	11                              @ DW_FORM_data1
	.byte	59                              @ DW_AT_decl_line
	.byte	11                              @ DW_FORM_data1
	.byte	0                               @ EOM(1)
	.byte	0                               @ EOM(2)
	.byte	13                              @ Abbreviation Code
	.byte	1                               @ DW_TAG_array_type
	.byte	1                               @ DW_CHILDREN_yes
	.ascii	"\207B"                         @ DW_AT_GNU_vector
	.byte	25                              @ DW_FORM_flag_present
	.byte	11                              @ DW_AT_byte_size
	.byte	11                              @ DW_FORM_data1
	.byte	73                              @ DW_AT_type
	.byte	19                              @ DW_FORM_ref4
	.byte	0                               @ EOM(1)
	.byte	0                               @ EOM(2)
	.byte	14                              @ Abbreviation Code
	.byte	15                              @ DW_TAG_pointer_type
	.byte	0                               @ DW_CHILDREN_no
	.byte	73                              @ DW_AT_type
	.byte	19                              @ DW_FORM_ref4
	.byte	0                               @ EOM(1)
	.byte	0                               @ EOM(2)
	.byte	15                              @ Abbreviation Code
	.byte	46                              @ DW_TAG_subprogram
	.byte	1                               @ DW_CHILDREN_yes
	.byte	3                               @ DW_AT_name
	.byte	14                              @ DW_FORM_strp
	.byte	58                              @ DW_AT_decl_file
	.byte	11                              @ DW_FORM_data1
	.byte	59                              @ DW_AT_decl_line
	.byte	11                              @ DW_FORM_data1
	.byte	39                              @ DW_AT_prototyped
	.byte	25                              @ DW_FORM_flag_present
	.byte	73                              @ DW_AT_type
	.byte	19                              @ DW_FORM_ref4
	.byte	32                              @ DW_AT_inline
	.byte	11                              @ DW_FORM_data1
	.byte	0                               @ EOM(1)
	.byte	0                               @ EOM(2)
	.byte	16                              @ Abbreviation Code
	.byte	5                               @ DW_TAG_formal_parameter
	.byte	0                               @ DW_CHILDREN_no
	.byte	3                               @ DW_AT_name
	.byte	14                              @ DW_FORM_strp
	.byte	58                              @ DW_AT_decl_file
	.byte	11                              @ DW_FORM_data1
	.byte	59                              @ DW_AT_decl_line
	.byte	11                              @ DW_FORM_data1
	.byte	73                              @ DW_AT_type
	.byte	19                              @ DW_FORM_ref4
	.byte	0                               @ EOM(1)
	.byte	0                               @ EOM(2)
	.byte	17                              @ Abbreviation Code
	.byte	52                              @ DW_TAG_variable
	.byte	0                               @ DW_CHILDREN_no
	.byte	3                               @ DW_AT_name
	.byte	14                              @ DW_FORM_strp
	.byte	58                              @ DW_AT_decl_file
	.byte	11                              @ DW_FORM_data1
	.byte	59                              @ DW_AT_decl_line
	.byte	11                              @ DW_FORM_data1
	.byte	73                              @ DW_AT_type
	.byte	19                              @ DW_FORM_ref4
	.byte	0                               @ EOM(1)
	.byte	0                               @ EOM(2)
	.byte	18                              @ Abbreviation Code
	.byte	46                              @ DW_TAG_subprogram
	.byte	1                               @ DW_CHILDREN_yes
	.byte	17                              @ DW_AT_low_pc
	.byte	1                               @ DW_FORM_addr
	.byte	18                              @ DW_AT_high_pc
	.byte	6                               @ DW_FORM_data4
	.byte	64                              @ DW_AT_frame_base
	.byte	24                              @ DW_FORM_exprloc
	.ascii	"\227B"                         @ DW_AT_GNU_all_call_sites
	.byte	25                              @ DW_FORM_flag_present
	.byte	3                               @ DW_AT_name
	.byte	14                              @ DW_FORM_strp
	.byte	58                              @ DW_AT_decl_file
	.byte	11                              @ DW_FORM_data1
	.byte	59                              @ DW_AT_decl_line
	.byte	11                              @ DW_FORM_data1
	.byte	39                              @ DW_AT_prototyped
	.byte	25                              @ DW_FORM_flag_present
	.byte	63                              @ DW_AT_external
	.byte	25                              @ DW_FORM_flag_present
	.byte	0                               @ EOM(1)
	.byte	0                               @ EOM(2)
	.byte	19                              @ Abbreviation Code
	.byte	5                               @ DW_TAG_formal_parameter
	.byte	0                               @ DW_CHILDREN_no
	.byte	2                               @ DW_AT_location
	.byte	23                              @ DW_FORM_sec_offset
	.byte	3                               @ DW_AT_name
	.byte	14                              @ DW_FORM_strp
	.byte	58                              @ DW_AT_decl_file
	.byte	11                              @ DW_FORM_data1
	.byte	59                              @ DW_AT_decl_line
	.byte	11                              @ DW_FORM_data1
	.byte	73                              @ DW_AT_type
	.byte	19                              @ DW_FORM_ref4
	.byte	0                               @ EOM(1)
	.byte	0                               @ EOM(2)
	.byte	20                              @ Abbreviation Code
	.byte	52                              @ DW_TAG_variable
	.byte	0                               @ DW_CHILDREN_no
	.byte	2                               @ DW_AT_location
	.byte	23                              @ DW_FORM_sec_offset
	.byte	3                               @ DW_AT_name
	.byte	14                              @ DW_FORM_strp
	.byte	58                              @ DW_AT_decl_file
	.byte	11                              @ DW_FORM_data1
	.byte	59                              @ DW_AT_decl_line
	.byte	11                              @ DW_FORM_data1
	.byte	73                              @ DW_AT_type
	.byte	19                              @ DW_FORM_ref4
	.byte	0                               @ EOM(1)
	.byte	0                               @ EOM(2)
	.byte	21                              @ Abbreviation Code
	.byte	29                              @ DW_TAG_inlined_subroutine
	.byte	1                               @ DW_CHILDREN_yes
	.byte	49                              @ DW_AT_abstract_origin
	.byte	19                              @ DW_FORM_ref4
	.byte	17                              @ DW_AT_low_pc
	.byte	1                               @ DW_FORM_addr
	.byte	18                              @ DW_AT_high_pc
	.byte	6                               @ DW_FORM_data4
	.byte	88                              @ DW_AT_call_file
	.byte	11                              @ DW_FORM_data1
	.byte	89                              @ DW_AT_call_line
	.byte	11                              @ DW_FORM_data1
	.byte	87                              @ DW_AT_call_column
	.byte	11                              @ DW_FORM_data1
	.byte	0                               @ EOM(1)
	.byte	0                               @ EOM(2)
	.byte	22                              @ Abbreviation Code
	.byte	5                               @ DW_TAG_formal_parameter
	.byte	0                               @ DW_CHILDREN_no
	.byte	2                               @ DW_AT_location
	.byte	23                              @ DW_FORM_sec_offset
	.byte	49                              @ DW_AT_abstract_origin
	.byte	19                              @ DW_FORM_ref4
	.byte	0                               @ EOM(1)
	.byte	0                               @ EOM(2)
	.byte	23                              @ Abbreviation Code
	.byte	52                              @ DW_TAG_variable
	.byte	0                               @ DW_CHILDREN_no
	.byte	2                               @ DW_AT_location
	.byte	23                              @ DW_FORM_sec_offset
	.byte	49                              @ DW_AT_abstract_origin
	.byte	19                              @ DW_FORM_ref4
	.byte	0                               @ EOM(1)
	.byte	0                               @ EOM(2)
	.byte	24                              @ Abbreviation Code
	.byte	29                              @ DW_TAG_inlined_subroutine
	.byte	1                               @ DW_CHILDREN_yes
	.byte	49                              @ DW_AT_abstract_origin
	.byte	19                              @ DW_FORM_ref4
	.byte	85                              @ DW_AT_ranges
	.byte	23                              @ DW_FORM_sec_offset
	.byte	88                              @ DW_AT_call_file
	.byte	11                              @ DW_FORM_data1
	.byte	89                              @ DW_AT_call_line
	.byte	11                              @ DW_FORM_data1
	.byte	87                              @ DW_AT_call_column
	.byte	11                              @ DW_FORM_data1
	.byte	0                               @ EOM(1)
	.byte	0                               @ EOM(2)
	.byte	25                              @ Abbreviation Code
	.byte	46                              @ DW_TAG_subprogram
	.byte	1                               @ DW_CHILDREN_yes
	.byte	17                              @ DW_AT_low_pc
	.byte	1                               @ DW_FORM_addr
	.byte	18                              @ DW_AT_high_pc
	.byte	6                               @ DW_FORM_data4
	.byte	64                              @ DW_AT_frame_base
	.byte	24                              @ DW_FORM_exprloc
	.ascii	"\227B"                         @ DW_AT_GNU_all_call_sites
	.byte	25                              @ DW_FORM_flag_present
	.byte	49                              @ DW_AT_abstract_origin
	.byte	19                              @ DW_FORM_ref4
	.byte	0                               @ EOM(1)
	.byte	0                               @ EOM(2)
	.byte	26                              @ Abbreviation Code
	.byte	5                               @ DW_TAG_formal_parameter
	.byte	0                               @ DW_CHILDREN_no
	.byte	2                               @ DW_AT_location
	.byte	24                              @ DW_FORM_exprloc
	.byte	49                              @ DW_AT_abstract_origin
	.byte	19                              @ DW_FORM_ref4
	.byte	0                               @ EOM(1)
	.byte	0                               @ EOM(2)
	.byte	27                              @ Abbreviation Code
	.byte	11                              @ DW_TAG_lexical_block
	.byte	1                               @ DW_CHILDREN_yes
	.byte	17                              @ DW_AT_low_pc
	.byte	1                               @ DW_FORM_addr
	.byte	18                              @ DW_AT_high_pc
	.byte	6                               @ DW_FORM_data4
	.byte	0                               @ EOM(1)
	.byte	0                               @ EOM(2)
	.byte	28                              @ Abbreviation Code
	.byte	46                              @ DW_TAG_subprogram
	.byte	1                               @ DW_CHILDREN_yes
	.byte	3                               @ DW_AT_name
	.byte	14                              @ DW_FORM_strp
	.byte	58                              @ DW_AT_decl_file
	.byte	11                              @ DW_FORM_data1
	.byte	59                              @ DW_AT_decl_line
	.byte	11                              @ DW_FORM_data1
	.byte	39                              @ DW_AT_prototyped
	.byte	25                              @ DW_FORM_flag_present
	.byte	73                              @ DW_AT_type
	.byte	19                              @ DW_FORM_ref4
	.byte	63                              @ DW_AT_external
	.byte	25                              @ DW_FORM_flag_present
	.byte	32                              @ DW_AT_inline
	.byte	11                              @ DW_FORM_data1
	.byte	0                               @ EOM(1)
	.byte	0                               @ EOM(2)
	.byte	29                              @ Abbreviation Code
	.byte	11                              @ DW_TAG_lexical_block
	.byte	1                               @ DW_CHILDREN_yes
	.byte	0                               @ EOM(1)
	.byte	0                               @ EOM(2)
	.byte	30                              @ Abbreviation Code
	.byte	5                               @ DW_TAG_formal_parameter
	.byte	0                               @ DW_CHILDREN_no
	.byte	2                               @ DW_AT_location
	.byte	24                              @ DW_FORM_exprloc
	.byte	3                               @ DW_AT_name
	.byte	14                              @ DW_FORM_strp
	.byte	58                              @ DW_AT_decl_file
	.byte	11                              @ DW_FORM_data1
	.byte	59                              @ DW_AT_decl_line
	.byte	11                              @ DW_FORM_data1
	.byte	73                              @ DW_AT_type
	.byte	19                              @ DW_FORM_ref4
	.byte	0                               @ EOM(1)
	.byte	0                               @ EOM(2)
	.byte	31                              @ Abbreviation Code
	.byte	23                              @ DW_TAG_union_type
	.byte	1                               @ DW_CHILDREN_yes
	.byte	3                               @ DW_AT_name
	.byte	14                              @ DW_FORM_strp
	.byte	11                              @ DW_AT_byte_size
	.byte	11                              @ DW_FORM_data1
	.byte	58                              @ DW_AT_decl_file
	.byte	11                              @ DW_FORM_data1
	.byte	59                              @ DW_AT_decl_line
	.byte	11                              @ DW_FORM_data1
	.byte	0                               @ EOM(1)
	.byte	0                               @ EOM(2)
	.byte	32                              @ Abbreviation Code
	.byte	13                              @ DW_TAG_member
	.byte	0                               @ DW_CHILDREN_no
	.byte	3                               @ DW_AT_name
	.byte	14                              @ DW_FORM_strp
	.byte	73                              @ DW_AT_type
	.byte	19                              @ DW_FORM_ref4
	.byte	58                              @ DW_AT_decl_file
	.byte	11                              @ DW_FORM_data1
	.byte	59                              @ DW_AT_decl_line
	.byte	11                              @ DW_FORM_data1
	.byte	56                              @ DW_AT_data_member_location
	.byte	11                              @ DW_FORM_data1
	.byte	0                               @ EOM(1)
	.byte	0                               @ EOM(2)
	.byte	33                              @ Abbreviation Code
	.byte	46                              @ DW_TAG_subprogram
	.byte	1                               @ DW_CHILDREN_yes
	.byte	17                              @ DW_AT_low_pc
	.byte	1                               @ DW_FORM_addr
	.byte	18                              @ DW_AT_high_pc
	.byte	6                               @ DW_FORM_data4
	.byte	64                              @ DW_AT_frame_base
	.byte	24                              @ DW_FORM_exprloc
	.ascii	"\227B"                         @ DW_AT_GNU_all_call_sites
	.byte	25                              @ DW_FORM_flag_present
	.byte	3                               @ DW_AT_name
	.byte	14                              @ DW_FORM_strp
	.byte	58                              @ DW_AT_decl_file
	.byte	11                              @ DW_FORM_data1
	.byte	59                              @ DW_AT_decl_line
	.byte	11                              @ DW_FORM_data1
	.byte	39                              @ DW_AT_prototyped
	.byte	25                              @ DW_FORM_flag_present
	.byte	73                              @ DW_AT_type
	.byte	19                              @ DW_FORM_ref4
	.byte	63                              @ DW_AT_external
	.byte	25                              @ DW_FORM_flag_present
	.byte	0                               @ EOM(1)
	.byte	0                               @ EOM(2)
	.byte	0                               @ EOM(3)
	.section	.debug_info,"",%progbits
.Lcu_begin0:
	.long	.Ldebug_info_end0-.Ldebug_info_start0 @ Length of Unit
.Ldebug_info_start0:
	.short	4                               @ DWARF version number
	.long	.debug_abbrev                   @ Offset Into Abbrev. Section
	.byte	4                               @ Address Size (in bytes)
	.byte	1                               @ Abbrev [1] 0xb:0xa51 DW_TAG_compile_unit
	.long	.Linfo_string0                  @ DW_AT_producer
	.short	29                              @ DW_AT_language
	.long	.Linfo_string1                  @ DW_AT_name
	.long	.Lline_table_start0             @ DW_AT_stmt_list
	.long	.Linfo_string2                  @ DW_AT_comp_dir
	.long	0                               @ DW_AT_low_pc
	.long	.Ldebug_ranges4                 @ DW_AT_ranges
	.byte	2                               @ Abbrev [2] 0x26:0x11 DW_TAG_variable
	.long	.Linfo_string3                  @ DW_AT_name
	.long	55                              @ DW_AT_type
	.byte	2                               @ DW_AT_decl_file
	.byte	63                              @ DW_AT_decl_line
	.byte	5                               @ DW_AT_location
	.byte	3
	.long	lut_logf16
	.byte	3                               @ Abbrev [3] 0x37:0xc DW_TAG_array_type
	.long	67                              @ DW_AT_type
	.byte	4                               @ Abbrev [4] 0x3c:0x6 DW_TAG_subrange_type
	.long	86                              @ DW_AT_type
	.byte	36                              @ DW_AT_count
	.byte	0                               @ End Of Children Mark
	.byte	5                               @ Abbrev [5] 0x43:0xc DW_TAG_typedef
	.long	79                              @ DW_AT_type
	.long	.Linfo_string5                  @ DW_AT_name
	.byte	1                               @ DW_AT_decl_file
	.short	7787                            @ DW_AT_decl_line
	.byte	6                               @ Abbrev [6] 0x4f:0x7 DW_TAG_base_type
	.long	.Linfo_string4                  @ DW_AT_name
	.byte	4                               @ DW_AT_encoding
	.byte	2                               @ DW_AT_byte_size
	.byte	7                               @ Abbrev [7] 0x56:0x7 DW_TAG_base_type
	.long	.Linfo_string6                  @ DW_AT_name
	.byte	8                               @ DW_AT_byte_size
	.byte	7                               @ DW_AT_encoding
	.byte	8                               @ Abbrev [8] 0x5d:0xb DW_TAG_variable
	.long	.Linfo_string7                  @ DW_AT_name
	.long	104                             @ DW_AT_type
	.byte	3                               @ DW_AT_decl_file
	.byte	47                              @ DW_AT_decl_line
	.byte	3                               @ Abbrev [3] 0x68:0xc DW_TAG_array_type
	.long	116                             @ DW_AT_type
	.byte	4                               @ Abbrev [4] 0x6d:0x6 DW_TAG_subrange_type
	.long	86                              @ DW_AT_type
	.byte	5                               @ DW_AT_count
	.byte	0                               @ End Of Children Mark
	.byte	9                               @ Abbrev [9] 0x74:0x5 DW_TAG_const_type
	.long	67                              @ DW_AT_type
	.byte	10                              @ Abbrev [10] 0x79:0x3a DW_TAG_enumeration_type
	.long	179                             @ DW_AT_type
	.byte	1                               @ DW_AT_byte_size
	.byte	4                               @ DW_AT_decl_file
	.short	588                             @ DW_AT_decl_line
	.byte	11                              @ Abbrev [11] 0x82:0x6 DW_TAG_enumerator
	.long	.Linfo_string9                  @ DW_AT_name
	.byte	0                               @ DW_AT_const_value
	.byte	11                              @ Abbrev [11] 0x88:0x6 DW_TAG_enumerator
	.long	.Linfo_string10                 @ DW_AT_name
	.byte	127                             @ DW_AT_const_value
	.byte	11                              @ Abbrev [11] 0x8e:0x6 DW_TAG_enumerator
	.long	.Linfo_string11                 @ DW_AT_name
	.byte	126                             @ DW_AT_const_value
	.byte	11                              @ Abbrev [11] 0x94:0x6 DW_TAG_enumerator
	.long	.Linfo_string12                 @ DW_AT_name
	.byte	125                             @ DW_AT_const_value
	.byte	11                              @ Abbrev [11] 0x9a:0x6 DW_TAG_enumerator
	.long	.Linfo_string13                 @ DW_AT_name
	.byte	124                             @ DW_AT_const_value
	.byte	11                              @ Abbrev [11] 0xa0:0x6 DW_TAG_enumerator
	.long	.Linfo_string14                 @ DW_AT_name
	.byte	123                             @ DW_AT_const_value
	.byte	11                              @ Abbrev [11] 0xa6:0x6 DW_TAG_enumerator
	.long	.Linfo_string15                 @ DW_AT_name
	.byte	122                             @ DW_AT_const_value
	.byte	11                              @ Abbrev [11] 0xac:0x6 DW_TAG_enumerator
	.long	.Linfo_string16                 @ DW_AT_name
	.byte	121                             @ DW_AT_const_value
	.byte	0                               @ End Of Children Mark
	.byte	6                               @ Abbrev [6] 0xb3:0x7 DW_TAG_base_type
	.long	.Linfo_string8                  @ DW_AT_name
	.byte	6                               @ DW_AT_encoding
	.byte	1                               @ DW_AT_byte_size
	.byte	6                               @ Abbrev [6] 0xba:0x7 DW_TAG_base_type
	.long	.Linfo_string17                 @ DW_AT_name
	.byte	4                               @ DW_AT_encoding
	.byte	2                               @ DW_AT_byte_size
	.byte	5                               @ Abbrev [5] 0xc1:0xc DW_TAG_typedef
	.long	205                             @ DW_AT_type
	.long	.Linfo_string19                 @ DW_AT_name
	.byte	4                               @ DW_AT_decl_file
	.short	334                             @ DW_AT_decl_line
	.byte	6                               @ Abbrev [6] 0xcd:0x7 DW_TAG_base_type
	.long	.Linfo_string18                 @ DW_AT_name
	.byte	4                               @ DW_AT_encoding
	.byte	4                               @ DW_AT_byte_size
	.byte	6                               @ Abbrev [6] 0xd4:0x7 DW_TAG_base_type
	.long	.Linfo_string20                 @ DW_AT_name
	.byte	5                               @ DW_AT_encoding
	.byte	4                               @ DW_AT_byte_size
	.byte	6                               @ Abbrev [6] 0xdb:0x7 DW_TAG_base_type
	.long	.Linfo_string21                 @ DW_AT_name
	.byte	4                               @ DW_AT_encoding
	.byte	8                               @ DW_AT_byte_size
	.byte	12                              @ Abbrev [12] 0xe2:0xb DW_TAG_typedef
	.long	237                             @ DW_AT_type
	.long	.Linfo_string24                 @ DW_AT_name
	.byte	1                               @ DW_AT_decl_file
	.byte	37                              @ DW_AT_decl_line
	.byte	13                              @ Abbrev [13] 0xed:0xd DW_TAG_array_type
                                        @ DW_AT_GNU_vector
	.byte	16                              @ DW_AT_byte_size
	.long	250                             @ DW_AT_type
	.byte	4                               @ Abbrev [4] 0xf3:0x6 DW_TAG_subrange_type
	.long	86                              @ DW_AT_type
	.byte	8                               @ DW_AT_count
	.byte	0                               @ End Of Children Mark
	.byte	12                              @ Abbrev [12] 0xfa:0xb DW_TAG_typedef
	.long	261                             @ DW_AT_type
	.long	.Linfo_string23                 @ DW_AT_name
	.byte	5                               @ DW_AT_decl_file
	.byte	63                              @ DW_AT_decl_line
	.byte	6                               @ Abbrev [6] 0x105:0x7 DW_TAG_base_type
	.long	.Linfo_string22                 @ DW_AT_name
	.byte	7                               @ DW_AT_encoding
	.byte	2                               @ DW_AT_byte_size
	.byte	5                               @ Abbrev [5] 0x10c:0xc DW_TAG_typedef
	.long	280                             @ DW_AT_type
	.long	.Linfo_string25                 @ DW_AT_name
	.byte	1                               @ DW_AT_decl_file
	.short	7789                            @ DW_AT_decl_line
	.byte	13                              @ Abbrev [13] 0x118:0xd DW_TAG_array_type
                                        @ DW_AT_GNU_vector
	.byte	16                              @ DW_AT_byte_size
	.long	67                              @ DW_AT_type
	.byte	4                               @ Abbrev [4] 0x11e:0x6 DW_TAG_subrange_type
	.long	86                              @ DW_AT_type
	.byte	8                               @ DW_AT_count
	.byte	0                               @ End Of Children Mark
	.byte	12                              @ Abbrev [12] 0x125:0xb DW_TAG_typedef
	.long	304                             @ DW_AT_type
	.long	.Linfo_string28                 @ DW_AT_name
	.byte	1                               @ DW_AT_decl_file
	.byte	25                              @ DW_AT_decl_line
	.byte	13                              @ Abbrev [13] 0x130:0xd DW_TAG_array_type
                                        @ DW_AT_GNU_vector
	.byte	16                              @ DW_AT_byte_size
	.long	317                             @ DW_AT_type
	.byte	4                               @ Abbrev [4] 0x136:0x6 DW_TAG_subrange_type
	.long	86                              @ DW_AT_type
	.byte	8                               @ DW_AT_count
	.byte	0                               @ End Of Children Mark
	.byte	12                              @ Abbrev [12] 0x13d:0xb DW_TAG_typedef
	.long	328                             @ DW_AT_type
	.long	.Linfo_string27                 @ DW_AT_name
	.byte	5                               @ DW_AT_decl_file
	.byte	57                              @ DW_AT_decl_line
	.byte	6                               @ Abbrev [6] 0x148:0x7 DW_TAG_base_type
	.long	.Linfo_string26                 @ DW_AT_name
	.byte	5                               @ DW_AT_encoding
	.byte	2                               @ DW_AT_byte_size
	.byte	14                              @ Abbrev [14] 0x14f:0x5 DW_TAG_pointer_type
	.long	317                             @ DW_AT_type
	.byte	14                              @ Abbrev [14] 0x154:0x5 DW_TAG_pointer_type
	.long	345                             @ DW_AT_type
	.byte	6                               @ Abbrev [6] 0x159:0x7 DW_TAG_base_type
	.long	.Linfo_string29                 @ DW_AT_name
	.byte	8                               @ DW_AT_encoding
	.byte	1                               @ DW_AT_byte_size
	.byte	14                              @ Abbrev [14] 0x160:0x5 DW_TAG_pointer_type
	.long	67                              @ DW_AT_type
	.byte	14                              @ Abbrev [14] 0x165:0x5 DW_TAG_pointer_type
	.long	362                             @ DW_AT_type
	.byte	6                               @ Abbrev [6] 0x16a:0x7 DW_TAG_base_type
	.long	.Linfo_string30                 @ DW_AT_name
	.byte	7                               @ DW_AT_encoding
	.byte	4                               @ DW_AT_byte_size
	.byte	15                              @ Abbrev [15] 0x171:0x39 DW_TAG_subprogram
	.long	.Linfo_string31                 @ DW_AT_name
	.byte	7                               @ DW_AT_decl_file
	.byte	218                             @ DW_AT_decl_line
                                        @ DW_AT_prototyped
	.long	268                             @ DW_AT_type
	.byte	1                               @ DW_AT_inline
	.byte	16                              @ Abbrev [16] 0x17d:0xb DW_TAG_formal_parameter
	.long	.Linfo_string32                 @ DW_AT_name
	.byte	7                               @ DW_AT_decl_file
	.byte	219                             @ DW_AT_decl_line
	.long	268                             @ DW_AT_type
	.byte	17                              @ Abbrev [17] 0x188:0xb DW_TAG_variable
	.long	.Linfo_string33                 @ DW_AT_name
	.byte	7                               @ DW_AT_decl_file
	.byte	223                             @ DW_AT_decl_line
	.long	268                             @ DW_AT_type
	.byte	17                              @ Abbrev [17] 0x193:0xb DW_TAG_variable
	.long	.Linfo_string34                 @ DW_AT_name
	.byte	7                               @ DW_AT_decl_file
	.byte	222                             @ DW_AT_decl_line
	.long	293                             @ DW_AT_type
	.byte	17                              @ Abbrev [17] 0x19e:0xb DW_TAG_variable
	.long	.Linfo_string35                 @ DW_AT_name
	.byte	7                               @ DW_AT_decl_file
	.byte	226                             @ DW_AT_decl_line
	.long	268                             @ DW_AT_type
	.byte	0                               @ End Of Children Mark
	.byte	15                              @ Abbrev [15] 0x1aa:0x70 DW_TAG_subprogram
	.long	.Linfo_string36                 @ DW_AT_name
	.byte	7                               @ DW_AT_decl_file
	.byte	131                             @ DW_AT_decl_line
                                        @ DW_AT_prototyped
	.long	268                             @ DW_AT_type
	.byte	1                               @ DW_AT_inline
	.byte	16                              @ Abbrev [16] 0x1b6:0xb DW_TAG_formal_parameter
	.long	.Linfo_string32                 @ DW_AT_name
	.byte	7                               @ DW_AT_decl_file
	.byte	132                             @ DW_AT_decl_line
	.long	268                             @ DW_AT_type
	.byte	16                              @ Abbrev [16] 0x1c1:0xb DW_TAG_formal_parameter
	.long	.Linfo_string37                 @ DW_AT_name
	.byte	7                               @ DW_AT_decl_file
	.byte	133                             @ DW_AT_decl_line
	.long	538                             @ DW_AT_type
	.byte	17                              @ Abbrev [17] 0x1cc:0xb DW_TAG_variable
	.long	.Linfo_string38                 @ DW_AT_name
	.byte	7                               @ DW_AT_decl_file
	.byte	135                             @ DW_AT_decl_line
	.long	268                             @ DW_AT_type
	.byte	17                              @ Abbrev [17] 0x1d7:0xb DW_TAG_variable
	.long	.Linfo_string39                 @ DW_AT_name
	.byte	7                               @ DW_AT_decl_file
	.byte	136                             @ DW_AT_decl_line
	.long	268                             @ DW_AT_type
	.byte	17                              @ Abbrev [17] 0x1e2:0xb DW_TAG_variable
	.long	.Linfo_string40                 @ DW_AT_name
	.byte	7                               @ DW_AT_decl_file
	.byte	137                             @ DW_AT_decl_line
	.long	268                             @ DW_AT_type
	.byte	17                              @ Abbrev [17] 0x1ed:0xb DW_TAG_variable
	.long	.Linfo_string41                 @ DW_AT_name
	.byte	7                               @ DW_AT_decl_file
	.byte	138                             @ DW_AT_decl_line
	.long	268                             @ DW_AT_type
	.byte	17                              @ Abbrev [17] 0x1f8:0xb DW_TAG_variable
	.long	.Linfo_string42                 @ DW_AT_name
	.byte	7                               @ DW_AT_decl_file
	.byte	139                             @ DW_AT_decl_line
	.long	268                             @ DW_AT_type
	.byte	17                              @ Abbrev [17] 0x203:0xb DW_TAG_variable
	.long	.Linfo_string43                 @ DW_AT_name
	.byte	7                               @ DW_AT_decl_file
	.byte	140                             @ DW_AT_decl_line
	.long	268                             @ DW_AT_type
	.byte	17                              @ Abbrev [17] 0x20e:0xb DW_TAG_variable
	.long	.Linfo_string44                 @ DW_AT_name
	.byte	7                               @ DW_AT_decl_file
	.byte	141                             @ DW_AT_decl_line
	.long	268                             @ DW_AT_type
	.byte	0                               @ End Of Children Mark
	.byte	14                              @ Abbrev [14] 0x21a:0x5 DW_TAG_pointer_type
	.long	116                             @ DW_AT_type
	.byte	18                              @ Abbrev [18] 0x21f:0xed DW_TAG_subprogram
	.long	.Lfunc_begin0                   @ DW_AT_low_pc
	.long	.Lfunc_end0-.Lfunc_begin0       @ DW_AT_high_pc
	.byte	1                               @ DW_AT_frame_base
	.byte	93
                                        @ DW_AT_GNU_all_call_sites
	.long	.Linfo_string73                 @ DW_AT_name
	.byte	6                               @ DW_AT_decl_file
	.byte	49                              @ DW_AT_decl_line
                                        @ DW_AT_prototyped
                                        @ DW_AT_external
	.byte	19                              @ Abbrev [19] 0x230:0xf DW_TAG_formal_parameter
	.long	.Ldebug_loc1                    @ DW_AT_location
	.long	.Linfo_string80                 @ DW_AT_name
	.byte	6                               @ DW_AT_decl_file
	.byte	50                              @ DW_AT_decl_line
	.long	538                             @ DW_AT_type
	.byte	19                              @ Abbrev [19] 0x23f:0xf DW_TAG_formal_parameter
	.long	.Ldebug_loc2                    @ DW_AT_location
	.long	.Linfo_string81                 @ DW_AT_name
	.byte	6                               @ DW_AT_decl_file
	.byte	51                              @ DW_AT_decl_line
	.long	352                             @ DW_AT_type
	.byte	19                              @ Abbrev [19] 0x24e:0xf DW_TAG_formal_parameter
	.long	.Ldebug_loc0                    @ DW_AT_location
	.long	.Linfo_string78                 @ DW_AT_name
	.byte	6                               @ DW_AT_decl_file
	.byte	52                              @ DW_AT_decl_line
	.long	2640                            @ DW_AT_type
	.byte	20                              @ Abbrev [20] 0x25d:0xf DW_TAG_variable
	.long	.Ldebug_loc3                    @ DW_AT_location
	.long	.Linfo_string82                 @ DW_AT_name
	.byte	6                               @ DW_AT_decl_file
	.byte	54                              @ DW_AT_decl_line
	.long	2640                            @ DW_AT_type
	.byte	20                              @ Abbrev [20] 0x26c:0xf DW_TAG_variable
	.long	.Ldebug_loc5                    @ DW_AT_location
	.long	.Linfo_string83                 @ DW_AT_name
	.byte	6                               @ DW_AT_decl_file
	.byte	58                              @ DW_AT_decl_line
	.long	1841                            @ DW_AT_type
	.byte	20                              @ Abbrev [20] 0x27b:0xf DW_TAG_variable
	.long	.Ldebug_loc16                   @ DW_AT_location
	.long	.Linfo_string84                 @ DW_AT_name
	.byte	6                               @ DW_AT_decl_file
	.byte	59                              @ DW_AT_decl_line
	.long	1841                            @ DW_AT_type
	.byte	21                              @ Abbrev [21] 0x28a:0x81 DW_TAG_inlined_subroutine
	.long	369                             @ DW_AT_abstract_origin
	.long	.Ltmp5                          @ DW_AT_low_pc
	.long	.Ltmp27-.Ltmp5                  @ DW_AT_high_pc
	.byte	6                               @ DW_AT_call_file
	.byte	66                              @ DW_AT_call_line
	.byte	13                              @ DW_AT_call_column
	.byte	22                              @ Abbrev [22] 0x29a:0x9 DW_TAG_formal_parameter
	.long	.Ldebug_loc4                    @ DW_AT_location
	.long	381                             @ DW_AT_abstract_origin
	.byte	23                              @ Abbrev [23] 0x2a3:0x9 DW_TAG_variable
	.long	.Ldebug_loc7                    @ DW_AT_location
	.long	392                             @ DW_AT_abstract_origin
	.byte	23                              @ Abbrev [23] 0x2ac:0x9 DW_TAG_variable
	.long	.Ldebug_loc10                   @ DW_AT_location
	.long	403                             @ DW_AT_abstract_origin
	.byte	23                              @ Abbrev [23] 0x2b5:0x9 DW_TAG_variable
	.long	.Ldebug_loc15                   @ DW_AT_location
	.long	414                             @ DW_AT_abstract_origin
	.byte	24                              @ Abbrev [24] 0x2be:0x4c DW_TAG_inlined_subroutine
	.long	426                             @ DW_AT_abstract_origin
	.long	.Ldebug_ranges0                 @ DW_AT_ranges
	.byte	7                               @ DW_AT_call_file
	.byte	226                             @ DW_AT_call_line
	.byte	32                              @ DW_AT_call_column
	.byte	22                              @ Abbrev [22] 0x2ca:0x9 DW_TAG_formal_parameter
	.long	.Ldebug_loc6                    @ DW_AT_location
	.long	438                             @ DW_AT_abstract_origin
	.byte	23                              @ Abbrev [23] 0x2d3:0x9 DW_TAG_variable
	.long	.Ldebug_loc8                    @ DW_AT_location
	.long	460                             @ DW_AT_abstract_origin
	.byte	23                              @ Abbrev [23] 0x2dc:0x9 DW_TAG_variable
	.long	.Ldebug_loc9                    @ DW_AT_location
	.long	471                             @ DW_AT_abstract_origin
	.byte	23                              @ Abbrev [23] 0x2e5:0x9 DW_TAG_variable
	.long	.Ldebug_loc11                   @ DW_AT_location
	.long	482                             @ DW_AT_abstract_origin
	.byte	23                              @ Abbrev [23] 0x2ee:0x9 DW_TAG_variable
	.long	.Ldebug_loc12                   @ DW_AT_location
	.long	493                             @ DW_AT_abstract_origin
	.byte	23                              @ Abbrev [23] 0x2f7:0x9 DW_TAG_variable
	.long	.Ldebug_loc13                   @ DW_AT_location
	.long	504                             @ DW_AT_abstract_origin
	.byte	23                              @ Abbrev [23] 0x300:0x9 DW_TAG_variable
	.long	.Ldebug_loc14                   @ DW_AT_location
	.long	515                             @ DW_AT_abstract_origin
	.byte	0                               @ End Of Children Mark
	.byte	0                               @ End Of Children Mark
	.byte	0                               @ End Of Children Mark
	.byte	15                              @ Abbrev [15] 0x30c:0x23 DW_TAG_subprogram
	.long	.Linfo_string45                 @ DW_AT_name
	.byte	8                               @ DW_AT_decl_file
	.byte	167                             @ DW_AT_decl_line
                                        @ DW_AT_prototyped
	.long	317                             @ DW_AT_type
	.byte	1                               @ DW_AT_inline
	.byte	16                              @ Abbrev [16] 0x318:0xb DW_TAG_formal_parameter
	.long	.Linfo_string32                 @ DW_AT_name
	.byte	8                               @ DW_AT_decl_file
	.byte	167                             @ DW_AT_decl_line
	.long	67                              @ DW_AT_type
	.byte	17                              @ Abbrev [17] 0x323:0xb DW_TAG_variable
	.long	.Linfo_string44                 @ DW_AT_name
	.byte	8                               @ DW_AT_decl_file
	.byte	169                             @ DW_AT_decl_line
	.long	317                             @ DW_AT_type
	.byte	0                               @ End Of Children Mark
	.byte	15                              @ Abbrev [15] 0x32f:0x23 DW_TAG_subprogram
	.long	.Linfo_string46                 @ DW_AT_name
	.byte	8                               @ DW_AT_decl_file
	.byte	186                             @ DW_AT_decl_line
                                        @ DW_AT_prototyped
	.long	67                              @ DW_AT_type
	.byte	1                               @ DW_AT_inline
	.byte	16                              @ Abbrev [16] 0x33b:0xb DW_TAG_formal_parameter
	.long	.Linfo_string32                 @ DW_AT_name
	.byte	8                               @ DW_AT_decl_file
	.byte	186                             @ DW_AT_decl_line
	.long	317                             @ DW_AT_type
	.byte	17                              @ Abbrev [17] 0x346:0xb DW_TAG_variable
	.long	.Linfo_string44                 @ DW_AT_name
	.byte	8                               @ DW_AT_decl_file
	.byte	188                             @ DW_AT_decl_line
	.long	67                              @ DW_AT_type
	.byte	0                               @ End Of Children Mark
	.byte	25                              @ Abbrev [25] 0x352:0xaf DW_TAG_subprogram
	.long	.Lfunc_begin1                   @ DW_AT_low_pc
	.long	.Lfunc_end1-.Lfunc_begin1       @ DW_AT_high_pc
	.byte	1                               @ DW_AT_frame_base
	.byte	93
                                        @ DW_AT_GNU_all_call_sites
	.long	1286                            @ DW_AT_abstract_origin
	.byte	22                              @ Abbrev [22] 0x361:0x9 DW_TAG_formal_parameter
	.long	.Ldebug_loc17                   @ DW_AT_location
	.long	1298                            @ DW_AT_abstract_origin
	.byte	23                              @ Abbrev [23] 0x36a:0x9 DW_TAG_variable
	.long	.Ldebug_loc18                   @ DW_AT_location
	.long	1309                            @ DW_AT_abstract_origin
	.byte	23                              @ Abbrev [23] 0x373:0x9 DW_TAG_variable
	.long	.Ldebug_loc20                   @ DW_AT_location
	.long	1320                            @ DW_AT_abstract_origin
	.byte	23                              @ Abbrev [23] 0x37c:0x9 DW_TAG_variable
	.long	.Ldebug_loc21                   @ DW_AT_location
	.long	1331                            @ DW_AT_abstract_origin
	.byte	23                              @ Abbrev [23] 0x385:0x9 DW_TAG_variable
	.long	.Ldebug_loc22                   @ DW_AT_location
	.long	1342                            @ DW_AT_abstract_origin
	.byte	23                              @ Abbrev [23] 0x38e:0x9 DW_TAG_variable
	.long	.Ldebug_loc23                   @ DW_AT_location
	.long	1353                            @ DW_AT_abstract_origin
	.byte	23                              @ Abbrev [23] 0x397:0x9 DW_TAG_variable
	.long	.Ldebug_loc24                   @ DW_AT_location
	.long	1364                            @ DW_AT_abstract_origin
	.byte	23                              @ Abbrev [23] 0x3a0:0x9 DW_TAG_variable
	.long	.Ldebug_loc25                   @ DW_AT_location
	.long	1375                            @ DW_AT_abstract_origin
	.byte	23                              @ Abbrev [23] 0x3a9:0x9 DW_TAG_variable
	.long	.Ldebug_loc27                   @ DW_AT_location
	.long	1386                            @ DW_AT_abstract_origin
	.byte	21                              @ Abbrev [21] 0x3b2:0x23 DW_TAG_inlined_subroutine
	.long	780                             @ DW_AT_abstract_origin
	.long	.Lfunc_begin1                   @ DW_AT_low_pc
	.long	.Ltmp67-.Lfunc_begin1           @ DW_AT_high_pc
	.byte	2                               @ DW_AT_call_file
	.byte	77                              @ DW_AT_call_line
	.byte	18                              @ DW_AT_call_column
	.byte	26                              @ Abbrev [26] 0x3c2:0x9 DW_TAG_formal_parameter
	.byte	3                               @ DW_AT_location
	.byte	144
	.ascii	"\200\002"
	.long	792                             @ DW_AT_abstract_origin
	.byte	23                              @ Abbrev [23] 0x3cb:0x9 DW_TAG_variable
	.long	.Ldebug_loc19                   @ DW_AT_location
	.long	803                             @ DW_AT_abstract_origin
	.byte	0                               @ End Of Children Mark
	.byte	21                              @ Abbrev [21] 0x3d5:0x18 DW_TAG_inlined_subroutine
	.long	815                             @ DW_AT_abstract_origin
	.long	.Ltmp70                         @ DW_AT_low_pc
	.long	.Ltmp71-.Ltmp70                 @ DW_AT_high_pc
	.byte	2                               @ DW_AT_call_file
	.byte	81                              @ DW_AT_call_line
	.byte	28                              @ DW_AT_call_column
	.byte	26                              @ Abbrev [26] 0x3e5:0x7 DW_TAG_formal_parameter
	.byte	1                               @ DW_AT_location
	.byte	80
	.long	827                             @ DW_AT_abstract_origin
	.byte	0                               @ End Of Children Mark
	.byte	27                              @ Abbrev [27] 0x3ed:0x13 DW_TAG_lexical_block
	.long	.Ltmp77                         @ DW_AT_low_pc
	.long	.Ltmp79-.Ltmp77                 @ DW_AT_high_pc
	.byte	23                              @ Abbrev [23] 0x3f6:0x9 DW_TAG_variable
	.long	.Ldebug_loc26                   @ DW_AT_location
	.long	1398                            @ DW_AT_abstract_origin
	.byte	0                               @ End Of Children Mark
	.byte	0                               @ End Of Children Mark
	.byte	25                              @ Abbrev [25] 0x401:0x7d DW_TAG_subprogram
	.long	.Lfunc_begin2                   @ DW_AT_low_pc
	.long	.Lfunc_end2-.Lfunc_begin2       @ DW_AT_high_pc
	.byte	1                               @ DW_AT_frame_base
	.byte	93
                                        @ DW_AT_GNU_all_call_sites
	.long	1150                            @ DW_AT_abstract_origin
	.byte	22                              @ Abbrev [22] 0x410:0x9 DW_TAG_formal_parameter
	.long	.Ldebug_loc28                   @ DW_AT_location
	.long	1162                            @ DW_AT_abstract_origin
	.byte	23                              @ Abbrev [23] 0x419:0x9 DW_TAG_variable
	.long	.Ldebug_loc29                   @ DW_AT_location
	.long	1173                            @ DW_AT_abstract_origin
	.byte	23                              @ Abbrev [23] 0x422:0x9 DW_TAG_variable
	.long	.Ldebug_loc30                   @ DW_AT_location
	.long	1184                            @ DW_AT_abstract_origin
	.byte	23                              @ Abbrev [23] 0x42b:0x9 DW_TAG_variable
	.long	.Ldebug_loc31                   @ DW_AT_location
	.long	1195                            @ DW_AT_abstract_origin
	.byte	23                              @ Abbrev [23] 0x434:0x9 DW_TAG_variable
	.long	.Ldebug_loc32                   @ DW_AT_location
	.long	1206                            @ DW_AT_abstract_origin
	.byte	23                              @ Abbrev [23] 0x43d:0x9 DW_TAG_variable
	.long	.Ldebug_loc33                   @ DW_AT_location
	.long	1228                            @ DW_AT_abstract_origin
	.byte	23                              @ Abbrev [23] 0x446:0x9 DW_TAG_variable
	.long	.Ldebug_loc34                   @ DW_AT_location
	.long	1217                            @ DW_AT_abstract_origin
	.byte	23                              @ Abbrev [23] 0x44f:0x9 DW_TAG_variable
	.long	.Ldebug_loc36                   @ DW_AT_location
	.long	1250                            @ DW_AT_abstract_origin
	.byte	23                              @ Abbrev [23] 0x458:0x9 DW_TAG_variable
	.long	.Ldebug_loc37                   @ DW_AT_location
	.long	1239                            @ DW_AT_abstract_origin
	.byte	23                              @ Abbrev [23] 0x461:0x9 DW_TAG_variable
	.long	.Ldebug_loc38                   @ DW_AT_location
	.long	1261                            @ DW_AT_abstract_origin
	.byte	27                              @ Abbrev [27] 0x46a:0x13 DW_TAG_lexical_block
	.long	.Ltmp96                         @ DW_AT_low_pc
	.long	.Ltmp101-.Ltmp96                @ DW_AT_high_pc
	.byte	23                              @ Abbrev [23] 0x473:0x9 DW_TAG_variable
	.long	.Ldebug_loc35                   @ DW_AT_location
	.long	1273                            @ DW_AT_abstract_origin
	.byte	0                               @ End Of Children Mark
	.byte	0                               @ End Of Children Mark
	.byte	28                              @ Abbrev [28] 0x47e:0x88 DW_TAG_subprogram
	.long	.Linfo_string47                 @ DW_AT_name
	.byte	2                               @ DW_AT_decl_file
	.byte	111                             @ DW_AT_decl_line
                                        @ DW_AT_prototyped
	.long	268                             @ DW_AT_type
                                        @ DW_AT_external
	.byte	1                               @ DW_AT_inline
	.byte	16                              @ Abbrev [16] 0x48a:0xb DW_TAG_formal_parameter
	.long	.Linfo_string48                 @ DW_AT_name
	.byte	2                               @ DW_AT_decl_file
	.byte	111                             @ DW_AT_decl_line
	.long	268                             @ DW_AT_type
	.byte	17                              @ Abbrev [17] 0x495:0xb DW_TAG_variable
	.long	.Linfo_string49                 @ DW_AT_name
	.byte	2                               @ DW_AT_decl_file
	.byte	113                             @ DW_AT_decl_line
	.long	293                             @ DW_AT_type
	.byte	17                              @ Abbrev [17] 0x4a0:0xb DW_TAG_variable
	.long	.Linfo_string50                 @ DW_AT_name
	.byte	2                               @ DW_AT_decl_file
	.byte	115                             @ DW_AT_decl_line
	.long	293                             @ DW_AT_type
	.byte	17                              @ Abbrev [17] 0x4ab:0xb DW_TAG_variable
	.long	.Linfo_string51                 @ DW_AT_name
	.byte	2                               @ DW_AT_decl_file
	.byte	117                             @ DW_AT_decl_line
	.long	268                             @ DW_AT_type
	.byte	17                              @ Abbrev [17] 0x4b6:0xb DW_TAG_variable
	.long	.Linfo_string52                 @ DW_AT_name
	.byte	2                               @ DW_AT_decl_file
	.byte	121                             @ DW_AT_decl_line
	.long	293                             @ DW_AT_type
	.byte	17                              @ Abbrev [17] 0x4c1:0xb DW_TAG_variable
	.long	.Linfo_string53                 @ DW_AT_name
	.byte	2                               @ DW_AT_decl_file
	.byte	122                             @ DW_AT_decl_line
	.long	293                             @ DW_AT_type
	.byte	17                              @ Abbrev [17] 0x4cc:0xb DW_TAG_variable
	.long	.Linfo_string54                 @ DW_AT_name
	.byte	2                               @ DW_AT_decl_file
	.byte	124                             @ DW_AT_decl_line
	.long	268                             @ DW_AT_type
	.byte	17                              @ Abbrev [17] 0x4d7:0xb DW_TAG_variable
	.long	.Linfo_string55                 @ DW_AT_name
	.byte	2                               @ DW_AT_decl_file
	.byte	124                             @ DW_AT_decl_line
	.long	268                             @ DW_AT_type
	.byte	17                              @ Abbrev [17] 0x4e2:0xb DW_TAG_variable
	.long	.Linfo_string44                 @ DW_AT_name
	.byte	2                               @ DW_AT_decl_file
	.byte	124                             @ DW_AT_decl_line
	.long	268                             @ DW_AT_type
	.byte	17                              @ Abbrev [17] 0x4ed:0xb DW_TAG_variable
	.long	.Linfo_string56                 @ DW_AT_name
	.byte	2                               @ DW_AT_decl_file
	.byte	120                             @ DW_AT_decl_line
	.long	268                             @ DW_AT_type
	.byte	29                              @ Abbrev [29] 0x4f8:0xd DW_TAG_lexical_block
	.byte	17                              @ Abbrev [17] 0x4f9:0xb DW_TAG_variable
	.long	.Linfo_string57                 @ DW_AT_name
	.byte	2                               @ DW_AT_decl_file
	.byte	138                             @ DW_AT_decl_line
	.long	212                             @ DW_AT_type
	.byte	0                               @ End Of Children Mark
	.byte	0                               @ End Of Children Mark
	.byte	28                              @ Abbrev [28] 0x506:0x7d DW_TAG_subprogram
	.long	.Linfo_string58                 @ DW_AT_name
	.byte	2                               @ DW_AT_decl_file
	.byte	75                              @ DW_AT_decl_line
                                        @ DW_AT_prototyped
	.long	67                              @ DW_AT_type
                                        @ DW_AT_external
	.byte	1                               @ DW_AT_inline
	.byte	16                              @ Abbrev [16] 0x512:0xb DW_TAG_formal_parameter
	.long	.Linfo_string32                 @ DW_AT_name
	.byte	2                               @ DW_AT_decl_file
	.byte	75                              @ DW_AT_decl_line
	.long	67                              @ DW_AT_type
	.byte	17                              @ Abbrev [17] 0x51d:0xb DW_TAG_variable
	.long	.Linfo_string49                 @ DW_AT_name
	.byte	2                               @ DW_AT_decl_file
	.byte	77                              @ DW_AT_decl_line
	.long	317                             @ DW_AT_type
	.byte	17                              @ Abbrev [17] 0x528:0xb DW_TAG_variable
	.long	.Linfo_string50                 @ DW_AT_name
	.byte	2                               @ DW_AT_decl_file
	.byte	79                              @ DW_AT_decl_line
	.long	1411                            @ DW_AT_type
	.byte	17                              @ Abbrev [17] 0x533:0xb DW_TAG_variable
	.long	.Linfo_string51                 @ DW_AT_name
	.byte	2                               @ DW_AT_decl_file
	.byte	81                              @ DW_AT_decl_line
	.long	67                              @ DW_AT_type
	.byte	17                              @ Abbrev [17] 0x53e:0xb DW_TAG_variable
	.long	.Linfo_string54                 @ DW_AT_name
	.byte	2                               @ DW_AT_decl_file
	.byte	85                              @ DW_AT_decl_line
	.long	67                              @ DW_AT_type
	.byte	17                              @ Abbrev [17] 0x549:0xb DW_TAG_variable
	.long	.Linfo_string52                 @ DW_AT_name
	.byte	2                               @ DW_AT_decl_file
	.byte	84                              @ DW_AT_decl_line
	.long	212                             @ DW_AT_type
	.byte	17                              @ Abbrev [17] 0x554:0xb DW_TAG_variable
	.long	.Linfo_string60                 @ DW_AT_name
	.byte	2                               @ DW_AT_decl_file
	.byte	83                              @ DW_AT_decl_line
	.long	352                             @ DW_AT_type
	.byte	17                              @ Abbrev [17] 0x55f:0xb DW_TAG_variable
	.long	.Linfo_string55                 @ DW_AT_name
	.byte	2                               @ DW_AT_decl_file
	.byte	85                              @ DW_AT_decl_line
	.long	67                              @ DW_AT_type
	.byte	17                              @ Abbrev [17] 0x56a:0xb DW_TAG_variable
	.long	.Linfo_string44                 @ DW_AT_name
	.byte	2                               @ DW_AT_decl_file
	.byte	93                              @ DW_AT_decl_line
	.long	67                              @ DW_AT_type
	.byte	29                              @ Abbrev [29] 0x575:0xd DW_TAG_lexical_block
	.byte	17                              @ Abbrev [17] 0x576:0xb DW_TAG_variable
	.long	.Linfo_string57                 @ DW_AT_name
	.byte	2                               @ DW_AT_decl_file
	.byte	94                              @ DW_AT_decl_line
	.long	212                             @ DW_AT_type
	.byte	0                               @ End Of Children Mark
	.byte	0                               @ End Of Children Mark
	.byte	12                              @ Abbrev [12] 0x583:0xb DW_TAG_typedef
	.long	212                             @ DW_AT_type
	.long	.Linfo_string59                 @ DW_AT_name
	.byte	5                               @ DW_AT_decl_file
	.byte	58                              @ DW_AT_decl_line
	.byte	18                              @ Abbrev [18] 0x58e:0x15f DW_TAG_subprogram
	.long	.Lfunc_begin3                   @ DW_AT_low_pc
	.long	.Lfunc_end3-.Lfunc_begin3       @ DW_AT_high_pc
	.byte	1                               @ DW_AT_frame_base
	.byte	93
                                        @ DW_AT_GNU_all_call_sites
	.long	.Linfo_string74                 @ DW_AT_name
	.byte	2                               @ DW_AT_decl_file
	.byte	173                             @ DW_AT_decl_line
                                        @ DW_AT_prototyped
                                        @ DW_AT_external
	.byte	19                              @ Abbrev [19] 0x59f:0xf DW_TAG_formal_parameter
	.long	.Ldebug_loc40                   @ DW_AT_location
	.long	.Linfo_string80                 @ DW_AT_name
	.byte	2                               @ DW_AT_decl_file
	.byte	174                             @ DW_AT_decl_line
	.long	538                             @ DW_AT_type
	.byte	30                              @ Abbrev [30] 0x5ae:0xd DW_TAG_formal_parameter
	.byte	1                               @ DW_AT_location
	.byte	81
	.long	.Linfo_string81                 @ DW_AT_name
	.byte	2                               @ DW_AT_decl_file
	.byte	175                             @ DW_AT_decl_line
	.long	352                             @ DW_AT_type
	.byte	19                              @ Abbrev [19] 0x5bb:0xf DW_TAG_formal_parameter
	.long	.Ldebug_loc39                   @ DW_AT_location
	.long	.Linfo_string78                 @ DW_AT_name
	.byte	2                               @ DW_AT_decl_file
	.byte	176                             @ DW_AT_decl_line
	.long	2640                            @ DW_AT_type
	.byte	20                              @ Abbrev [20] 0x5ca:0xf DW_TAG_variable
	.long	.Ldebug_loc41                   @ DW_AT_location
	.long	.Linfo_string82                 @ DW_AT_name
	.byte	2                               @ DW_AT_decl_file
	.byte	178                             @ DW_AT_decl_line
	.long	2640                            @ DW_AT_type
	.byte	20                              @ Abbrev [20] 0x5d9:0xf DW_TAG_variable
	.long	.Ldebug_loc52                   @ DW_AT_location
	.long	.Linfo_string84                 @ DW_AT_name
	.byte	2                               @ DW_AT_decl_file
	.byte	182                             @ DW_AT_decl_line
	.long	1841                            @ DW_AT_type
	.byte	17                              @ Abbrev [17] 0x5e8:0xb DW_TAG_variable
	.long	.Linfo_string83                 @ DW_AT_name
	.byte	2                               @ DW_AT_decl_file
	.byte	181                             @ DW_AT_decl_line
	.long	1841                            @ DW_AT_type
	.byte	21                              @ Abbrev [21] 0x5f3:0x75 DW_TAG_inlined_subroutine
	.long	1150                            @ DW_AT_abstract_origin
	.long	.Ltmp108                        @ DW_AT_low_pc
	.long	.Ltmp124-.Ltmp108               @ DW_AT_high_pc
	.byte	2                               @ DW_AT_call_file
	.byte	189                             @ DW_AT_call_line
	.byte	13                              @ DW_AT_call_column
	.byte	23                              @ Abbrev [23] 0x603:0x9 DW_TAG_variable
	.long	.Ldebug_loc42                   @ DW_AT_location
	.long	1173                            @ DW_AT_abstract_origin
	.byte	23                              @ Abbrev [23] 0x60c:0x9 DW_TAG_variable
	.long	.Ldebug_loc43                   @ DW_AT_location
	.long	1184                            @ DW_AT_abstract_origin
	.byte	23                              @ Abbrev [23] 0x615:0x9 DW_TAG_variable
	.long	.Ldebug_loc44                   @ DW_AT_location
	.long	1195                            @ DW_AT_abstract_origin
	.byte	23                              @ Abbrev [23] 0x61e:0x9 DW_TAG_variable
	.long	.Ldebug_loc45                   @ DW_AT_location
	.long	1206                            @ DW_AT_abstract_origin
	.byte	23                              @ Abbrev [23] 0x627:0x9 DW_TAG_variable
	.long	.Ldebug_loc46                   @ DW_AT_location
	.long	1217                            @ DW_AT_abstract_origin
	.byte	23                              @ Abbrev [23] 0x630:0x9 DW_TAG_variable
	.long	.Ldebug_loc47                   @ DW_AT_location
	.long	1228                            @ DW_AT_abstract_origin
	.byte	23                              @ Abbrev [23] 0x639:0x9 DW_TAG_variable
	.long	.Ldebug_loc48                   @ DW_AT_location
	.long	1239                            @ DW_AT_abstract_origin
	.byte	23                              @ Abbrev [23] 0x642:0x9 DW_TAG_variable
	.long	.Ldebug_loc50                   @ DW_AT_location
	.long	1250                            @ DW_AT_abstract_origin
	.byte	23                              @ Abbrev [23] 0x64b:0x9 DW_TAG_variable
	.long	.Ldebug_loc51                   @ DW_AT_location
	.long	1261                            @ DW_AT_abstract_origin
	.byte	27                              @ Abbrev [27] 0x654:0x13 DW_TAG_lexical_block
	.long	.Ltmp119                        @ DW_AT_low_pc
	.long	.Ltmp123-.Ltmp119               @ DW_AT_high_pc
	.byte	23                              @ Abbrev [23] 0x65d:0x9 DW_TAG_variable
	.long	.Ldebug_loc49                   @ DW_AT_location
	.long	1273                            @ DW_AT_abstract_origin
	.byte	0                               @ End Of Children Mark
	.byte	0                               @ End Of Children Mark
	.byte	21                              @ Abbrev [21] 0x668:0x84 DW_TAG_inlined_subroutine
	.long	1286                            @ DW_AT_abstract_origin
	.long	.Ltmp130                        @ DW_AT_low_pc
	.long	.Ltmp144-.Ltmp130               @ DW_AT_high_pc
	.byte	2                               @ DW_AT_call_file
	.byte	208                             @ DW_AT_call_line
	.byte	17                              @ DW_AT_call_column
	.byte	23                              @ Abbrev [23] 0x678:0x9 DW_TAG_variable
	.long	.Ldebug_loc53                   @ DW_AT_location
	.long	1309                            @ DW_AT_abstract_origin
	.byte	23                              @ Abbrev [23] 0x681:0x9 DW_TAG_variable
	.long	.Ldebug_loc54                   @ DW_AT_location
	.long	1320                            @ DW_AT_abstract_origin
	.byte	23                              @ Abbrev [23] 0x68a:0x9 DW_TAG_variable
	.long	.Ldebug_loc55                   @ DW_AT_location
	.long	1331                            @ DW_AT_abstract_origin
	.byte	23                              @ Abbrev [23] 0x693:0x9 DW_TAG_variable
	.long	.Ldebug_loc56                   @ DW_AT_location
	.long	1342                            @ DW_AT_abstract_origin
	.byte	23                              @ Abbrev [23] 0x69c:0x9 DW_TAG_variable
	.long	.Ldebug_loc57                   @ DW_AT_location
	.long	1353                            @ DW_AT_abstract_origin
	.byte	23                              @ Abbrev [23] 0x6a5:0x9 DW_TAG_variable
	.long	.Ldebug_loc58                   @ DW_AT_location
	.long	1364                            @ DW_AT_abstract_origin
	.byte	23                              @ Abbrev [23] 0x6ae:0x9 DW_TAG_variable
	.long	.Ldebug_loc59                   @ DW_AT_location
	.long	1375                            @ DW_AT_abstract_origin
	.byte	23                              @ Abbrev [23] 0x6b7:0x9 DW_TAG_variable
	.long	.Ldebug_loc61                   @ DW_AT_location
	.long	1386                            @ DW_AT_abstract_origin
	.byte	21                              @ Abbrev [21] 0x6c0:0x18 DW_TAG_inlined_subroutine
	.long	815                             @ DW_AT_abstract_origin
	.long	.Ltmp132                        @ DW_AT_low_pc
	.long	.Ltmp133-.Ltmp132               @ DW_AT_high_pc
	.byte	2                               @ DW_AT_call_file
	.byte	81                              @ DW_AT_call_line
	.byte	28                              @ DW_AT_call_column
	.byte	26                              @ Abbrev [26] 0x6d0:0x7 DW_TAG_formal_parameter
	.byte	1                               @ DW_AT_location
	.byte	84
	.long	827                             @ DW_AT_abstract_origin
	.byte	0                               @ End Of Children Mark
	.byte	27                              @ Abbrev [27] 0x6d8:0x13 DW_TAG_lexical_block
	.long	.Ltmp139                        @ DW_AT_low_pc
	.long	.Ltmp141-.Ltmp139               @ DW_AT_high_pc
	.byte	23                              @ Abbrev [23] 0x6e1:0x9 DW_TAG_variable
	.long	.Ldebug_loc60                   @ DW_AT_location
	.long	1398                            @ DW_AT_abstract_origin
	.byte	0                               @ End Of Children Mark
	.byte	0                               @ End Of Children Mark
	.byte	0                               @ End Of Children Mark
	.byte	15                              @ Abbrev [15] 0x6ed:0x44 DW_TAG_subprogram
	.long	.Linfo_string61                 @ DW_AT_name
	.byte	7                               @ DW_AT_decl_file
	.byte	81                              @ DW_AT_decl_line
                                        @ DW_AT_prototyped
	.long	1841                            @ DW_AT_type
	.byte	1                               @ DW_AT_inline
	.byte	16                              @ Abbrev [16] 0x6f9:0xb DW_TAG_formal_parameter
	.long	.Linfo_string32                 @ DW_AT_name
	.byte	7                               @ DW_AT_decl_file
	.byte	82                              @ DW_AT_decl_line
	.long	1841                            @ DW_AT_type
	.byte	17                              @ Abbrev [17] 0x704:0xb DW_TAG_variable
	.long	.Linfo_string63                 @ DW_AT_name
	.byte	7                               @ DW_AT_decl_file
	.byte	86                              @ DW_AT_decl_line
	.long	1852                            @ DW_AT_type
	.byte	17                              @ Abbrev [17] 0x70f:0xb DW_TAG_variable
	.long	.Linfo_string67                 @ DW_AT_name
	.byte	7                               @ DW_AT_decl_file
	.byte	87                              @ DW_AT_decl_line
	.long	1841                            @ DW_AT_type
	.byte	17                              @ Abbrev [17] 0x71a:0xb DW_TAG_variable
	.long	.Linfo_string34                 @ DW_AT_name
	.byte	7                               @ DW_AT_decl_file
	.byte	84                              @ DW_AT_decl_line
	.long	1896                            @ DW_AT_type
	.byte	17                              @ Abbrev [17] 0x725:0xb DW_TAG_variable
	.long	.Linfo_string69                 @ DW_AT_name
	.byte	7                               @ DW_AT_decl_file
	.byte	85                              @ DW_AT_decl_line
	.long	1841                            @ DW_AT_type
	.byte	0                               @ End Of Children Mark
	.byte	12                              @ Abbrev [12] 0x731:0xb DW_TAG_typedef
	.long	268                             @ DW_AT_type
	.long	.Linfo_string62                 @ DW_AT_name
	.byte	10                              @ DW_AT_decl_file
	.byte	71                              @ DW_AT_decl_line
	.byte	12                              @ Abbrev [12] 0x73c:0xb DW_TAG_typedef
	.long	1863                            @ DW_AT_type
	.long	.Linfo_string66                 @ DW_AT_name
	.byte	10                              @ DW_AT_decl_file
	.byte	90                              @ DW_AT_decl_line
	.byte	31                              @ Abbrev [31] 0x747:0x21 DW_TAG_union_type
	.long	.Linfo_string65                 @ DW_AT_name
	.byte	16                              @ DW_AT_byte_size
	.byte	10                              @ DW_AT_decl_file
	.byte	86                              @ DW_AT_decl_line
	.byte	32                              @ Abbrev [32] 0x74f:0xc DW_TAG_member
	.long	.Linfo_string64                 @ DW_AT_name
	.long	268                             @ DW_AT_type
	.byte	10                              @ DW_AT_decl_file
	.byte	88                              @ DW_AT_decl_line
	.byte	0                               @ DW_AT_data_member_location
	.byte	32                              @ Abbrev [32] 0x75b:0xc DW_TAG_member
	.long	.Linfo_string49                 @ DW_AT_name
	.long	293                             @ DW_AT_type
	.byte	10                              @ DW_AT_decl_file
	.byte	89                              @ DW_AT_decl_line
	.byte	0                               @ DW_AT_data_member_location
	.byte	0                               @ End Of Children Mark
	.byte	5                               @ Abbrev [5] 0x768:0xc DW_TAG_typedef
	.long	293                             @ DW_AT_type
	.long	.Linfo_string68                 @ DW_AT_name
	.byte	4                               @ DW_AT_decl_file
	.short	360                             @ DW_AT_decl_line
	.byte	18                              @ Abbrev [18] 0x774:0xb1 DW_TAG_subprogram
	.long	.Lfunc_begin4                   @ DW_AT_low_pc
	.long	.Lfunc_end4-.Lfunc_begin4       @ DW_AT_high_pc
	.byte	1                               @ DW_AT_frame_base
	.byte	93
                                        @ DW_AT_GNU_all_call_sites
	.long	.Linfo_string75                 @ DW_AT_name
	.byte	9                               @ DW_AT_decl_file
	.byte	37                              @ DW_AT_decl_line
                                        @ DW_AT_prototyped
                                        @ DW_AT_external
	.byte	19                              @ Abbrev [19] 0x785:0xf DW_TAG_formal_parameter
	.long	.Ldebug_loc63                   @ DW_AT_location
	.long	.Linfo_string80                 @ DW_AT_name
	.byte	9                               @ DW_AT_decl_file
	.byte	38                              @ DW_AT_decl_line
	.long	538                             @ DW_AT_type
	.byte	19                              @ Abbrev [19] 0x794:0xf DW_TAG_formal_parameter
	.long	.Ldebug_loc64                   @ DW_AT_location
	.long	.Linfo_string81                 @ DW_AT_name
	.byte	9                               @ DW_AT_decl_file
	.byte	39                              @ DW_AT_decl_line
	.long	352                             @ DW_AT_type
	.byte	19                              @ Abbrev [19] 0x7a3:0xf DW_TAG_formal_parameter
	.long	.Ldebug_loc62                   @ DW_AT_location
	.long	.Linfo_string78                 @ DW_AT_name
	.byte	9                               @ DW_AT_decl_file
	.byte	40                              @ DW_AT_decl_line
	.long	2640                            @ DW_AT_type
	.byte	20                              @ Abbrev [20] 0x7b2:0xf DW_TAG_variable
	.long	.Ldebug_loc65                   @ DW_AT_location
	.long	.Linfo_string82                 @ DW_AT_name
	.byte	9                               @ DW_AT_decl_file
	.byte	42                              @ DW_AT_decl_line
	.long	2640                            @ DW_AT_type
	.byte	20                              @ Abbrev [20] 0x7c1:0xf DW_TAG_variable
	.long	.Ldebug_loc66                   @ DW_AT_location
	.long	.Linfo_string83                 @ DW_AT_name
	.byte	9                               @ DW_AT_decl_file
	.byte	46                              @ DW_AT_decl_line
	.long	1841                            @ DW_AT_type
	.byte	20                              @ Abbrev [20] 0x7d0:0xf DW_TAG_variable
	.long	.Ldebug_loc71                   @ DW_AT_location
	.long	.Linfo_string84                 @ DW_AT_name
	.byte	9                               @ DW_AT_decl_file
	.byte	47                              @ DW_AT_decl_line
	.long	1841                            @ DW_AT_type
	.byte	21                              @ Abbrev [21] 0x7df:0x45 DW_TAG_inlined_subroutine
	.long	1773                            @ DW_AT_abstract_origin
	.long	.Ltmp151                        @ DW_AT_low_pc
	.long	.Ltmp170-.Ltmp151               @ DW_AT_high_pc
	.byte	9                               @ DW_AT_call_file
	.byte	54                              @ DW_AT_call_line
	.byte	13                              @ DW_AT_call_column
	.byte	26                              @ Abbrev [26] 0x7ef:0x10 DW_TAG_formal_parameter
	.byte	10                              @ DW_AT_location
	.byte	144
	.ascii	"\210\002"
	.byte	147
	.byte	8
	.byte	144
	.ascii	"\211\002"
	.byte	147
	.byte	8
	.long	1785                            @ DW_AT_abstract_origin
	.byte	23                              @ Abbrev [23] 0x7ff:0x9 DW_TAG_variable
	.long	.Ldebug_loc67                   @ DW_AT_location
	.long	1796                            @ DW_AT_abstract_origin
	.byte	23                              @ Abbrev [23] 0x808:0x9 DW_TAG_variable
	.long	.Ldebug_loc68                   @ DW_AT_location
	.long	1807                            @ DW_AT_abstract_origin
	.byte	23                              @ Abbrev [23] 0x811:0x9 DW_TAG_variable
	.long	.Ldebug_loc69                   @ DW_AT_location
	.long	1818                            @ DW_AT_abstract_origin
	.byte	23                              @ Abbrev [23] 0x81a:0x9 DW_TAG_variable
	.long	.Ldebug_loc70                   @ DW_AT_location
	.long	1829                            @ DW_AT_abstract_origin
	.byte	0                               @ End Of Children Mark
	.byte	0                               @ End Of Children Mark
	.byte	15                              @ Abbrev [15] 0x825:0x2e DW_TAG_subprogram
	.long	.Linfo_string70                 @ DW_AT_name
	.byte	3                               @ DW_AT_decl_file
	.byte	67                              @ DW_AT_decl_line
                                        @ DW_AT_prototyped
	.long	67                              @ DW_AT_type
	.byte	1                               @ DW_AT_inline
	.byte	16                              @ Abbrev [16] 0x831:0xb DW_TAG_formal_parameter
	.long	.Linfo_string32                 @ DW_AT_name
	.byte	3                               @ DW_AT_decl_file
	.byte	67                              @ DW_AT_decl_line
	.long	67                              @ DW_AT_type
	.byte	17                              @ Abbrev [17] 0x83c:0xb DW_TAG_variable
	.long	.Linfo_string44                 @ DW_AT_name
	.byte	3                               @ DW_AT_decl_file
	.byte	70                              @ DW_AT_decl_line
	.long	67                              @ DW_AT_type
	.byte	17                              @ Abbrev [17] 0x847:0xb DW_TAG_variable
	.long	.Linfo_string71                 @ DW_AT_name
	.byte	3                               @ DW_AT_decl_file
	.byte	69                              @ DW_AT_decl_line
	.long	212                             @ DW_AT_type
	.byte	0                               @ End Of Children Mark
	.byte	15                              @ Abbrev [15] 0x853:0x2e DW_TAG_subprogram
	.long	.Linfo_string72                 @ DW_AT_name
	.byte	3                               @ DW_AT_decl_file
	.byte	54                              @ DW_AT_decl_line
                                        @ DW_AT_prototyped
	.long	67                              @ DW_AT_type
	.byte	1                               @ DW_AT_inline
	.byte	16                              @ Abbrev [16] 0x85f:0xb DW_TAG_formal_parameter
	.long	.Linfo_string32                 @ DW_AT_name
	.byte	3                               @ DW_AT_decl_file
	.byte	54                              @ DW_AT_decl_line
	.long	67                              @ DW_AT_type
	.byte	17                              @ Abbrev [17] 0x86a:0xb DW_TAG_variable
	.long	.Linfo_string44                 @ DW_AT_name
	.byte	3                               @ DW_AT_decl_file
	.byte	56                              @ DW_AT_decl_line
	.long	67                              @ DW_AT_type
	.byte	17                              @ Abbrev [17] 0x875:0xb DW_TAG_variable
	.long	.Linfo_string49                 @ DW_AT_name
	.byte	3                               @ DW_AT_decl_file
	.byte	57                              @ DW_AT_decl_line
	.long	212                             @ DW_AT_type
	.byte	0                               @ End Of Children Mark
	.byte	33                              @ Abbrev [33] 0x881:0x1c3 DW_TAG_subprogram
	.long	.Lfunc_begin5                   @ DW_AT_low_pc
	.long	.Lfunc_end5-.Lfunc_begin5       @ DW_AT_high_pc
	.byte	1                               @ DW_AT_frame_base
	.byte	93
                                        @ DW_AT_GNU_all_call_sites
	.long	.Linfo_string76                 @ DW_AT_name
	.byte	3                               @ DW_AT_decl_file
	.byte	119                             @ DW_AT_decl_line
                                        @ DW_AT_prototyped
	.long	2628                            @ DW_AT_type
                                        @ DW_AT_external
	.byte	19                              @ Abbrev [19] 0x896:0xf DW_TAG_formal_parameter
	.long	.Ldebug_loc73                   @ DW_AT_location
	.long	.Linfo_string86                 @ DW_AT_name
	.byte	3                               @ DW_AT_decl_file
	.byte	119                             @ DW_AT_decl_line
	.long	67                              @ DW_AT_type
	.byte	19                              @ Abbrev [19] 0x8a5:0xf DW_TAG_formal_parameter
	.long	.Ldebug_loc74                   @ DW_AT_location
	.long	.Linfo_string32                 @ DW_AT_name
	.byte	3                               @ DW_AT_decl_file
	.byte	119                             @ DW_AT_decl_line
	.long	67                              @ DW_AT_type
	.byte	19                              @ Abbrev [19] 0x8b4:0xf DW_TAG_formal_parameter
	.long	.Ldebug_loc72                   @ DW_AT_location
	.long	.Linfo_string85                 @ DW_AT_name
	.byte	3                               @ DW_AT_decl_file
	.byte	119                             @ DW_AT_decl_line
	.long	352                             @ DW_AT_type
	.byte	24                              @ Abbrev [24] 0x8c3:0x80 DW_TAG_inlined_subroutine
	.long	2085                            @ DW_AT_abstract_origin
	.long	.Ldebug_ranges1                 @ DW_AT_ranges
	.byte	3                               @ DW_AT_call_file
	.byte	123                             @ DW_AT_call_line
	.byte	17                              @ DW_AT_call_column
	.byte	22                              @ Abbrev [22] 0x8cf:0x9 DW_TAG_formal_parameter
	.long	.Ldebug_loc77                   @ DW_AT_location
	.long	2097                            @ DW_AT_abstract_origin
	.byte	23                              @ Abbrev [23] 0x8d8:0x9 DW_TAG_variable
	.long	.Ldebug_loc75                   @ DW_AT_location
	.long	2108                            @ DW_AT_abstract_origin
	.byte	23                              @ Abbrev [23] 0x8e1:0x9 DW_TAG_variable
	.long	.Ldebug_loc76                   @ DW_AT_location
	.long	2119                            @ DW_AT_abstract_origin
	.byte	21                              @ Abbrev [21] 0x8ea:0x2c DW_TAG_inlined_subroutine
	.long	2131                            @ DW_AT_abstract_origin
	.long	.Ltmp214                        @ DW_AT_low_pc
	.long	.Ltmp219-.Ltmp214               @ DW_AT_high_pc
	.byte	3                               @ DW_AT_call_file
	.byte	81                              @ DW_AT_call_line
	.byte	44                              @ DW_AT_call_column
	.byte	26                              @ Abbrev [26] 0x8fa:0x9 DW_TAG_formal_parameter
	.byte	3                               @ DW_AT_location
	.byte	144
	.ascii	"\202\002"
	.long	2143                            @ DW_AT_abstract_origin
	.byte	23                              @ Abbrev [23] 0x903:0x9 DW_TAG_variable
	.long	.Ldebug_loc78                   @ DW_AT_location
	.long	2154                            @ DW_AT_abstract_origin
	.byte	23                              @ Abbrev [23] 0x90c:0x9 DW_TAG_variable
	.long	.Ldebug_loc79                   @ DW_AT_location
	.long	2165                            @ DW_AT_abstract_origin
	.byte	0                               @ End Of Children Mark
	.byte	21                              @ Abbrev [21] 0x916:0x2c DW_TAG_inlined_subroutine
	.long	2131                            @ DW_AT_abstract_origin
	.long	.Ltmp237                        @ DW_AT_low_pc
	.long	.Ltmp241-.Ltmp237               @ DW_AT_high_pc
	.byte	3                               @ DW_AT_call_file
	.byte	85                              @ DW_AT_call_line
	.byte	23                              @ DW_AT_call_column
	.byte	26                              @ Abbrev [26] 0x926:0x9 DW_TAG_formal_parameter
	.byte	3                               @ DW_AT_location
	.byte	144
	.ascii	"\202\002"
	.long	2143                            @ DW_AT_abstract_origin
	.byte	23                              @ Abbrev [23] 0x92f:0x9 DW_TAG_variable
	.long	.Ldebug_loc85                   @ DW_AT_location
	.long	2154                            @ DW_AT_abstract_origin
	.byte	23                              @ Abbrev [23] 0x938:0x9 DW_TAG_variable
	.long	.Ldebug_loc86                   @ DW_AT_location
	.long	2165                            @ DW_AT_abstract_origin
	.byte	0                               @ End Of Children Mark
	.byte	0                               @ End Of Children Mark
	.byte	24                              @ Abbrev [24] 0x943:0x80 DW_TAG_inlined_subroutine
	.long	2085                            @ DW_AT_abstract_origin
	.long	.Ldebug_ranges2                 @ DW_AT_ranges
	.byte	3                               @ DW_AT_call_file
	.byte	130                             @ DW_AT_call_line
	.byte	30                              @ DW_AT_call_column
	.byte	22                              @ Abbrev [22] 0x94f:0x9 DW_TAG_formal_parameter
	.long	.Ldebug_loc82                   @ DW_AT_location
	.long	2097                            @ DW_AT_abstract_origin
	.byte	23                              @ Abbrev [23] 0x958:0x9 DW_TAG_variable
	.long	.Ldebug_loc80                   @ DW_AT_location
	.long	2108                            @ DW_AT_abstract_origin
	.byte	23                              @ Abbrev [23] 0x961:0x9 DW_TAG_variable
	.long	.Ldebug_loc81                   @ DW_AT_location
	.long	2119                            @ DW_AT_abstract_origin
	.byte	21                              @ Abbrev [21] 0x96a:0x2c DW_TAG_inlined_subroutine
	.long	2131                            @ DW_AT_abstract_origin
	.long	.Ltmp229                        @ DW_AT_low_pc
	.long	.Ltmp234-.Ltmp229               @ DW_AT_high_pc
	.byte	3                               @ DW_AT_call_file
	.byte	81                              @ DW_AT_call_line
	.byte	44                              @ DW_AT_call_column
	.byte	26                              @ Abbrev [26] 0x97a:0x9 DW_TAG_formal_parameter
	.byte	3                               @ DW_AT_location
	.byte	144
	.ascii	"\202\002"
	.long	2143                            @ DW_AT_abstract_origin
	.byte	23                              @ Abbrev [23] 0x983:0x9 DW_TAG_variable
	.long	.Ldebug_loc83                   @ DW_AT_location
	.long	2154                            @ DW_AT_abstract_origin
	.byte	23                              @ Abbrev [23] 0x98c:0x9 DW_TAG_variable
	.long	.Ldebug_loc84                   @ DW_AT_location
	.long	2165                            @ DW_AT_abstract_origin
	.byte	0                               @ End Of Children Mark
	.byte	21                              @ Abbrev [21] 0x996:0x2c DW_TAG_inlined_subroutine
	.long	2131                            @ DW_AT_abstract_origin
	.long	.Ltmp268                        @ DW_AT_low_pc
	.long	.Ltmp272-.Ltmp268               @ DW_AT_high_pc
	.byte	3                               @ DW_AT_call_file
	.byte	85                              @ DW_AT_call_line
	.byte	23                              @ DW_AT_call_column
	.byte	26                              @ Abbrev [26] 0x9a6:0x9 DW_TAG_formal_parameter
	.byte	3                               @ DW_AT_location
	.byte	144
	.ascii	"\202\002"
	.long	2143                            @ DW_AT_abstract_origin
	.byte	23                              @ Abbrev [23] 0x9af:0x9 DW_TAG_variable
	.long	.Ldebug_loc92                   @ DW_AT_location
	.long	2154                            @ DW_AT_abstract_origin
	.byte	23                              @ Abbrev [23] 0x9b8:0x9 DW_TAG_variable
	.long	.Ldebug_loc93                   @ DW_AT_location
	.long	2165                            @ DW_AT_abstract_origin
	.byte	0                               @ End Of Children Mark
	.byte	0                               @ End Of Children Mark
	.byte	24                              @ Abbrev [24] 0x9c3:0x80 DW_TAG_inlined_subroutine
	.long	2085                            @ DW_AT_abstract_origin
	.long	.Ldebug_ranges3                 @ DW_AT_ranges
	.byte	3                               @ DW_AT_call_file
	.byte	134                             @ DW_AT_call_line
	.byte	30                              @ DW_AT_call_column
	.byte	22                              @ Abbrev [22] 0x9cf:0x9 DW_TAG_formal_parameter
	.long	.Ldebug_loc89                   @ DW_AT_location
	.long	2097                            @ DW_AT_abstract_origin
	.byte	23                              @ Abbrev [23] 0x9d8:0x9 DW_TAG_variable
	.long	.Ldebug_loc87                   @ DW_AT_location
	.long	2108                            @ DW_AT_abstract_origin
	.byte	23                              @ Abbrev [23] 0x9e1:0x9 DW_TAG_variable
	.long	.Ldebug_loc88                   @ DW_AT_location
	.long	2119                            @ DW_AT_abstract_origin
	.byte	21                              @ Abbrev [21] 0x9ea:0x2c DW_TAG_inlined_subroutine
	.long	2131                            @ DW_AT_abstract_origin
	.long	.Ltmp255                        @ DW_AT_low_pc
	.long	.Ltmp260-.Ltmp255               @ DW_AT_high_pc
	.byte	3                               @ DW_AT_call_file
	.byte	81                              @ DW_AT_call_line
	.byte	44                              @ DW_AT_call_column
	.byte	26                              @ Abbrev [26] 0x9fa:0x9 DW_TAG_formal_parameter
	.byte	3                               @ DW_AT_location
	.byte	144
	.ascii	"\202\002"
	.long	2143                            @ DW_AT_abstract_origin
	.byte	23                              @ Abbrev [23] 0xa03:0x9 DW_TAG_variable
	.long	.Ldebug_loc90                   @ DW_AT_location
	.long	2154                            @ DW_AT_abstract_origin
	.byte	23                              @ Abbrev [23] 0xa0c:0x9 DW_TAG_variable
	.long	.Ldebug_loc91                   @ DW_AT_location
	.long	2165                            @ DW_AT_abstract_origin
	.byte	0                               @ End Of Children Mark
	.byte	21                              @ Abbrev [21] 0xa16:0x2c DW_TAG_inlined_subroutine
	.long	2131                            @ DW_AT_abstract_origin
	.long	.Ltmp279                        @ DW_AT_low_pc
	.long	.Ltmp283-.Ltmp279               @ DW_AT_high_pc
	.byte	3                               @ DW_AT_call_file
	.byte	85                              @ DW_AT_call_line
	.byte	23                              @ DW_AT_call_column
	.byte	26                              @ Abbrev [26] 0xa26:0x9 DW_TAG_formal_parameter
	.byte	3                               @ DW_AT_location
	.byte	144
	.ascii	"\202\002"
	.long	2143                            @ DW_AT_abstract_origin
	.byte	23                              @ Abbrev [23] 0xa2f:0x9 DW_TAG_variable
	.long	.Ldebug_loc94                   @ DW_AT_location
	.long	2154                            @ DW_AT_abstract_origin
	.byte	23                              @ Abbrev [23] 0xa38:0x9 DW_TAG_variable
	.long	.Ldebug_loc95                   @ DW_AT_location
	.long	2165                            @ DW_AT_abstract_origin
	.byte	0                               @ End Of Children Mark
	.byte	0                               @ End Of Children Mark
	.byte	0                               @ End Of Children Mark
	.byte	5                               @ Abbrev [5] 0xa44:0xc DW_TAG_typedef
	.long	121                             @ DW_AT_type
	.long	.Linfo_string77                 @ DW_AT_name
	.byte	4                               @ DW_AT_decl_file
	.short	598                             @ DW_AT_decl_line
	.byte	12                              @ Abbrev [12] 0xa50:0xb DW_TAG_typedef
	.long	362                             @ DW_AT_type
	.long	.Linfo_string79                 @ DW_AT_name
	.byte	5                               @ DW_AT_decl_file
	.byte	64                              @ DW_AT_decl_line
	.byte	0                               @ End Of Children Mark
.Ldebug_info_end0:
	.section	.debug_ranges,"",%progbits
.Ldebug_ranges0:
	.long	.Ltmp6
	.long	.Ltmp7
	.long	.Ltmp8
	.long	.Ltmp9
	.long	.Ltmp10
	.long	.Ltmp13
	.long	.Ltmp14
	.long	.Ltmp16
	.long	.Ltmp17
	.long	.Ltmp18
	.long	.Ltmp19
	.long	.Ltmp24
	.long	0
	.long	0
.Ldebug_ranges1:
	.long	.Ltmp209
	.long	.Ltmp221
	.long	.Ltmp237
	.long	.Ltmp242
	.long	0
	.long	0
.Ldebug_ranges2:
	.long	.Ltmp224
	.long	.Ltmp236
	.long	.Ltmp268
	.long	.Ltmp274
	.long	0
	.long	0
.Ldebug_ranges3:
	.long	.Ltmp250
	.long	.Ltmp262
	.long	.Ltmp279
	.long	.Ltmp285
	.long	0
	.long	0
.Ldebug_ranges4:
	.long	.Lfunc_begin0
	.long	.Lfunc_end0
	.long	.Lfunc_begin1
	.long	.Lfunc_end1
	.long	.Lfunc_begin2
	.long	.Lfunc_end2
	.long	.Lfunc_begin3
	.long	.Lfunc_end3
	.long	.Lfunc_begin4
	.long	.Lfunc_end4
	.long	.Lfunc_begin5
	.long	.Lfunc_end5
	.long	0
	.long	0
	.section	.debug_str,"MS",%progbits,1
.Linfo_string0:
	.asciz	"Component: Arm Compiler for Embedded 6.21 Tool: armclang [5ec1fd00]" @ string offset=0
.Linfo_string1:
	.asciz	"C:/Keil_v5/Packs/ARM/CMSIS-DSP/1.15.0/Source/FastMathFunctions\\FastMathFunctionsF16.c" @ string offset=68
.Linfo_string2:
	.asciz	"C:\\Users\\rohankoshy\\Downloads\\en-us--M55M1_Series_BSP_CMSIS_V3.01.003\\SampleCode\\NuEdgeWise\\PoseLandmark_YOLOv8n\\KEIL" @ string offset=154
.Linfo_string3:
	.asciz	"lut_logf16"                    @ string offset=272
.Linfo_string4:
	.asciz	"__fp16"                        @ string offset=283
.Linfo_string5:
	.asciz	"float16_t"                     @ string offset=290
.Linfo_string6:
	.asciz	"__ARRAY_SIZE_TYPE__"           @ string offset=300
.Linfo_string7:
	.asciz	"atan2_coefs_f16"               @ string offset=320
.Linfo_string8:
	.asciz	"signed char"                   @ string offset=336
.Linfo_string9:
	.asciz	"ARM_MATH_SUCCESS"              @ string offset=348
.Linfo_string10:
	.asciz	"ARM_MATH_ARGUMENT_ERROR"       @ string offset=365
.Linfo_string11:
	.asciz	"ARM_MATH_LENGTH_ERROR"         @ string offset=389
.Linfo_string12:
	.asciz	"ARM_MATH_SIZE_MISMATCH"        @ string offset=411
.Linfo_string13:
	.asciz	"ARM_MATH_NANINF"               @ string offset=434
.Linfo_string14:
	.asciz	"ARM_MATH_SINGULAR"             @ string offset=450
.Linfo_string15:
	.asciz	"ARM_MATH_TEST_FAILURE"         @ string offset=468
.Linfo_string16:
	.asciz	"ARM_MATH_DECOMPOSITION_FAILURE" @ string offset=490
.Linfo_string17:
	.asciz	"_Float16"                      @ string offset=521
.Linfo_string18:
	.asciz	"float"                         @ string offset=530
.Linfo_string19:
	.asciz	"float32_t"                     @ string offset=536
.Linfo_string20:
	.asciz	"int"                           @ string offset=546
.Linfo_string21:
	.asciz	"double"                        @ string offset=550
.Linfo_string22:
	.asciz	"unsigned short"                @ string offset=557
.Linfo_string23:
	.asciz	"uint16_t"                      @ string offset=572
.Linfo_string24:
	.asciz	"uint16x8_t"                    @ string offset=581
.Linfo_string25:
	.asciz	"float16x8_t"                   @ string offset=592
.Linfo_string26:
	.asciz	"short"                         @ string offset=604
.Linfo_string27:
	.asciz	"int16_t"                       @ string offset=610
.Linfo_string28:
	.asciz	"int16x8_t"                     @ string offset=618
.Linfo_string29:
	.asciz	"char"                          @ string offset=628
.Linfo_string30:
	.asciz	"unsigned int"                  @ string offset=633
.Linfo_string31:
	.asciz	"vexpq_f16"                     @ string offset=646
.Linfo_string32:
	.asciz	"x"                             @ string offset=656
.Linfo_string33:
	.asciz	"val"                           @ string offset=658
.Linfo_string34:
	.asciz	"m"                             @ string offset=662
.Linfo_string35:
	.asciz	"poly"                          @ string offset=664
.Linfo_string36:
	.asciz	"vtaylor_polyq_f16"             @ string offset=669
.Linfo_string37:
	.asciz	"coeffs"                        @ string offset=687
.Linfo_string38:
	.asciz	"A"                             @ string offset=694
.Linfo_string39:
	.asciz	"B"                             @ string offset=696
.Linfo_string40:
	.asciz	"C"                             @ string offset=698
.Linfo_string41:
	.asciz	"D"                             @ string offset=700
.Linfo_string42:
	.asciz	"x2"                            @ string offset=702
.Linfo_string43:
	.asciz	"x4"                            @ string offset=705
.Linfo_string44:
	.asciz	"res"                           @ string offset=708
.Linfo_string45:
	.asciz	"arm_typecast_s16_f16"          @ string offset=712
.Linfo_string46:
	.asciz	"arm_typecast_f16_s16"          @ string offset=733
.Linfo_string47:
	.asciz	"vlogq_lut_f16"                 @ string offset=754
.Linfo_string48:
	.asciz	"vecIn"                         @ string offset=768
.Linfo_string49:
	.asciz	"i"                             @ string offset=774
.Linfo_string50:
	.asciz	"vecExpUnBiased"                @ string offset=776
.Linfo_string51:
	.asciz	"vecTmpFlt1"                    @ string offset=791
.Linfo_string52:
	.asciz	"n"                             @ string offset=802
.Linfo_string53:
	.asciz	"offset"                        @ string offset=804
.Linfo_string54:
	.asciz	"tmp"                           @ string offset=811
.Linfo_string55:
	.asciz	"v"                             @ string offset=815
.Linfo_string56:
	.asciz	"lutV"                          @ string offset=817
.Linfo_string57:
	.asciz	"j"                             @ string offset=822
.Linfo_string58:
	.asciz	"logf16_scalar"                 @ string offset=824
.Linfo_string59:
	.asciz	"int32_t"                       @ string offset=838
.Linfo_string60:
	.asciz	"lut"                           @ string offset=846
.Linfo_string61:
	.asciz	"vrecip_hiprec_f16"             @ string offset=850
.Linfo_string62:
	.asciz	"f16x8_t"                       @ string offset=868
.Linfo_string63:
	.asciz	"xinv"                          @ string offset=876
.Linfo_string64:
	.asciz	"f"                             @ string offset=881
.Linfo_string65:
	.asciz	"_any16x8_t"                    @ string offset=883
.Linfo_string66:
	.asciz	"any16x8_t"                     @ string offset=894
.Linfo_string67:
	.asciz	"ax"                            @ string offset=904
.Linfo_string68:
	.asciz	"q15x8_t"                       @ string offset=907
.Linfo_string69:
	.asciz	"b"                             @ string offset=915
.Linfo_string70:
	.asciz	"arm_atan_f16"                  @ string offset=917
.Linfo_string71:
	.asciz	"sign"                          @ string offset=930
.Linfo_string72:
	.asciz	"arm_atan_limited_f16"          @ string offset=935
.Linfo_string73:
	.asciz	"arm_vexp_f16"                  @ string offset=956
.Linfo_string74:
	.asciz	"arm_vlog_f16"                  @ string offset=969
.Linfo_string75:
	.asciz	"arm_vinverse_f16"              @ string offset=982
.Linfo_string76:
	.asciz	"arm_atan2_f16"                 @ string offset=999
.Linfo_string77:
	.asciz	"arm_status"                    @ string offset=1013
.Linfo_string78:
	.asciz	"blockSize"                     @ string offset=1024
.Linfo_string79:
	.asciz	"uint32_t"                      @ string offset=1034
.Linfo_string80:
	.asciz	"pSrc"                          @ string offset=1043
.Linfo_string81:
	.asciz	"pDst"                          @ string offset=1048
.Linfo_string82:
	.asciz	"blkCnt"                        @ string offset=1053
.Linfo_string83:
	.asciz	"src"                           @ string offset=1060
.Linfo_string84:
	.asciz	"dst"                           @ string offset=1064
.Linfo_string85:
	.asciz	"result"                        @ string offset=1068
.Linfo_string86:
	.asciz	"y"                             @ string offset=1075
	.ident	"Component: Arm Compiler for Embedded 6.21 Tool: armclang [5ec1fd00]"
	.section	".note.GNU-stack","",%progbits
	.eabi_attribute	30, 1	@ Tag_ABI_optimization_goals
	.ARM_attribute	16, 1	@ Tag_AV_eba
	.section	.debug_line,"",%progbits
.Lline_table_start0:
