	.text
	.syntax unified
	.eabi_attribute	67, "2.09"	@ Tag_conformance
	.cpu	cortex-m55
	.eabi_attribute	6, 21	@ Tag_CPU_arch
	.eabi_attribute	7, 77	@ Tag_CPU_arch_profile
	.eabi_attribute	8, 0	@ Tag_ARM_ISA_use
	.eabi_attribute	9, 3	@ Tag_THUMB_ISA_use
	.fpu	fpv5-d16
	.eabi_attribute	36, 1	@ Tag_FP_HP_extension
	.eabi_attribute	48, 2	@ Tag_MVE_arch
	.eabi_attribute	46, 1	@ Tag_DSP_extension
	.eabi_attribute	34, 1	@ Tag_CPU_unaligned_access
	.eabi_attribute	17, 1	@ Tag_ABI_PCS_GOT_use
	.eabi_attribute	20, 2	@ Tag_ABI_FP_denormal
	.eabi_attribute	21, 0	@ Tag_ABI_FP_exceptions
	.eabi_attribute	23, 1	@ Tag_ABI_FP_number_model
	.eabi_attribute	24, 1	@ Tag_ABI_align_needed
	.eabi_attribute	25, 1	@ Tag_ABI_align_preserved
	.eabi_attribute	28, 1	@ Tag_ABI_VFP_args
	.eabi_attribute	38, 1	@ Tag_ABI_FP_16bit_format
	.eabi_attribute	18, 2	@ Tag_ABI_PCS_wchar_t
	.eabi_attribute	26, 1	@ Tag_ABI_enum_size
	.eabi_attribute	14, 0	@ Tag_ABI_PCS_R9_use
	.file	"SVMFunctions.c"
	.file	1 "C:\\Keil_v5\\ARM\\ARMCLANG\\Bin\\..\\include" "arm_mve.h"
	.file	2 "C:\\Users\\rohankoshy\\Downloads\\en-us--M55M1_Series_BSP_CMSIS_V3.01.003\\SampleCode\\NuEdgeWise\\PoseLandmark_YOLOv8n\\KEIL" "../../../../Library/CMSIS/DSP/Include\\arm_math_types.h"
	.file	3 "C:\\Keil_v5\\ARM\\ARMCLANG\\Bin\\..\\include" "stdint.h"
	.section	.text.arm_svm_linear_init_f32,"ax",%progbits
	.hidden	arm_svm_linear_init_f32         @ -- Begin function arm_svm_linear_init_f32
	.globl	arm_svm_linear_init_f32
	.p2align	2
	.type	arm_svm_linear_init_f32,%function
	.code	16                              @ @arm_svm_linear_init_f32
	.thumb_func
arm_svm_linear_init_f32:
.Lfunc_begin0:
	.file	4 "C:/Keil_v5/Packs/ARM/CMSIS-DSP/1.15.0/Source/SVMFunctions" "arm_svm_linear_init_f32.c"
	.loc	4 79 0                          @ C:/Keil_v5/Packs/ARM/CMSIS-DSP/1.15.0/Source/SVMFunctions/arm_svm_linear_init_f32.c:79:0
	.fnstart
	.cfi_sections .debug_frame
	.cfi_startproc
@ %bb.0:
	@DEBUG_VALUE: arm_svm_linear_init_f32:S <- $r0
	@DEBUG_VALUE: arm_svm_linear_init_f32:nbOfSupportVectors <- $r1
	@DEBUG_VALUE: arm_svm_linear_init_f32:vectorDimension <- $r2
	@DEBUG_VALUE: arm_svm_linear_init_f32:intercept <- $s0
	@DEBUG_VALUE: arm_svm_linear_init_f32:dualCoefficients <- $r3
	.save	{r7, lr}
	push	{r7, lr}
	.cfi_def_cfa_offset 8
	.cfi_offset lr, -4
	.cfi_offset r7, -8
.Ltmp0:
	@DEBUG_VALUE: arm_svm_linear_init_f32:supportVectors <- [DW_OP_plus_uconst 8] [$sp+0]
	@DEBUG_VALUE: arm_svm_linear_init_f32:classes <- [DW_OP_plus_uconst 12] [$sp+0]
	ldrd	lr, r12, [sp, #8]
.Ltmp1:
	.loc	4 80 26 prologue_end            @ C:/Keil_v5/Packs/ARM/CMSIS-DSP/1.15.0/Source/SVMFunctions/arm_svm_linear_init_f32.c:80:26
	strd	r1, r2, [r0]
	.loc	4 82 17                         @ C:/Keil_v5/Packs/ARM/CMSIS-DSP/1.15.0/Source/SVMFunctions/arm_svm_linear_init_f32.c:82:17
	vstr	s0, [r0, #8]
	.loc	4 83 24                         @ C:/Keil_v5/Packs/ARM/CMSIS-DSP/1.15.0/Source/SVMFunctions/arm_svm_linear_init_f32.c:83:24
	strd	r3, lr, [r0, #12]
	.loc	4 85 15                         @ C:/Keil_v5/Packs/ARM/CMSIS-DSP/1.15.0/Source/SVMFunctions/arm_svm_linear_init_f32.c:85:15
	str.w	r12, [r0, #20]
	.loc	4 86 1 epilogue_begin           @ C:/Keil_v5/Packs/ARM/CMSIS-DSP/1.15.0/Source/SVMFunctions/arm_svm_linear_init_f32.c:86:1
	pop	{r7, pc}
.Ltmp2:
.Lfunc_end0:
	.size	arm_svm_linear_init_f32, .Lfunc_end0-arm_svm_linear_init_f32
	.cfi_endproc
	.cantunwind
	.fnend
                                        @ -- End function
	.section	.text.arm_svm_linear_predict_f32,"ax",%progbits
	.hidden	arm_svm_linear_predict_f32      @ -- Begin function arm_svm_linear_predict_f32
	.globl	arm_svm_linear_predict_f32
	.p2align	2
	.type	arm_svm_linear_predict_f32,%function
	.code	16                              @ @arm_svm_linear_predict_f32
	.thumb_func
arm_svm_linear_predict_f32:
.Lfunc_begin1:
	.file	5 "C:/Keil_v5/Packs/ARM/CMSIS-DSP/1.15.0/Source/SVMFunctions" "arm_svm_linear_predict_f32.c"
	.loc	5 56 0                          @ C:/Keil_v5/Packs/ARM/CMSIS-DSP/1.15.0/Source/SVMFunctions/arm_svm_linear_predict_f32.c:56:0
	.fnstart
	.cfi_startproc
@ %bb.0:
	@DEBUG_VALUE: arm_svm_linear_predict_f32:S <- $r0
	@DEBUG_VALUE: arm_svm_linear_predict_f32:in <- $r1
	@DEBUG_VALUE: arm_svm_linear_predict_f32:pResult <- $r2
	.save	{r4, r5, r6, r7, r8, r9, r10, r11, lr}
	push.w	{r4, r5, r6, r7, r8, r9, r10, r11, lr}
	.cfi_def_cfa_offset 36
	.cfi_offset lr, -4
	.cfi_offset r11, -8
	.cfi_offset r10, -12
	.cfi_offset r9, -16
	.cfi_offset r8, -20
	.cfi_offset r7, -24
	.cfi_offset r6, -28
	.cfi_offset r5, -32
	.cfi_offset r4, -36
	.pad	#4
	sub	sp, #4
	.cfi_def_cfa_offset 40
	.vsave	{d8, d9, d10, d11, d12, d13}
	vpush	{d8, d9, d10, d11, d12, d13}
	.cfi_def_cfa_offset 88
	.cfi_offset d13, -48
	.cfi_offset d12, -56
	.cfi_offset d11, -64
	.cfi_offset d10, -72
	.cfi_offset d9, -80
	.cfi_offset d8, -88
	.pad	#16
	sub	sp, #16
	.cfi_def_cfa_offset 104
.Ltmp3:
	.loc	5 58 34 prologue_end            @ C:/Keil_v5/Packs/ARM/CMSIS-DSP/1.15.0/Source/SVMFunctions/arm_svm_linear_predict_f32.c:58:34
	ldrd	r11, r10, [r0]
.Ltmp4:
	@DEBUG_VALUE: arm_svm_linear_predict_f32:pDualCoef <- undef
	@DEBUG_VALUE: arm_svm_linear_predict_f32:pSrcA <- undef
	@DEBUG_VALUE: arm_svm_linear_predict_f32:pSupport <- undef
	.loc	5 0 34 is_stmt 0                @ C:/Keil_v5/Packs/ARM/CMSIS-DSP/1.15.0/Source/SVMFunctions/arm_svm_linear_predict_f32.c:0:34
	mov	r9, r1
.Ltmp5:
	@DEBUG_VALUE: arm_svm_linear_predict_f32:in <- $r9
	@DEBUG_VALUE: arm_svm_linear_predict_f32:numCols <- undef
	@DEBUG_VALUE: arm_svm_linear_predict_f32:numRows <- undef
	@DEBUG_VALUE: arm_svm_linear_predict_f32:in <- $r9
	.loc	5 66 37 is_stmt 1               @ C:/Keil_v5/Packs/ARM/CMSIS-DSP/1.15.0/Source/SVMFunctions/arm_svm_linear_predict_f32.c:66:37
	ldrd	r3, r8, [r0, #12]
	.loc	5 67 30                         @ C:/Keil_v5/Packs/ARM/CMSIS-DSP/1.15.0/Source/SVMFunctions/arm_svm_linear_predict_f32.c:67:30
	vldr	s0, [r0, #8]
.Ltmp6:
	@DEBUG_VALUE: arm_svm_linear_predict_f32:row <- $r11
	@DEBUG_VALUE: arm_svm_linear_predict_f32:sum <- $s0
	.loc	5 0 30 is_stmt 0                @ C:/Keil_v5/Packs/ARM/CMSIS-DSP/1.15.0/Source/SVMFunctions/arm_svm_linear_predict_f32.c:0:30
	str	r0, [sp]                        @ 4-byte Spill
.Ltmp7:
	@DEBUG_VALUE: arm_svm_linear_predict_f32:S <- [$sp+0]
	@DEBUG_VALUE: arm_svm_linear_predict_f32:S <- [$sp+0]
	.loc	5 73 5 is_stmt 1                @ C:/Keil_v5/Packs/ARM/CMSIS-DSP/1.15.0/Source/SVMFunctions/arm_svm_linear_predict_f32.c:73:5
	cmp.w	r11, #4
	lsr.w	r1, r10, #2
	and	r0, r10, #3
	str	r2, [sp, #4]                    @ 4-byte Spill
.Ltmp8:
	@DEBUG_VALUE: arm_svm_linear_predict_f32:pResult <- [DW_OP_plus_uconst 4] [$sp+0]
	@DEBUG_VALUE: arm_svm_linear_predict_f32:pResult <- [DW_OP_plus_uconst 4] [$sp+0]
	strd	r1, r0, [sp, #8]                @ 8-byte Folded Spill
	blo.w	.LBB1_9
.Ltmp9:
@ %bb.1:
	@DEBUG_VALUE: arm_svm_linear_predict_f32:pResult <- [DW_OP_plus_uconst 4] [$sp+0]
	@DEBUG_VALUE: arm_svm_linear_predict_f32:S <- [$sp+0]
	@DEBUG_VALUE: arm_svm_linear_predict_f32:sum <- $s0
	@DEBUG_VALUE: arm_svm_linear_predict_f32:row <- $r11
	@DEBUG_VALUE: arm_svm_linear_predict_f32:in <- $r9
	add.w	r0, r9, r1, lsl #4
	lsl.w	r2, r10, #2
	b	.LBB1_3
.Ltmp10:
	.p2align	2
.LBB1_2:                                @   in Loop: Header=BB1_3 Depth=1
	@DEBUG_VALUE: arm_svm_linear_predict_f32:blkCnt <- [DW_OP_plus_uconst 12] [$sp+0]
	@DEBUG_VALUE: pSrcA3Vec <- $r6
	@DEBUG_VALUE: acc0 <- $q2
	@DEBUG_VALUE: arm_svm_linear_predict_f32:pInA0 <- $r8
	@DEBUG_VALUE: pSrcVecPtr <- $r9
	@DEBUG_VALUE: arm_svm_linear_predict_f32:pDualCoef <- $r3
	@DEBUG_VALUE: arm_svm_linear_predict_f32:pSrcA <- $r8
	@DEBUG_VALUE: arm_svm_linear_predict_f32:pResult <- [DW_OP_plus_uconst 4] [$sp+0]
	@DEBUG_VALUE: arm_svm_linear_predict_f32:S <- [$sp+0]
	@DEBUG_VALUE: arm_svm_linear_predict_f32:sum <- $s0
	@DEBUG_VALUE: arm_svm_linear_predict_f32:row <- $r11
	@DEBUG_VALUE: arm_svm_linear_predict_f32:in <- $r9
	@DEBUG_VALUE: arm_svm_linear_predict_f32:pDualCoef <- [DW_OP_plus_uconst 12, DW_OP_stack_value] $r3
	@DEBUG_VALUE: acc3 <- $q1
	@DEBUG_VALUE: acc2 <- $q3
	@DEBUG_VALUE: acc1 <- $q4
	@DEBUG_VALUE: acc0 <- $q2
	.loc	5 148 16                        @ C:/Keil_v5/Packs/ARM/CMSIS-DSP/1.15.0/Source/SVMFunctions/arm_svm_linear_predict_f32.c:148:16
	ldrd	r1, r7, [r3]
	.loc	5 159 13                        @ C:/Keil_v5/Packs/ARM/CMSIS-DSP/1.15.0/Source/SVMFunctions/arm_svm_linear_predict_f32.c:159:13
	sub.w	r11, r11, #4
.Ltmp11:
	@DEBUG_VALUE: arm_svm_linear_predict_f32:row <- $r11
	.loc	5 155 15                        @ C:/Keil_v5/Packs/ARM/CMSIS-DSP/1.15.0/Source/SVMFunctions/arm_svm_linear_predict_f32.c:155:15
	add.w	r8, r8, r2, lsl #2
.Ltmp12:
	@DEBUG_VALUE: arm_svm_linear_predict_f32:pSrcA <- $r8
	.loc	5 148 16                        @ C:/Keil_v5/Packs/ARM/CMSIS-DSP/1.15.0/Source/SVMFunctions/arm_svm_linear_predict_f32.c:148:16
	vmul.f32	q2, q2, r1
.Ltmp13:
	@DEBUG_VALUE: acc0 <- $q2
	.loc	5 149 16                        @ C:/Keil_v5/Packs/ARM/CMSIS-DSP/1.15.0/Source/SVMFunctions/arm_svm_linear_predict_f32.c:149:16
	vfma.f32	q2, q4, r7
.Ltmp14:
	@DEBUG_VALUE: acc0 <- $q2
	.loc	5 150 16                        @ C:/Keil_v5/Packs/ARM/CMSIS-DSP/1.15.0/Source/SVMFunctions/arm_svm_linear_predict_f32.c:150:16
	ldr	r1, [r3, #8]
.Ltmp15:
	.loc	5 73 5                          @ C:/Keil_v5/Packs/ARM/CMSIS-DSP/1.15.0/Source/SVMFunctions/arm_svm_linear_predict_f32.c:73:5
	cmp.w	r11, #3
.Ltmp16:
	.loc	5 150 16                        @ C:/Keil_v5/Packs/ARM/CMSIS-DSP/1.15.0/Source/SVMFunctions/arm_svm_linear_predict_f32.c:150:16
	vfma.f32	q2, q3, r1
.Ltmp17:
	@DEBUG_VALUE: acc0 <- $q2
	.loc	5 151 16                        @ C:/Keil_v5/Packs/ARM/CMSIS-DSP/1.15.0/Source/SVMFunctions/arm_svm_linear_predict_f32.c:151:16
	ldr	r1, [r3, #12]
	.loc	5 151 48 is_stmt 0              @ C:/Keil_v5/Packs/ARM/CMSIS-DSP/1.15.0/Source/SVMFunctions/arm_svm_linear_predict_f32.c:151:48
	add.w	r3, r3, #16
.Ltmp18:
	@DEBUG_VALUE: arm_svm_linear_predict_f32:pDualCoef <- $r3
	.loc	5 151 16                        @ C:/Keil_v5/Packs/ARM/CMSIS-DSP/1.15.0/Source/SVMFunctions/arm_svm_linear_predict_f32.c:151:16
	vfma.f32	q2, q1, r1
.Ltmp19:
	@DEBUG_VALUE: vecAddAcrossF32Mve:in <- $q2
	@DEBUG_VALUE: acc0 <- $q2
	.file	6 "C:\\Users\\rohankoshy\\Downloads\\en-us--M55M1_Series_BSP_CMSIS_V3.01.003\\SampleCode\\NuEdgeWise\\PoseLandmark_YOLOv8n\\KEIL" "../../../../Library/CMSIS/DSP/Include\\arm_helium_utils.h"
	.loc	6 60 29 is_stmt 1               @ ../../../../Library/CMSIS/DSP/Include\arm_helium_utils.h:60:29
	vadd.f32	s2, s8, s9
	.loc	6 60 49 is_stmt 0               @ ../../../../Library/CMSIS/DSP/Include\arm_helium_utils.h:60:49
	vadd.f32	s2, s10, s2
	.loc	6 61 29 is_stmt 1               @ ../../../../Library/CMSIS/DSP/Include\arm_helium_utils.h:61:29
	vadd.f32	s2, s11, s2
.Ltmp20:
	@DEBUG_VALUE: vecAddAcrossF32Mve:acc <- $s2
	.loc	5 153 13                        @ C:/Keil_v5/Packs/ARM/CMSIS-DSP/1.15.0/Source/SVMFunctions/arm_svm_linear_predict_f32.c:153:13
	vadd.f32	s0, s0, s2
.Ltmp21:
	@DEBUG_VALUE: arm_svm_linear_predict_f32:sum <- $s0
	.loc	5 0 13 is_stmt 0                @ C:/Keil_v5/Packs/ARM/CMSIS-DSP/1.15.0/Source/SVMFunctions/arm_svm_linear_predict_f32.c:0:13
	bls	.LBB1_9
.Ltmp22:
.LBB1_3:                                @ =>This Loop Header: Depth=1
                                        @     Child Loop BB1_6 Depth 2
	@DEBUG_VALUE: arm_svm_linear_predict_f32:pResult <- [DW_OP_plus_uconst 4] [$sp+0]
	@DEBUG_VALUE: arm_svm_linear_predict_f32:S <- [$sp+0]
	@DEBUG_VALUE: arm_svm_linear_predict_f32:sum <- $s0
	@DEBUG_VALUE: arm_svm_linear_predict_f32:row <- $r11
	@DEBUG_VALUE: arm_svm_linear_predict_f32:in <- $r9
	@DEBUG_VALUE: arm_svm_linear_predict_f32:pSrcA <- $r8
	@DEBUG_VALUE: arm_svm_linear_predict_f32:pDualCoef <- $r3
	@DEBUG_VALUE: arm_svm_linear_predict_f32:sum <- $s0
	@DEBUG_VALUE: arm_svm_linear_predict_f32:row <- $r11
	@DEBUG_VALUE: pSrcVecPtr <- $r9
	@DEBUG_VALUE: arm_svm_linear_predict_f32:pInA0 <- $r8
	.loc	5 84 23 is_stmt 1               @ C:/Keil_v5/Packs/ARM/CMSIS-DSP/1.15.0/Source/SVMFunctions/arm_svm_linear_predict_f32.c:84:23
	add.w	r5, r8, r10, lsl #2
.Ltmp23:
	@DEBUG_VALUE: arm_svm_linear_predict_f32:pInA1 <- $r5
	.loc	5 0 23 is_stmt 0                @ C:/Keil_v5/Packs/ARM/CMSIS-DSP/1.15.0/Source/SVMFunctions/arm_svm_linear_predict_f32.c:0:23
	vmov.i32	q2, #0x0
.Ltmp24:
	@DEBUG_VALUE: pInVec <- $r9
	@DEBUG_VALUE: pSrcA2Vec <- undef
	@DEBUG_VALUE: pSrcA1Vec <- undef
	@DEBUG_VALUE: pSrcA0Vec <- $r8
	@DEBUG_VALUE: arm_svm_linear_predict_f32:blkCnt <- [DW_OP_plus_uconst 8] [$sp+0]
	@DEBUG_VALUE: acc0 <- $q2
	@DEBUG_VALUE: acc1 <- $q2
	@DEBUG_VALUE: acc2 <- $q2
	@DEBUG_VALUE: acc3 <- $q2
	.loc	5 85 23 is_stmt 1               @ C:/Keil_v5/Packs/ARM/CMSIS-DSP/1.15.0/Source/SVMFunctions/arm_svm_linear_predict_f32.c:85:23
	add.w	r4, r5, r10, lsl #2
.Ltmp25:
	@DEBUG_VALUE: pInA2 <- $r4
	.loc	5 105 9                         @ C:/Keil_v5/Packs/ARM/CMSIS-DSP/1.15.0/Source/SVMFunctions/arm_svm_linear_predict_f32.c:105:9
	cmp.w	r10, #4
	.loc	5 86 23                         @ C:/Keil_v5/Packs/ARM/CMSIS-DSP/1.15.0/Source/SVMFunctions/arm_svm_linear_predict_f32.c:86:23
	add.w	r6, r4, r10, lsl #2
.Ltmp26:
	@DEBUG_VALUE: pSrcA3Vec <- $r6
	@DEBUG_VALUE: pInA3 <- $r6
	.loc	5 105 9                         @ C:/Keil_v5/Packs/ARM/CMSIS-DSP/1.15.0/Source/SVMFunctions/arm_svm_linear_predict_f32.c:105:9
	bhs	.LBB1_5
.Ltmp27:
@ %bb.4:                                @   in Loop: Header=BB1_3 Depth=1
	@DEBUG_VALUE: pInA3 <- $r6
	@DEBUG_VALUE: pSrcA3Vec <- $r6
	@DEBUG_VALUE: pInA2 <- $r4
	@DEBUG_VALUE: acc3 <- $q2
	@DEBUG_VALUE: acc2 <- $q2
	@DEBUG_VALUE: acc1 <- $q2
	@DEBUG_VALUE: acc0 <- $q2
	@DEBUG_VALUE: arm_svm_linear_predict_f32:blkCnt <- [DW_OP_plus_uconst 8] [$sp+0]
	@DEBUG_VALUE: pSrcA0Vec <- $r8
	@DEBUG_VALUE: pInVec <- $r9
	@DEBUG_VALUE: arm_svm_linear_predict_f32:pInA1 <- $r5
	@DEBUG_VALUE: arm_svm_linear_predict_f32:pInA0 <- $r8
	@DEBUG_VALUE: pSrcVecPtr <- $r9
	@DEBUG_VALUE: arm_svm_linear_predict_f32:pDualCoef <- $r3
	@DEBUG_VALUE: arm_svm_linear_predict_f32:pSrcA <- $r8
	@DEBUG_VALUE: arm_svm_linear_predict_f32:pResult <- [DW_OP_plus_uconst 4] [$sp+0]
	@DEBUG_VALUE: arm_svm_linear_predict_f32:S <- [$sp+0]
	@DEBUG_VALUE: arm_svm_linear_predict_f32:sum <- $s0
	@DEBUG_VALUE: arm_svm_linear_predict_f32:row <- $r11
	@DEBUG_VALUE: arm_svm_linear_predict_f32:in <- $r9
	.loc	5 0 9 is_stmt 0                 @ C:/Keil_v5/Packs/ARM/CMSIS-DSP/1.15.0/Source/SVMFunctions/arm_svm_linear_predict_f32.c:0:9
	vmov	q4, q2
	vmov	q3, q2
	vmov	q1, q2
	mov	r7, r9
	mov	r12, r8
	b	.LBB1_7
.Ltmp28:
	.p2align	2
.LBB1_5:                                @   in Loop: Header=BB1_3 Depth=1
	@DEBUG_VALUE: pInA3 <- $r6
	@DEBUG_VALUE: pSrcA3Vec <- $r6
	@DEBUG_VALUE: pInA2 <- $r4
	@DEBUG_VALUE: acc3 <- $q2
	@DEBUG_VALUE: acc2 <- $q2
	@DEBUG_VALUE: acc1 <- $q2
	@DEBUG_VALUE: acc0 <- $q2
	@DEBUG_VALUE: arm_svm_linear_predict_f32:blkCnt <- [DW_OP_plus_uconst 8] [$sp+0]
	@DEBUG_VALUE: pSrcA0Vec <- $r8
	@DEBUG_VALUE: pInVec <- $r9
	@DEBUG_VALUE: arm_svm_linear_predict_f32:pInA1 <- $r5
	@DEBUG_VALUE: arm_svm_linear_predict_f32:pInA0 <- $r8
	@DEBUG_VALUE: pSrcVecPtr <- $r9
	@DEBUG_VALUE: arm_svm_linear_predict_f32:pDualCoef <- $r3
	@DEBUG_VALUE: arm_svm_linear_predict_f32:pSrcA <- $r8
	@DEBUG_VALUE: arm_svm_linear_predict_f32:pResult <- [DW_OP_plus_uconst 4] [$sp+0]
	@DEBUG_VALUE: arm_svm_linear_predict_f32:S <- [$sp+0]
	@DEBUG_VALUE: arm_svm_linear_predict_f32:sum <- $s0
	@DEBUG_VALUE: arm_svm_linear_predict_f32:row <- $r11
	@DEBUG_VALUE: arm_svm_linear_predict_f32:in <- $r9
	.loc	5 105 9                         @ C:/Keil_v5/Packs/ARM/CMSIS-DSP/1.15.0/Source/SVMFunctions/arm_svm_linear_predict_f32.c:105:9
	ldr	r1, [sp, #8]                    @ 4-byte Reload
	mov	r12, r8
	vmov.i32	q1, #0x0
	dls	lr, r1
	mov	r1, r9
	vmov	q3, q1
	vmov	q4, q1
	vmov	q2, q1
.Ltmp29:
	.p2align	2
.LBB1_6:                                @   Parent Loop BB1_3 Depth=1
                                        @ =>  This Inner Loop Header: Depth=2
	@DEBUG_VALUE: pSrcA3Vec <- $r6
	@DEBUG_VALUE: arm_svm_linear_predict_f32:pInA0 <- $r8
	@DEBUG_VALUE: pSrcVecPtr <- $r9
	@DEBUG_VALUE: arm_svm_linear_predict_f32:pDualCoef <- $r3
	@DEBUG_VALUE: arm_svm_linear_predict_f32:pSrcA <- $r8
	@DEBUG_VALUE: arm_svm_linear_predict_f32:pResult <- [DW_OP_plus_uconst 4] [$sp+0]
	@DEBUG_VALUE: arm_svm_linear_predict_f32:S <- [$sp+0]
	@DEBUG_VALUE: arm_svm_linear_predict_f32:sum <- $s0
	@DEBUG_VALUE: arm_svm_linear_predict_f32:row <- $r11
	@DEBUG_VALUE: arm_svm_linear_predict_f32:in <- $r9
	@DEBUG_VALUE: acc3 <- $q1
	@DEBUG_VALUE: acc2 <- $q3
	@DEBUG_VALUE: acc1 <- $q4
	@DEBUG_VALUE: acc0 <- $q2
	@DEBUG_VALUE: arm_svm_linear_predict_f32:blkCnt <- undef
	@DEBUG_VALUE: pSrcA0Vec <- $r12
	@DEBUG_VALUE: pSrcA1Vec <- $r5
	@DEBUG_VALUE: pSrcA2Vec <- $r4
	@DEBUG_VALUE: pInVec <- $r1
	@DEBUG_VALUE: pSrcA3Vec <- $r6
	.loc	5 108 21 is_stmt 1              @ C:/Keil_v5/Packs/ARM/CMSIS-DSP/1.15.0/Source/SVMFunctions/arm_svm_linear_predict_f32.c:108:21
	vldrw.u32	q5, [r1], #16
.Ltmp30:
	@DEBUG_VALUE: vecIn <- $q5
	@DEBUG_VALUE: pInVec <- $r1
	.loc	5 110 20                        @ C:/Keil_v5/Packs/ARM/CMSIS-DSP/1.15.0/Source/SVMFunctions/arm_svm_linear_predict_f32.c:110:20
	vldrw.u32	q6, [r12], #16
.Ltmp31:
	@DEBUG_VALUE: vecA <- $q6
	@DEBUG_VALUE: pSrcA0Vec <- $r12
	.loc	5 112 20                        @ C:/Keil_v5/Packs/ARM/CMSIS-DSP/1.15.0/Source/SVMFunctions/arm_svm_linear_predict_f32.c:112:20
	vfma.f32	q2, q5, q6
.Ltmp32:
	@DEBUG_VALUE: acc0 <- $q2
	.loc	5 113 20                        @ C:/Keil_v5/Packs/ARM/CMSIS-DSP/1.15.0/Source/SVMFunctions/arm_svm_linear_predict_f32.c:113:20
	vldrw.u32	q6, [r5], #16
.Ltmp33:
	@DEBUG_VALUE: vecA <- $q6
	@DEBUG_VALUE: pSrcA1Vec <- $r5
	.loc	5 115 20                        @ C:/Keil_v5/Packs/ARM/CMSIS-DSP/1.15.0/Source/SVMFunctions/arm_svm_linear_predict_f32.c:115:20
	vfma.f32	q4, q5, q6
.Ltmp34:
	@DEBUG_VALUE: acc1 <- $q4
	.loc	5 116 20                        @ C:/Keil_v5/Packs/ARM/CMSIS-DSP/1.15.0/Source/SVMFunctions/arm_svm_linear_predict_f32.c:116:20
	vldrw.u32	q6, [r4], #16
.Ltmp35:
	@DEBUG_VALUE: vecA <- $q6
	@DEBUG_VALUE: pSrcA2Vec <- $r4
	.loc	5 118 20                        @ C:/Keil_v5/Packs/ARM/CMSIS-DSP/1.15.0/Source/SVMFunctions/arm_svm_linear_predict_f32.c:118:20
	vfma.f32	q3, q5, q6
.Ltmp36:
	@DEBUG_VALUE: acc2 <- $q3
	.loc	5 119 20                        @ C:/Keil_v5/Packs/ARM/CMSIS-DSP/1.15.0/Source/SVMFunctions/arm_svm_linear_predict_f32.c:119:20
	vldrw.u32	q6, [r6], #16
.Ltmp37:
	@DEBUG_VALUE: vecA <- $q6
	@DEBUG_VALUE: pSrcA3Vec <- $r6
	.loc	5 121 20                        @ C:/Keil_v5/Packs/ARM/CMSIS-DSP/1.15.0/Source/SVMFunctions/arm_svm_linear_predict_f32.c:121:20
	vfma.f32	q1, q5, q6
.Ltmp38:
	@DEBUG_VALUE: acc3 <- $q1
	.loc	5 0 20 is_stmt 0                @ C:/Keil_v5/Packs/ARM/CMSIS-DSP/1.15.0/Source/SVMFunctions/arm_svm_linear_predict_f32.c:0:20
	mov	r7, r0
.Ltmp39:
	.loc	5 105 9 is_stmt 1               @ C:/Keil_v5/Packs/ARM/CMSIS-DSP/1.15.0/Source/SVMFunctions/arm_svm_linear_predict_f32.c:105:9
	le	lr, .LBB1_6
.Ltmp40:
.LBB1_7:                                @   in Loop: Header=BB1_3 Depth=1
	@DEBUG_VALUE: pSrcA3Vec <- $r6
	@DEBUG_VALUE: acc0 <- $q2
	@DEBUG_VALUE: arm_svm_linear_predict_f32:pInA0 <- $r8
	@DEBUG_VALUE: pSrcVecPtr <- $r9
	@DEBUG_VALUE: arm_svm_linear_predict_f32:pDualCoef <- $r3
	@DEBUG_VALUE: arm_svm_linear_predict_f32:pSrcA <- $r8
	@DEBUG_VALUE: arm_svm_linear_predict_f32:pResult <- [DW_OP_plus_uconst 4] [$sp+0]
	@DEBUG_VALUE: arm_svm_linear_predict_f32:S <- [$sp+0]
	@DEBUG_VALUE: arm_svm_linear_predict_f32:sum <- $s0
	@DEBUG_VALUE: arm_svm_linear_predict_f32:row <- $r11
	@DEBUG_VALUE: arm_svm_linear_predict_f32:in <- $r9
	@DEBUG_VALUE: arm_svm_linear_predict_f32:blkCnt <- [DW_OP_plus_uconst 12] [$sp+0]
	.loc	5 0 9 is_stmt 0                 @ C:/Keil_v5/Packs/ARM/CMSIS-DSP/1.15.0/Source/SVMFunctions/arm_svm_linear_predict_f32.c:0:9
	ldr	r1, [sp, #12]                   @ 4-byte Reload
	.loc	5 130 13 is_stmt 1              @ C:/Keil_v5/Packs/ARM/CMSIS-DSP/1.15.0/Source/SVMFunctions/arm_svm_linear_predict_f32.c:130:13
	cmp	r1, #0
	beq	.LBB1_2
.Ltmp41:
@ %bb.8:                                @   in Loop: Header=BB1_3 Depth=1
	@DEBUG_VALUE: arm_svm_linear_predict_f32:blkCnt <- [DW_OP_plus_uconst 12] [$sp+0]
	@DEBUG_VALUE: pSrcA3Vec <- $r6
	@DEBUG_VALUE: acc0 <- $q2
	@DEBUG_VALUE: arm_svm_linear_predict_f32:pInA0 <- $r8
	@DEBUG_VALUE: pSrcVecPtr <- $r9
	@DEBUG_VALUE: arm_svm_linear_predict_f32:pDualCoef <- $r3
	@DEBUG_VALUE: arm_svm_linear_predict_f32:pSrcA <- $r8
	@DEBUG_VALUE: arm_svm_linear_predict_f32:pResult <- [DW_OP_plus_uconst 4] [$sp+0]
	@DEBUG_VALUE: arm_svm_linear_predict_f32:S <- [$sp+0]
	@DEBUG_VALUE: arm_svm_linear_predict_f32:sum <- $s0
	@DEBUG_VALUE: arm_svm_linear_predict_f32:row <- $r11
	@DEBUG_VALUE: arm_svm_linear_predict_f32:in <- $r9
	.loc	5 131 34                        @ C:/Keil_v5/Packs/ARM/CMSIS-DSP/1.15.0/Source/SVMFunctions/arm_svm_linear_predict_f32.c:131:34
	vctp.32	r1
.Ltmp42:
	@DEBUG_VALUE: p0 <- undef
	.loc	5 134 21                        @ C:/Keil_v5/Packs/ARM/CMSIS-DSP/1.15.0/Source/SVMFunctions/arm_svm_linear_predict_f32.c:134:21
	vpstt	
	vldrwt.u32	q5, [r7]
.Ltmp43:
	@DEBUG_VALUE: vecIn <- $q5
	.loc	5 135 20                        @ C:/Keil_v5/Packs/ARM/CMSIS-DSP/1.15.0/Source/SVMFunctions/arm_svm_linear_predict_f32.c:135:20
	vldrwt.u32	q6, [r12]
.Ltmp44:
	@DEBUG_VALUE: vecA <- $q6
	.loc	5 136 20                        @ C:/Keil_v5/Packs/ARM/CMSIS-DSP/1.15.0/Source/SVMFunctions/arm_svm_linear_predict_f32.c:136:20
	vfma.f32	q2, q5, q6
.Ltmp45:
	@DEBUG_VALUE: acc0 <- $q2
	.loc	5 137 20                        @ C:/Keil_v5/Packs/ARM/CMSIS-DSP/1.15.0/Source/SVMFunctions/arm_svm_linear_predict_f32.c:137:20
	vpst	
	vldrwt.u32	q6, [r5]
.Ltmp46:
	@DEBUG_VALUE: vecA <- $q6
	.loc	5 138 20                        @ C:/Keil_v5/Packs/ARM/CMSIS-DSP/1.15.0/Source/SVMFunctions/arm_svm_linear_predict_f32.c:138:20
	vfma.f32	q4, q5, q6
.Ltmp47:
	@DEBUG_VALUE: acc1 <- $q4
	.loc	5 139 20                        @ C:/Keil_v5/Packs/ARM/CMSIS-DSP/1.15.0/Source/SVMFunctions/arm_svm_linear_predict_f32.c:139:20
	vpst	
	vldrwt.u32	q6, [r4]
.Ltmp48:
	@DEBUG_VALUE: vecA <- $q6
	.loc	5 140 20                        @ C:/Keil_v5/Packs/ARM/CMSIS-DSP/1.15.0/Source/SVMFunctions/arm_svm_linear_predict_f32.c:140:20
	vfma.f32	q3, q5, q6
.Ltmp49:
	@DEBUG_VALUE: acc2 <- $q3
	.loc	5 141 20                        @ C:/Keil_v5/Packs/ARM/CMSIS-DSP/1.15.0/Source/SVMFunctions/arm_svm_linear_predict_f32.c:141:20
	vpst	
	vldrwt.u32	q6, [r6]
.Ltmp50:
	@DEBUG_VALUE: vecA <- $q6
	.loc	5 142 20                        @ C:/Keil_v5/Packs/ARM/CMSIS-DSP/1.15.0/Source/SVMFunctions/arm_svm_linear_predict_f32.c:142:20
	vfma.f32	q1, q5, q6
.Ltmp51:
	@DEBUG_VALUE: acc3 <- $q1
	.loc	5 0 20 is_stmt 0                @ C:/Keil_v5/Packs/ARM/CMSIS-DSP/1.15.0/Source/SVMFunctions/arm_svm_linear_predict_f32.c:0:20
	b	.LBB1_2
.Ltmp52:
.LBB1_9:
	@DEBUG_VALUE: arm_svm_linear_predict_f32:pResult <- [DW_OP_plus_uconst 4] [$sp+0]
	@DEBUG_VALUE: arm_svm_linear_predict_f32:S <- [$sp+0]
	@DEBUG_VALUE: arm_svm_linear_predict_f32:sum <- $s0
	@DEBUG_VALUE: arm_svm_linear_predict_f32:row <- $r11
	@DEBUG_VALUE: arm_svm_linear_predict_f32:in <- $r9
	.loc	5 165 9 is_stmt 1               @ C:/Keil_v5/Packs/ARM/CMSIS-DSP/1.15.0/Source/SVMFunctions/arm_svm_linear_predict_f32.c:165:9
	cmp.w	r11, #2
	blo	.LBB1_17
.Ltmp53:
@ %bb.10:
	@DEBUG_VALUE: arm_svm_linear_predict_f32:pResult <- [DW_OP_plus_uconst 4] [$sp+0]
	@DEBUG_VALUE: arm_svm_linear_predict_f32:S <- [$sp+0]
	@DEBUG_VALUE: arm_svm_linear_predict_f32:sum <- $s0
	@DEBUG_VALUE: arm_svm_linear_predict_f32:row <- $r11
	@DEBUG_VALUE: arm_svm_linear_predict_f32:in <- $r9
	@DEBUG_VALUE: arm_svm_linear_predict_f32:pInA0 <- $r8
	@DEBUG_VALUE: pSrcVecPtr <- $r9
	.loc	5 0 9 is_stmt 0                 @ C:/Keil_v5/Packs/ARM/CMSIS-DSP/1.15.0/Source/SVMFunctions/arm_svm_linear_predict_f32.c:0:9
	vmov.i32	q2, #0x0
.Ltmp54:
	@DEBUG_VALUE: acc0 <- $q2
	@DEBUG_VALUE: acc1 <- $q2
	.loc	5 174 23 is_stmt 1              @ C:/Keil_v5/Packs/ARM/CMSIS-DSP/1.15.0/Source/SVMFunctions/arm_svm_linear_predict_f32.c:174:23
	add.w	r7, r8, r10, lsl #2
.Ltmp55:
	@DEBUG_VALUE: pSrcA0Vec <- $r8
	@DEBUG_VALUE: pInVec <- $r9
	@DEBUG_VALUE: pSrcA1Vec <- $r7
	@DEBUG_VALUE: arm_svm_linear_predict_f32:blkCnt <- [DW_OP_constu 2, DW_OP_shr, DW_OP_stack_value] $r10
	@DEBUG_VALUE: arm_svm_linear_predict_f32:pInA1 <- $r7
	.loc	5 188 9                         @ C:/Keil_v5/Packs/ARM/CMSIS-DSP/1.15.0/Source/SVMFunctions/arm_svm_linear_predict_f32.c:188:9
	ldr	r2, [sp, #8]                    @ 4-byte Reload
	mov	r0, r8
	mov	r1, r9
	vmov	q1, q2
	wls	lr, r2, .LBB1_14
.Ltmp56:
@ %bb.11:
	@DEBUG_VALUE: arm_svm_linear_predict_f32:pInA1 <- $r7
	@DEBUG_VALUE: arm_svm_linear_predict_f32:blkCnt <- [DW_OP_constu 2, DW_OP_shr, DW_OP_stack_value] $r10
	@DEBUG_VALUE: pSrcA1Vec <- $r7
	@DEBUG_VALUE: pInVec <- $r9
	@DEBUG_VALUE: pSrcA0Vec <- $r8
	@DEBUG_VALUE: acc1 <- $q2
	@DEBUG_VALUE: acc0 <- $q2
	@DEBUG_VALUE: pSrcVecPtr <- $r9
	@DEBUG_VALUE: arm_svm_linear_predict_f32:pInA0 <- $r8
	@DEBUG_VALUE: arm_svm_linear_predict_f32:pResult <- [DW_OP_plus_uconst 4] [$sp+0]
	@DEBUG_VALUE: arm_svm_linear_predict_f32:S <- [$sp+0]
	@DEBUG_VALUE: arm_svm_linear_predict_f32:sum <- $s0
	@DEBUG_VALUE: arm_svm_linear_predict_f32:row <- $r11
	@DEBUG_VALUE: arm_svm_linear_predict_f32:in <- $r9
	@DEBUG_VALUE: arm_svm_linear_predict_f32:blkCnt <- [DW_OP_plus_uconst 8] [$sp+0]
	.loc	5 0 9 is_stmt 0                 @ C:/Keil_v5/Packs/ARM/CMSIS-DSP/1.15.0/Source/SVMFunctions/arm_svm_linear_predict_f32.c:0:9
	ldr	r0, [sp, #8]                    @ 4-byte Reload
.Ltmp57:
	@DEBUG_VALUE: arm_svm_linear_predict_f32:blkCnt <- $r0
	mov	r2, r9
	vmov.i32	q1, #0x0
	.loc	5 188 9                         @ C:/Keil_v5/Packs/ARM/CMSIS-DSP/1.15.0/Source/SVMFunctions/arm_svm_linear_predict_f32.c:188:9
	lsls	r5, r0, #4
.Ltmp58:
	@DEBUG_VALUE: arm_svm_linear_predict_f32:blkCnt <- [DW_OP_plus_uconst 8] [$sp+0]
	.loc	5 0 9                           @ C:/Keil_v5/Packs/ARM/CMSIS-DSP/1.15.0/Source/SVMFunctions/arm_svm_linear_predict_f32.c:0:9
	mov	r4, r8
	.loc	5 188 9                         @ C:/Keil_v5/Packs/ARM/CMSIS-DSP/1.15.0/Source/SVMFunctions/arm_svm_linear_predict_f32.c:188:9
	add.w	r1, r9, r0, lsl #4
	add.w	r6, r5, r10, lsl #2
	vmov	q2, q1
.Ltmp59:
	.p2align	2
.LBB1_12:                               @ =>This Inner Loop Header: Depth=1
	@DEBUG_VALUE: pSrcA1Vec <- $r7
	@DEBUG_VALUE: pSrcVecPtr <- $r9
	@DEBUG_VALUE: arm_svm_linear_predict_f32:pInA0 <- $r8
	@DEBUG_VALUE: arm_svm_linear_predict_f32:pResult <- [DW_OP_plus_uconst 4] [$sp+0]
	@DEBUG_VALUE: arm_svm_linear_predict_f32:S <- [$sp+0]
	@DEBUG_VALUE: arm_svm_linear_predict_f32:sum <- $s0
	@DEBUG_VALUE: arm_svm_linear_predict_f32:row <- $r11
	@DEBUG_VALUE: arm_svm_linear_predict_f32:in <- $r9
	@DEBUG_VALUE: arm_svm_linear_predict_f32:blkCnt <- undef
	@DEBUG_VALUE: acc1 <- $q1
	@DEBUG_VALUE: acc0 <- $q2
	@DEBUG_VALUE: pSrcA1Vec <- $r7
	@DEBUG_VALUE: pInVec <- $r2
	@DEBUG_VALUE: pSrcA0Vec <- $r4
	.loc	5 191 21 is_stmt 1              @ C:/Keil_v5/Packs/ARM/CMSIS-DSP/1.15.0/Source/SVMFunctions/arm_svm_linear_predict_f32.c:191:21
	vldrw.u32	q3, [r2], #16
.Ltmp60:
	@DEBUG_VALUE: vecIn <- $q3
	@DEBUG_VALUE: pInVec <- $r2
	.loc	5 193 20                        @ C:/Keil_v5/Packs/ARM/CMSIS-DSP/1.15.0/Source/SVMFunctions/arm_svm_linear_predict_f32.c:193:20
	vldrw.u32	q4, [r4], #16
.Ltmp61:
	@DEBUG_VALUE: vecA <- $q4
	@DEBUG_VALUE: pSrcA0Vec <- $r4
	.loc	5 195 20                        @ C:/Keil_v5/Packs/ARM/CMSIS-DSP/1.15.0/Source/SVMFunctions/arm_svm_linear_predict_f32.c:195:20
	vfma.f32	q2, q3, q4
.Ltmp62:
	@DEBUG_VALUE: acc0 <- $q2
	.loc	5 196 20                        @ C:/Keil_v5/Packs/ARM/CMSIS-DSP/1.15.0/Source/SVMFunctions/arm_svm_linear_predict_f32.c:196:20
	vldrw.u32	q4, [r7], #16
.Ltmp63:
	@DEBUG_VALUE: vecA <- $q4
	@DEBUG_VALUE: pSrcA1Vec <- $r7
	.loc	5 198 20                        @ C:/Keil_v5/Packs/ARM/CMSIS-DSP/1.15.0/Source/SVMFunctions/arm_svm_linear_predict_f32.c:198:20
	vfma.f32	q1, q3, q4
.Ltmp64:
	@DEBUG_VALUE: acc1 <- $q1
	.loc	5 188 9                         @ C:/Keil_v5/Packs/ARM/CMSIS-DSP/1.15.0/Source/SVMFunctions/arm_svm_linear_predict_f32.c:188:9
	le	lr, .LBB1_12
.Ltmp65:
@ %bb.13:
	@DEBUG_VALUE: vecIn <- $q3
	@DEBUG_VALUE: pSrcA0Vec <- $r4
	@DEBUG_VALUE: pInVec <- $r2
	@DEBUG_VALUE: acc1 <- $q1
	@DEBUG_VALUE: pSrcA1Vec <- $r7
	@DEBUG_VALUE: acc0 <- $q2
	@DEBUG_VALUE: pSrcVecPtr <- $r9
	@DEBUG_VALUE: arm_svm_linear_predict_f32:pInA0 <- $r8
	@DEBUG_VALUE: arm_svm_linear_predict_f32:pResult <- [DW_OP_plus_uconst 4] [$sp+0]
	@DEBUG_VALUE: arm_svm_linear_predict_f32:S <- [$sp+0]
	@DEBUG_VALUE: arm_svm_linear_predict_f32:sum <- $s0
	@DEBUG_VALUE: arm_svm_linear_predict_f32:row <- $r11
	@DEBUG_VALUE: arm_svm_linear_predict_f32:in <- $r9
	add.w	r0, r8, r5
	add.w	r7, r8, r6
.Ltmp66:
.LBB1_14:
	@DEBUG_VALUE: acc0 <- $q2
	@DEBUG_VALUE: pSrcVecPtr <- $r9
	@DEBUG_VALUE: arm_svm_linear_predict_f32:pInA0 <- $r8
	@DEBUG_VALUE: arm_svm_linear_predict_f32:pResult <- [DW_OP_plus_uconst 4] [$sp+0]
	@DEBUG_VALUE: arm_svm_linear_predict_f32:S <- [$sp+0]
	@DEBUG_VALUE: arm_svm_linear_predict_f32:sum <- $s0
	@DEBUG_VALUE: arm_svm_linear_predict_f32:row <- $r11
	@DEBUG_VALUE: arm_svm_linear_predict_f32:in <- $r9
	@DEBUG_VALUE: arm_svm_linear_predict_f32:blkCnt <- [DW_OP_plus_uconst 12] [$sp+0]
	.loc	5 0 9 is_stmt 0                 @ C:/Keil_v5/Packs/ARM/CMSIS-DSP/1.15.0/Source/SVMFunctions/arm_svm_linear_predict_f32.c:0:9
	ldr	r2, [sp, #12]                   @ 4-byte Reload
	.loc	5 207 13 is_stmt 1              @ C:/Keil_v5/Packs/ARM/CMSIS-DSP/1.15.0/Source/SVMFunctions/arm_svm_linear_predict_f32.c:207:13
	cbz	r2, .LBB1_16
.Ltmp67:
@ %bb.15:
	@DEBUG_VALUE: acc0 <- $q2
	@DEBUG_VALUE: pSrcVecPtr <- $r9
	@DEBUG_VALUE: arm_svm_linear_predict_f32:blkCnt <- [DW_OP_plus_uconst 12] [$sp+0]
	@DEBUG_VALUE: arm_svm_linear_predict_f32:pInA0 <- $r8
	@DEBUG_VALUE: arm_svm_linear_predict_f32:pResult <- [DW_OP_plus_uconst 4] [$sp+0]
	@DEBUG_VALUE: arm_svm_linear_predict_f32:S <- [$sp+0]
	@DEBUG_VALUE: arm_svm_linear_predict_f32:sum <- $s0
	@DEBUG_VALUE: arm_svm_linear_predict_f32:row <- $r11
	@DEBUG_VALUE: arm_svm_linear_predict_f32:in <- $r9
	.loc	5 208 34                        @ C:/Keil_v5/Packs/ARM/CMSIS-DSP/1.15.0/Source/SVMFunctions/arm_svm_linear_predict_f32.c:208:34
	vctp.32	r2
.Ltmp68:
	@DEBUG_VALUE: p0 <- undef
	.loc	5 211 21                        @ C:/Keil_v5/Packs/ARM/CMSIS-DSP/1.15.0/Source/SVMFunctions/arm_svm_linear_predict_f32.c:211:21
	vpstt	
	vldrwt.u32	q3, [r1]
.Ltmp69:
	@DEBUG_VALUE: vecIn <- $q3
	.loc	5 212 20                        @ C:/Keil_v5/Packs/ARM/CMSIS-DSP/1.15.0/Source/SVMFunctions/arm_svm_linear_predict_f32.c:212:20
	vldrwt.u32	q4, [r0]
.Ltmp70:
	@DEBUG_VALUE: vecA <- $q4
	.loc	5 213 20                        @ C:/Keil_v5/Packs/ARM/CMSIS-DSP/1.15.0/Source/SVMFunctions/arm_svm_linear_predict_f32.c:213:20
	vfma.f32	q2, q3, q4
.Ltmp71:
	@DEBUG_VALUE: acc0 <- $q2
	.loc	5 214 20                        @ C:/Keil_v5/Packs/ARM/CMSIS-DSP/1.15.0/Source/SVMFunctions/arm_svm_linear_predict_f32.c:214:20
	vpst	
	vldrwt.u32	q4, [r7]
.Ltmp72:
	@DEBUG_VALUE: vecA <- $q4
	.loc	5 215 20                        @ C:/Keil_v5/Packs/ARM/CMSIS-DSP/1.15.0/Source/SVMFunctions/arm_svm_linear_predict_f32.c:215:20
	vfma.f32	q1, q3, q4
.Ltmp73:
	@DEBUG_VALUE: acc1 <- $q1
.LBB1_16:
	@DEBUG_VALUE: acc0 <- $q2
	@DEBUG_VALUE: pSrcVecPtr <- $r9
	@DEBUG_VALUE: arm_svm_linear_predict_f32:blkCnt <- [DW_OP_plus_uconst 12] [$sp+0]
	@DEBUG_VALUE: arm_svm_linear_predict_f32:pInA0 <- $r8
	@DEBUG_VALUE: arm_svm_linear_predict_f32:pResult <- [DW_OP_plus_uconst 4] [$sp+0]
	@DEBUG_VALUE: arm_svm_linear_predict_f32:S <- [$sp+0]
	@DEBUG_VALUE: arm_svm_linear_predict_f32:sum <- $s0
	@DEBUG_VALUE: arm_svm_linear_predict_f32:row <- $r11
	@DEBUG_VALUE: arm_svm_linear_predict_f32:in <- $r9
	@DEBUG_VALUE: arm_svm_linear_predict_f32:pDualCoef <- [DW_OP_plus_uconst 4, DW_OP_stack_value] $r3
	@DEBUG_VALUE: acc1 <- $q1
	@DEBUG_VALUE: acc0 <- $q2
	.loc	5 220 16                        @ C:/Keil_v5/Packs/ARM/CMSIS-DSP/1.15.0/Source/SVMFunctions/arm_svm_linear_predict_f32.c:220:16
	ldrd	r0, r1, [r3], #8
.Ltmp74:
	.loc	5 227 13                        @ C:/Keil_v5/Packs/ARM/CMSIS-DSP/1.15.0/Source/SVMFunctions/arm_svm_linear_predict_f32.c:227:13
	sub.w	r11, r11, #2
.Ltmp75:
	@DEBUG_VALUE: arm_svm_linear_predict_f32:row <- $r11
	.loc	5 226 15                        @ C:/Keil_v5/Packs/ARM/CMSIS-DSP/1.15.0/Source/SVMFunctions/arm_svm_linear_predict_f32.c:226:15
	add.w	r8, r8, r10, lsl #3
.Ltmp76:
	@DEBUG_VALUE: arm_svm_linear_predict_f32:pSrcA <- $r8
	@DEBUG_VALUE: arm_svm_linear_predict_f32:pDualCoef <- $r3
	.loc	5 220 16                        @ C:/Keil_v5/Packs/ARM/CMSIS-DSP/1.15.0/Source/SVMFunctions/arm_svm_linear_predict_f32.c:220:16
	vmul.f32	q2, q2, r0
.Ltmp77:
	@DEBUG_VALUE: acc0 <- $q2
	.loc	5 221 16                        @ C:/Keil_v5/Packs/ARM/CMSIS-DSP/1.15.0/Source/SVMFunctions/arm_svm_linear_predict_f32.c:221:16
	vfma.f32	q2, q1, r1
.Ltmp78:
	@DEBUG_VALUE: vecAddAcrossF32Mve:in <- $q2
	@DEBUG_VALUE: acc0 <- $q2
	.loc	6 60 29                         @ ../../../../Library/CMSIS/DSP/Include\arm_helium_utils.h:60:29
	vadd.f32	s2, s8, s9
	.loc	6 60 49 is_stmt 0               @ ../../../../Library/CMSIS/DSP/Include\arm_helium_utils.h:60:49
	vadd.f32	s2, s10, s2
	.loc	6 61 29 is_stmt 1               @ ../../../../Library/CMSIS/DSP/Include\arm_helium_utils.h:61:29
	vadd.f32	s2, s11, s2
.Ltmp79:
	@DEBUG_VALUE: vecAddAcrossF32Mve:acc <- $s2
	.loc	5 223 13                        @ C:/Keil_v5/Packs/ARM/CMSIS-DSP/1.15.0/Source/SVMFunctions/arm_svm_linear_predict_f32.c:223:13
	vadd.f32	s0, s0, s2
.Ltmp80:
	@DEBUG_VALUE: arm_svm_linear_predict_f32:sum <- $s0
.LBB1_17:
	@DEBUG_VALUE: arm_svm_linear_predict_f32:pResult <- [DW_OP_plus_uconst 4] [$sp+0]
	@DEBUG_VALUE: arm_svm_linear_predict_f32:S <- [$sp+0]
	@DEBUG_VALUE: arm_svm_linear_predict_f32:sum <- $s0
	@DEBUG_VALUE: arm_svm_linear_predict_f32:row <- $r11
	@DEBUG_VALUE: arm_svm_linear_predict_f32:in <- $r9
	.loc	5 0 13 is_stmt 0                @ C:/Keil_v5/Packs/ARM/CMSIS-DSP/1.15.0/Source/SVMFunctions/arm_svm_linear_predict_f32.c:0:13
	ldr	r1, [sp, #8]                    @ 4-byte Reload
.Ltmp81:
	@DEBUG_VALUE: arm_svm_linear_predict_f32:pSrcA <- $r8
	@DEBUG_VALUE: arm_svm_linear_predict_f32:pDualCoef <- $r3
	@DEBUG_VALUE: arm_svm_linear_predict_f32:sum <- $s0
	@DEBUG_VALUE: arm_svm_linear_predict_f32:row <- $r11
	.loc	5 230 9 is_stmt 1               @ C:/Keil_v5/Packs/ARM/CMSIS-DSP/1.15.0/Source/SVMFunctions/arm_svm_linear_predict_f32.c:230:9
	cmp.w	r11, #0
	beq	.LBB1_25
.Ltmp82:
@ %bb.18:
	@DEBUG_VALUE: arm_svm_linear_predict_f32:pDualCoef <- $r3
	@DEBUG_VALUE: arm_svm_linear_predict_f32:pSrcA <- $r8
	@DEBUG_VALUE: arm_svm_linear_predict_f32:pResult <- [DW_OP_plus_uconst 4] [$sp+0]
	@DEBUG_VALUE: arm_svm_linear_predict_f32:S <- [$sp+0]
	@DEBUG_VALUE: arm_svm_linear_predict_f32:sum <- $s0
	@DEBUG_VALUE: arm_svm_linear_predict_f32:row <- $r11
	@DEBUG_VALUE: arm_svm_linear_predict_f32:in <- $r9
	@DEBUG_VALUE: arm_svm_linear_predict_f32:pInA0 <- $r8
	@DEBUG_VALUE: arm_svm_linear_predict_f32:blkCnt <- [DW_OP_constu 2, DW_OP_shr, DW_OP_stack_value] undef
	@DEBUG_VALUE: pSrcVecPtr <- $r9
	@DEBUG_VALUE: pInVec <- $r9
	@DEBUG_VALUE: pSrcA0Vec <- $r8
	.loc	5 0 9 is_stmt 0                 @ C:/Keil_v5/Packs/ARM/CMSIS-DSP/1.15.0/Source/SVMFunctions/arm_svm_linear_predict_f32.c:0:9
	vmov.i32	q1, #0x0
.Ltmp83:
	@DEBUG_VALUE: acc0 <- $q1
	.loc	5 250 9 is_stmt 1               @ C:/Keil_v5/Packs/ARM/CMSIS-DSP/1.15.0/Source/SVMFunctions/arm_svm_linear_predict_f32.c:250:9
	wls	lr, r1, .LBB1_22
.Ltmp84:
@ %bb.19:
	@DEBUG_VALUE: acc0 <- $q1
	@DEBUG_VALUE: pSrcA0Vec <- $r8
	@DEBUG_VALUE: pInVec <- $r9
	@DEBUG_VALUE: pSrcVecPtr <- $r9
	@DEBUG_VALUE: arm_svm_linear_predict_f32:pInA0 <- $r8
	@DEBUG_VALUE: arm_svm_linear_predict_f32:pDualCoef <- $r3
	@DEBUG_VALUE: arm_svm_linear_predict_f32:pSrcA <- $r8
	@DEBUG_VALUE: arm_svm_linear_predict_f32:pResult <- [DW_OP_plus_uconst 4] [$sp+0]
	@DEBUG_VALUE: arm_svm_linear_predict_f32:S <- [$sp+0]
	@DEBUG_VALUE: arm_svm_linear_predict_f32:sum <- $s0
	@DEBUG_VALUE: arm_svm_linear_predict_f32:row <- $r11
	@DEBUG_VALUE: arm_svm_linear_predict_f32:in <- $r9
	@DEBUG_VALUE: arm_svm_linear_predict_f32:blkCnt <- $r1
	.loc	5 0 9 is_stmt 0                 @ C:/Keil_v5/Packs/ARM/CMSIS-DSP/1.15.0/Source/SVMFunctions/arm_svm_linear_predict_f32.c:0:9
	vmov.i32	q1, #0x0
.Ltmp85:
	.loc	5 250 9                         @ C:/Keil_v5/Packs/ARM/CMSIS-DSP/1.15.0/Source/SVMFunctions/arm_svm_linear_predict_f32.c:250:9
	lsls	r0, r1, #4
	mov	r2, r8
	add.w	r1, r9, r1, lsl #4
.Ltmp86:
	.p2align	2
.LBB1_20:                               @ =>This Inner Loop Header: Depth=1
	@DEBUG_VALUE: pInVec <- $r9
	@DEBUG_VALUE: arm_svm_linear_predict_f32:pInA0 <- $r8
	@DEBUG_VALUE: arm_svm_linear_predict_f32:pDualCoef <- $r3
	@DEBUG_VALUE: arm_svm_linear_predict_f32:pSrcA <- $r8
	@DEBUG_VALUE: arm_svm_linear_predict_f32:pResult <- [DW_OP_plus_uconst 4] [$sp+0]
	@DEBUG_VALUE: arm_svm_linear_predict_f32:S <- [$sp+0]
	@DEBUG_VALUE: arm_svm_linear_predict_f32:sum <- $s0
	@DEBUG_VALUE: arm_svm_linear_predict_f32:row <- $r11
	@DEBUG_VALUE: arm_svm_linear_predict_f32:blkCnt <- undef
	@DEBUG_VALUE: pInVec <- $r9
	@DEBUG_VALUE: pSrcA0Vec <- $r2
	@DEBUG_VALUE: acc0 <- $q1
	.loc	5 253 21 is_stmt 1              @ C:/Keil_v5/Packs/ARM/CMSIS-DSP/1.15.0/Source/SVMFunctions/arm_svm_linear_predict_f32.c:253:21
	vldrw.u32	q2, [r9], #16
.Ltmp87:
	@DEBUG_VALUE: arm_svm_linear_predict_f32:in <- [DW_OP_LLVM_entry_value 1] $r1
	@DEBUG_VALUE: vecIn <- $q2
	@DEBUG_VALUE: pInVec <- $r9
	.loc	5 255 20                        @ C:/Keil_v5/Packs/ARM/CMSIS-DSP/1.15.0/Source/SVMFunctions/arm_svm_linear_predict_f32.c:255:20
	vldrw.u32	q3, [r2], #16
.Ltmp88:
	@DEBUG_VALUE: vecA <- $q3
	@DEBUG_VALUE: pSrcA0Vec <- $r2
	.loc	5 257 20                        @ C:/Keil_v5/Packs/ARM/CMSIS-DSP/1.15.0/Source/SVMFunctions/arm_svm_linear_predict_f32.c:257:20
	vfma.f32	q1, q2, q3
.Ltmp89:
	@DEBUG_VALUE: acc0 <- $q1
	.loc	5 250 9                         @ C:/Keil_v5/Packs/ARM/CMSIS-DSP/1.15.0/Source/SVMFunctions/arm_svm_linear_predict_f32.c:250:9
	le	lr, .LBB1_20
.Ltmp90:
@ %bb.21:
	@DEBUG_VALUE: vecIn <- $q2
	@DEBUG_VALUE: pSrcA0Vec <- $r2
	@DEBUG_VALUE: acc0 <- $q1
	@DEBUG_VALUE: pInVec <- $r9
	@DEBUG_VALUE: arm_svm_linear_predict_f32:pInA0 <- $r8
	@DEBUG_VALUE: arm_svm_linear_predict_f32:pDualCoef <- $r3
	@DEBUG_VALUE: arm_svm_linear_predict_f32:pSrcA <- $r8
	@DEBUG_VALUE: arm_svm_linear_predict_f32:pResult <- [DW_OP_plus_uconst 4] [$sp+0]
	@DEBUG_VALUE: arm_svm_linear_predict_f32:S <- [$sp+0]
	@DEBUG_VALUE: arm_svm_linear_predict_f32:sum <- $s0
	@DEBUG_VALUE: arm_svm_linear_predict_f32:row <- $r11
	add	r8, r0
.Ltmp91:
	.loc	5 0 9 is_stmt 0                 @ C:/Keil_v5/Packs/ARM/CMSIS-DSP/1.15.0/Source/SVMFunctions/arm_svm_linear_predict_f32.c:0:9
	mov	r9, r1
.Ltmp92:
.LBB1_22:
	@DEBUG_VALUE: acc0 <- $q1
	@DEBUG_VALUE: arm_svm_linear_predict_f32:pDualCoef <- $r3
	@DEBUG_VALUE: arm_svm_linear_predict_f32:pResult <- [DW_OP_plus_uconst 4] [$sp+0]
	@DEBUG_VALUE: arm_svm_linear_predict_f32:S <- [$sp+0]
	@DEBUG_VALUE: arm_svm_linear_predict_f32:sum <- $s0
	@DEBUG_VALUE: arm_svm_linear_predict_f32:row <- $r11
	@DEBUG_VALUE: arm_svm_linear_predict_f32:blkCnt <- [DW_OP_plus_uconst 12] [$sp+0]
	ldr	r0, [sp, #12]                   @ 4-byte Reload
.Ltmp93:
	@DEBUG_VALUE: arm_svm_linear_predict_f32:blkCnt <- $r0
	.loc	5 266 13 is_stmt 1              @ C:/Keil_v5/Packs/ARM/CMSIS-DSP/1.15.0/Source/SVMFunctions/arm_svm_linear_predict_f32.c:266:13
	cbz	r0, .LBB1_24
.Ltmp94:
@ %bb.23:
	@DEBUG_VALUE: acc0 <- $q1
	@DEBUG_VALUE: arm_svm_linear_predict_f32:blkCnt <- $r0
	@DEBUG_VALUE: arm_svm_linear_predict_f32:pDualCoef <- $r3
	@DEBUG_VALUE: arm_svm_linear_predict_f32:pResult <- [DW_OP_plus_uconst 4] [$sp+0]
	@DEBUG_VALUE: arm_svm_linear_predict_f32:S <- [$sp+0]
	@DEBUG_VALUE: arm_svm_linear_predict_f32:sum <- $s0
	@DEBUG_VALUE: arm_svm_linear_predict_f32:row <- $r11
	.loc	5 267 34                        @ C:/Keil_v5/Packs/ARM/CMSIS-DSP/1.15.0/Source/SVMFunctions/arm_svm_linear_predict_f32.c:267:34
	vctp.32	r0
.Ltmp95:
	@DEBUG_VALUE: p0 <- undef
	.loc	5 270 21                        @ C:/Keil_v5/Packs/ARM/CMSIS-DSP/1.15.0/Source/SVMFunctions/arm_svm_linear_predict_f32.c:270:21
	vpstt	
	vldrwt.u32	q2, [r9]
.Ltmp96:
	@DEBUG_VALUE: vecIn <- $q2
	.loc	5 271 20                        @ C:/Keil_v5/Packs/ARM/CMSIS-DSP/1.15.0/Source/SVMFunctions/arm_svm_linear_predict_f32.c:271:20
	vldrwt.u32	q3, [r8]
.Ltmp97:
	@DEBUG_VALUE: vecA <- $q3
	.loc	5 272 20                        @ C:/Keil_v5/Packs/ARM/CMSIS-DSP/1.15.0/Source/SVMFunctions/arm_svm_linear_predict_f32.c:272:20
	vfma.f32	q1, q2, q3
.Ltmp98:
	@DEBUG_VALUE: acc0 <- $q1
.LBB1_24:
	@DEBUG_VALUE: acc0 <- $q1
	@DEBUG_VALUE: arm_svm_linear_predict_f32:blkCnt <- $r0
	@DEBUG_VALUE: arm_svm_linear_predict_f32:pDualCoef <- $r3
	@DEBUG_VALUE: arm_svm_linear_predict_f32:pResult <- [DW_OP_plus_uconst 4] [$sp+0]
	@DEBUG_VALUE: arm_svm_linear_predict_f32:S <- [$sp+0]
	@DEBUG_VALUE: arm_svm_linear_predict_f32:sum <- $s0
	@DEBUG_VALUE: arm_svm_linear_predict_f32:row <- $r11
	.loc	6 60 29                         @ ../../../../Library/CMSIS/DSP/Include\arm_helium_utils.h:60:29
	vadd.f32	s2, s4, s5
	ldrd	r0, r2, [sp]                    @ 8-byte Folded Reload
.Ltmp99:
	@DEBUG_VALUE: arm_svm_linear_predict_f32:pDualCoef <- [DW_OP_plus_uconst 4, DW_OP_stack_value] $r3
	@DEBUG_VALUE: acc0 <- $q1
	.loc	6 60 49 is_stmt 0               @ ../../../../Library/CMSIS/DSP/Include\arm_helium_utils.h:60:49
	vadd.f32	s2, s6, s2
.Ltmp100:
	.loc	5 277 16 is_stmt 1              @ C:/Keil_v5/Packs/ARM/CMSIS-DSP/1.15.0/Source/SVMFunctions/arm_svm_linear_predict_f32.c:277:16
	vldr	s4, [r3]
.Ltmp101:
	@DEBUG_VALUE: vecAddAcrossF32Mve:in <- $q1
	.loc	6 61 29                         @ ../../../../Library/CMSIS/DSP/Include\arm_helium_utils.h:61:29
	vadd.f32	s2, s7, s2
.Ltmp102:
	@DEBUG_VALUE: vecAddAcrossF32Mve:acc <- $s2
	.loc	5 277 13                        @ C:/Keil_v5/Packs/ARM/CMSIS-DSP/1.15.0/Source/SVMFunctions/arm_svm_linear_predict_f32.c:277:13
	vfma.f32	s0, s4, s2
.Ltmp103:
	@DEBUG_VALUE: arm_svm_linear_predict_f32:sum <- $s0
	.loc	5 0 13 is_stmt 0                @ C:/Keil_v5/Packs/ARM/CMSIS-DSP/1.15.0/Source/SVMFunctions/arm_svm_linear_predict_f32.c:0:13
	b	.LBB1_26
.Ltmp104:
.LBB1_25:
	@DEBUG_VALUE: arm_svm_linear_predict_f32:pDualCoef <- $r3
	@DEBUG_VALUE: arm_svm_linear_predict_f32:pSrcA <- $r8
	@DEBUG_VALUE: arm_svm_linear_predict_f32:pResult <- [DW_OP_plus_uconst 4] [$sp+0]
	@DEBUG_VALUE: arm_svm_linear_predict_f32:S <- [$sp+0]
	@DEBUG_VALUE: arm_svm_linear_predict_f32:sum <- $s0
	@DEBUG_VALUE: arm_svm_linear_predict_f32:row <- $r11
	@DEBUG_VALUE: arm_svm_linear_predict_f32:in <- $r9
	ldrd	r0, r2, [sp]                    @ 8-byte Folded Reload
.Ltmp105:
.LBB1_26:
	@DEBUG_VALUE: arm_svm_linear_predict_f32:pResult <- [DW_OP_plus_uconst 4] [$sp+0]
	@DEBUG_VALUE: arm_svm_linear_predict_f32:S <- [$sp+0]
	@DEBUG_VALUE: arm_svm_linear_predict_f32:sum <- $s0
	@DEBUG_VALUE: arm_svm_linear_predict_f32:row <- $r11
	@DEBUG_VALUE: arm_svm_linear_predict_f32:sum <- $s0
	.loc	5 281 27 is_stmt 1              @ C:/Keil_v5/Packs/ARM/CMSIS-DSP/1.15.0/Source/SVMFunctions/arm_svm_linear_predict_f32.c:281:27
	vcmp.f32	s0, #0
	.loc	5 281 19 is_stmt 0              @ C:/Keil_v5/Packs/ARM/CMSIS-DSP/1.15.0/Source/SVMFunctions/arm_svm_linear_predict_f32.c:281:19
	ldr	r0, [r0, #20]
	.loc	5 281 27                        @ C:/Keil_v5/Packs/ARM/CMSIS-DSP/1.15.0/Source/SVMFunctions/arm_svm_linear_predict_f32.c:281:27
	vmrs	APSR_nzcv, fpscr
	cset	r1, gt
	.loc	5 281 16                        @ C:/Keil_v5/Packs/ARM/CMSIS-DSP/1.15.0/Source/SVMFunctions/arm_svm_linear_predict_f32.c:281:16
	ldr.w	r0, [r0, r1, lsl #2]
	.loc	5 281 14                        @ C:/Keil_v5/Packs/ARM/CMSIS-DSP/1.15.0/Source/SVMFunctions/arm_svm_linear_predict_f32.c:281:14
	str	r0, [r2]
	.loc	5 282 1 epilogue_begin is_stmt 1 @ C:/Keil_v5/Packs/ARM/CMSIS-DSP/1.15.0/Source/SVMFunctions/arm_svm_linear_predict_f32.c:282:1
	add	sp, #16
	vpop	{d8, d9, d10, d11, d12, d13}
	add	sp, #4
	pop.w	{r4, r5, r6, r7, r8, r9, r10, r11, pc}
.Ltmp106:
.Lfunc_end1:
	.size	arm_svm_linear_predict_f32, .Lfunc_end1-arm_svm_linear_predict_f32
	.cfi_endproc
	.cantunwind
	.fnend
                                        @ -- End function
	.section	.text.arm_svm_polynomial_init_f32,"ax",%progbits
	.hidden	arm_svm_polynomial_init_f32     @ -- Begin function arm_svm_polynomial_init_f32
	.globl	arm_svm_polynomial_init_f32
	.p2align	2
	.type	arm_svm_polynomial_init_f32,%function
	.code	16                              @ @arm_svm_polynomial_init_f32
	.thumb_func
arm_svm_polynomial_init_f32:
.Lfunc_begin2:
	.file	7 "C:/Keil_v5/Packs/ARM/CMSIS-DSP/1.15.0/Source/SVMFunctions" "arm_svm_polynomial_init_f32.c"
	.loc	7 81 0                          @ C:/Keil_v5/Packs/ARM/CMSIS-DSP/1.15.0/Source/SVMFunctions/arm_svm_polynomial_init_f32.c:81:0
	.fnstart
	.cfi_startproc
@ %bb.0:
	@DEBUG_VALUE: arm_svm_polynomial_init_f32:S <- $r0
	@DEBUG_VALUE: arm_svm_polynomial_init_f32:nbOfSupportVectors <- $r1
	@DEBUG_VALUE: arm_svm_polynomial_init_f32:vectorDimension <- $r2
	@DEBUG_VALUE: arm_svm_polynomial_init_f32:intercept <- $s0
	@DEBUG_VALUE: arm_svm_polynomial_init_f32:dualCoefficients <- $r3
	@DEBUG_VALUE: arm_svm_polynomial_init_f32:coef0 <- $s1
	@DEBUG_VALUE: arm_svm_polynomial_init_f32:gamma <- $s2
	.save	{r4, lr}
	push	{r4, lr}
	.cfi_def_cfa_offset 8
	.cfi_offset lr, -4
	.cfi_offset r4, -8
.Ltmp107:
	@DEBUG_VALUE: arm_svm_polynomial_init_f32:supportVectors <- [DW_OP_plus_uconst 8] [$sp+0]
	@DEBUG_VALUE: arm_svm_polynomial_init_f32:classes <- [DW_OP_plus_uconst 12] [$sp+0]
	@DEBUG_VALUE: arm_svm_polynomial_init_f32:degree <- [DW_OP_plus_uconst 16] [$sp+0]
	ldr.w	r12, [sp, #16]
.Ltmp108:
	.loc	7 82 26 prologue_end            @ C:/Keil_v5/Packs/ARM/CMSIS-DSP/1.15.0/Source/SVMFunctions/arm_svm_polynomial_init_f32.c:82:26
	strd	r1, r2, [r0]
	.loc	7 85 24                         @ C:/Keil_v5/Packs/ARM/CMSIS-DSP/1.15.0/Source/SVMFunctions/arm_svm_polynomial_init_f32.c:85:24
	add.w	r1, r0, #12
.Ltmp109:
	@DEBUG_VALUE: arm_svm_polynomial_init_f32:nbOfSupportVectors <- [DW_OP_LLVM_entry_value 1] $r1
	.loc	7 0 24 is_stmt 0                @ C:/Keil_v5/Packs/ARM/CMSIS-DSP/1.15.0/Source/SVMFunctions/arm_svm_polynomial_init_f32.c:0:24
	ldrd	r4, lr, [sp, #8]
	.loc	7 84 17 is_stmt 1               @ C:/Keil_v5/Packs/ARM/CMSIS-DSP/1.15.0/Source/SVMFunctions/arm_svm_polynomial_init_f32.c:84:17
	vstr	s0, [r0, #8]
	.loc	7 85 24                         @ C:/Keil_v5/Packs/ARM/CMSIS-DSP/1.15.0/Source/SVMFunctions/arm_svm_polynomial_init_f32.c:85:24
	stm.w	r1, {r3, r4, lr}
	.loc	7 88 14                         @ C:/Keil_v5/Packs/ARM/CMSIS-DSP/1.15.0/Source/SVMFunctions/arm_svm_polynomial_init_f32.c:88:14
	str.w	r12, [r0, #24]
	.loc	7 89 13                         @ C:/Keil_v5/Packs/ARM/CMSIS-DSP/1.15.0/Source/SVMFunctions/arm_svm_polynomial_init_f32.c:89:13
	vstr	s1, [r0, #28]
	.loc	7 90 13                         @ C:/Keil_v5/Packs/ARM/CMSIS-DSP/1.15.0/Source/SVMFunctions/arm_svm_polynomial_init_f32.c:90:13
	vstr	s2, [r0, #32]
	.loc	7 91 1 epilogue_begin           @ C:/Keil_v5/Packs/ARM/CMSIS-DSP/1.15.0/Source/SVMFunctions/arm_svm_polynomial_init_f32.c:91:1
	pop	{r4, pc}
.Ltmp110:
.Lfunc_end2:
	.size	arm_svm_polynomial_init_f32, .Lfunc_end2-arm_svm_polynomial_init_f32
	.cfi_endproc
	.cantunwind
	.fnend
                                        @ -- End function
	.section	.text.arm_svm_polynomial_predict_f32,"ax",%progbits
	.hidden	arm_svm_polynomial_predict_f32  @ -- Begin function arm_svm_polynomial_predict_f32
	.globl	arm_svm_polynomial_predict_f32
	.p2align	2
	.type	arm_svm_polynomial_predict_f32,%function
	.code	16                              @ @arm_svm_polynomial_predict_f32
	.thumb_func
arm_svm_polynomial_predict_f32:
.Lfunc_begin3:
	.file	8 "C:/Keil_v5/Packs/ARM/CMSIS-DSP/1.15.0/Source/SVMFunctions" "arm_svm_polynomial_predict_f32.c"
	.loc	8 61 0                          @ C:/Keil_v5/Packs/ARM/CMSIS-DSP/1.15.0/Source/SVMFunctions/arm_svm_polynomial_predict_f32.c:61:0
	.fnstart
	.cfi_startproc
@ %bb.0:
	@DEBUG_VALUE: arm_svm_polynomial_predict_f32:S <- $r0
	@DEBUG_VALUE: arm_svm_polynomial_predict_f32:in <- $r1
	@DEBUG_VALUE: arm_svm_polynomial_predict_f32:pResult <- $r2
	.save	{r4, r5, r6, r7, r8, r9, r10, r11, lr}
	push.w	{r4, r5, r6, r7, r8, r9, r10, r11, lr}
	.cfi_def_cfa_offset 36
	.cfi_offset lr, -4
	.cfi_offset r11, -8
	.cfi_offset r10, -12
	.cfi_offset r9, -16
	.cfi_offset r8, -20
	.cfi_offset r7, -24
	.cfi_offset r6, -28
	.cfi_offset r5, -32
	.cfi_offset r4, -36
	.pad	#4
	sub	sp, #4
	.cfi_def_cfa_offset 40
	.vsave	{d8, d9, d10, d11, d12, d13, d14, d15}
	vpush	{d8, d9, d10, d11, d12, d13, d14, d15}
	.cfi_def_cfa_offset 104
	.cfi_offset d15, -48
	.cfi_offset d14, -56
	.cfi_offset d13, -64
	.cfi_offset d12, -72
	.cfi_offset d11, -80
	.cfi_offset d10, -88
	.cfi_offset d9, -96
	.cfi_offset d8, -104
	.pad	#32
	sub	sp, #32
	.cfi_def_cfa_offset 136
.Ltmp111:
	.loc	8 63 34 prologue_end            @ C:/Keil_v5/Packs/ARM/CMSIS-DSP/1.15.0/Source/SVMFunctions/arm_svm_polynomial_predict_f32.c:63:34
	ldrd	r5, r6, [r0]
.Ltmp112:
	@DEBUG_VALUE: arm_svm_polynomial_predict_f32:pDualCoef <- undef
	@DEBUG_VALUE: arm_svm_polynomial_predict_f32:pSrcA <- undef
	@DEBUG_VALUE: arm_svm_polynomial_predict_f32:pSupport <- undef
	.loc	8 0 34 is_stmt 0                @ C:/Keil_v5/Packs/ARM/CMSIS-DSP/1.15.0/Source/SVMFunctions/arm_svm_polynomial_predict_f32.c:0:34
	mov	r10, r1
.Ltmp113:
	@DEBUG_VALUE: arm_svm_polynomial_predict_f32:in <- $r10
	@DEBUG_VALUE: arm_svm_polynomial_predict_f32:numCols <- undef
	@DEBUG_VALUE: arm_svm_polynomial_predict_f32:numRows <- undef
	@DEBUG_VALUE: arm_svm_polynomial_predict_f32:in <- $r10
	.loc	8 71 37 is_stmt 1               @ C:/Keil_v5/Packs/ARM/CMSIS-DSP/1.15.0/Source/SVMFunctions/arm_svm_polynomial_predict_f32.c:71:37
	ldrd	r12, r9, [r0, #12]
	.loc	8 72 30                         @ C:/Keil_v5/Packs/ARM/CMSIS-DSP/1.15.0/Source/SVMFunctions/arm_svm_polynomial_predict_f32.c:72:30
	vldr	s0, [r0, #8]
.Ltmp114:
	@DEBUG_VALUE: arm_svm_polynomial_predict_f32:vSum <- undef
	@DEBUG_VALUE: arm_svm_polynomial_predict_f32:row <- $r5
	@DEBUG_VALUE: arm_svm_polynomial_predict_f32:sum <- $s0
	.loc	8 0 30 is_stmt 0                @ C:/Keil_v5/Packs/ARM/CMSIS-DSP/1.15.0/Source/SVMFunctions/arm_svm_polynomial_predict_f32.c:0:30
	vmov.i32	q1, #0x0
	str	r2, [sp]                        @ 4-byte Spill
.Ltmp115:
	@DEBUG_VALUE: arm_svm_polynomial_predict_f32:pResult <- [$sp+0]
	@DEBUG_VALUE: arm_svm_polynomial_predict_f32:pResult <- [$sp+0]
	.loc	8 80 5 is_stmt 1                @ C:/Keil_v5/Packs/ARM/CMSIS-DSP/1.15.0/Source/SVMFunctions/arm_svm_polynomial_predict_f32.c:80:5
	cmp	r5, #4
	lsr.w	r2, r6, #2
	and	r1, r6, #3
	str	r1, [sp, #28]                   @ 4-byte Spill
	str	r0, [sp, #4]                    @ 4-byte Spill
	str	r2, [sp, #12]                   @ 4-byte Spill
	blo.w	.LBB3_13
.Ltmp116:
@ %bb.1:
	@DEBUG_VALUE: arm_svm_polynomial_predict_f32:pResult <- [$sp+0]
	@DEBUG_VALUE: arm_svm_polynomial_predict_f32:sum <- $s0
	@DEBUG_VALUE: arm_svm_polynomial_predict_f32:row <- $r5
	@DEBUG_VALUE: arm_svm_polynomial_predict_f32:in <- $r10
	@DEBUG_VALUE: arm_svm_polynomial_predict_f32:S <- $r0
	.loc	8 0 5 is_stmt 0                 @ C:/Keil_v5/Packs/ARM/CMSIS-DSP/1.15.0/Source/SVMFunctions/arm_svm_polynomial_predict_f32.c:0:5
	ldr	r7, [r0, #24]
	mov	r1, r0
	ldr	r0, [r0, #28]
.Ltmp117:
	@DEBUG_VALUE: arm_svm_polynomial_predict_f32:S <- [DW_OP_LLVM_entry_value 1] $r0
	ldr	r1, [r1, #32]
	.loc	8 80 5                          @ C:/Keil_v5/Packs/ARM/CMSIS-DSP/1.15.0/Source/SVMFunctions/arm_svm_polynomial_predict_f32.c:80:5
	str	r0, [sp, #24]                   @ 4-byte Spill
	subs	r0, r7, #2
	add.w	r11, r10, r2, lsl #4
	str	r1, [sp, #20]                   @ 4-byte Spill
	it	lo
	movlo	r0, #0
	lsls	r1, r6, #2
	adds	r0, #1
	str	r1, [sp, #16]                   @ 4-byte Spill
	str	r0, [sp, #8]                    @ 4-byte Spill
	b	.LBB3_4
.Ltmp118:
	.p2align	2
.LBB3_2:                                @   in Loop: Header=BB3_4 Depth=1
	@DEBUG_VALUE: arm_vec_exponent_f32:x <- $q3
	@DEBUG_VALUE: arm_vec_exponent_f32:r <- $q3
	@DEBUG_VALUE: arm_vec_exponent_f32:nb <- [DW_OP_constu 1, DW_OP_minus, DW_OP_stack_value] $r7
	@DEBUG_VALUE: vtmp <- $q4
	@DEBUG_VALUE: vecAddAcrossF32Mve:acc <- $s19
	@DEBUG_VALUE: vecAddAcrossF32Mve:acc <- $s18
	@DEBUG_VALUE: vecAddAcrossF32Mve:acc <- $s17
	@DEBUG_VALUE: vecAddAcrossF32Mve:acc <- $s16
	@DEBUG_VALUE: vecAddAcrossF32Mve:in <- $q5
	@DEBUG_VALUE: arm_svm_polynomial_predict_f32:blkCnt <- [DW_OP_plus_uconst 28] [$sp+0]
	@DEBUG_VALUE: acc1 <- $q5
	@DEBUG_VALUE: arm_svm_polynomial_predict_f32:pInA0 <- $r9
	@DEBUG_VALUE: pSrcVecPtr <- $r10
	@DEBUG_VALUE: arm_svm_polynomial_predict_f32:vSum <- $q1
	@DEBUG_VALUE: arm_svm_polynomial_predict_f32:pDualCoef <- $r12
	@DEBUG_VALUE: arm_svm_polynomial_predict_f32:pSrcA <- $r9
	@DEBUG_VALUE: arm_svm_polynomial_predict_f32:S <- [DW_OP_LLVM_entry_value 1] $r0
	@DEBUG_VALUE: arm_svm_polynomial_predict_f32:pResult <- [$sp+0]
	@DEBUG_VALUE: arm_svm_polynomial_predict_f32:sum <- $s0
	@DEBUG_VALUE: arm_svm_polynomial_predict_f32:row <- $r5
	@DEBUG_VALUE: arm_svm_polynomial_predict_f32:in <- $r10
	.loc	8 0 5                           @ C:/Keil_v5/Packs/ARM/CMSIS-DSP/1.15.0/Source/SVMFunctions/arm_svm_polynomial_predict_f32.c:0:5
	vmov	q4, q3
	@DEBUG_VALUE: arm_vec_exponent_f32:r <- $q4
.Ltmp119:
.LBB3_3:                                @   in Loop: Header=BB3_4 Depth=1
	@DEBUG_VALUE: arm_svm_polynomial_predict_f32:blkCnt <- [DW_OP_plus_uconst 28] [$sp+0]
	@DEBUG_VALUE: acc1 <- $q5
	@DEBUG_VALUE: arm_svm_polynomial_predict_f32:pInA0 <- $r9
	@DEBUG_VALUE: pSrcVecPtr <- $r10
	@DEBUG_VALUE: arm_svm_polynomial_predict_f32:vSum <- $q1
	@DEBUG_VALUE: arm_svm_polynomial_predict_f32:pDualCoef <- $r12
	@DEBUG_VALUE: arm_svm_polynomial_predict_f32:pSrcA <- $r9
	@DEBUG_VALUE: arm_svm_polynomial_predict_f32:S <- [DW_OP_LLVM_entry_value 1] $r0
	@DEBUG_VALUE: arm_svm_polynomial_predict_f32:pResult <- [$sp+0]
	@DEBUG_VALUE: arm_svm_polynomial_predict_f32:sum <- $s0
	@DEBUG_VALUE: arm_svm_polynomial_predict_f32:row <- $r5
	@DEBUG_VALUE: arm_svm_polynomial_predict_f32:in <- $r10
	.loc	8 165 15 is_stmt 1              @ C:/Keil_v5/Packs/ARM/CMSIS-DSP/1.15.0/Source/SVMFunctions/arm_svm_polynomial_predict_f32.c:165:15
	ldr	r0, [sp, #16]                   @ 4-byte Reload
	.loc	8 169 13                        @ C:/Keil_v5/Packs/ARM/CMSIS-DSP/1.15.0/Source/SVMFunctions/arm_svm_polynomial_predict_f32.c:169:13
	subs	r5, #4
.Ltmp120:
	@DEBUG_VALUE: arm_svm_polynomial_predict_f32:row <- $r5
	.loc	8 159 16                        @ C:/Keil_v5/Packs/ARM/CMSIS-DSP/1.15.0/Source/SVMFunctions/arm_svm_polynomial_predict_f32.c:159:16
	vfma.f32	q1, q2, q4
.Ltmp121:
	@DEBUG_VALUE: arm_svm_polynomial_predict_f32:vSum <- $q1
	.loc	8 165 15                        @ C:/Keil_v5/Packs/ARM/CMSIS-DSP/1.15.0/Source/SVMFunctions/arm_svm_polynomial_predict_f32.c:165:15
	add.w	r9, r9, r0, lsl #2
.Ltmp122:
	@DEBUG_VALUE: arm_svm_polynomial_predict_f32:pSrcA <- $r9
	.loc	8 80 5                          @ C:/Keil_v5/Packs/ARM/CMSIS-DSP/1.15.0/Source/SVMFunctions/arm_svm_polynomial_predict_f32.c:80:5
	cmp	r5, #3
.Ltmp123:
	.loc	8 163 19                        @ C:/Keil_v5/Packs/ARM/CMSIS-DSP/1.15.0/Source/SVMFunctions/arm_svm_polynomial_predict_f32.c:163:19
	add.w	r12, r12, #16
.Ltmp124:
	@DEBUG_VALUE: arm_svm_polynomial_predict_f32:pDualCoef <- $r12
	.loc	8 0 19 is_stmt 0                @ C:/Keil_v5/Packs/ARM/CMSIS-DSP/1.15.0/Source/SVMFunctions/arm_svm_polynomial_predict_f32.c:0:19
	bls.w	.LBB3_13
.Ltmp125:
.LBB3_4:                                @ =>This Loop Header: Depth=1
                                        @     Child Loop BB3_7 Depth 2
                                        @     Child Loop BB3_12 Depth 2
	@DEBUG_VALUE: arm_svm_polynomial_predict_f32:S <- [DW_OP_LLVM_entry_value 1] $r0
	@DEBUG_VALUE: arm_svm_polynomial_predict_f32:pResult <- [$sp+0]
	@DEBUG_VALUE: arm_svm_polynomial_predict_f32:sum <- $s0
	@DEBUG_VALUE: arm_svm_polynomial_predict_f32:row <- $r5
	@DEBUG_VALUE: arm_svm_polynomial_predict_f32:in <- $r10
	@DEBUG_VALUE: arm_svm_polynomial_predict_f32:pSrcA <- $r9
	@DEBUG_VALUE: arm_svm_polynomial_predict_f32:pDualCoef <- $r12
	@DEBUG_VALUE: arm_svm_polynomial_predict_f32:row <- $r5
	@DEBUG_VALUE: arm_svm_polynomial_predict_f32:vSum <- $q1
	@DEBUG_VALUE: pSrcVecPtr <- $r10
	@DEBUG_VALUE: arm_svm_polynomial_predict_f32:pInA0 <- $r9
	.loc	8 90 23 is_stmt 1               @ C:/Keil_v5/Packs/ARM/CMSIS-DSP/1.15.0/Source/SVMFunctions/arm_svm_polynomial_predict_f32.c:90:23
	add.w	r8, r9, r6, lsl #2
.Ltmp126:
	@DEBUG_VALUE: arm_svm_polynomial_predict_f32:pInA1 <- $r8
	.loc	8 0 23 is_stmt 0                @ C:/Keil_v5/Packs/ARM/CMSIS-DSP/1.15.0/Source/SVMFunctions/arm_svm_polynomial_predict_f32.c:0:23
	vmov.i32	q5, #0x0
.Ltmp127:
	@DEBUG_VALUE: pInVec <- $r10
	@DEBUG_VALUE: pSrcA2Vec <- undef
	@DEBUG_VALUE: pSrcA1Vec <- undef
	@DEBUG_VALUE: pSrcA0Vec <- $r9
	@DEBUG_VALUE: arm_svm_polynomial_predict_f32:blkCnt <- [DW_OP_plus_uconst 12] [$sp+0]
	@DEBUG_VALUE: acc1 <- $q5
	@DEBUG_VALUE: acc2 <- $q5
	@DEBUG_VALUE: acc3 <- $q5
	@DEBUG_VALUE: acc0 <- $q5
	.loc	8 91 23 is_stmt 1               @ C:/Keil_v5/Packs/ARM/CMSIS-DSP/1.15.0/Source/SVMFunctions/arm_svm_polynomial_predict_f32.c:91:23
	add.w	r2, r8, r6, lsl #2
.Ltmp128:
	@DEBUG_VALUE: pInA2 <- $r2
	.loc	8 111 9                         @ C:/Keil_v5/Packs/ARM/CMSIS-DSP/1.15.0/Source/SVMFunctions/arm_svm_polynomial_predict_f32.c:111:9
	cmp	r6, #4
	.loc	8 92 23                         @ C:/Keil_v5/Packs/ARM/CMSIS-DSP/1.15.0/Source/SVMFunctions/arm_svm_polynomial_predict_f32.c:92:23
	add.w	r0, r2, r6, lsl #2
.Ltmp129:
	@DEBUG_VALUE: pSrcA3Vec <- $r0
	@DEBUG_VALUE: pInA3 <- $r0
	.loc	8 111 9                         @ C:/Keil_v5/Packs/ARM/CMSIS-DSP/1.15.0/Source/SVMFunctions/arm_svm_polynomial_predict_f32.c:111:9
	bhs	.LBB3_6
.Ltmp130:
@ %bb.5:                                @   in Loop: Header=BB3_4 Depth=1
	@DEBUG_VALUE: pInA3 <- $r0
	@DEBUG_VALUE: pSrcA3Vec <- $r0
	@DEBUG_VALUE: pInA2 <- $r2
	@DEBUG_VALUE: acc0 <- $q5
	@DEBUG_VALUE: acc3 <- $q5
	@DEBUG_VALUE: acc2 <- $q5
	@DEBUG_VALUE: acc1 <- $q5
	@DEBUG_VALUE: arm_svm_polynomial_predict_f32:blkCnt <- [DW_OP_plus_uconst 12] [$sp+0]
	@DEBUG_VALUE: pSrcA0Vec <- $r9
	@DEBUG_VALUE: pInVec <- $r10
	@DEBUG_VALUE: arm_svm_polynomial_predict_f32:pInA1 <- $r8
	@DEBUG_VALUE: arm_svm_polynomial_predict_f32:pInA0 <- $r9
	@DEBUG_VALUE: pSrcVecPtr <- $r10
	@DEBUG_VALUE: arm_svm_polynomial_predict_f32:vSum <- $q1
	@DEBUG_VALUE: arm_svm_polynomial_predict_f32:pDualCoef <- $r12
	@DEBUG_VALUE: arm_svm_polynomial_predict_f32:pSrcA <- $r9
	@DEBUG_VALUE: arm_svm_polynomial_predict_f32:S <- [DW_OP_LLVM_entry_value 1] $r0
	@DEBUG_VALUE: arm_svm_polynomial_predict_f32:pResult <- [$sp+0]
	@DEBUG_VALUE: arm_svm_polynomial_predict_f32:sum <- $s0
	@DEBUG_VALUE: arm_svm_polynomial_predict_f32:row <- $r5
	@DEBUG_VALUE: arm_svm_polynomial_predict_f32:in <- $r10
	.loc	8 0 9 is_stmt 0                 @ C:/Keil_v5/Packs/ARM/CMSIS-DSP/1.15.0/Source/SVMFunctions/arm_svm_polynomial_predict_f32.c:0:9
	vmov	q3, q5
	vmov	q2, q5
	vmov	q4, q5
	mov	r4, r10
	mov	r3, r9
	b	.LBB3_8
.Ltmp131:
	.p2align	2
.LBB3_6:                                @   in Loop: Header=BB3_4 Depth=1
	@DEBUG_VALUE: pInA3 <- $r0
	@DEBUG_VALUE: pSrcA3Vec <- $r0
	@DEBUG_VALUE: pInA2 <- $r2
	@DEBUG_VALUE: acc0 <- $q5
	@DEBUG_VALUE: acc3 <- $q5
	@DEBUG_VALUE: acc2 <- $q5
	@DEBUG_VALUE: acc1 <- $q5
	@DEBUG_VALUE: arm_svm_polynomial_predict_f32:blkCnt <- [DW_OP_plus_uconst 12] [$sp+0]
	@DEBUG_VALUE: pSrcA0Vec <- $r9
	@DEBUG_VALUE: pInVec <- $r10
	@DEBUG_VALUE: arm_svm_polynomial_predict_f32:pInA1 <- $r8
	@DEBUG_VALUE: arm_svm_polynomial_predict_f32:pInA0 <- $r9
	@DEBUG_VALUE: pSrcVecPtr <- $r10
	@DEBUG_VALUE: arm_svm_polynomial_predict_f32:vSum <- $q1
	@DEBUG_VALUE: arm_svm_polynomial_predict_f32:pDualCoef <- $r12
	@DEBUG_VALUE: arm_svm_polynomial_predict_f32:pSrcA <- $r9
	@DEBUG_VALUE: arm_svm_polynomial_predict_f32:S <- [DW_OP_LLVM_entry_value 1] $r0
	@DEBUG_VALUE: arm_svm_polynomial_predict_f32:pResult <- [$sp+0]
	@DEBUG_VALUE: arm_svm_polynomial_predict_f32:sum <- $s0
	@DEBUG_VALUE: arm_svm_polynomial_predict_f32:row <- $r5
	@DEBUG_VALUE: arm_svm_polynomial_predict_f32:in <- $r10
	.loc	8 111 9                         @ C:/Keil_v5/Packs/ARM/CMSIS-DSP/1.15.0/Source/SVMFunctions/arm_svm_polynomial_predict_f32.c:111:9
	ldr	r1, [sp, #12]                   @ 4-byte Reload
	mov	r3, r9
	vmov.i32	q4, #0x0
	dls	lr, r1
	mov	r1, r10
	vmov	q2, q4
	vmov	q3, q4
	vmov	q5, q4
.Ltmp132:
	.p2align	2
.LBB3_7:                                @   Parent Loop BB3_4 Depth=1
                                        @ =>  This Inner Loop Header: Depth=2
	@DEBUG_VALUE: pSrcA3Vec <- $r0
	@DEBUG_VALUE: arm_svm_polynomial_predict_f32:pInA0 <- $r9
	@DEBUG_VALUE: pSrcVecPtr <- $r10
	@DEBUG_VALUE: arm_svm_polynomial_predict_f32:vSum <- $q1
	@DEBUG_VALUE: arm_svm_polynomial_predict_f32:pDualCoef <- $r12
	@DEBUG_VALUE: arm_svm_polynomial_predict_f32:pSrcA <- $r9
	@DEBUG_VALUE: arm_svm_polynomial_predict_f32:S <- [DW_OP_LLVM_entry_value 1] $r0
	@DEBUG_VALUE: arm_svm_polynomial_predict_f32:pResult <- [$sp+0]
	@DEBUG_VALUE: arm_svm_polynomial_predict_f32:sum <- $s0
	@DEBUG_VALUE: arm_svm_polynomial_predict_f32:row <- $r5
	@DEBUG_VALUE: arm_svm_polynomial_predict_f32:in <- $r10
	@DEBUG_VALUE: acc0 <- $q4
	@DEBUG_VALUE: acc3 <- $q2
	@DEBUG_VALUE: acc2 <- $q3
	@DEBUG_VALUE: acc1 <- $q5
	@DEBUG_VALUE: arm_svm_polynomial_predict_f32:blkCnt <- undef
	@DEBUG_VALUE: pSrcA0Vec <- $r3
	@DEBUG_VALUE: pSrcA1Vec <- $r8
	@DEBUG_VALUE: pSrcA2Vec <- $r2
	@DEBUG_VALUE: pInVec <- $r1
	@DEBUG_VALUE: pSrcA3Vec <- $r0
	.loc	8 114 21 is_stmt 1              @ C:/Keil_v5/Packs/ARM/CMSIS-DSP/1.15.0/Source/SVMFunctions/arm_svm_polynomial_predict_f32.c:114:21
	vldrw.u32	q6, [r1], #16
.Ltmp133:
	@DEBUG_VALUE: vecIn <- $q6
	@DEBUG_VALUE: pInVec <- $r1
	.loc	8 116 20                        @ C:/Keil_v5/Packs/ARM/CMSIS-DSP/1.15.0/Source/SVMFunctions/arm_svm_polynomial_predict_f32.c:116:20
	vldrw.u32	q7, [r3], #16
.Ltmp134:
	@DEBUG_VALUE: vecA <- $q7
	@DEBUG_VALUE: pSrcA0Vec <- $r3
	.loc	8 118 20                        @ C:/Keil_v5/Packs/ARM/CMSIS-DSP/1.15.0/Source/SVMFunctions/arm_svm_polynomial_predict_f32.c:118:20
	vfma.f32	q4, q6, q7
.Ltmp135:
	@DEBUG_VALUE: acc0 <- $q4
	.loc	8 119 20                        @ C:/Keil_v5/Packs/ARM/CMSIS-DSP/1.15.0/Source/SVMFunctions/arm_svm_polynomial_predict_f32.c:119:20
	vldrw.u32	q7, [r8], #16
.Ltmp136:
	@DEBUG_VALUE: vecA <- $q7
	@DEBUG_VALUE: pSrcA1Vec <- $r8
	.loc	8 121 20                        @ C:/Keil_v5/Packs/ARM/CMSIS-DSP/1.15.0/Source/SVMFunctions/arm_svm_polynomial_predict_f32.c:121:20
	vfma.f32	q5, q6, q7
.Ltmp137:
	@DEBUG_VALUE: acc1 <- $q5
	.loc	8 122 20                        @ C:/Keil_v5/Packs/ARM/CMSIS-DSP/1.15.0/Source/SVMFunctions/arm_svm_polynomial_predict_f32.c:122:20
	vldrw.u32	q7, [r2], #16
.Ltmp138:
	@DEBUG_VALUE: vecA <- $q7
	@DEBUG_VALUE: pSrcA2Vec <- $r2
	.loc	8 124 20                        @ C:/Keil_v5/Packs/ARM/CMSIS-DSP/1.15.0/Source/SVMFunctions/arm_svm_polynomial_predict_f32.c:124:20
	vfma.f32	q3, q6, q7
.Ltmp139:
	@DEBUG_VALUE: acc2 <- $q3
	.loc	8 125 20                        @ C:/Keil_v5/Packs/ARM/CMSIS-DSP/1.15.0/Source/SVMFunctions/arm_svm_polynomial_predict_f32.c:125:20
	vldrw.u32	q7, [r0], #16
.Ltmp140:
	@DEBUG_VALUE: vecA <- $q7
	@DEBUG_VALUE: pSrcA3Vec <- $r0
	.loc	8 127 20                        @ C:/Keil_v5/Packs/ARM/CMSIS-DSP/1.15.0/Source/SVMFunctions/arm_svm_polynomial_predict_f32.c:127:20
	vfma.f32	q2, q6, q7
.Ltmp141:
	@DEBUG_VALUE: acc3 <- $q2
	.loc	8 0 20 is_stmt 0                @ C:/Keil_v5/Packs/ARM/CMSIS-DSP/1.15.0/Source/SVMFunctions/arm_svm_polynomial_predict_f32.c:0:20
	mov	r4, r11
.Ltmp142:
	.loc	8 111 9 is_stmt 1               @ C:/Keil_v5/Packs/ARM/CMSIS-DSP/1.15.0/Source/SVMFunctions/arm_svm_polynomial_predict_f32.c:111:9
	le	lr, .LBB3_7
.Ltmp143:
.LBB3_8:                                @   in Loop: Header=BB3_4 Depth=1
	@DEBUG_VALUE: pSrcA3Vec <- $r0
	@DEBUG_VALUE: acc1 <- $q5
	@DEBUG_VALUE: arm_svm_polynomial_predict_f32:pInA0 <- $r9
	@DEBUG_VALUE: pSrcVecPtr <- $r10
	@DEBUG_VALUE: arm_svm_polynomial_predict_f32:vSum <- $q1
	@DEBUG_VALUE: arm_svm_polynomial_predict_f32:pDualCoef <- $r12
	@DEBUG_VALUE: arm_svm_polynomial_predict_f32:pSrcA <- $r9
	@DEBUG_VALUE: arm_svm_polynomial_predict_f32:S <- [DW_OP_LLVM_entry_value 1] $r0
	@DEBUG_VALUE: arm_svm_polynomial_predict_f32:pResult <- [$sp+0]
	@DEBUG_VALUE: arm_svm_polynomial_predict_f32:sum <- $s0
	@DEBUG_VALUE: arm_svm_polynomial_predict_f32:row <- $r5
	@DEBUG_VALUE: arm_svm_polynomial_predict_f32:in <- $r10
	@DEBUG_VALUE: arm_svm_polynomial_predict_f32:blkCnt <- [DW_OP_plus_uconst 28] [$sp+0]
	.loc	8 0 9 is_stmt 0                 @ C:/Keil_v5/Packs/ARM/CMSIS-DSP/1.15.0/Source/SVMFunctions/arm_svm_polynomial_predict_f32.c:0:9
	ldr	r1, [sp, #28]                   @ 4-byte Reload
	cbz	r1, .LBB3_10
.Ltmp144:
@ %bb.9:                                @   in Loop: Header=BB3_4 Depth=1
	@DEBUG_VALUE: arm_svm_polynomial_predict_f32:blkCnt <- [DW_OP_plus_uconst 28] [$sp+0]
	@DEBUG_VALUE: pSrcA3Vec <- $r0
	@DEBUG_VALUE: acc1 <- $q5
	@DEBUG_VALUE: arm_svm_polynomial_predict_f32:pInA0 <- $r9
	@DEBUG_VALUE: pSrcVecPtr <- $r10
	@DEBUG_VALUE: arm_svm_polynomial_predict_f32:vSum <- $q1
	@DEBUG_VALUE: arm_svm_polynomial_predict_f32:pDualCoef <- $r12
	@DEBUG_VALUE: arm_svm_polynomial_predict_f32:pSrcA <- $r9
	@DEBUG_VALUE: arm_svm_polynomial_predict_f32:S <- [DW_OP_LLVM_entry_value 1] $r0
	@DEBUG_VALUE: arm_svm_polynomial_predict_f32:pResult <- [$sp+0]
	@DEBUG_VALUE: arm_svm_polynomial_predict_f32:sum <- $s0
	@DEBUG_VALUE: arm_svm_polynomial_predict_f32:row <- $r5
	@DEBUG_VALUE: arm_svm_polynomial_predict_f32:in <- $r10
	.loc	8 137 34 is_stmt 1              @ C:/Keil_v5/Packs/ARM/CMSIS-DSP/1.15.0/Source/SVMFunctions/arm_svm_polynomial_predict_f32.c:137:34
	vctp.32	r1
.Ltmp145:
	@DEBUG_VALUE: p0 <- undef
	.loc	8 140 21                        @ C:/Keil_v5/Packs/ARM/CMSIS-DSP/1.15.0/Source/SVMFunctions/arm_svm_polynomial_predict_f32.c:140:21
	vpstt	
	vldrwt.u32	q6, [r4]
.Ltmp146:
	@DEBUG_VALUE: vecIn <- $q6
	.loc	8 141 20                        @ C:/Keil_v5/Packs/ARM/CMSIS-DSP/1.15.0/Source/SVMFunctions/arm_svm_polynomial_predict_f32.c:141:20
	vldrwt.u32	q7, [r3]
.Ltmp147:
	@DEBUG_VALUE: vecA <- $q7
	.loc	8 142 20                        @ C:/Keil_v5/Packs/ARM/CMSIS-DSP/1.15.0/Source/SVMFunctions/arm_svm_polynomial_predict_f32.c:142:20
	vfma.f32	q4, q6, q7
.Ltmp148:
	@DEBUG_VALUE: acc0 <- $q4
	.loc	8 143 20                        @ C:/Keil_v5/Packs/ARM/CMSIS-DSP/1.15.0/Source/SVMFunctions/arm_svm_polynomial_predict_f32.c:143:20
	vpst	
	vldrwt.u32	q7, [r8]
.Ltmp149:
	@DEBUG_VALUE: vecA <- $q7
	.loc	8 144 20                        @ C:/Keil_v5/Packs/ARM/CMSIS-DSP/1.15.0/Source/SVMFunctions/arm_svm_polynomial_predict_f32.c:144:20
	vfma.f32	q5, q6, q7
.Ltmp150:
	@DEBUG_VALUE: acc1 <- $q5
	.loc	8 145 20                        @ C:/Keil_v5/Packs/ARM/CMSIS-DSP/1.15.0/Source/SVMFunctions/arm_svm_polynomial_predict_f32.c:145:20
	vpst	
	vldrwt.u32	q7, [r2]
.Ltmp151:
	@DEBUG_VALUE: vecA <- $q7
	.loc	8 146 20                        @ C:/Keil_v5/Packs/ARM/CMSIS-DSP/1.15.0/Source/SVMFunctions/arm_svm_polynomial_predict_f32.c:146:20
	vfma.f32	q3, q6, q7
.Ltmp152:
	@DEBUG_VALUE: acc2 <- $q3
	.loc	8 147 20                        @ C:/Keil_v5/Packs/ARM/CMSIS-DSP/1.15.0/Source/SVMFunctions/arm_svm_polynomial_predict_f32.c:147:20
	vpst	
	vldrwt.u32	q7, [r0]
.Ltmp153:
	@DEBUG_VALUE: vecA <- $q7
	.loc	8 148 20                        @ C:/Keil_v5/Packs/ARM/CMSIS-DSP/1.15.0/Source/SVMFunctions/arm_svm_polynomial_predict_f32.c:148:20
	vfma.f32	q2, q6, q7
.Ltmp154:
	@DEBUG_VALUE: acc3 <- $q2
.LBB3_10:                               @   in Loop: Header=BB3_4 Depth=1
	@DEBUG_VALUE: arm_svm_polynomial_predict_f32:blkCnt <- [DW_OP_plus_uconst 28] [$sp+0]
	@DEBUG_VALUE: pSrcA3Vec <- $r0
	@DEBUG_VALUE: acc1 <- $q5
	@DEBUG_VALUE: arm_svm_polynomial_predict_f32:pInA0 <- $r9
	@DEBUG_VALUE: pSrcVecPtr <- $r10
	@DEBUG_VALUE: arm_svm_polynomial_predict_f32:vSum <- $q1
	@DEBUG_VALUE: arm_svm_polynomial_predict_f32:pDualCoef <- $r12
	@DEBUG_VALUE: arm_svm_polynomial_predict_f32:pSrcA <- $r9
	@DEBUG_VALUE: arm_svm_polynomial_predict_f32:S <- [DW_OP_LLVM_entry_value 1] $r0
	@DEBUG_VALUE: arm_svm_polynomial_predict_f32:pResult <- [$sp+0]
	@DEBUG_VALUE: arm_svm_polynomial_predict_f32:sum <- $s0
	@DEBUG_VALUE: arm_svm_polynomial_predict_f32:row <- $r5
	@DEBUG_VALUE: arm_svm_polynomial_predict_f32:in <- $r10
	@DEBUG_VALUE: acc0 <- $q4
	@DEBUG_VALUE: acc3 <- $q2
	@DEBUG_VALUE: acc2 <- $q3
	@DEBUG_VALUE: acc1 <- $q5
	@DEBUG_VALUE: vtmp <- undef
	@DEBUG_VALUE: vecAddAcrossF32Mve:in <- $q4
	.loc	6 60 29                         @ ../../../../Library/CMSIS/DSP/Include\arm_helium_utils.h:60:29
	vadd.f32	s2, s16, s17
.Ltmp155:
	.loc	6 60 29 is_stmt 0               @ ../../../../Library/CMSIS/DSP/Include\arm_helium_utils.h:60:29
	vadd.f32	s1, s20, s21
.Ltmp156:
	.loc	6 60 49                         @ ../../../../Library/CMSIS/DSP/Include\arm_helium_utils.h:60:49
	vadd.f32	s2, s18, s2
.Ltmp157:
	.loc	6 60 29                         @ ../../../../Library/CMSIS/DSP/Include\arm_helium_utils.h:60:29
	vadd.f32	s8, s8, s9
.Ltmp158:
	.loc	6 61 29 is_stmt 1               @ ../../../../Library/CMSIS/DSP/Include\arm_helium_utils.h:61:29
	vadd.f32	s16, s19, s2
.Ltmp159:
	@DEBUG_VALUE: vecAddAcrossF32Mve:in <- $q5
	@DEBUG_VALUE: vecAddAcrossF32Mve:acc <- $s16
	@DEBUG_VALUE: vecAddAcrossF32Mve:in <- $q4
	.loc	6 60 29                         @ ../../../../Library/CMSIS/DSP/Include\arm_helium_utils.h:60:29
	vadd.f32	s2, s12, s13
.Ltmp160:
	.loc	6 60 49 is_stmt 0               @ ../../../../Library/CMSIS/DSP/Include\arm_helium_utils.h:60:49
	vadd.f32	s1, s22, s1
.Ltmp161:
	.loc	6 60 49                         @ ../../../../Library/CMSIS/DSP/Include\arm_helium_utils.h:60:49
	vadd.f32	s2, s14, s2
.Ltmp162:
	.loc	6 60 49                         @ ../../../../Library/CMSIS/DSP/Include\arm_helium_utils.h:60:49
	vadd.f32	s8, s10, s8
.Ltmp163:
	.loc	6 61 29 is_stmt 1               @ ../../../../Library/CMSIS/DSP/Include\arm_helium_utils.h:61:29
	vadd.f32	s17, s23, s1
.Ltmp164:
	@DEBUG_VALUE: vecAddAcrossF32Mve:in <- $q3
	@DEBUG_VALUE: vecAddAcrossF32Mve:acc <- $s17
	.loc	6 61 29 is_stmt 0               @ ../../../../Library/CMSIS/DSP/Include\arm_helium_utils.h:61:29
	vadd.f32	s18, s15, s2
.Ltmp165:
	@DEBUG_VALUE: vecAddAcrossF32Mve:in <- $q2
	@DEBUG_VALUE: vecAddAcrossF32Mve:acc <- $s18
	.loc	6 61 29                         @ ../../../../Library/CMSIS/DSP/Include\arm_helium_utils.h:61:29
	vadd.f32	s19, s11, s8
.Ltmp166:
	@DEBUG_VALUE: vecAddAcrossF32Mve:acc <- $s19
	@DEBUG_VALUE: vtmp <- $q4
	.loc	8 161 43 is_stmt 1              @ C:/Keil_v5/Packs/ARM/CMSIS-DSP/1.15.0/Source/SVMFunctions/arm_svm_polynomial_predict_f32.c:161:43
	ldr	r0, [sp, #20]                   @ 4-byte Reload
.Ltmp167:
	.file	9 "C:\\Users\\rohankoshy\\Downloads\\en-us--M55M1_Series_BSP_CMSIS_V3.01.003\\SampleCode\\NuEdgeWise\\PoseLandmark_YOLOv8n\\KEIL" "../../../../Library/CMSIS/DSP/Include\\arm_vec_math.h"
	.loc	9 241 5                         @ ../../../../Library/CMSIS/DSP/Include\arm_vec_math.h:241:5
	cmp	r7, #2
.Ltmp168:
	.loc	8 161 43                        @ C:/Keil_v5/Packs/ARM/CMSIS-DSP/1.15.0/Source/SVMFunctions/arm_svm_polynomial_predict_f32.c:161:43
	vmul.f32	q2, q4, r0
.Ltmp169:
	.loc	8 161 31 is_stmt 0              @ C:/Keil_v5/Packs/ARM/CMSIS-DSP/1.15.0/Source/SVMFunctions/arm_svm_polynomial_predict_f32.c:161:31
	ldr	r0, [sp, #24]                   @ 4-byte Reload
	vadd.f32	q3, q2, r0
.Ltmp170:
	@DEBUG_VALUE: arm_vec_exponent_f32:nb <- [DW_OP_constu 1, DW_OP_minus, DW_OP_stack_value] $r7
	@DEBUG_VALUE: arm_vec_exponent_f32:r <- $q3
	@DEBUG_VALUE: arm_vec_exponent_f32:x <- $q3
	.loc	8 159 32 is_stmt 1              @ C:/Keil_v5/Packs/ARM/CMSIS-DSP/1.15.0/Source/SVMFunctions/arm_svm_polynomial_predict_f32.c:159:32
	vldrw.u32	q2, [r12]
	blt.w	.LBB3_2
.Ltmp171:
@ %bb.11:                               @   in Loop: Header=BB3_4 Depth=1
	@DEBUG_VALUE: arm_vec_exponent_f32:x <- $q3
	@DEBUG_VALUE: arm_vec_exponent_f32:r <- $q3
	@DEBUG_VALUE: arm_vec_exponent_f32:nb <- [DW_OP_constu 1, DW_OP_minus, DW_OP_stack_value] $r7
	@DEBUG_VALUE: vtmp <- $q4
	@DEBUG_VALUE: arm_svm_polynomial_predict_f32:blkCnt <- [DW_OP_plus_uconst 28] [$sp+0]
	@DEBUG_VALUE: acc1 <- $q5
	@DEBUG_VALUE: arm_svm_polynomial_predict_f32:pInA0 <- $r9
	@DEBUG_VALUE: pSrcVecPtr <- $r10
	@DEBUG_VALUE: arm_svm_polynomial_predict_f32:vSum <- $q1
	@DEBUG_VALUE: arm_svm_polynomial_predict_f32:pDualCoef <- $r12
	@DEBUG_VALUE: arm_svm_polynomial_predict_f32:pSrcA <- $r9
	@DEBUG_VALUE: arm_svm_polynomial_predict_f32:S <- [DW_OP_LLVM_entry_value 1] $r0
	@DEBUG_VALUE: arm_svm_polynomial_predict_f32:pResult <- [$sp+0]
	@DEBUG_VALUE: arm_svm_polynomial_predict_f32:sum <- $s0
	@DEBUG_VALUE: arm_svm_polynomial_predict_f32:row <- $r5
	@DEBUG_VALUE: arm_svm_polynomial_predict_f32:in <- $r10
	.loc	9 241 5                         @ ../../../../Library/CMSIS/DSP/Include\arm_vec_math.h:241:5
	ldr	r0, [sp, #8]                    @ 4-byte Reload
	vmov	q4, q3
.Ltmp172:
	dls	lr, r0
.Ltmp173:
	.p2align	2
.LBB3_12:                               @   Parent Loop BB3_4 Depth=1
                                        @ =>  This Inner Loop Header: Depth=2
	@DEBUG_VALUE: arm_vec_exponent_f32:x <- $q3
	@DEBUG_VALUE: arm_svm_polynomial_predict_f32:blkCnt <- [DW_OP_plus_uconst 28] [$sp+0]
	@DEBUG_VALUE: acc1 <- $q5
	@DEBUG_VALUE: arm_svm_polynomial_predict_f32:pInA0 <- $r9
	@DEBUG_VALUE: pSrcVecPtr <- $r10
	@DEBUG_VALUE: arm_svm_polynomial_predict_f32:vSum <- $q1
	@DEBUG_VALUE: arm_svm_polynomial_predict_f32:pDualCoef <- $r12
	@DEBUG_VALUE: arm_svm_polynomial_predict_f32:pSrcA <- $r9
	@DEBUG_VALUE: arm_svm_polynomial_predict_f32:S <- [DW_OP_LLVM_entry_value 1] $r0
	@DEBUG_VALUE: arm_svm_polynomial_predict_f32:pResult <- [$sp+0]
	@DEBUG_VALUE: arm_svm_polynomial_predict_f32:sum <- $s0
	@DEBUG_VALUE: arm_svm_polynomial_predict_f32:row <- $r5
	@DEBUG_VALUE: arm_svm_polynomial_predict_f32:in <- $r10
	@DEBUG_VALUE: arm_vec_exponent_f32:r <- $q4
	@DEBUG_VALUE: arm_vec_exponent_f32:nb <- undef
	.loc	9 242 13                        @ ../../../../Library/CMSIS/DSP/Include\arm_vec_math.h:242:13
	vmul.f32	q4, q3, q4
.Ltmp174:
	@DEBUG_VALUE: arm_vec_exponent_f32:r <- $q4
	.loc	9 241 5                         @ ../../../../Library/CMSIS/DSP/Include\arm_vec_math.h:241:5
	le	lr, .LBB3_12
	b	.LBB3_3
.Ltmp175:
.LBB3_13:
	@DEBUG_VALUE: arm_svm_polynomial_predict_f32:pResult <- [$sp+0]
	@DEBUG_VALUE: arm_svm_polynomial_predict_f32:sum <- $s0
	@DEBUG_VALUE: arm_svm_polynomial_predict_f32:row <- $r5
	@DEBUG_VALUE: arm_svm_polynomial_predict_f32:in <- $r10
	.loc	8 175 9                         @ C:/Keil_v5/Packs/ARM/CMSIS-DSP/1.15.0/Source/SVMFunctions/arm_svm_polynomial_predict_f32.c:175:9
	cmp	r5, #2
	blo	.LBB3_23
.Ltmp176:
@ %bb.14:
	@DEBUG_VALUE: arm_svm_polynomial_predict_f32:pResult <- [$sp+0]
	@DEBUG_VALUE: arm_svm_polynomial_predict_f32:sum <- $s0
	@DEBUG_VALUE: arm_svm_polynomial_predict_f32:row <- $r5
	@DEBUG_VALUE: arm_svm_polynomial_predict_f32:in <- $r10
	@DEBUG_VALUE: arm_svm_polynomial_predict_f32:pInA0 <- $r9
	@DEBUG_VALUE: pSrcVecPtr <- $r10
	.loc	8 0 9 is_stmt 0                 @ C:/Keil_v5/Packs/ARM/CMSIS-DSP/1.15.0/Source/SVMFunctions/arm_svm_polynomial_predict_f32.c:0:9
	vmov.i32	q2, #0x0
.Ltmp177:
	@DEBUG_VALUE: acc0 <- $q2
	@DEBUG_VALUE: acc1 <- $q2
	.loc	8 184 23 is_stmt 1              @ C:/Keil_v5/Packs/ARM/CMSIS-DSP/1.15.0/Source/SVMFunctions/arm_svm_polynomial_predict_f32.c:184:23
	add.w	r0, r9, r6, lsl #2
.Ltmp178:
	@DEBUG_VALUE: pSrcA0Vec <- $r9
	@DEBUG_VALUE: pInVec <- $r10
	@DEBUG_VALUE: pSrcA1Vec <- $r0
	@DEBUG_VALUE: arm_svm_polynomial_predict_f32:blkCnt <- [DW_OP_constu 2, DW_OP_shr, DW_OP_stack_value] $r6
	@DEBUG_VALUE: arm_svm_polynomial_predict_f32:pInA1 <- $r0
	.loc	8 0 23 is_stmt 0                @ C:/Keil_v5/Packs/ARM/CMSIS-DSP/1.15.0/Source/SVMFunctions/arm_svm_polynomial_predict_f32.c:0:23
	ldr.w	r8, [sp, #4]                    @ 4-byte Reload
	mov	r3, r9
	ldr.w	r11, [sp, #12]                  @ 4-byte Reload
	mov	r1, r10
	vmov	q3, q2
	.loc	8 198 9 is_stmt 1               @ C:/Keil_v5/Packs/ARM/CMSIS-DSP/1.15.0/Source/SVMFunctions/arm_svm_polynomial_predict_f32.c:198:9
	wls	lr, r11, .LBB3_18
.Ltmp179:
@ %bb.15:
	@DEBUG_VALUE: arm_svm_polynomial_predict_f32:pInA1 <- $r0
	@DEBUG_VALUE: arm_svm_polynomial_predict_f32:blkCnt <- [DW_OP_constu 2, DW_OP_shr, DW_OP_stack_value] $r6
	@DEBUG_VALUE: pSrcA1Vec <- $r0
	@DEBUG_VALUE: pInVec <- $r10
	@DEBUG_VALUE: pSrcA0Vec <- $r9
	@DEBUG_VALUE: acc1 <- $q2
	@DEBUG_VALUE: acc0 <- $q2
	@DEBUG_VALUE: pSrcVecPtr <- $r10
	@DEBUG_VALUE: arm_svm_polynomial_predict_f32:pInA0 <- $r9
	@DEBUG_VALUE: arm_svm_polynomial_predict_f32:pResult <- [$sp+0]
	@DEBUG_VALUE: arm_svm_polynomial_predict_f32:sum <- $s0
	@DEBUG_VALUE: arm_svm_polynomial_predict_f32:row <- $r5
	@DEBUG_VALUE: arm_svm_polynomial_predict_f32:in <- $r10
	@DEBUG_VALUE: arm_svm_polynomial_predict_f32:blkCnt <- $r11
	.loc	8 0 9 is_stmt 0                 @ C:/Keil_v5/Packs/ARM/CMSIS-DSP/1.15.0/Source/SVMFunctions/arm_svm_polynomial_predict_f32.c:0:9
	vmov.i32	q3, #0x0
	.loc	8 198 9                         @ C:/Keil_v5/Packs/ARM/CMSIS-DSP/1.15.0/Source/SVMFunctions/arm_svm_polynomial_predict_f32.c:198:9
	lsl.w	r3, r11, #4
	mov	r4, r10
	add.w	r1, r10, r11, lsl #4
	add.w	r2, r3, r6, lsl #2
	vmov	q2, q3
.Ltmp180:
	.loc	8 0 9                           @ C:/Keil_v5/Packs/ARM/CMSIS-DSP/1.15.0/Source/SVMFunctions/arm_svm_polynomial_predict_f32.c:0:9
	mov	r7, r9
.Ltmp181:
	.p2align	2
.LBB3_16:                               @ =>This Inner Loop Header: Depth=1
	@DEBUG_VALUE: pSrcA1Vec <- $r0
	@DEBUG_VALUE: pSrcVecPtr <- $r10
	@DEBUG_VALUE: arm_svm_polynomial_predict_f32:pInA0 <- $r9
	@DEBUG_VALUE: arm_svm_polynomial_predict_f32:pResult <- [$sp+0]
	@DEBUG_VALUE: arm_svm_polynomial_predict_f32:sum <- $s0
	@DEBUG_VALUE: arm_svm_polynomial_predict_f32:row <- $r5
	@DEBUG_VALUE: arm_svm_polynomial_predict_f32:in <- $r10
	@DEBUG_VALUE: arm_svm_polynomial_predict_f32:blkCnt <- undef
	@DEBUG_VALUE: acc1 <- $q3
	@DEBUG_VALUE: acc0 <- $q2
	@DEBUG_VALUE: pSrcA1Vec <- $r0
	@DEBUG_VALUE: pInVec <- $r4
	@DEBUG_VALUE: pSrcA0Vec <- $r7
	.loc	8 201 21 is_stmt 1              @ C:/Keil_v5/Packs/ARM/CMSIS-DSP/1.15.0/Source/SVMFunctions/arm_svm_polynomial_predict_f32.c:201:21
	vldrw.u32	q4, [r4], #16
.Ltmp182:
	@DEBUG_VALUE: vecIn <- $q4
	@DEBUG_VALUE: pInVec <- $r4
	.loc	8 203 20                        @ C:/Keil_v5/Packs/ARM/CMSIS-DSP/1.15.0/Source/SVMFunctions/arm_svm_polynomial_predict_f32.c:203:20
	vldrw.u32	q5, [r7], #16
.Ltmp183:
	@DEBUG_VALUE: vecA <- $q5
	@DEBUG_VALUE: pSrcA0Vec <- $r7
	.loc	8 205 20                        @ C:/Keil_v5/Packs/ARM/CMSIS-DSP/1.15.0/Source/SVMFunctions/arm_svm_polynomial_predict_f32.c:205:20
	vfma.f32	q2, q4, q5
.Ltmp184:
	@DEBUG_VALUE: acc0 <- $q2
	.loc	8 206 20                        @ C:/Keil_v5/Packs/ARM/CMSIS-DSP/1.15.0/Source/SVMFunctions/arm_svm_polynomial_predict_f32.c:206:20
	vldrw.u32	q5, [r0], #16
.Ltmp185:
	@DEBUG_VALUE: vecA <- $q5
	@DEBUG_VALUE: pSrcA1Vec <- $r0
	.loc	8 208 20                        @ C:/Keil_v5/Packs/ARM/CMSIS-DSP/1.15.0/Source/SVMFunctions/arm_svm_polynomial_predict_f32.c:208:20
	vfma.f32	q3, q4, q5
.Ltmp186:
	@DEBUG_VALUE: acc1 <- $q3
	.loc	8 198 9                         @ C:/Keil_v5/Packs/ARM/CMSIS-DSP/1.15.0/Source/SVMFunctions/arm_svm_polynomial_predict_f32.c:198:9
	le	lr, .LBB3_16
.Ltmp187:
@ %bb.17:
	@DEBUG_VALUE: vecIn <- $q4
	@DEBUG_VALUE: pSrcA0Vec <- $r7
	@DEBUG_VALUE: pInVec <- $r4
	@DEBUG_VALUE: acc1 <- $q3
	@DEBUG_VALUE: pSrcA1Vec <- $r0
	@DEBUG_VALUE: acc0 <- $q2
	@DEBUG_VALUE: pSrcVecPtr <- $r10
	@DEBUG_VALUE: arm_svm_polynomial_predict_f32:pInA0 <- $r9
	@DEBUG_VALUE: arm_svm_polynomial_predict_f32:pResult <- [$sp+0]
	@DEBUG_VALUE: arm_svm_polynomial_predict_f32:sum <- $s0
	@DEBUG_VALUE: arm_svm_polynomial_predict_f32:row <- $r5
	@DEBUG_VALUE: arm_svm_polynomial_predict_f32:in <- $r10
	add	r3, r9
	add.w	r0, r9, r2
.Ltmp188:
.LBB3_18:
	@DEBUG_VALUE: acc0 <- $q2
	@DEBUG_VALUE: pSrcVecPtr <- $r10
	@DEBUG_VALUE: arm_svm_polynomial_predict_f32:pInA0 <- $r9
	@DEBUG_VALUE: arm_svm_polynomial_predict_f32:pResult <- [$sp+0]
	@DEBUG_VALUE: arm_svm_polynomial_predict_f32:sum <- $s0
	@DEBUG_VALUE: arm_svm_polynomial_predict_f32:row <- $r5
	@DEBUG_VALUE: arm_svm_polynomial_predict_f32:in <- $r10
	@DEBUG_VALUE: arm_svm_polynomial_predict_f32:blkCnt <- [DW_OP_plus_uconst 28] [$sp+0]
	.loc	8 0 9 is_stmt 0                 @ C:/Keil_v5/Packs/ARM/CMSIS-DSP/1.15.0/Source/SVMFunctions/arm_svm_polynomial_predict_f32.c:0:9
	ldr	r2, [sp, #28]                   @ 4-byte Reload
	.loc	8 217 13 is_stmt 1              @ C:/Keil_v5/Packs/ARM/CMSIS-DSP/1.15.0/Source/SVMFunctions/arm_svm_polynomial_predict_f32.c:217:13
	cbz	r2, .LBB3_20
.Ltmp189:
@ %bb.19:
	@DEBUG_VALUE: acc0 <- $q2
	@DEBUG_VALUE: pSrcVecPtr <- $r10
	@DEBUG_VALUE: arm_svm_polynomial_predict_f32:blkCnt <- [DW_OP_plus_uconst 28] [$sp+0]
	@DEBUG_VALUE: arm_svm_polynomial_predict_f32:pInA0 <- $r9
	@DEBUG_VALUE: arm_svm_polynomial_predict_f32:pResult <- [$sp+0]
	@DEBUG_VALUE: arm_svm_polynomial_predict_f32:sum <- $s0
	@DEBUG_VALUE: arm_svm_polynomial_predict_f32:row <- $r5
	@DEBUG_VALUE: arm_svm_polynomial_predict_f32:in <- $r10
	.loc	8 218 34                        @ C:/Keil_v5/Packs/ARM/CMSIS-DSP/1.15.0/Source/SVMFunctions/arm_svm_polynomial_predict_f32.c:218:34
	vctp.32	r2
.Ltmp190:
	@DEBUG_VALUE: p0 <- undef
	.loc	8 221 21                        @ C:/Keil_v5/Packs/ARM/CMSIS-DSP/1.15.0/Source/SVMFunctions/arm_svm_polynomial_predict_f32.c:221:21
	vpstt	
	vldrwt.u32	q4, [r1]
.Ltmp191:
	@DEBUG_VALUE: vecIn <- $q4
	.loc	8 222 20                        @ C:/Keil_v5/Packs/ARM/CMSIS-DSP/1.15.0/Source/SVMFunctions/arm_svm_polynomial_predict_f32.c:222:20
	vldrwt.u32	q5, [r3]
.Ltmp192:
	@DEBUG_VALUE: vecA <- $q5
	.loc	8 223 20                        @ C:/Keil_v5/Packs/ARM/CMSIS-DSP/1.15.0/Source/SVMFunctions/arm_svm_polynomial_predict_f32.c:223:20
	vfma.f32	q2, q4, q5
.Ltmp193:
	@DEBUG_VALUE: acc0 <- $q2
	.loc	8 224 20                        @ C:/Keil_v5/Packs/ARM/CMSIS-DSP/1.15.0/Source/SVMFunctions/arm_svm_polynomial_predict_f32.c:224:20
	vpst	
	vldrwt.u32	q5, [r0]
.Ltmp194:
	@DEBUG_VALUE: vecA <- $q5
	.loc	8 225 20                        @ C:/Keil_v5/Packs/ARM/CMSIS-DSP/1.15.0/Source/SVMFunctions/arm_svm_polynomial_predict_f32.c:225:20
	vfma.f32	q3, q4, q5
.Ltmp195:
	@DEBUG_VALUE: acc1 <- $q3
.LBB3_20:
	@DEBUG_VALUE: acc0 <- $q2
	@DEBUG_VALUE: pSrcVecPtr <- $r10
	@DEBUG_VALUE: arm_svm_polynomial_predict_f32:blkCnt <- [DW_OP_plus_uconst 28] [$sp+0]
	@DEBUG_VALUE: arm_svm_polynomial_predict_f32:pInA0 <- $r9
	@DEBUG_VALUE: arm_svm_polynomial_predict_f32:pResult <- [$sp+0]
	@DEBUG_VALUE: arm_svm_polynomial_predict_f32:sum <- $s0
	@DEBUG_VALUE: arm_svm_polynomial_predict_f32:row <- $r5
	@DEBUG_VALUE: arm_svm_polynomial_predict_f32:in <- $r10
	@DEBUG_VALUE: acc1 <- $q3
	@DEBUG_VALUE: acc0 <- $q2
	@DEBUG_VALUE: vtmp <- undef
	@DEBUG_VALUE: vecAddAcrossF32Mve:in <- $q2
	.loc	6 60 29                         @ ../../../../Library/CMSIS/DSP/Include\arm_helium_utils.h:60:29
	vadd.f32	s2, s8, s9
.Ltmp196:
	.loc	6 60 29 is_stmt 0               @ ../../../../Library/CMSIS/DSP/Include\arm_helium_utils.h:60:29
	vadd.f32	s8, s12, s13
.Ltmp197:
	.loc	6 60 49                         @ ../../../../Library/CMSIS/DSP/Include\arm_helium_utils.h:60:49
	vadd.f32	s2, s10, s2
.Ltmp198:
	@DEBUG_VALUE: vecAddAcrossF32Mve:in <- $q2
	.loc	6 60 49                         @ ../../../../Library/CMSIS/DSP/Include\arm_helium_utils.h:60:49
	vadd.f32	s8, s14, s8
.Ltmp199:
	.loc	6 61 29 is_stmt 1               @ ../../../../Library/CMSIS/DSP/Include\arm_helium_utils.h:61:29
	vadd.f32	s12, s11, s2
.Ltmp200:
	@DEBUG_VALUE: vecAddAcrossF32Mve:in <- $q3
	@DEBUG_VALUE: vecAddAcrossF32Mve:acc <- $s12
	@DEBUG_VALUE: vecAddAcrossF32Mve:in <- $q2
	.loc	6 61 29 is_stmt 0               @ ../../../../Library/CMSIS/DSP/Include\arm_helium_utils.h:61:29
	vadd.f32	s13, s15, s8
.Ltmp201:
	@DEBUG_VALUE: vecAddAcrossF32Mve:acc <- $s13
	@DEBUG_VALUE: vtmp <- $q3
	.loc	8 236 43 is_stmt 1              @ C:/Keil_v5/Packs/ARM/CMSIS-DSP/1.15.0/Source/SVMFunctions/arm_svm_polynomial_predict_f32.c:236:43
	ldr.w	r0, [r8, #32]
	vmul.f32	q2, q3, r0
	.loc	8 236 86 is_stmt 0              @ C:/Keil_v5/Packs/ARM/CMSIS-DSP/1.15.0/Source/SVMFunctions/arm_svm_polynomial_predict_f32.c:236:86
	ldrd	r0, r1, [r8, #24]
.Ltmp202:
	.loc	9 241 5 is_stmt 1               @ ../../../../Library/CMSIS/DSP/Include\arm_vec_math.h:241:5
	cmp	r0, #2
.Ltmp203:
	.loc	8 236 31                        @ C:/Keil_v5/Packs/ARM/CMSIS-DSP/1.15.0/Source/SVMFunctions/arm_svm_polynomial_predict_f32.c:236:31
	vadd.f32	q3, q2, r1
.Ltmp204:
	@DEBUG_VALUE: arm_vec_exponent_f32:r <- $q3
	@DEBUG_VALUE: arm_vec_exponent_f32:x <- $q3
	@DEBUG_VALUE: arm_vec_exponent_f32:nb <- [DW_OP_constu 1, DW_OP_minus, DW_OP_stack_value] $r0
	.loc	8 234 34                        @ C:/Keil_v5/Packs/ARM/CMSIS-DSP/1.15.0/Source/SVMFunctions/arm_svm_polynomial_predict_f32.c:234:34
	vldrw.u32	q2, [r12]
.Ltmp205:
	@DEBUG_VALUE: arm_vec_exponent_f32:nb <- [DW_OP_constu 1, DW_OP_minus, DW_OP_stack_value] undef
	.loc	9 241 5                         @ ../../../../Library/CMSIS/DSP/Include\arm_vec_math.h:241:5
	blt	.LBB3_35
.Ltmp206:
@ %bb.21:
	@DEBUG_VALUE: arm_vec_exponent_f32:x <- $q3
	@DEBUG_VALUE: arm_vec_exponent_f32:r <- $q3
	@DEBUG_VALUE: pSrcVecPtr <- $r10
	@DEBUG_VALUE: arm_svm_polynomial_predict_f32:blkCnt <- [DW_OP_plus_uconst 28] [$sp+0]
	@DEBUG_VALUE: arm_svm_polynomial_predict_f32:pInA0 <- $r9
	@DEBUG_VALUE: arm_svm_polynomial_predict_f32:pResult <- [$sp+0]
	@DEBUG_VALUE: arm_svm_polynomial_predict_f32:sum <- $s0
	@DEBUG_VALUE: arm_svm_polynomial_predict_f32:row <- $r5
	@DEBUG_VALUE: arm_svm_polynomial_predict_f32:in <- $r10
	sub.w	r0, r0, #2
	it	lo
	movlo	r0, #0
	add.w	lr, r0, #1
	ldr	r1, [sp, #28]                   @ 4-byte Reload
	vmov	q4, q3
.Ltmp207:
	.p2align	2
.LBB3_22:                               @ =>This Inner Loop Header: Depth=1
	@DEBUG_VALUE: arm_vec_exponent_f32:x <- $q3
	@DEBUG_VALUE: pSrcVecPtr <- $r10
	@DEBUG_VALUE: arm_svm_polynomial_predict_f32:blkCnt <- [DW_OP_plus_uconst 28] [$sp+0]
	@DEBUG_VALUE: arm_svm_polynomial_predict_f32:pInA0 <- $r9
	@DEBUG_VALUE: arm_svm_polynomial_predict_f32:pResult <- [$sp+0]
	@DEBUG_VALUE: arm_svm_polynomial_predict_f32:sum <- $s0
	@DEBUG_VALUE: arm_svm_polynomial_predict_f32:row <- $r5
	@DEBUG_VALUE: arm_svm_polynomial_predict_f32:in <- $r10
	@DEBUG_VALUE: arm_vec_exponent_f32:nb <- undef
	@DEBUG_VALUE: arm_vec_exponent_f32:r <- $q4
	.loc	9 242 13                        @ ../../../../Library/CMSIS/DSP/Include\arm_vec_math.h:242:13
	vmul.f32	q4, q3, q4
.Ltmp208:
	@DEBUG_VALUE: arm_vec_exponent_f32:r <- $q4
	.loc	9 241 5                         @ ../../../../Library/CMSIS/DSP/Include\arm_vec_math.h:241:5
	le	lr, .LBB3_22
	b	.LBB3_36
.Ltmp209:
.LBB3_23:
	@DEBUG_VALUE: arm_svm_polynomial_predict_f32:pResult <- [$sp+0]
	@DEBUG_VALUE: arm_svm_polynomial_predict_f32:sum <- $s0
	@DEBUG_VALUE: arm_svm_polynomial_predict_f32:row <- $r5
	@DEBUG_VALUE: arm_svm_polynomial_predict_f32:in <- $r10
	.loc	9 0 5 is_stmt 0                 @ ../../../../Library/CMSIS/DSP/Include\arm_vec_math.h:0:5
	ldr.w	r8, [sp, #4]                    @ 4-byte Reload
	ldr.w	r11, [sp, #12]                  @ 4-byte Reload
.Ltmp210:
	@DEBUG_VALUE: arm_svm_polynomial_predict_f32:pSrcA <- $r9
	@DEBUG_VALUE: arm_svm_polynomial_predict_f32:pDualCoef <- $r12
	@DEBUG_VALUE: arm_svm_polynomial_predict_f32:row <- $r5
	@DEBUG_VALUE: arm_svm_polynomial_predict_f32:vSum <- $q1
	.loc	8 244 9 is_stmt 1               @ C:/Keil_v5/Packs/ARM/CMSIS-DSP/1.15.0/Source/SVMFunctions/arm_svm_polynomial_predict_f32.c:244:9
	cmp	r5, #0
	beq	.LBB3_37
.Ltmp211:
.LBB3_24:
	@DEBUG_VALUE: arm_svm_polynomial_predict_f32:vSum <- $q1
	@DEBUG_VALUE: arm_svm_polynomial_predict_f32:pDualCoef <- $r12
	@DEBUG_VALUE: arm_svm_polynomial_predict_f32:pSrcA <- $r9
	@DEBUG_VALUE: arm_svm_polynomial_predict_f32:pResult <- [$sp+0]
	@DEBUG_VALUE: arm_svm_polynomial_predict_f32:sum <- $s0
	@DEBUG_VALUE: arm_svm_polynomial_predict_f32:row <- $r5
	@DEBUG_VALUE: arm_svm_polynomial_predict_f32:in <- $r10
	@DEBUG_VALUE: arm_svm_polynomial_predict_f32:pInA0 <- $r9
	@DEBUG_VALUE: arm_svm_polynomial_predict_f32:blkCnt <- [DW_OP_constu 2, DW_OP_shr, DW_OP_stack_value] undef
	@DEBUG_VALUE: pSrcVecPtr <- $r10
	@DEBUG_VALUE: pInVec <- $r10
	@DEBUG_VALUE: pSrcA0Vec <- $r9
	.loc	8 0 9 is_stmt 0                 @ C:/Keil_v5/Packs/ARM/CMSIS-DSP/1.15.0/Source/SVMFunctions/arm_svm_polynomial_predict_f32.c:0:9
	vmov.i32	q2, #0x0
.Ltmp212:
	@DEBUG_VALUE: acc0 <- $q2
	.loc	8 264 9 is_stmt 1               @ C:/Keil_v5/Packs/ARM/CMSIS-DSP/1.15.0/Source/SVMFunctions/arm_svm_polynomial_predict_f32.c:264:9
	wls	lr, r11, .LBB3_28
.Ltmp213:
@ %bb.25:
	@DEBUG_VALUE: acc0 <- $q2
	@DEBUG_VALUE: pSrcA0Vec <- $r9
	@DEBUG_VALUE: pInVec <- $r10
	@DEBUG_VALUE: pSrcVecPtr <- $r10
	@DEBUG_VALUE: arm_svm_polynomial_predict_f32:pInA0 <- $r9
	@DEBUG_VALUE: arm_svm_polynomial_predict_f32:vSum <- $q1
	@DEBUG_VALUE: arm_svm_polynomial_predict_f32:pDualCoef <- $r12
	@DEBUG_VALUE: arm_svm_polynomial_predict_f32:pSrcA <- $r9
	@DEBUG_VALUE: arm_svm_polynomial_predict_f32:pResult <- [$sp+0]
	@DEBUG_VALUE: arm_svm_polynomial_predict_f32:sum <- $s0
	@DEBUG_VALUE: arm_svm_polynomial_predict_f32:row <- $r5
	@DEBUG_VALUE: arm_svm_polynomial_predict_f32:in <- $r10
	@DEBUG_VALUE: arm_svm_polynomial_predict_f32:blkCnt <- $r11
	.loc	8 0 9 is_stmt 0                 @ C:/Keil_v5/Packs/ARM/CMSIS-DSP/1.15.0/Source/SVMFunctions/arm_svm_polynomial_predict_f32.c:0:9
	vmov.i32	q2, #0x0
.Ltmp214:
	.loc	8 264 9                         @ C:/Keil_v5/Packs/ARM/CMSIS-DSP/1.15.0/Source/SVMFunctions/arm_svm_polynomial_predict_f32.c:264:9
	add.w	r0, r10, r11, lsl #4
	lsl.w	r1, r11, #4
	mov	r2, r9
.Ltmp215:
	.p2align	2
.LBB3_26:                               @ =>This Inner Loop Header: Depth=1
	@DEBUG_VALUE: pInVec <- $r10
	@DEBUG_VALUE: arm_svm_polynomial_predict_f32:pInA0 <- $r9
	@DEBUG_VALUE: arm_svm_polynomial_predict_f32:vSum <- $q1
	@DEBUG_VALUE: arm_svm_polynomial_predict_f32:pDualCoef <- $r12
	@DEBUG_VALUE: arm_svm_polynomial_predict_f32:pSrcA <- $r9
	@DEBUG_VALUE: arm_svm_polynomial_predict_f32:pResult <- [$sp+0]
	@DEBUG_VALUE: arm_svm_polynomial_predict_f32:sum <- $s0
	@DEBUG_VALUE: arm_svm_polynomial_predict_f32:row <- $r5
	@DEBUG_VALUE: arm_svm_polynomial_predict_f32:blkCnt <- undef
	@DEBUG_VALUE: pInVec <- $r10
	@DEBUG_VALUE: pSrcA0Vec <- $r2
	@DEBUG_VALUE: acc0 <- $q2
	.loc	8 267 21 is_stmt 1              @ C:/Keil_v5/Packs/ARM/CMSIS-DSP/1.15.0/Source/SVMFunctions/arm_svm_polynomial_predict_f32.c:267:21
	vldrw.u32	q3, [r10], #16
.Ltmp216:
	@DEBUG_VALUE: arm_svm_polynomial_predict_f32:in <- [DW_OP_LLVM_entry_value 1] $r1
	@DEBUG_VALUE: vecIn <- $q3
	@DEBUG_VALUE: pInVec <- $r10
	.loc	8 269 20                        @ C:/Keil_v5/Packs/ARM/CMSIS-DSP/1.15.0/Source/SVMFunctions/arm_svm_polynomial_predict_f32.c:269:20
	vldrw.u32	q4, [r2], #16
.Ltmp217:
	@DEBUG_VALUE: vecA <- $q4
	@DEBUG_VALUE: pSrcA0Vec <- $r2
	.loc	8 271 20                        @ C:/Keil_v5/Packs/ARM/CMSIS-DSP/1.15.0/Source/SVMFunctions/arm_svm_polynomial_predict_f32.c:271:20
	vfma.f32	q2, q3, q4
.Ltmp218:
	@DEBUG_VALUE: acc0 <- $q2
	.loc	8 264 9                         @ C:/Keil_v5/Packs/ARM/CMSIS-DSP/1.15.0/Source/SVMFunctions/arm_svm_polynomial_predict_f32.c:264:9
	le	lr, .LBB3_26
.Ltmp219:
@ %bb.27:
	@DEBUG_VALUE: vecIn <- $q3
	@DEBUG_VALUE: pSrcA0Vec <- $r2
	@DEBUG_VALUE: acc0 <- $q2
	@DEBUG_VALUE: pInVec <- $r10
	@DEBUG_VALUE: arm_svm_polynomial_predict_f32:pInA0 <- $r9
	@DEBUG_VALUE: arm_svm_polynomial_predict_f32:vSum <- $q1
	@DEBUG_VALUE: arm_svm_polynomial_predict_f32:pDualCoef <- $r12
	@DEBUG_VALUE: arm_svm_polynomial_predict_f32:pSrcA <- $r9
	@DEBUG_VALUE: arm_svm_polynomial_predict_f32:pResult <- [$sp+0]
	@DEBUG_VALUE: arm_svm_polynomial_predict_f32:sum <- $s0
	@DEBUG_VALUE: arm_svm_polynomial_predict_f32:row <- $r5
	add	r9, r1
.Ltmp220:
	.loc	8 0 9 is_stmt 0                 @ C:/Keil_v5/Packs/ARM/CMSIS-DSP/1.15.0/Source/SVMFunctions/arm_svm_polynomial_predict_f32.c:0:9
	mov	r10, r0
.Ltmp221:
	ldr	r1, [sp, #28]                   @ 4-byte Reload
.Ltmp222:
.LBB3_28:
	@DEBUG_VALUE: acc0 <- $q2
	@DEBUG_VALUE: arm_svm_polynomial_predict_f32:vSum <- $q1
	@DEBUG_VALUE: arm_svm_polynomial_predict_f32:pDualCoef <- $r12
	@DEBUG_VALUE: arm_svm_polynomial_predict_f32:pResult <- [$sp+0]
	@DEBUG_VALUE: arm_svm_polynomial_predict_f32:sum <- $s0
	@DEBUG_VALUE: arm_svm_polynomial_predict_f32:row <- $r5
	@DEBUG_VALUE: arm_svm_polynomial_predict_f32:blkCnt <- $r1
	.loc	8 280 13 is_stmt 1              @ C:/Keil_v5/Packs/ARM/CMSIS-DSP/1.15.0/Source/SVMFunctions/arm_svm_polynomial_predict_f32.c:280:13
	cbz	r1, .LBB3_30
.Ltmp223:
@ %bb.29:
	@DEBUG_VALUE: arm_svm_polynomial_predict_f32:blkCnt <- $r1
	@DEBUG_VALUE: acc0 <- $q2
	@DEBUG_VALUE: arm_svm_polynomial_predict_f32:vSum <- $q1
	@DEBUG_VALUE: arm_svm_polynomial_predict_f32:pDualCoef <- $r12
	@DEBUG_VALUE: arm_svm_polynomial_predict_f32:pResult <- [$sp+0]
	@DEBUG_VALUE: arm_svm_polynomial_predict_f32:sum <- $s0
	@DEBUG_VALUE: arm_svm_polynomial_predict_f32:row <- $r5
	.loc	8 281 34                        @ C:/Keil_v5/Packs/ARM/CMSIS-DSP/1.15.0/Source/SVMFunctions/arm_svm_polynomial_predict_f32.c:281:34
	vctp.32	r1
.Ltmp224:
	@DEBUG_VALUE: p0 <- undef
	.loc	8 284 21                        @ C:/Keil_v5/Packs/ARM/CMSIS-DSP/1.15.0/Source/SVMFunctions/arm_svm_polynomial_predict_f32.c:284:21
	vpstt	
	vldrwt.u32	q3, [r10]
.Ltmp225:
	@DEBUG_VALUE: vecIn <- $q3
	.loc	8 285 20                        @ C:/Keil_v5/Packs/ARM/CMSIS-DSP/1.15.0/Source/SVMFunctions/arm_svm_polynomial_predict_f32.c:285:20
	vldrwt.u32	q4, [r9]
.Ltmp226:
	@DEBUG_VALUE: vecA <- $q4
	.loc	8 286 20                        @ C:/Keil_v5/Packs/ARM/CMSIS-DSP/1.15.0/Source/SVMFunctions/arm_svm_polynomial_predict_f32.c:286:20
	vfma.f32	q2, q3, q4
.Ltmp227:
	@DEBUG_VALUE: acc0 <- $q2
.LBB3_30:
	@DEBUG_VALUE: arm_svm_polynomial_predict_f32:blkCnt <- $r1
	@DEBUG_VALUE: acc0 <- $q2
	@DEBUG_VALUE: arm_svm_polynomial_predict_f32:vSum <- $q1
	@DEBUG_VALUE: arm_svm_polynomial_predict_f32:pDualCoef <- $r12
	@DEBUG_VALUE: arm_svm_polynomial_predict_f32:pResult <- [$sp+0]
	@DEBUG_VALUE: arm_svm_polynomial_predict_f32:sum <- $s0
	@DEBUG_VALUE: arm_svm_polynomial_predict_f32:row <- $r5
	.loc	6 60 29                         @ ../../../../Library/CMSIS/DSP/Include\arm_helium_utils.h:60:29
	vadd.f32	s2, s8, s9
.Ltmp228:
	.loc	8 295 43                        @ C:/Keil_v5/Packs/ARM/CMSIS-DSP/1.15.0/Source/SVMFunctions/arm_svm_polynomial_predict_f32.c:295:43
	ldr.w	r0, [r8, #32]
.Ltmp229:
	.loc	6 60 49                         @ ../../../../Library/CMSIS/DSP/Include\arm_helium_utils.h:60:49
	vadd.f32	s2, s10, s2
	ldr	r2, [sp]                        @ 4-byte Reload
	@DEBUG_VALUE: acc0 <- $q2
.Ltmp230:
	@DEBUG_VALUE: vtmp <- undef
	@DEBUG_VALUE: vecAddAcrossF32Mve:in <- $q2
	.loc	6 61 29                         @ ../../../../Library/CMSIS/DSP/Include\arm_helium_utils.h:61:29
	vadd.f32	s8, s11, s2
.Ltmp231:
	@DEBUG_VALUE: vecAddAcrossF32Mve:acc <- $s8
	@DEBUG_VALUE: vtmp <- $q2
	.loc	8 295 43                        @ C:/Keil_v5/Packs/ARM/CMSIS-DSP/1.15.0/Source/SVMFunctions/arm_svm_polynomial_predict_f32.c:295:43
	vmul.f32	q2, q2, r0
.Ltmp232:
	.loc	8 295 86 is_stmt 0              @ C:/Keil_v5/Packs/ARM/CMSIS-DSP/1.15.0/Source/SVMFunctions/arm_svm_polynomial_predict_f32.c:295:86
	ldrd	r0, r1, [r8, #24]
.Ltmp233:
	.loc	9 241 5 is_stmt 1               @ ../../../../Library/CMSIS/DSP/Include\arm_vec_math.h:241:5
	cmp	r0, #2
.Ltmp234:
	.loc	8 295 31                        @ C:/Keil_v5/Packs/ARM/CMSIS-DSP/1.15.0/Source/SVMFunctions/arm_svm_polynomial_predict_f32.c:295:31
	vadd.f32	q3, q2, r1
.Ltmp235:
	@DEBUG_VALUE: arm_vec_exponent_f32:r <- $q3
	@DEBUG_VALUE: arm_vec_exponent_f32:x <- $q3
	@DEBUG_VALUE: arm_vec_exponent_f32:nb <- [DW_OP_constu 1, DW_OP_minus, DW_OP_stack_value] $r0
	.loc	8 293 34                        @ C:/Keil_v5/Packs/ARM/CMSIS-DSP/1.15.0/Source/SVMFunctions/arm_svm_polynomial_predict_f32.c:293:34
	vldrw.u32	q2, [r12]
.Ltmp236:
	@DEBUG_VALUE: arm_vec_exponent_f32:nb <- [DW_OP_constu 1, DW_OP_minus, DW_OP_stack_value] undef
	.loc	9 241 5                         @ ../../../../Library/CMSIS/DSP/Include\arm_vec_math.h:241:5
	blt	.LBB3_33
.Ltmp237:
@ %bb.31:
	@DEBUG_VALUE: arm_vec_exponent_f32:x <- $q3
	@DEBUG_VALUE: arm_vec_exponent_f32:r <- $q3
	@DEBUG_VALUE: arm_svm_polynomial_predict_f32:vSum <- $q1
	@DEBUG_VALUE: arm_svm_polynomial_predict_f32:pDualCoef <- $r12
	@DEBUG_VALUE: arm_svm_polynomial_predict_f32:pResult <- [$sp+0]
	@DEBUG_VALUE: arm_svm_polynomial_predict_f32:sum <- $s0
	@DEBUG_VALUE: arm_svm_polynomial_predict_f32:row <- $r5
	sub.w	r0, r0, #2
	it	lo
	movlo	r0, #0
	add.w	lr, r0, #1
	vmov	q4, q3
.Ltmp238:
	.p2align	2
.LBB3_32:                               @ =>This Inner Loop Header: Depth=1
	@DEBUG_VALUE: arm_vec_exponent_f32:x <- $q3
	@DEBUG_VALUE: arm_svm_polynomial_predict_f32:vSum <- $q1
	@DEBUG_VALUE: arm_svm_polynomial_predict_f32:pDualCoef <- $r12
	@DEBUG_VALUE: arm_svm_polynomial_predict_f32:pResult <- [$sp+0]
	@DEBUG_VALUE: arm_svm_polynomial_predict_f32:sum <- $s0
	@DEBUG_VALUE: arm_svm_polynomial_predict_f32:row <- $r5
	@DEBUG_VALUE: arm_vec_exponent_f32:nb <- undef
	@DEBUG_VALUE: arm_vec_exponent_f32:r <- $q4
	.loc	9 242 13                        @ ../../../../Library/CMSIS/DSP/Include\arm_vec_math.h:242:13
	vmul.f32	q4, q3, q4
.Ltmp239:
	@DEBUG_VALUE: arm_vec_exponent_f32:r <- $q4
	.loc	9 241 5                         @ ../../../../Library/CMSIS/DSP/Include\arm_vec_math.h:241:5
	le	lr, .LBB3_32
	b	.LBB3_34
.Ltmp240:
.LBB3_33:
	@DEBUG_VALUE: arm_vec_exponent_f32:x <- $q3
	@DEBUG_VALUE: arm_vec_exponent_f32:r <- $q3
	@DEBUG_VALUE: arm_svm_polynomial_predict_f32:vSum <- $q1
	@DEBUG_VALUE: arm_svm_polynomial_predict_f32:pDualCoef <- $r12
	@DEBUG_VALUE: arm_svm_polynomial_predict_f32:pResult <- [$sp+0]
	@DEBUG_VALUE: arm_svm_polynomial_predict_f32:sum <- $s0
	@DEBUG_VALUE: arm_svm_polynomial_predict_f32:row <- $r5
	.loc	9 0 5 is_stmt 0                 @ ../../../../Library/CMSIS/DSP/Include\arm_vec_math.h:0:5
	vmov	q4, q3
	@DEBUG_VALUE: arm_vec_exponent_f32:r <- $q4
.Ltmp241:
.LBB3_34:
	@DEBUG_VALUE: arm_svm_polynomial_predict_f32:vSum <- $q1
	@DEBUG_VALUE: arm_svm_polynomial_predict_f32:pDualCoef <- $r12
	@DEBUG_VALUE: arm_svm_polynomial_predict_f32:pResult <- [$sp+0]
	@DEBUG_VALUE: arm_svm_polynomial_predict_f32:sum <- $s0
	@DEBUG_VALUE: arm_svm_polynomial_predict_f32:row <- $r5
	movs	r0, #15
	.loc	8 293 16 is_stmt 1              @ C:/Keil_v5/Packs/ARM/CMSIS-DSP/1.15.0/Source/SVMFunctions/arm_svm_polynomial_predict_f32.c:293:16
	vmsr	p0, r0
	vpst	
	vfmat.f32	q1, q2, q4
.Ltmp242:
	@DEBUG_VALUE: arm_svm_polynomial_predict_f32:vSum <- $q1
	.loc	8 0 16 is_stmt 0                @ C:/Keil_v5/Packs/ARM/CMSIS-DSP/1.15.0/Source/SVMFunctions/arm_svm_polynomial_predict_f32.c:0:16
	b	.LBB3_38
.Ltmp243:
.LBB3_35:
	@DEBUG_VALUE: arm_vec_exponent_f32:x <- $q3
	@DEBUG_VALUE: arm_vec_exponent_f32:r <- $q3
	@DEBUG_VALUE: pSrcVecPtr <- $r10
	@DEBUG_VALUE: arm_svm_polynomial_predict_f32:blkCnt <- [DW_OP_plus_uconst 28] [$sp+0]
	@DEBUG_VALUE: arm_svm_polynomial_predict_f32:pInA0 <- $r9
	@DEBUG_VALUE: arm_svm_polynomial_predict_f32:pResult <- [$sp+0]
	@DEBUG_VALUE: arm_svm_polynomial_predict_f32:sum <- $s0
	@DEBUG_VALUE: arm_svm_polynomial_predict_f32:row <- $r5
	@DEBUG_VALUE: arm_svm_polynomial_predict_f32:in <- $r10
	ldr	r1, [sp, #28]                   @ 4-byte Reload
	vmov	q4, q3
	@DEBUG_VALUE: arm_vec_exponent_f32:r <- $q4
.Ltmp244:
.LBB3_36:
	@DEBUG_VALUE: pSrcVecPtr <- $r10
	@DEBUG_VALUE: arm_svm_polynomial_predict_f32:blkCnt <- [DW_OP_plus_uconst 28] [$sp+0]
	@DEBUG_VALUE: arm_svm_polynomial_predict_f32:pInA0 <- $r9
	@DEBUG_VALUE: arm_svm_polynomial_predict_f32:pResult <- [$sp+0]
	@DEBUG_VALUE: arm_svm_polynomial_predict_f32:sum <- $s0
	@DEBUG_VALUE: arm_svm_polynomial_predict_f32:row <- $r5
	@DEBUG_VALUE: arm_svm_polynomial_predict_f32:in <- $r10
	movs	r0, #255
.Ltmp245:
	.loc	8 239 19 is_stmt 1              @ C:/Keil_v5/Packs/ARM/CMSIS-DSP/1.15.0/Source/SVMFunctions/arm_svm_polynomial_predict_f32.c:239:19
	add.w	r12, r12, #8
.Ltmp246:
	@DEBUG_VALUE: arm_svm_polynomial_predict_f32:pDualCoef <- $r12
	.loc	8 234 16                        @ C:/Keil_v5/Packs/ARM/CMSIS-DSP/1.15.0/Source/SVMFunctions/arm_svm_polynomial_predict_f32.c:234:16
	vmsr	p0, r0
	vpst	
	vfmat.f32	q1, q2, q4
.Ltmp247:
	@DEBUG_VALUE: arm_svm_polynomial_predict_f32:vSum <- $q1
	.loc	8 240 15                        @ C:/Keil_v5/Packs/ARM/CMSIS-DSP/1.15.0/Source/SVMFunctions/arm_svm_polynomial_predict_f32.c:240:15
	add.w	r9, r9, r6, lsl #3
.Ltmp248:
	@DEBUG_VALUE: arm_svm_polynomial_predict_f32:pSrcA <- $r9
	.loc	8 241 13                        @ C:/Keil_v5/Packs/ARM/CMSIS-DSP/1.15.0/Source/SVMFunctions/arm_svm_polynomial_predict_f32.c:241:13
	subs	r5, #2
.Ltmp249:
	@DEBUG_VALUE: arm_svm_polynomial_predict_f32:row <- $r5
	@DEBUG_VALUE: arm_svm_polynomial_predict_f32:pSrcA <- $r9
	@DEBUG_VALUE: arm_svm_polynomial_predict_f32:pDualCoef <- $r12
	@DEBUG_VALUE: arm_svm_polynomial_predict_f32:row <- $r5
	@DEBUG_VALUE: arm_svm_polynomial_predict_f32:vSum <- $q1
	.loc	8 244 9                         @ C:/Keil_v5/Packs/ARM/CMSIS-DSP/1.15.0/Source/SVMFunctions/arm_svm_polynomial_predict_f32.c:244:9
	cmp	r5, #0
	bne	.LBB3_24
.Ltmp250:
.LBB3_37:
	@DEBUG_VALUE: arm_svm_polynomial_predict_f32:vSum <- $q1
	@DEBUG_VALUE: arm_svm_polynomial_predict_f32:pDualCoef <- $r12
	@DEBUG_VALUE: arm_svm_polynomial_predict_f32:pSrcA <- $r9
	@DEBUG_VALUE: arm_svm_polynomial_predict_f32:pResult <- [$sp+0]
	@DEBUG_VALUE: arm_svm_polynomial_predict_f32:sum <- $s0
	@DEBUG_VALUE: arm_svm_polynomial_predict_f32:row <- $r5
	@DEBUG_VALUE: arm_svm_polynomial_predict_f32:in <- $r10
	.loc	8 0 9 is_stmt 0                 @ C:/Keil_v5/Packs/ARM/CMSIS-DSP/1.15.0/Source/SVMFunctions/arm_svm_polynomial_predict_f32.c:0:9
	ldr	r2, [sp]                        @ 4-byte Reload
.Ltmp251:
.LBB3_38:
	@DEBUG_VALUE: arm_svm_polynomial_predict_f32:vSum <- $q1
	@DEBUG_VALUE: arm_svm_polynomial_predict_f32:pDualCoef <- $r12
	@DEBUG_VALUE: arm_svm_polynomial_predict_f32:pResult <- [$sp+0]
	@DEBUG_VALUE: arm_svm_polynomial_predict_f32:sum <- $s0
	@DEBUG_VALUE: arm_svm_polynomial_predict_f32:row <- $r5
	@DEBUG_VALUE: arm_svm_polynomial_predict_f32:vSum <- $q1
	@DEBUG_VALUE: vecAddAcrossF32Mve:in <- $q1
	.loc	6 60 29 is_stmt 1               @ ../../../../Library/CMSIS/DSP/Include\arm_helium_utils.h:60:29
	vadd.f32	s2, s4, s5
.Ltmp252:
	.loc	8 301 19                        @ C:/Keil_v5/Packs/ARM/CMSIS-DSP/1.15.0/Source/SVMFunctions/arm_svm_polynomial_predict_f32.c:301:19
	ldr.w	r0, [r8, #20]
.Ltmp253:
	.loc	6 60 49                         @ ../../../../Library/CMSIS/DSP/Include\arm_helium_utils.h:60:49
	vadd.f32	s2, s6, s2
	.loc	6 61 29                         @ ../../../../Library/CMSIS/DSP/Include\arm_helium_utils.h:61:29
	vadd.f32	s2, s7, s2
.Ltmp254:
	@DEBUG_VALUE: vecAddAcrossF32Mve:acc <- $s2
	.loc	8 298 9                         @ C:/Keil_v5/Packs/ARM/CMSIS-DSP/1.15.0/Source/SVMFunctions/arm_svm_polynomial_predict_f32.c:298:9
	vadd.f32	s0, s0, s2
.Ltmp255:
	@DEBUG_VALUE: arm_svm_polynomial_predict_f32:sum <- $s0
	.loc	8 301 27                        @ C:/Keil_v5/Packs/ARM/CMSIS-DSP/1.15.0/Source/SVMFunctions/arm_svm_polynomial_predict_f32.c:301:27
	vcmp.f32	s0, #0
	vmrs	APSR_nzcv, fpscr
	cset	r1, gt
	.loc	8 301 16 is_stmt 0              @ C:/Keil_v5/Packs/ARM/CMSIS-DSP/1.15.0/Source/SVMFunctions/arm_svm_polynomial_predict_f32.c:301:16
	ldr.w	r0, [r0, r1, lsl #2]
	.loc	8 301 14                        @ C:/Keil_v5/Packs/ARM/CMSIS-DSP/1.15.0/Source/SVMFunctions/arm_svm_polynomial_predict_f32.c:301:14
	str	r0, [r2]
	.loc	8 302 1 epilogue_begin is_stmt 1 @ C:/Keil_v5/Packs/ARM/CMSIS-DSP/1.15.0/Source/SVMFunctions/arm_svm_polynomial_predict_f32.c:302:1
	add	sp, #32
	vpop	{d8, d9, d10, d11, d12, d13, d14, d15}
	add	sp, #4
	pop.w	{r4, r5, r6, r7, r8, r9, r10, r11, pc}
.Ltmp256:
.Lfunc_end3:
	.size	arm_svm_polynomial_predict_f32, .Lfunc_end3-arm_svm_polynomial_predict_f32
	.cfi_endproc
	.cantunwind
	.fnend
                                        @ -- End function
	.section	.text.arm_svm_rbf_init_f32,"ax",%progbits
	.hidden	arm_svm_rbf_init_f32            @ -- Begin function arm_svm_rbf_init_f32
	.globl	arm_svm_rbf_init_f32
	.p2align	2
	.type	arm_svm_rbf_init_f32,%function
	.code	16                              @ @arm_svm_rbf_init_f32
	.thumb_func
arm_svm_rbf_init_f32:
.Lfunc_begin4:
	.file	10 "C:/Keil_v5/Packs/ARM/CMSIS-DSP/1.15.0/Source/SVMFunctions" "arm_svm_rbf_init_f32.c"
	.loc	10 77 0                         @ C:/Keil_v5/Packs/ARM/CMSIS-DSP/1.15.0/Source/SVMFunctions/arm_svm_rbf_init_f32.c:77:0
	.fnstart
	.cfi_startproc
@ %bb.0:
	@DEBUG_VALUE: arm_svm_rbf_init_f32:S <- $r0
	@DEBUG_VALUE: arm_svm_rbf_init_f32:nbOfSupportVectors <- $r1
	@DEBUG_VALUE: arm_svm_rbf_init_f32:vectorDimension <- $r2
	@DEBUG_VALUE: arm_svm_rbf_init_f32:intercept <- $s0
	@DEBUG_VALUE: arm_svm_rbf_init_f32:dualCoefficients <- $r3
	@DEBUG_VALUE: arm_svm_rbf_init_f32:gamma <- $s1
	.save	{r7, lr}
	push	{r7, lr}
	.cfi_def_cfa_offset 8
	.cfi_offset lr, -4
	.cfi_offset r7, -8
.Ltmp257:
	@DEBUG_VALUE: arm_svm_rbf_init_f32:supportVectors <- [DW_OP_plus_uconst 8] [$sp+0]
	@DEBUG_VALUE: arm_svm_rbf_init_f32:classes <- [DW_OP_plus_uconst 12] [$sp+0]
	ldrd	lr, r12, [sp, #8]
.Ltmp258:
	.loc	10 78 26 prologue_end           @ C:/Keil_v5/Packs/ARM/CMSIS-DSP/1.15.0/Source/SVMFunctions/arm_svm_rbf_init_f32.c:78:26
	strd	r1, r2, [r0]
	.loc	10 80 17                        @ C:/Keil_v5/Packs/ARM/CMSIS-DSP/1.15.0/Source/SVMFunctions/arm_svm_rbf_init_f32.c:80:17
	vstr	s0, [r0, #8]
	.loc	10 81 24                        @ C:/Keil_v5/Packs/ARM/CMSIS-DSP/1.15.0/Source/SVMFunctions/arm_svm_rbf_init_f32.c:81:24
	strd	r3, lr, [r0, #12]
	.loc	10 83 15                        @ C:/Keil_v5/Packs/ARM/CMSIS-DSP/1.15.0/Source/SVMFunctions/arm_svm_rbf_init_f32.c:83:15
	str.w	r12, [r0, #20]
	.loc	10 84 13                        @ C:/Keil_v5/Packs/ARM/CMSIS-DSP/1.15.0/Source/SVMFunctions/arm_svm_rbf_init_f32.c:84:13
	vstr	s1, [r0, #24]
	.loc	10 85 1 epilogue_begin          @ C:/Keil_v5/Packs/ARM/CMSIS-DSP/1.15.0/Source/SVMFunctions/arm_svm_rbf_init_f32.c:85:1
	pop	{r7, pc}
.Ltmp259:
.Lfunc_end4:
	.size	arm_svm_rbf_init_f32, .Lfunc_end4-arm_svm_rbf_init_f32
	.cfi_endproc
	.cantunwind
	.fnend
                                        @ -- End function
	.section	.text.arm_svm_rbf_predict_f32,"ax",%progbits
	.hidden	arm_svm_rbf_predict_f32         @ -- Begin function arm_svm_rbf_predict_f32
	.globl	arm_svm_rbf_predict_f32
	.p2align	2
	.type	arm_svm_rbf_predict_f32,%function
	.code	16                              @ @arm_svm_rbf_predict_f32
	.thumb_func
arm_svm_rbf_predict_f32:
.Lfunc_begin5:
	.file	11 "C:/Keil_v5/Packs/ARM/CMSIS-DSP/1.15.0/Source/SVMFunctions" "arm_svm_rbf_predict_f32.c"
	.loc	11 58 0                         @ C:/Keil_v5/Packs/ARM/CMSIS-DSP/1.15.0/Source/SVMFunctions/arm_svm_rbf_predict_f32.c:58:0
	.fnstart
	.cfi_startproc
@ %bb.0:
	@DEBUG_VALUE: arm_svm_rbf_predict_f32:S <- $r0
	@DEBUG_VALUE: arm_svm_rbf_predict_f32:in <- $r1
	@DEBUG_VALUE: arm_svm_rbf_predict_f32:pResult <- $r2
	.save	{r4, r5, r6, r7, r8, r9, r10, r11, lr}
	push.w	{r4, r5, r6, r7, r8, r9, r10, r11, lr}
	.cfi_def_cfa_offset 36
	.cfi_offset lr, -4
	.cfi_offset r11, -8
	.cfi_offset r10, -12
	.cfi_offset r9, -16
	.cfi_offset r8, -20
	.cfi_offset r7, -24
	.cfi_offset r6, -28
	.cfi_offset r5, -32
	.cfi_offset r4, -36
	.pad	#4
	sub	sp, #4
	.cfi_def_cfa_offset 40
	.vsave	{d8, d9, d10, d11, d12, d13, d14, d15}
	vpush	{d8, d9, d10, d11, d12, d13, d14, d15}
	.cfi_def_cfa_offset 104
	.cfi_offset d15, -48
	.cfi_offset d14, -56
	.cfi_offset d13, -64
	.cfi_offset d12, -72
	.cfi_offset d11, -80
	.cfi_offset d10, -88
	.cfi_offset d9, -96
	.cfi_offset d8, -104
	.pad	#192
	sub	sp, #192
	.cfi_def_cfa_offset 296
.Ltmp260:
	.loc	11 60 34 prologue_end           @ C:/Keil_v5/Packs/ARM/CMSIS-DSP/1.15.0/Source/SVMFunctions/arm_svm_rbf_predict_f32.c:60:34
	ldrd	r4, r7, [r0]
.Ltmp261:
	@DEBUG_VALUE: arm_svm_rbf_predict_f32:pDualCoef <- undef
	@DEBUG_VALUE: arm_svm_rbf_predict_f32:pSrcA <- undef
	@DEBUG_VALUE: arm_svm_rbf_predict_f32:pSupport <- undef
	.loc	11 0 34 is_stmt 0               @ C:/Keil_v5/Packs/ARM/CMSIS-DSP/1.15.0/Source/SVMFunctions/arm_svm_rbf_predict_f32.c:0:34
	mov	r10, r1
.Ltmp262:
	@DEBUG_VALUE: arm_svm_rbf_predict_f32:in <- $r10
	@DEBUG_VALUE: arm_svm_rbf_predict_f32:numCols <- undef
	@DEBUG_VALUE: arm_svm_rbf_predict_f32:numRows <- undef
	@DEBUG_VALUE: arm_svm_rbf_predict_f32:in <- $r10
	.loc	11 68 37 is_stmt 1              @ C:/Keil_v5/Packs/ARM/CMSIS-DSP/1.15.0/Source/SVMFunctions/arm_svm_rbf_predict_f32.c:68:37
	ldrd	r3, r8, [r0, #12]
	.loc	11 69 30                        @ C:/Keil_v5/Packs/ARM/CMSIS-DSP/1.15.0/Source/SVMFunctions/arm_svm_rbf_predict_f32.c:69:30
	vldr	s0, [r0, #8]
.Ltmp263:
	@DEBUG_VALUE: arm_svm_rbf_predict_f32:vSum <- undef
	@DEBUG_VALUE: arm_svm_rbf_predict_f32:row <- $r4
	@DEBUG_VALUE: arm_svm_rbf_predict_f32:sum <- $s0
	.loc	11 77 5                         @ C:/Keil_v5/Packs/ARM/CMSIS-DSP/1.15.0/Source/SVMFunctions/arm_svm_rbf_predict_f32.c:77:5
	cmp	r4, #4
	and	r1, r7, #3
	str	r1, [sp, #188]                  @ 4-byte Spill
	movw	r1, :lower16:exp_tab
	lsr.w	r5, r7, #2
	movt	r1, :upper16:exp_tab
	str	r2, [sp]                        @ 4-byte Spill
.Ltmp264:
	@DEBUG_VALUE: arm_svm_rbf_predict_f32:pResult <- [$sp+0]
	@DEBUG_VALUE: arm_svm_rbf_predict_f32:pResult <- [$sp+0]
	.loc	11 0 5 is_stmt 0                @ C:/Keil_v5/Packs/ARM/CMSIS-DSP/1.15.0/Source/SVMFunctions/arm_svm_rbf_predict_f32.c:0:5
	vstr	s0, [sp, #4]                    @ 4-byte Spill
.Ltmp265:
	@DEBUG_VALUE: arm_svm_rbf_predict_f32:sum <- [DW_OP_plus_uconst 4] [$sp+0]
	@DEBUG_VALUE: arm_svm_rbf_predict_f32:sum <- [DW_OP_plus_uconst 4] [$sp+0]
	.loc	11 77 5                         @ C:/Keil_v5/Packs/ARM/CMSIS-DSP/1.15.0/Source/SVMFunctions/arm_svm_rbf_predict_f32.c:77:5
	strd	r0, r5, [sp, #8]                @ 8-byte Folded Spill
	blo.w	.LBB5_9
.Ltmp266:
@ %bb.1:
	@DEBUG_VALUE: arm_svm_rbf_predict_f32:sum <- [DW_OP_plus_uconst 4] [$sp+0]
	@DEBUG_VALUE: arm_svm_rbf_predict_f32:pResult <- [$sp+0]
	@DEBUG_VALUE: arm_svm_rbf_predict_f32:row <- $r4
	@DEBUG_VALUE: arm_svm_rbf_predict_f32:in <- $r10
	@DEBUG_VALUE: arm_svm_rbf_predict_f32:S <- $r0
	.loc	11 0 5                          @ C:/Keil_v5/Packs/ARM/CMSIS-DSP/1.15.0/Source/SVMFunctions/arm_svm_rbf_predict_f32.c:0:5
	ldrd	r2, r12, [r1]
	ldr	r0, [r0, #24]
.Ltmp267:
	@DEBUG_VALUE: arm_svm_rbf_predict_f32:S <- [DW_OP_LLVM_entry_value 1] $r0
	vdup.32	q0, r2
	vstrw.32	q0, [sp, #168]                  @ 16-byte Spill
	vldrw.u32	q0, [r1, #16]
	vmov	r2, s0
	vdup.32	q1, r2
	vstrw.32	q1, [sp, #152]                  @ 16-byte Spill
	vldrw.u32	q1, [r1, #8]
	vmov	r2, s4
	vdup.32	q2, r2
	vstrw.32	q2, [sp, #136]                  @ 16-byte Spill
	vmov	r6, r2, d1
	vdup.32	q0, r6
	vstrw.32	q0, [sp, #120]                  @ 16-byte Spill
	vdup.32	q0, r12
	vstrw.32	q0, [sp, #104]                  @ 16-byte Spill
	eor	r0, r0, #-2147483648
	vmov	r6, s7
	str	r0, [sp, #84]                   @ 4-byte Spill
	ldr	r0, [r1, #12]
	vdup.32	q0, r6
	vstrw.32	q0, [sp, #88]                   @ 16-byte Spill
	vdup.32	q0, r0
	vstrw.32	q0, [sp, #64]                   @ 16-byte Spill
	vdup.32	q0, r2
	vstrw.32	q0, [sp, #48]                   @ 16-byte Spill
	vmov.i32	q0, #0x0
	vstrw.32	q0, [sp, #32]                   @ 16-byte Spill
	vmov.i32	q1, #0x0
	vmvn.i32	q0, #0x7d
	vldrw.u32	q4, [sp, #48]           @ 16-byte Reload
	.loc	11 77 5                         @ C:/Keil_v5/Packs/ARM/CMSIS-DSP/1.15.0/Source/SVMFunctions/arm_svm_rbf_predict_f32.c:77:5
	add.w	r11, r10, r5, lsl #4
	lsls	r6, r7, #2
	vstrw.32	q0, [sp, #16]                   @ 16-byte Spill
	b	.LBB5_3
.Ltmp268:
	.p2align	2
.LBB5_2:                                @   in Loop: Header=BB5_3 Depth=1
	@DEBUG_VALUE: arm_svm_rbf_predict_f32:blkCnt <- [DW_OP_plus_uconst 188] [$sp+0]
	@DEBUG_VALUE: pSrcA3Vec <- $r2
	@DEBUG_VALUE: acc3 <- $q2
	@DEBUG_VALUE: arm_svm_rbf_predict_f32:pInA0 <- $r8
	@DEBUG_VALUE: pSrcVecPtr <- $r10
	@DEBUG_VALUE: arm_svm_rbf_predict_f32:pDualCoef <- $r3
	@DEBUG_VALUE: arm_svm_rbf_predict_f32:pSrcA <- $r8
	@DEBUG_VALUE: arm_svm_rbf_predict_f32:S <- [DW_OP_LLVM_entry_value 1] $r0
	@DEBUG_VALUE: arm_svm_rbf_predict_f32:vSum <- $q1
	@DEBUG_VALUE: arm_svm_rbf_predict_f32:sum <- [DW_OP_plus_uconst 4] [$sp+0]
	@DEBUG_VALUE: arm_svm_rbf_predict_f32:pResult <- [$sp+0]
	@DEBUG_VALUE: arm_svm_rbf_predict_f32:row <- $r4
	@DEBUG_VALUE: arm_svm_rbf_predict_f32:in <- $r10
	@DEBUG_VALUE: acc0 <- $q6
	@DEBUG_VALUE: acc1 <- $q7
	@DEBUG_VALUE: acc2 <- $q5
	@DEBUG_VALUE: acc3 <- $q2
	@DEBUG_VALUE: vtmp <- undef
	@DEBUG_VALUE: vecAddAcrossF32Mve:in <- $q6
	.loc	6 60 29 is_stmt 1               @ ../../../../Library/CMSIS/DSP/Include\arm_helium_utils.h:60:29
	vadd.f32	s2, s28, s29
.Ltmp269:
	.loc	6 60 29 is_stmt 0               @ ../../../../Library/CMSIS/DSP/Include\arm_helium_utils.h:60:29
	vadd.f32	s0, s24, s25
.Ltmp270:
	.loc	6 60 49                         @ ../../../../Library/CMSIS/DSP/Include\arm_helium_utils.h:60:49
	vadd.f32	s2, s30, s2
.Ltmp271:
	.loc	6 60 29                         @ ../../../../Library/CMSIS/DSP/Include\arm_helium_utils.h:60:29
	vadd.f32	s8, s8, s9
.Ltmp272:
	.loc	6 61 29 is_stmt 1               @ ../../../../Library/CMSIS/DSP/Include\arm_helium_utils.h:61:29
	vadd.f32	s1, s31, s2
.Ltmp273:
	@DEBUG_VALUE: vecAddAcrossF32Mve:in <- $q5
	@DEBUG_VALUE: vecAddAcrossF32Mve:acc <- $s1
	.loc	6 60 29                         @ ../../../../Library/CMSIS/DSP/Include\arm_helium_utils.h:60:29
	vadd.f32	s2, s20, s21
.Ltmp274:
	.loc	6 60 49 is_stmt 0               @ ../../../../Library/CMSIS/DSP/Include\arm_helium_utils.h:60:49
	vadd.f32	s0, s26, s0
.Ltmp275:
	.loc	6 60 49                         @ ../../../../Library/CMSIS/DSP/Include\arm_helium_utils.h:60:49
	vadd.f32	s2, s22, s2
.Ltmp276:
	.loc	6 60 49                         @ ../../../../Library/CMSIS/DSP/Include\arm_helium_utils.h:60:49
	vadd.f32	s8, s10, s8
.Ltmp277:
	.loc	6 61 29 is_stmt 1               @ ../../../../Library/CMSIS/DSP/Include\arm_helium_utils.h:61:29
	vadd.f32	s0, s27, s0
.Ltmp278:
	@DEBUG_VALUE: vecAddAcrossF32Mve:in <- $q7
	@DEBUG_VALUE: vecAddAcrossF32Mve:acc <- $s0
	.loc	6 61 29 is_stmt 0               @ ../../../../Library/CMSIS/DSP/Include\arm_helium_utils.h:61:29
	vadd.f32	s2, s23, s2
.Ltmp279:
	@DEBUG_VALUE: vecAddAcrossF32Mve:in <- $q2
	@DEBUG_VALUE: vecAddAcrossF32Mve:acc <- $s2
	.loc	6 61 29                         @ ../../../../Library/CMSIS/DSP/Include\arm_helium_utils.h:61:29
	vadd.f32	s3, s11, s8
.Ltmp280:
	@DEBUG_VALUE: vecAddAcrossF32Mve:acc <- $s3
	@DEBUG_VALUE: vtmp <- $q0
	.loc	11 170 33 is_stmt 1             @ C:/Keil_v5/Packs/ARM/CMSIS-DSP/1.15.0/Source/SVMFunctions/arm_svm_rbf_predict_f32.c:170:33
	ldr	r0, [sp, #84]                   @ 4-byte Reload
	.loc	11 176 13                       @ C:/Keil_v5/Packs/ARM/CMSIS-DSP/1.15.0/Source/SVMFunctions/arm_svm_rbf_predict_f32.c:176:13
	subs	r4, #4
.Ltmp281:
	@DEBUG_VALUE: arm_svm_rbf_predict_f32:row <- $r4
	.loc	9 132 25                        @ ../../../../Library/CMSIS/DSP/Include\arm_vec_math.h:132:25
	vldrw.u32	q5, [sp, #152]          @ 16-byte Reload
.Ltmp282:
	.loc	11 170 33                       @ C:/Keil_v5/Packs/ARM/CMSIS-DSP/1.15.0/Source/SVMFunctions/arm_svm_rbf_predict_f32.c:170:33
	vmul.f32	q3, q0, r0
.Ltmp283:
	.loc	9 133 25                        @ ../../../../Library/CMSIS/DSP/Include\arm_vec_math.h:133:25
	vldrw.u32	q6, [sp, #120]          @ 16-byte Reload
.Ltmp284:
	.loc	9 224 39                        @ ../../../../Library/CMSIS/DSP/Include\arm_vec_math.h:224:39
	movw	r0, #43579
.Ltmp285:
	.loc	11 77 5                         @ C:/Keil_v5/Packs/ARM/CMSIS-DSP/1.15.0/Source/SVMFunctions/arm_svm_rbf_predict_f32.c:77:5
	cmp	r4, #3
.Ltmp286:
	@DEBUG_VALUE: vtaylor_polyq_f32:coeffs <- undef
	.loc	9 224 39                        @ ../../../../Library/CMSIS/DSP/Include\arm_vec_math.h:224:39
	movt	r0, #16312
.Ltmp287:
	@DEBUG_VALUE: vexpq_f32:x <- $q3
	vmul.f32	q0, q3, r0
.Ltmp288:
	.loc	9 134 25                        @ ../../../../Library/CMSIS/DSP/Include\arm_vec_math.h:134:25
	vldrw.u32	q7, [sp, #88]           @ 16-byte Reload
.Ltmp289:
	.loc	9 225 40                        @ ../../../../Library/CMSIS/DSP/Include\arm_vec_math.h:225:40
	vrintz.f32	q2, q0
.Ltmp290:
	.loc	9 225 27 is_stmt 0              @ ../../../../Library/CMSIS/DSP/Include\arm_vec_math.h:225:27
	movw	r0, #29208
	movt	r0, #48945
	vfma.f32	q3, q2, r0
.Ltmp291:
	@DEBUG_VALUE: vtaylor_polyq_f32:x <- $q3
	@DEBUG_VALUE: vexpq_f32:val <- $q3
	.loc	9 132 25 is_stmt 1              @ ../../../../Library/CMSIS/DSP/Include\arm_vec_math.h:132:25
	vldrw.u32	q2, [sp, #168]          @ 16-byte Reload
	vfma.f32	q2, q5, q3
.Ltmp292:
	@DEBUG_VALUE: vtaylor_polyq_f32:A <- $q2
	.loc	9 133 25                        @ ../../../../Library/CMSIS/DSP/Include\arm_vec_math.h:133:25
	vldrw.u32	q5, [sp, #136]          @ 16-byte Reload
	vfma.f32	q5, q6, q3
.Ltmp293:
	@DEBUG_VALUE: vtaylor_polyq_f32:B <- $q5
	.loc	9 134 25                        @ ../../../../Library/CMSIS/DSP/Include\arm_vec_math.h:134:25
	vldrw.u32	q6, [sp, #104]          @ 16-byte Reload
	vfma.f32	q6, q7, q3
.Ltmp294:
	@DEBUG_VALUE: vtaylor_polyq_f32:C <- $q6
	.loc	9 135 25                        @ ../../../../Library/CMSIS/DSP/Include\arm_vec_math.h:135:25
	vldrw.u32	q7, [sp, #64]           @ 16-byte Reload
	vfma.f32	q7, q4, q3
.Ltmp295:
	@DEBUG_VALUE: vtaylor_polyq_f32:D <- $q7
	.loc	9 136 26                        @ ../../../../Library/CMSIS/DSP/Include\arm_vec_math.h:136:26
	vmul.f32	q3, q3, q3
.Ltmp296:
	@DEBUG_VALUE: vtaylor_polyq_f32:x2 <- $q3
	.loc	9 138 54                        @ ../../../../Library/CMSIS/DSP/Include\arm_vec_math.h:138:54
	vfma.f32	q6, q7, q3
.Ltmp297:
	.loc	9 138 33 is_stmt 0              @ ../../../../Library/CMSIS/DSP/Include\arm_vec_math.h:138:33
	vfma.f32	q2, q5, q3
.Ltmp298:
	.loc	9 224 25 is_stmt 1              @ ../../../../Library/CMSIS/DSP/Include\arm_vec_math.h:224:25
	vcvt.s32.f32	q0, q0
.Ltmp299:
	@DEBUG_VALUE: vexpq_f32:m <- $q0
	.loc	9 137 26                        @ ../../../../Library/CMSIS/DSP/Include\arm_vec_math.h:137:26
	vmul.f32	q3, q3, q3
.Ltmp300:
	@DEBUG_VALUE: vtaylor_polyq_f32:x4 <- $q3
	@DEBUG_VALUE: vtaylor_polyq_f32:x2 <- $q3
	.loc	9 138 27                        @ ../../../../Library/CMSIS/DSP/Include\arm_vec_math.h:138:27
	vfma.f32	q2, q6, q3
.Ltmp301:
	@DEBUG_VALUE: vexpq_f32:poly <- $q2
	@DEBUG_VALUE: vtaylor_polyq_f32:res <- $q2
	.loc	9 231 52                        @ ../../../../Library/CMSIS/DSP/Include\arm_vec_math.h:231:52
	vqshl.s32	q3, q0, #23
.Ltmp302:
	.loc	9 231 23 is_stmt 0              @ ../../../../Library/CMSIS/DSP/Include\arm_vec_math.h:231:23
	vqadd.s32	q2, q2, q3
.Ltmp303:
	@DEBUG_VALUE: vexpq_f32:poly <- $q2
	.loc	9 233 32 is_stmt 1              @ ../../../../Library/CMSIS/DSP/Include\arm_vec_math.h:233:32
	vldrw.u32	q3, [sp, #16]           @ 16-byte Reload
	vcmp.s32	gt, q3, q0
	.loc	9 233 12 is_stmt 0              @ ../../../../Library/CMSIS/DSP/Include\arm_vec_math.h:233:12
	vldrw.u32	q0, [sp, #32]           @ 16-byte Reload
.Ltmp304:
	vpsel	q0, q0, q2
.Ltmp305:
	@DEBUG_VALUE: vexpq_f32:poly <- $q0
	.loc	11 169 29 is_stmt 1             @ C:/Keil_v5/Packs/ARM/CMSIS-DSP/1.15.0/Source/SVMFunctions/arm_svm_rbf_predict_f32.c:169:29
	vldrw.u32	q2, [r3], #16
.Ltmp306:
	.loc	11 169 13 is_stmt 0             @ C:/Keil_v5/Packs/ARM/CMSIS-DSP/1.15.0/Source/SVMFunctions/arm_svm_rbf_predict_f32.c:169:13
	vfma.f32	q1, q2, q0
.Ltmp307:
	@DEBUG_VALUE: arm_svm_rbf_predict_f32:vSum <- $q1
	@DEBUG_VALUE: arm_svm_rbf_predict_f32:pDualCoef <- $r3
	.loc	11 172 15 is_stmt 1             @ C:/Keil_v5/Packs/ARM/CMSIS-DSP/1.15.0/Source/SVMFunctions/arm_svm_rbf_predict_f32.c:172:15
	add.w	r8, r8, r6, lsl #2
.Ltmp308:
	@DEBUG_VALUE: arm_svm_rbf_predict_f32:pSrcA <- $r8
	.loc	11 0 15 is_stmt 0               @ C:/Keil_v5/Packs/ARM/CMSIS-DSP/1.15.0/Source/SVMFunctions/arm_svm_rbf_predict_f32.c:0:15
	bls	.LBB5_10
.Ltmp309:
.LBB5_3:                                @ =>This Loop Header: Depth=1
                                        @     Child Loop BB5_6 Depth 2
	@DEBUG_VALUE: arm_svm_rbf_predict_f32:S <- [DW_OP_LLVM_entry_value 1] $r0
	@DEBUG_VALUE: arm_svm_rbf_predict_f32:sum <- [DW_OP_plus_uconst 4] [$sp+0]
	@DEBUG_VALUE: arm_svm_rbf_predict_f32:pResult <- [$sp+0]
	@DEBUG_VALUE: arm_svm_rbf_predict_f32:row <- $r4
	@DEBUG_VALUE: arm_svm_rbf_predict_f32:in <- $r10
	@DEBUG_VALUE: arm_svm_rbf_predict_f32:pSrcA <- $r8
	@DEBUG_VALUE: arm_svm_rbf_predict_f32:pDualCoef <- $r3
	@DEBUG_VALUE: arm_svm_rbf_predict_f32:row <- $r4
	@DEBUG_VALUE: arm_svm_rbf_predict_f32:vSum <- $q1
	@DEBUG_VALUE: pSrcVecPtr <- $r10
	@DEBUG_VALUE: arm_svm_rbf_predict_f32:pInA0 <- $r8
	.loc	11 87 23 is_stmt 1              @ C:/Keil_v5/Packs/ARM/CMSIS-DSP/1.15.0/Source/SVMFunctions/arm_svm_rbf_predict_f32.c:87:23
	add.w	r0, r8, r7, lsl #2
.Ltmp310:
	@DEBUG_VALUE: arm_svm_rbf_predict_f32:pInA1 <- $r0
	.loc	11 0 23 is_stmt 0               @ C:/Keil_v5/Packs/ARM/CMSIS-DSP/1.15.0/Source/SVMFunctions/arm_svm_rbf_predict_f32.c:0:23
	vmov.i32	q2, #0x0
.Ltmp311:
	@DEBUG_VALUE: pInVec <- $r10
	@DEBUG_VALUE: pSrcA2Vec <- undef
	@DEBUG_VALUE: pSrcA1Vec <- undef
	@DEBUG_VALUE: pSrcA0Vec <- $r8
	@DEBUG_VALUE: arm_svm_rbf_predict_f32:blkCnt <- [DW_OP_plus_uconst 12] [$sp+0]
	@DEBUG_VALUE: acc3 <- $q2
	@DEBUG_VALUE: acc2 <- $q2
	@DEBUG_VALUE: acc1 <- $q2
	@DEBUG_VALUE: acc0 <- $q2
	.loc	11 88 23 is_stmt 1              @ C:/Keil_v5/Packs/ARM/CMSIS-DSP/1.15.0/Source/SVMFunctions/arm_svm_rbf_predict_f32.c:88:23
	add.w	r9, r0, r7, lsl #2
.Ltmp312:
	@DEBUG_VALUE: pInA2 <- $r9
	.loc	11 108 9                        @ C:/Keil_v5/Packs/ARM/CMSIS-DSP/1.15.0/Source/SVMFunctions/arm_svm_rbf_predict_f32.c:108:9
	cmp	r7, #4
	.loc	11 89 23                        @ C:/Keil_v5/Packs/ARM/CMSIS-DSP/1.15.0/Source/SVMFunctions/arm_svm_rbf_predict_f32.c:89:23
	add.w	r2, r9, r7, lsl #2
.Ltmp313:
	@DEBUG_VALUE: pSrcA3Vec <- $r2
	@DEBUG_VALUE: pInA3 <- $r2
	.loc	11 108 9                        @ C:/Keil_v5/Packs/ARM/CMSIS-DSP/1.15.0/Source/SVMFunctions/arm_svm_rbf_predict_f32.c:108:9
	bhs	.LBB5_5
.Ltmp314:
@ %bb.4:                                @   in Loop: Header=BB5_3 Depth=1
	@DEBUG_VALUE: pInA3 <- $r2
	@DEBUG_VALUE: pSrcA3Vec <- $r2
	@DEBUG_VALUE: pInA2 <- $r9
	@DEBUG_VALUE: acc0 <- $q2
	@DEBUG_VALUE: acc1 <- $q2
	@DEBUG_VALUE: acc2 <- $q2
	@DEBUG_VALUE: acc3 <- $q2
	@DEBUG_VALUE: arm_svm_rbf_predict_f32:blkCnt <- [DW_OP_plus_uconst 12] [$sp+0]
	@DEBUG_VALUE: pSrcA0Vec <- $r8
	@DEBUG_VALUE: pInVec <- $r10
	@DEBUG_VALUE: arm_svm_rbf_predict_f32:pInA1 <- $r0
	@DEBUG_VALUE: arm_svm_rbf_predict_f32:pInA0 <- $r8
	@DEBUG_VALUE: pSrcVecPtr <- $r10
	@DEBUG_VALUE: arm_svm_rbf_predict_f32:pDualCoef <- $r3
	@DEBUG_VALUE: arm_svm_rbf_predict_f32:pSrcA <- $r8
	@DEBUG_VALUE: arm_svm_rbf_predict_f32:S <- [DW_OP_LLVM_entry_value 1] $r0
	@DEBUG_VALUE: arm_svm_rbf_predict_f32:vSum <- $q1
	@DEBUG_VALUE: arm_svm_rbf_predict_f32:sum <- [DW_OP_plus_uconst 4] [$sp+0]
	@DEBUG_VALUE: arm_svm_rbf_predict_f32:pResult <- [$sp+0]
	@DEBUG_VALUE: arm_svm_rbf_predict_f32:row <- $r4
	@DEBUG_VALUE: arm_svm_rbf_predict_f32:in <- $r10
	.loc	11 0 9 is_stmt 0                @ C:/Keil_v5/Packs/ARM/CMSIS-DSP/1.15.0/Source/SVMFunctions/arm_svm_rbf_predict_f32.c:0:9
	vmov	q5, q2
	vmov	q7, q2
	vmov	q6, q2
	mov	r12, r10
	mov	r5, r8
	b	.LBB5_7
.Ltmp315:
	.p2align	2
.LBB5_5:                                @   in Loop: Header=BB5_3 Depth=1
	@DEBUG_VALUE: pInA3 <- $r2
	@DEBUG_VALUE: pSrcA3Vec <- $r2
	@DEBUG_VALUE: pInA2 <- $r9
	@DEBUG_VALUE: acc0 <- $q2
	@DEBUG_VALUE: acc1 <- $q2
	@DEBUG_VALUE: acc2 <- $q2
	@DEBUG_VALUE: acc3 <- $q2
	@DEBUG_VALUE: arm_svm_rbf_predict_f32:blkCnt <- [DW_OP_plus_uconst 12] [$sp+0]
	@DEBUG_VALUE: pSrcA0Vec <- $r8
	@DEBUG_VALUE: pInVec <- $r10
	@DEBUG_VALUE: arm_svm_rbf_predict_f32:pInA1 <- $r0
	@DEBUG_VALUE: arm_svm_rbf_predict_f32:pInA0 <- $r8
	@DEBUG_VALUE: pSrcVecPtr <- $r10
	@DEBUG_VALUE: arm_svm_rbf_predict_f32:pDualCoef <- $r3
	@DEBUG_VALUE: arm_svm_rbf_predict_f32:pSrcA <- $r8
	@DEBUG_VALUE: arm_svm_rbf_predict_f32:S <- [DW_OP_LLVM_entry_value 1] $r0
	@DEBUG_VALUE: arm_svm_rbf_predict_f32:vSum <- $q1
	@DEBUG_VALUE: arm_svm_rbf_predict_f32:sum <- [DW_OP_plus_uconst 4] [$sp+0]
	@DEBUG_VALUE: arm_svm_rbf_predict_f32:pResult <- [$sp+0]
	@DEBUG_VALUE: arm_svm_rbf_predict_f32:row <- $r4
	@DEBUG_VALUE: arm_svm_rbf_predict_f32:in <- $r10
	.loc	11 108 9                        @ C:/Keil_v5/Packs/ARM/CMSIS-DSP/1.15.0/Source/SVMFunctions/arm_svm_rbf_predict_f32.c:108:9
	ldr	r1, [sp, #12]                   @ 4-byte Reload
	mov	r5, r8
	vmov.i32	q6, #0x0
	dls	lr, r1
	mov	r1, r10
	vmov	q7, q6
	vmov	q5, q6
	vmov	q2, q6
.Ltmp316:
	.p2align	2
.LBB5_6:                                @   Parent Loop BB5_3 Depth=1
                                        @ =>  This Inner Loop Header: Depth=2
	@DEBUG_VALUE: pSrcA3Vec <- $r2
	@DEBUG_VALUE: arm_svm_rbf_predict_f32:pInA0 <- $r8
	@DEBUG_VALUE: pSrcVecPtr <- $r10
	@DEBUG_VALUE: arm_svm_rbf_predict_f32:pDualCoef <- $r3
	@DEBUG_VALUE: arm_svm_rbf_predict_f32:pSrcA <- $r8
	@DEBUG_VALUE: arm_svm_rbf_predict_f32:S <- [DW_OP_LLVM_entry_value 1] $r0
	@DEBUG_VALUE: arm_svm_rbf_predict_f32:vSum <- $q1
	@DEBUG_VALUE: arm_svm_rbf_predict_f32:sum <- [DW_OP_plus_uconst 4] [$sp+0]
	@DEBUG_VALUE: arm_svm_rbf_predict_f32:pResult <- [$sp+0]
	@DEBUG_VALUE: arm_svm_rbf_predict_f32:row <- $r4
	@DEBUG_VALUE: arm_svm_rbf_predict_f32:in <- $r10
	@DEBUG_VALUE: acc0 <- $q6
	@DEBUG_VALUE: acc1 <- $q7
	@DEBUG_VALUE: acc2 <- $q5
	@DEBUG_VALUE: acc3 <- $q2
	@DEBUG_VALUE: arm_svm_rbf_predict_f32:blkCnt <- undef
	@DEBUG_VALUE: pSrcA0Vec <- $r5
	@DEBUG_VALUE: pSrcA1Vec <- $r0
	@DEBUG_VALUE: pSrcA2Vec <- $r9
	@DEBUG_VALUE: pInVec <- $r1
	@DEBUG_VALUE: pSrcA3Vec <- $r2
	.loc	11 112 21 is_stmt 1             @ C:/Keil_v5/Packs/ARM/CMSIS-DSP/1.15.0/Source/SVMFunctions/arm_svm_rbf_predict_f32.c:112:21
	vldrw.u32	q0, [r1], #16
.Ltmp317:
	@DEBUG_VALUE: vecIn <- $q0
	@DEBUG_VALUE: pInVec <- $r1
	.loc	11 114 20                       @ C:/Keil_v5/Packs/ARM/CMSIS-DSP/1.15.0/Source/SVMFunctions/arm_svm_rbf_predict_f32.c:114:20
	vldrw.u32	q3, [r5], #16
.Ltmp318:
	@DEBUG_VALUE: vecA <- $q3
	@DEBUG_VALUE: pSrcA0Vec <- $r5
	.loc	11 116 22                       @ C:/Keil_v5/Packs/ARM/CMSIS-DSP/1.15.0/Source/SVMFunctions/arm_svm_rbf_predict_f32.c:116:22
	vsub.f32	q3, q0, q3
.Ltmp319:
	@DEBUG_VALUE: vecDif <- $q3
	.loc	11 117 20                       @ C:/Keil_v5/Packs/ARM/CMSIS-DSP/1.15.0/Source/SVMFunctions/arm_svm_rbf_predict_f32.c:117:20
	vfma.f32	q6, q3, q3
.Ltmp320:
	@DEBUG_VALUE: acc0 <- $q6
	.loc	11 118 20                       @ C:/Keil_v5/Packs/ARM/CMSIS-DSP/1.15.0/Source/SVMFunctions/arm_svm_rbf_predict_f32.c:118:20
	vldrw.u32	q3, [r0], #16
.Ltmp321:
	@DEBUG_VALUE: vecA <- $q3
	@DEBUG_VALUE: pSrcA1Vec <- $r0
	.loc	11 120 22                       @ C:/Keil_v5/Packs/ARM/CMSIS-DSP/1.15.0/Source/SVMFunctions/arm_svm_rbf_predict_f32.c:120:22
	vsub.f32	q3, q0, q3
.Ltmp322:
	@DEBUG_VALUE: vecDif <- $q3
	.loc	11 121 20                       @ C:/Keil_v5/Packs/ARM/CMSIS-DSP/1.15.0/Source/SVMFunctions/arm_svm_rbf_predict_f32.c:121:20
	vfma.f32	q7, q3, q3
.Ltmp323:
	@DEBUG_VALUE: acc1 <- $q7
	.loc	11 122 20                       @ C:/Keil_v5/Packs/ARM/CMSIS-DSP/1.15.0/Source/SVMFunctions/arm_svm_rbf_predict_f32.c:122:20
	vldrw.u32	q3, [r9], #16
.Ltmp324:
	@DEBUG_VALUE: vecA <- $q3
	@DEBUG_VALUE: pSrcA2Vec <- $r9
	.loc	11 124 22                       @ C:/Keil_v5/Packs/ARM/CMSIS-DSP/1.15.0/Source/SVMFunctions/arm_svm_rbf_predict_f32.c:124:22
	vsub.f32	q3, q0, q3
.Ltmp325:
	@DEBUG_VALUE: vecDif <- $q3
	.loc	11 125 20                       @ C:/Keil_v5/Packs/ARM/CMSIS-DSP/1.15.0/Source/SVMFunctions/arm_svm_rbf_predict_f32.c:125:20
	vfma.f32	q5, q3, q3
.Ltmp326:
	@DEBUG_VALUE: acc2 <- $q5
	.loc	11 126 20                       @ C:/Keil_v5/Packs/ARM/CMSIS-DSP/1.15.0/Source/SVMFunctions/arm_svm_rbf_predict_f32.c:126:20
	vldrw.u32	q3, [r2], #16
.Ltmp327:
	@DEBUG_VALUE: vecA <- $q3
	@DEBUG_VALUE: pSrcA3Vec <- $r2
	.loc	11 128 22                       @ C:/Keil_v5/Packs/ARM/CMSIS-DSP/1.15.0/Source/SVMFunctions/arm_svm_rbf_predict_f32.c:128:22
	vsub.f32	q0, q0, q3
.Ltmp328:
	@DEBUG_VALUE: vecDif <- $q0
	.loc	11 129 20                       @ C:/Keil_v5/Packs/ARM/CMSIS-DSP/1.15.0/Source/SVMFunctions/arm_svm_rbf_predict_f32.c:129:20
	vfma.f32	q2, q0, q0
.Ltmp329:
	@DEBUG_VALUE: acc3 <- $q2
	.loc	11 0 20 is_stmt 0               @ C:/Keil_v5/Packs/ARM/CMSIS-DSP/1.15.0/Source/SVMFunctions/arm_svm_rbf_predict_f32.c:0:20
	mov	r12, r11
.Ltmp330:
	.loc	11 108 9 is_stmt 1              @ C:/Keil_v5/Packs/ARM/CMSIS-DSP/1.15.0/Source/SVMFunctions/arm_svm_rbf_predict_f32.c:108:9
	le	lr, .LBB5_6
.Ltmp331:
.LBB5_7:                                @   in Loop: Header=BB5_3 Depth=1
	@DEBUG_VALUE: pSrcA3Vec <- $r2
	@DEBUG_VALUE: acc3 <- $q2
	@DEBUG_VALUE: arm_svm_rbf_predict_f32:pInA0 <- $r8
	@DEBUG_VALUE: pSrcVecPtr <- $r10
	@DEBUG_VALUE: arm_svm_rbf_predict_f32:pDualCoef <- $r3
	@DEBUG_VALUE: arm_svm_rbf_predict_f32:pSrcA <- $r8
	@DEBUG_VALUE: arm_svm_rbf_predict_f32:S <- [DW_OP_LLVM_entry_value 1] $r0
	@DEBUG_VALUE: arm_svm_rbf_predict_f32:vSum <- $q1
	@DEBUG_VALUE: arm_svm_rbf_predict_f32:sum <- [DW_OP_plus_uconst 4] [$sp+0]
	@DEBUG_VALUE: arm_svm_rbf_predict_f32:pResult <- [$sp+0]
	@DEBUG_VALUE: arm_svm_rbf_predict_f32:row <- $r4
	@DEBUG_VALUE: arm_svm_rbf_predict_f32:in <- $r10
	@DEBUG_VALUE: arm_svm_rbf_predict_f32:blkCnt <- [DW_OP_plus_uconst 188] [$sp+0]
	.loc	11 0 9 is_stmt 0                @ C:/Keil_v5/Packs/ARM/CMSIS-DSP/1.15.0/Source/SVMFunctions/arm_svm_rbf_predict_f32.c:0:9
	ldr	r1, [sp, #188]                  @ 4-byte Reload
	.loc	11 138 13 is_stmt 1             @ C:/Keil_v5/Packs/ARM/CMSIS-DSP/1.15.0/Source/SVMFunctions/arm_svm_rbf_predict_f32.c:138:13
	cmp	r1, #0
	beq.w	.LBB5_2
.Ltmp332:
@ %bb.8:                                @   in Loop: Header=BB5_3 Depth=1
	@DEBUG_VALUE: arm_svm_rbf_predict_f32:blkCnt <- [DW_OP_plus_uconst 188] [$sp+0]
	@DEBUG_VALUE: pSrcA3Vec <- $r2
	@DEBUG_VALUE: acc3 <- $q2
	@DEBUG_VALUE: arm_svm_rbf_predict_f32:pInA0 <- $r8
	@DEBUG_VALUE: pSrcVecPtr <- $r10
	@DEBUG_VALUE: arm_svm_rbf_predict_f32:pDualCoef <- $r3
	@DEBUG_VALUE: arm_svm_rbf_predict_f32:pSrcA <- $r8
	@DEBUG_VALUE: arm_svm_rbf_predict_f32:S <- [DW_OP_LLVM_entry_value 1] $r0
	@DEBUG_VALUE: arm_svm_rbf_predict_f32:vSum <- $q1
	@DEBUG_VALUE: arm_svm_rbf_predict_f32:sum <- [DW_OP_plus_uconst 4] [$sp+0]
	@DEBUG_VALUE: arm_svm_rbf_predict_f32:pResult <- [$sp+0]
	@DEBUG_VALUE: arm_svm_rbf_predict_f32:row <- $r4
	@DEBUG_VALUE: arm_svm_rbf_predict_f32:in <- $r10
	.loc	11 139 34                       @ C:/Keil_v5/Packs/ARM/CMSIS-DSP/1.15.0/Source/SVMFunctions/arm_svm_rbf_predict_f32.c:139:34
	vctp.32	r1
.Ltmp333:
	@DEBUG_VALUE: p0 <- undef
	.loc	11 143 21                       @ C:/Keil_v5/Packs/ARM/CMSIS-DSP/1.15.0/Source/SVMFunctions/arm_svm_rbf_predict_f32.c:143:21
	vpstt	
	vldrwt.u32	q0, [r12]
.Ltmp334:
	@DEBUG_VALUE: vecIn <- $q0
	.loc	11 144 20                       @ C:/Keil_v5/Packs/ARM/CMSIS-DSP/1.15.0/Source/SVMFunctions/arm_svm_rbf_predict_f32.c:144:20
	vldrwt.u32	q3, [r5]
.Ltmp335:
	@DEBUG_VALUE: vecA <- $q3
	.loc	11 145 22                       @ C:/Keil_v5/Packs/ARM/CMSIS-DSP/1.15.0/Source/SVMFunctions/arm_svm_rbf_predict_f32.c:145:22
	vsub.f32	q3, q0, q3
.Ltmp336:
	@DEBUG_VALUE: vecDif <- $q3
	.loc	11 146 20                       @ C:/Keil_v5/Packs/ARM/CMSIS-DSP/1.15.0/Source/SVMFunctions/arm_svm_rbf_predict_f32.c:146:20
	vfma.f32	q6, q3, q3
.Ltmp337:
	@DEBUG_VALUE: acc0 <- $q6
	.loc	11 147 20                       @ C:/Keil_v5/Packs/ARM/CMSIS-DSP/1.15.0/Source/SVMFunctions/arm_svm_rbf_predict_f32.c:147:20
	vpst	
	vldrwt.u32	q3, [r0]
.Ltmp338:
	@DEBUG_VALUE: vecA <- $q3
	.loc	11 148 22                       @ C:/Keil_v5/Packs/ARM/CMSIS-DSP/1.15.0/Source/SVMFunctions/arm_svm_rbf_predict_f32.c:148:22
	vsub.f32	q3, q0, q3
.Ltmp339:
	@DEBUG_VALUE: vecDif <- $q3
	.loc	11 149 20                       @ C:/Keil_v5/Packs/ARM/CMSIS-DSP/1.15.0/Source/SVMFunctions/arm_svm_rbf_predict_f32.c:149:20
	vfma.f32	q7, q3, q3
.Ltmp340:
	@DEBUG_VALUE: acc1 <- $q7
	.loc	11 150 20                       @ C:/Keil_v5/Packs/ARM/CMSIS-DSP/1.15.0/Source/SVMFunctions/arm_svm_rbf_predict_f32.c:150:20
	vpst	
	vldrwt.u32	q3, [r9]
.Ltmp341:
	@DEBUG_VALUE: vecA <- $q3
	.loc	11 151 22                       @ C:/Keil_v5/Packs/ARM/CMSIS-DSP/1.15.0/Source/SVMFunctions/arm_svm_rbf_predict_f32.c:151:22
	vsub.f32	q3, q0, q3
.Ltmp342:
	@DEBUG_VALUE: vecDif <- $q3
	.loc	11 152 20                       @ C:/Keil_v5/Packs/ARM/CMSIS-DSP/1.15.0/Source/SVMFunctions/arm_svm_rbf_predict_f32.c:152:20
	vfma.f32	q5, q3, q3
.Ltmp343:
	@DEBUG_VALUE: acc2 <- $q5
	.loc	11 153 20                       @ C:/Keil_v5/Packs/ARM/CMSIS-DSP/1.15.0/Source/SVMFunctions/arm_svm_rbf_predict_f32.c:153:20
	vpst	
	vldrwt.u32	q3, [r2]
.Ltmp344:
	@DEBUG_VALUE: vecA <- $q3
	.loc	11 154 22                       @ C:/Keil_v5/Packs/ARM/CMSIS-DSP/1.15.0/Source/SVMFunctions/arm_svm_rbf_predict_f32.c:154:22
	vsub.f32	q0, q0, q3
.Ltmp345:
	@DEBUG_VALUE: vecDif <- $q0
	.loc	11 155 20                       @ C:/Keil_v5/Packs/ARM/CMSIS-DSP/1.15.0/Source/SVMFunctions/arm_svm_rbf_predict_f32.c:155:20
	vfma.f32	q2, q0, q0
.Ltmp346:
	@DEBUG_VALUE: acc3 <- $q2
	.loc	11 0 20 is_stmt 0               @ C:/Keil_v5/Packs/ARM/CMSIS-DSP/1.15.0/Source/SVMFunctions/arm_svm_rbf_predict_f32.c:0:20
	b	.LBB5_2
.Ltmp347:
.LBB5_9:
	@DEBUG_VALUE: arm_svm_rbf_predict_f32:sum <- [DW_OP_plus_uconst 4] [$sp+0]
	@DEBUG_VALUE: arm_svm_rbf_predict_f32:pResult <- [$sp+0]
	@DEBUG_VALUE: arm_svm_rbf_predict_f32:row <- $r4
	@DEBUG_VALUE: arm_svm_rbf_predict_f32:in <- $r10
	@DEBUG_VALUE: arm_svm_rbf_predict_f32:S <- $r0
	vmov.i32	q1, #0x0
.Ltmp348:
	@DEBUG_VALUE: arm_svm_rbf_predict_f32:vSum <- $q1
.LBB5_10:
	@DEBUG_VALUE: arm_svm_rbf_predict_f32:vSum <- $q1
	@DEBUG_VALUE: arm_svm_rbf_predict_f32:sum <- [DW_OP_plus_uconst 4] [$sp+0]
	@DEBUG_VALUE: arm_svm_rbf_predict_f32:pResult <- [$sp+0]
	@DEBUG_VALUE: arm_svm_rbf_predict_f32:row <- $r4
	@DEBUG_VALUE: arm_svm_rbf_predict_f32:in <- $r10
	.loc	11 182 9 is_stmt 1              @ C:/Keil_v5/Packs/ARM/CMSIS-DSP/1.15.0/Source/SVMFunctions/arm_svm_rbf_predict_f32.c:182:9
	cmp	r4, #2
	blo.w	.LBB5_25
.Ltmp349:
@ %bb.11:
	@DEBUG_VALUE: arm_svm_rbf_predict_f32:vSum <- $q1
	@DEBUG_VALUE: arm_svm_rbf_predict_f32:sum <- [DW_OP_plus_uconst 4] [$sp+0]
	@DEBUG_VALUE: arm_svm_rbf_predict_f32:pResult <- [$sp+0]
	@DEBUG_VALUE: arm_svm_rbf_predict_f32:row <- $r4
	@DEBUG_VALUE: arm_svm_rbf_predict_f32:in <- $r10
	@DEBUG_VALUE: arm_svm_rbf_predict_f32:pInA0 <- $r8
	@DEBUG_VALUE: pSrcVecPtr <- $r10
	.loc	11 0 9 is_stmt 0                @ C:/Keil_v5/Packs/ARM/CMSIS-DSP/1.15.0/Source/SVMFunctions/arm_svm_rbf_predict_f32.c:0:9
	vmov.i32	q2, #0x0
.Ltmp350:
	@DEBUG_VALUE: acc0 <- $q2
	@DEBUG_VALUE: acc1 <- $q2
	.loc	11 191 23 is_stmt 1             @ C:/Keil_v5/Packs/ARM/CMSIS-DSP/1.15.0/Source/SVMFunctions/arm_svm_rbf_predict_f32.c:191:23
	add.w	r0, r8, r7, lsl #2
.Ltmp351:
	@DEBUG_VALUE: pSrcA0Vec <- $r8
	@DEBUG_VALUE: pInVec <- $r10
	@DEBUG_VALUE: pSrcA1Vec <- $r0
	@DEBUG_VALUE: arm_svm_rbf_predict_f32:blkCnt <- [DW_OP_constu 2, DW_OP_shr, DW_OP_stack_value] $r7
	@DEBUG_VALUE: arm_svm_rbf_predict_f32:pInA1 <- $r0
	.loc	11 0 23 is_stmt 0               @ C:/Keil_v5/Packs/ARM/CMSIS-DSP/1.15.0/Source/SVMFunctions/arm_svm_rbf_predict_f32.c:0:23
	ldr.w	r9, [sp, #8]                    @ 4-byte Reload
	movw	r11, :lower16:exp_tab
	.loc	11 205 9 is_stmt 1              @ C:/Keil_v5/Packs/ARM/CMSIS-DSP/1.15.0/Source/SVMFunctions/arm_svm_rbf_predict_f32.c:205:9
	ldr	r6, [sp, #12]                   @ 4-byte Reload
	mov	r2, r8
	mov	r1, r10
	movt	r11, :upper16:exp_tab
	vmov	q0, q2
	wls	lr, r6, .LBB5_15
.Ltmp352:
@ %bb.12:
	@DEBUG_VALUE: arm_svm_rbf_predict_f32:blkCnt <- [DW_OP_constu 2, DW_OP_shr, DW_OP_stack_value] $r7
	@DEBUG_VALUE: pSrcA1Vec <- $r0
	@DEBUG_VALUE: pInVec <- $r10
	@DEBUG_VALUE: pSrcA0Vec <- $r8
	@DEBUG_VALUE: acc1 <- $q2
	@DEBUG_VALUE: acc0 <- $q2
	@DEBUG_VALUE: pSrcVecPtr <- $r10
	@DEBUG_VALUE: arm_svm_rbf_predict_f32:pInA1 <- $r0
	@DEBUG_VALUE: arm_svm_rbf_predict_f32:pInA0 <- $r8
	@DEBUG_VALUE: arm_svm_rbf_predict_f32:vSum <- $q1
	@DEBUG_VALUE: arm_svm_rbf_predict_f32:sum <- [DW_OP_plus_uconst 4] [$sp+0]
	@DEBUG_VALUE: arm_svm_rbf_predict_f32:pResult <- [$sp+0]
	@DEBUG_VALUE: arm_svm_rbf_predict_f32:row <- $r4
	@DEBUG_VALUE: arm_svm_rbf_predict_f32:in <- $r10
	@DEBUG_VALUE: arm_svm_rbf_predict_f32:blkCnt <- [DW_OP_plus_uconst 12] [$sp+0]
	.loc	11 0 9 is_stmt 0                @ C:/Keil_v5/Packs/ARM/CMSIS-DSP/1.15.0/Source/SVMFunctions/arm_svm_rbf_predict_f32.c:0:9
	ldr	r1, [sp, #12]                   @ 4-byte Reload
.Ltmp353:
	@DEBUG_VALUE: arm_svm_rbf_predict_f32:blkCnt <- $r1
	mov	r5, r10
	vmov.i32	q0, #0x0
	.loc	11 205 9                        @ C:/Keil_v5/Packs/ARM/CMSIS-DSP/1.15.0/Source/SVMFunctions/arm_svm_rbf_predict_f32.c:205:9
	lsls	r6, r1, #4
.Ltmp354:
	@DEBUG_VALUE: arm_svm_rbf_predict_f32:blkCnt <- [DW_OP_plus_uconst 12] [$sp+0]
	.loc	11 0 9                          @ C:/Keil_v5/Packs/ARM/CMSIS-DSP/1.15.0/Source/SVMFunctions/arm_svm_rbf_predict_f32.c:0:9
	mov	r2, r8
	.loc	11 205 9                        @ C:/Keil_v5/Packs/ARM/CMSIS-DSP/1.15.0/Source/SVMFunctions/arm_svm_rbf_predict_f32.c:205:9
	add.w	r1, r10, r1, lsl #4
	add.w	r12, r6, r7, lsl #2
	vmov	q2, q0
.Ltmp355:
	.p2align	2
.LBB5_13:                               @ =>This Inner Loop Header: Depth=1
	@DEBUG_VALUE: pSrcA1Vec <- $r0
	@DEBUG_VALUE: pSrcVecPtr <- $r10
	@DEBUG_VALUE: arm_svm_rbf_predict_f32:pInA0 <- $r8
	@DEBUG_VALUE: arm_svm_rbf_predict_f32:vSum <- $q1
	@DEBUG_VALUE: arm_svm_rbf_predict_f32:sum <- [DW_OP_plus_uconst 4] [$sp+0]
	@DEBUG_VALUE: arm_svm_rbf_predict_f32:pResult <- [$sp+0]
	@DEBUG_VALUE: arm_svm_rbf_predict_f32:row <- $r4
	@DEBUG_VALUE: arm_svm_rbf_predict_f32:in <- $r10
	@DEBUG_VALUE: arm_svm_rbf_predict_f32:blkCnt <- undef
	@DEBUG_VALUE: acc1 <- $q0
	@DEBUG_VALUE: acc0 <- $q2
	@DEBUG_VALUE: pSrcA1Vec <- $r0
	@DEBUG_VALUE: pInVec <- $r5
	@DEBUG_VALUE: pSrcA0Vec <- $r2
	.loc	11 209 21 is_stmt 1             @ C:/Keil_v5/Packs/ARM/CMSIS-DSP/1.15.0/Source/SVMFunctions/arm_svm_rbf_predict_f32.c:209:21
	vldrw.u32	q3, [r5], #16
.Ltmp356:
	@DEBUG_VALUE: vecIn <- $q3
	@DEBUG_VALUE: pInVec <- $r5
	.loc	11 211 20                       @ C:/Keil_v5/Packs/ARM/CMSIS-DSP/1.15.0/Source/SVMFunctions/arm_svm_rbf_predict_f32.c:211:20
	vldrw.u32	q4, [r2], #16
.Ltmp357:
	@DEBUG_VALUE: vecA <- $q4
	@DEBUG_VALUE: pSrcA0Vec <- $r2
	.loc	11 213 22                       @ C:/Keil_v5/Packs/ARM/CMSIS-DSP/1.15.0/Source/SVMFunctions/arm_svm_rbf_predict_f32.c:213:22
	vsub.f32	q4, q3, q4
.Ltmp358:
	@DEBUG_VALUE: vecDif <- $q4
	.loc	11 214 20                       @ C:/Keil_v5/Packs/ARM/CMSIS-DSP/1.15.0/Source/SVMFunctions/arm_svm_rbf_predict_f32.c:214:20
	vfma.f32	q2, q4, q4
.Ltmp359:
	@DEBUG_VALUE: acc0 <- $q2
	.loc	11 215 20                       @ C:/Keil_v5/Packs/ARM/CMSIS-DSP/1.15.0/Source/SVMFunctions/arm_svm_rbf_predict_f32.c:215:20
	vldrw.u32	q4, [r0], #16
.Ltmp360:
	@DEBUG_VALUE: vecA <- $q4
	@DEBUG_VALUE: pSrcA1Vec <- $r0
	.loc	11 217 22                       @ C:/Keil_v5/Packs/ARM/CMSIS-DSP/1.15.0/Source/SVMFunctions/arm_svm_rbf_predict_f32.c:217:22
	vsub.f32	q3, q3, q4
.Ltmp361:
	@DEBUG_VALUE: vecDif <- $q3
	.loc	11 218 20                       @ C:/Keil_v5/Packs/ARM/CMSIS-DSP/1.15.0/Source/SVMFunctions/arm_svm_rbf_predict_f32.c:218:20
	vfma.f32	q0, q3, q3
.Ltmp362:
	@DEBUG_VALUE: acc1 <- $q0
	.loc	11 205 9                        @ C:/Keil_v5/Packs/ARM/CMSIS-DSP/1.15.0/Source/SVMFunctions/arm_svm_rbf_predict_f32.c:205:9
	le	lr, .LBB5_13
.Ltmp363:
@ %bb.14:
	@DEBUG_VALUE: pSrcA0Vec <- $r2
	@DEBUG_VALUE: pInVec <- $r5
	@DEBUG_VALUE: acc1 <- $q0
	@DEBUG_VALUE: pSrcA1Vec <- $r0
	@DEBUG_VALUE: acc0 <- $q2
	@DEBUG_VALUE: pSrcVecPtr <- $r10
	@DEBUG_VALUE: arm_svm_rbf_predict_f32:pInA0 <- $r8
	@DEBUG_VALUE: arm_svm_rbf_predict_f32:vSum <- $q1
	@DEBUG_VALUE: arm_svm_rbf_predict_f32:sum <- [DW_OP_plus_uconst 4] [$sp+0]
	@DEBUG_VALUE: arm_svm_rbf_predict_f32:pResult <- [$sp+0]
	@DEBUG_VALUE: arm_svm_rbf_predict_f32:row <- $r4
	@DEBUG_VALUE: arm_svm_rbf_predict_f32:in <- $r10
	add.w	r2, r8, r6
.Ltmp364:
	add.w	r0, r8, r12
.Ltmp365:
.LBB5_15:
	@DEBUG_VALUE: acc0 <- $q2
	@DEBUG_VALUE: pSrcVecPtr <- $r10
	@DEBUG_VALUE: arm_svm_rbf_predict_f32:pInA0 <- $r8
	@DEBUG_VALUE: arm_svm_rbf_predict_f32:vSum <- $q1
	@DEBUG_VALUE: arm_svm_rbf_predict_f32:sum <- [DW_OP_plus_uconst 4] [$sp+0]
	@DEBUG_VALUE: arm_svm_rbf_predict_f32:pResult <- [$sp+0]
	@DEBUG_VALUE: arm_svm_rbf_predict_f32:row <- $r4
	@DEBUG_VALUE: arm_svm_rbf_predict_f32:in <- $r10
	@DEBUG_VALUE: arm_svm_rbf_predict_f32:blkCnt <- [DW_OP_plus_uconst 188] [$sp+0]
	.loc	11 0 9 is_stmt 0                @ C:/Keil_v5/Packs/ARM/CMSIS-DSP/1.15.0/Source/SVMFunctions/arm_svm_rbf_predict_f32.c:0:9
	ldr	r6, [sp, #188]                  @ 4-byte Reload
	.loc	11 227 13 is_stmt 1             @ C:/Keil_v5/Packs/ARM/CMSIS-DSP/1.15.0/Source/SVMFunctions/arm_svm_rbf_predict_f32.c:227:13
	cbz	r6, .LBB5_17
.Ltmp366:
@ %bb.16:
	@DEBUG_VALUE: acc0 <- $q2
	@DEBUG_VALUE: pSrcVecPtr <- $r10
	@DEBUG_VALUE: arm_svm_rbf_predict_f32:blkCnt <- [DW_OP_plus_uconst 188] [$sp+0]
	@DEBUG_VALUE: arm_svm_rbf_predict_f32:pInA0 <- $r8
	@DEBUG_VALUE: arm_svm_rbf_predict_f32:vSum <- $q1
	@DEBUG_VALUE: arm_svm_rbf_predict_f32:sum <- [DW_OP_plus_uconst 4] [$sp+0]
	@DEBUG_VALUE: arm_svm_rbf_predict_f32:pResult <- [$sp+0]
	@DEBUG_VALUE: arm_svm_rbf_predict_f32:row <- $r4
	@DEBUG_VALUE: arm_svm_rbf_predict_f32:in <- $r10
	.loc	11 228 34                       @ C:/Keil_v5/Packs/ARM/CMSIS-DSP/1.15.0/Source/SVMFunctions/arm_svm_rbf_predict_f32.c:228:34
	vctp.32	r6
.Ltmp367:
	@DEBUG_VALUE: p0 <- undef
	.loc	11 231 21                       @ C:/Keil_v5/Packs/ARM/CMSIS-DSP/1.15.0/Source/SVMFunctions/arm_svm_rbf_predict_f32.c:231:21
	vpstt	
	vldrwt.u32	q3, [r1]
.Ltmp368:
	@DEBUG_VALUE: vecIn <- $q3
	.loc	11 232 20                       @ C:/Keil_v5/Packs/ARM/CMSIS-DSP/1.15.0/Source/SVMFunctions/arm_svm_rbf_predict_f32.c:232:20
	vldrwt.u32	q4, [r2]
.Ltmp369:
	@DEBUG_VALUE: vecA <- $q4
	.loc	11 233 22                       @ C:/Keil_v5/Packs/ARM/CMSIS-DSP/1.15.0/Source/SVMFunctions/arm_svm_rbf_predict_f32.c:233:22
	vsub.f32	q4, q3, q4
.Ltmp370:
	@DEBUG_VALUE: vecDif <- $q4
	.loc	11 234 20                       @ C:/Keil_v5/Packs/ARM/CMSIS-DSP/1.15.0/Source/SVMFunctions/arm_svm_rbf_predict_f32.c:234:20
	vfma.f32	q2, q4, q4
.Ltmp371:
	@DEBUG_VALUE: acc0 <- $q2
	.loc	11 235 20                       @ C:/Keil_v5/Packs/ARM/CMSIS-DSP/1.15.0/Source/SVMFunctions/arm_svm_rbf_predict_f32.c:235:20
	vpst	
	vldrwt.u32	q4, [r0]
.Ltmp372:
	@DEBUG_VALUE: vecA <- $q4
	.loc	11 236 22                       @ C:/Keil_v5/Packs/ARM/CMSIS-DSP/1.15.0/Source/SVMFunctions/arm_svm_rbf_predict_f32.c:236:22
	vsub.f32	q3, q3, q4
.Ltmp373:
	@DEBUG_VALUE: vecDif <- $q3
	.loc	11 237 20                       @ C:/Keil_v5/Packs/ARM/CMSIS-DSP/1.15.0/Source/SVMFunctions/arm_svm_rbf_predict_f32.c:237:20
	vfma.f32	q0, q3, q3
.Ltmp374:
	@DEBUG_VALUE: acc1 <- $q0
.LBB5_17:
	@DEBUG_VALUE: acc0 <- $q2
	@DEBUG_VALUE: pSrcVecPtr <- $r10
	@DEBUG_VALUE: arm_svm_rbf_predict_f32:blkCnt <- [DW_OP_plus_uconst 188] [$sp+0]
	@DEBUG_VALUE: arm_svm_rbf_predict_f32:pInA0 <- $r8
	@DEBUG_VALUE: arm_svm_rbf_predict_f32:vSum <- $q1
	@DEBUG_VALUE: arm_svm_rbf_predict_f32:sum <- [DW_OP_plus_uconst 4] [$sp+0]
	@DEBUG_VALUE: arm_svm_rbf_predict_f32:pResult <- [$sp+0]
	@DEBUG_VALUE: arm_svm_rbf_predict_f32:row <- $r4
	@DEBUG_VALUE: arm_svm_rbf_predict_f32:in <- $r10
	@DEBUG_VALUE: acc1 <- $q0
	@DEBUG_VALUE: acc0 <- $q2
	@DEBUG_VALUE: vtmp <- undef
	@DEBUG_VALUE: vecAddAcrossF32Mve:in <- $q2
	.loc	6 60 29                         @ ../../../../Library/CMSIS/DSP/Include\arm_helium_utils.h:60:29
	vadd.f32	s8, s8, s9
.Ltmp375:
	.loc	6 60 29 is_stmt 0               @ ../../../../Library/CMSIS/DSP/Include\arm_helium_utils.h:60:29
	vadd.f32	s0, s0, s1
.Ltmp376:
	.loc	6 60 49                         @ ../../../../Library/CMSIS/DSP/Include\arm_helium_utils.h:60:49
	vadd.f32	s8, s10, s8
.Ltmp377:
	.loc	6 60 49                         @ ../../../../Library/CMSIS/DSP/Include\arm_helium_utils.h:60:49
	vadd.f32	s0, s2, s0
.Ltmp378:
	.loc	11 248 57 is_stmt 1             @ C:/Keil_v5/Packs/ARM/CMSIS-DSP/1.15.0/Source/SVMFunctions/arm_svm_rbf_predict_f32.c:248:57
	ldr.w	r0, [r9, #24]
	.loc	11 252 13                       @ C:/Keil_v5/Packs/ARM/CMSIS-DSP/1.15.0/Source/SVMFunctions/arm_svm_rbf_predict_f32.c:252:13
	subs	r4, #2
.Ltmp379:
	@DEBUG_VALUE: arm_svm_rbf_predict_f32:row <- $r4
	.loc	6 61 29                         @ ../../../../Library/CMSIS/DSP/Include\arm_helium_utils.h:61:29
	vadd.f32	s8, s11, s8
.Ltmp380:
	@DEBUG_VALUE: vecAddAcrossF32Mve:in <- $q0
	@DEBUG_VALUE: vecAddAcrossF32Mve:acc <- $s8
	@DEBUG_VALUE: vecAddAcrossF32Mve:in <- $q2
	.loc	6 61 29 is_stmt 0               @ ../../../../Library/CMSIS/DSP/Include\arm_helium_utils.h:61:29
	vadd.f32	s9, s3, s0
.Ltmp381:
	@DEBUG_VALUE: vecAddAcrossF32Mve:acc <- $s9
	@DEBUG_VALUE: vecAddAcrossF32Mve:in <- $q0
	@DEBUG_VALUE: vtmp <- $q2
	.loc	11 248 35 is_stmt 1             @ C:/Keil_v5/Packs/ARM/CMSIS-DSP/1.15.0/Source/SVMFunctions/arm_svm_rbf_predict_f32.c:248:35
	eor	r0, r0, #-2147483648
	vmul.f32	q2, q2, r0
.Ltmp382:
	.loc	9 132 44                        @ ../../../../Library/CMSIS/DSP/Include\arm_vec_math.h:132:44
	vldrw.u32	q4, [r11, #16]
.Ltmp383:
	.loc	9 224 39                        @ ../../../../Library/CMSIS/DSP/Include\arm_vec_math.h:224:39
	movw	r0, #43579
	movt	r0, #16312
.Ltmp384:
	@DEBUG_VALUE: vexpq_f32:x <- $q2
	vmul.f32	q0, q2, r0
.Ltmp385:
	.loc	9 133 59                        @ ../../../../Library/CMSIS/DSP/Include\arm_vec_math.h:133:59
	vldrw.u32	q5, [r11, #8]
.Ltmp386:
	.loc	9 225 40                        @ ../../../../Library/CMSIS/DSP/Include\arm_vec_math.h:225:40
	vrintz.f32	q3, q0
	.loc	9 225 27 is_stmt 0              @ ../../../../Library/CMSIS/DSP/Include\arm_vec_math.h:225:27
	movw	r0, #29208
	movt	r0, #48945
	vfma.f32	q2, q3, r0
.Ltmp387:
	@DEBUG_VALUE: vtaylor_polyq_f32:coeffs <- $r11
	@DEBUG_VALUE: vtaylor_polyq_f32:x <- $q2
	@DEBUG_VALUE: vexpq_f32:val <- $q2
	.loc	9 132 25 is_stmt 1              @ ../../../../Library/CMSIS/DSP/Include\arm_vec_math.h:132:25
	ldrd	r0, r1, [r11]
	.loc	9 132 32 is_stmt 0              @ ../../../../Library/CMSIS/DSP/Include\arm_vec_math.h:132:32
	vmov	r2, s16
	.loc	9 132 25                        @ ../../../../Library/CMSIS/DSP/Include\arm_vec_math.h:132:25
	vdup.32	q3, r0
	vfma.f32	q3, q2, r2
.Ltmp388:
	@DEBUG_VALUE: vtaylor_polyq_f32:A <- $q3
	.loc	9 133 25 is_stmt 1              @ ../../../../Library/CMSIS/DSP/Include\arm_vec_math.h:133:25
	vmov	r6, s20
	.loc	9 133 32 is_stmt 0              @ ../../../../Library/CMSIS/DSP/Include\arm_vec_math.h:133:32
	vmov	r0, r2, d9
	.loc	9 133 25                        @ ../../../../Library/CMSIS/DSP/Include\arm_vec_math.h:133:25
	vdup.32	q4, r6
	vfma.f32	q4, q2, r0
.Ltmp389:
	@DEBUG_VALUE: vtaylor_polyq_f32:B <- $q4
	.loc	9 135 25 is_stmt 1              @ ../../../../Library/CMSIS/DSP/Include\arm_vec_math.h:135:25
	ldr.w	r6, [r11, #12]
	.loc	9 134 32                        @ ../../../../Library/CMSIS/DSP/Include\arm_vec_math.h:134:32
	vmov	r0, s23
	.loc	9 134 25 is_stmt 0              @ ../../../../Library/CMSIS/DSP/Include\arm_vec_math.h:134:25
	vdup.32	q5, r1
	vfma.f32	q5, q2, r0
.Ltmp390:
	@DEBUG_VALUE: vtaylor_polyq_f32:C <- $q5
	.loc	9 135 25 is_stmt 1              @ ../../../../Library/CMSIS/DSP/Include\arm_vec_math.h:135:25
	vdup.32	q6, r6
	vfma.f32	q6, q2, r2
.Ltmp391:
	@DEBUG_VALUE: vtaylor_polyq_f32:D <- $q6
	.loc	9 136 26                        @ ../../../../Library/CMSIS/DSP/Include\arm_vec_math.h:136:26
	vmul.f32	q2, q2, q2
.Ltmp392:
	@DEBUG_VALUE: vtaylor_polyq_f32:x2 <- $q2
	.loc	9 138 54                        @ ../../../../Library/CMSIS/DSP/Include\arm_vec_math.h:138:54
	vfma.f32	q5, q6, q2
.Ltmp393:
	.loc	9 138 33 is_stmt 0              @ ../../../../Library/CMSIS/DSP/Include\arm_vec_math.h:138:33
	vfma.f32	q3, q4, q2
.Ltmp394:
	.loc	9 233 32 is_stmt 1              @ ../../../../Library/CMSIS/DSP/Include\arm_vec_math.h:233:32
	vmvn.i32	q4, #0x7d
.Ltmp395:
	.loc	9 224 25                        @ ../../../../Library/CMSIS/DSP/Include\arm_vec_math.h:224:25
	vcvt.s32.f32	q0, q0
.Ltmp396:
	@DEBUG_VALUE: vexpq_f32:m <- $q0
	.loc	9 137 26                        @ ../../../../Library/CMSIS/DSP/Include\arm_vec_math.h:137:26
	vmul.f32	q2, q2, q2
.Ltmp397:
	@DEBUG_VALUE: vtaylor_polyq_f32:x4 <- $q2
	@DEBUG_VALUE: vtaylor_polyq_f32:x2 <- $q2
	.loc	9 138 27                        @ ../../../../Library/CMSIS/DSP/Include\arm_vec_math.h:138:27
	vfma.f32	q3, q5, q2
.Ltmp398:
	@DEBUG_VALUE: vexpq_f32:poly <- $q3
	@DEBUG_VALUE: vtaylor_polyq_f32:res <- $q3
	.loc	9 231 52                        @ ../../../../Library/CMSIS/DSP/Include\arm_vec_math.h:231:52
	vqshl.s32	q2, q0, #23
.Ltmp399:
	.loc	9 233 32                        @ ../../../../Library/CMSIS/DSP/Include\arm_vec_math.h:233:32
	vcmp.s32	gt, q4, q0
	.loc	9 231 23                        @ ../../../../Library/CMSIS/DSP/Include\arm_vec_math.h:231:23
	vqadd.s32	q2, q3, q2
.Ltmp400:
	@DEBUG_VALUE: vexpq_f32:poly <- $q2
	.loc	9 233 12                        @ ../../../../Library/CMSIS/DSP/Include\arm_vec_math.h:233:12
	vmov.i32	q3, #0x0
	movs	r0, #255
	vpsel	q0, q3, q2
.Ltmp401:
	@DEBUG_VALUE: vexpq_f32:poly <- $q0
	.loc	11 247 13                       @ C:/Keil_v5/Packs/ARM/CMSIS-DSP/1.15.0/Source/SVMFunctions/arm_svm_rbf_predict_f32.c:247:13
	vmsr	p0, r0
	.loc	11 247 31 is_stmt 0             @ C:/Keil_v5/Packs/ARM/CMSIS-DSP/1.15.0/Source/SVMFunctions/arm_svm_rbf_predict_f32.c:247:31
	vldrw.u32	q2, [r3], #8
	.loc	11 247 13                       @ C:/Keil_v5/Packs/ARM/CMSIS-DSP/1.15.0/Source/SVMFunctions/arm_svm_rbf_predict_f32.c:247:13
	vpst	
	vfmat.f32	q1, q2, q0
.Ltmp402:
	@DEBUG_VALUE: arm_svm_rbf_predict_f32:vSum <- $q1
	@DEBUG_VALUE: arm_svm_rbf_predict_f32:pDualCoef <- $r3
	.loc	11 251 15 is_stmt 1             @ C:/Keil_v5/Packs/ARM/CMSIS-DSP/1.15.0/Source/SVMFunctions/arm_svm_rbf_predict_f32.c:251:15
	add.w	r8, r8, r7, lsl #3
.Ltmp403:
	@DEBUG_VALUE: arm_svm_rbf_predict_f32:pSrcA <- $r8
	@DEBUG_VALUE: arm_svm_rbf_predict_f32:pSrcA <- $r8
	@DEBUG_VALUE: arm_svm_rbf_predict_f32:pDualCoef <- $r3
	@DEBUG_VALUE: arm_svm_rbf_predict_f32:row <- $r4
	@DEBUG_VALUE: arm_svm_rbf_predict_f32:vSum <- $q1
	.loc	11 255 9                        @ C:/Keil_v5/Packs/ARM/CMSIS-DSP/1.15.0/Source/SVMFunctions/arm_svm_rbf_predict_f32.c:255:9
	cmp	r4, #0
	beq.w	.LBB5_26
.Ltmp404:
.LBB5_18:
	@DEBUG_VALUE: arm_svm_rbf_predict_f32:pDualCoef <- $r3
	@DEBUG_VALUE: arm_svm_rbf_predict_f32:pSrcA <- $r8
	@DEBUG_VALUE: arm_svm_rbf_predict_f32:vSum <- $q1
	@DEBUG_VALUE: arm_svm_rbf_predict_f32:sum <- [DW_OP_plus_uconst 4] [$sp+0]
	@DEBUG_VALUE: arm_svm_rbf_predict_f32:pResult <- [$sp+0]
	@DEBUG_VALUE: arm_svm_rbf_predict_f32:row <- $r4
	@DEBUG_VALUE: arm_svm_rbf_predict_f32:in <- $r10
	@DEBUG_VALUE: arm_svm_rbf_predict_f32:pInA0 <- $r8
	@DEBUG_VALUE: arm_svm_rbf_predict_f32:blkCnt <- [DW_OP_constu 2, DW_OP_shr, DW_OP_stack_value] undef
	@DEBUG_VALUE: pSrcVecPtr <- $r10
	@DEBUG_VALUE: pInVec <- $r10
	@DEBUG_VALUE: pSrcA0Vec <- $r8
	.loc	11 0 9 is_stmt 0                @ C:/Keil_v5/Packs/ARM/CMSIS-DSP/1.15.0/Source/SVMFunctions/arm_svm_rbf_predict_f32.c:0:9
	vmov.i32	q0, #0x0
.Ltmp405:
	@DEBUG_VALUE: acc0 <- $q0
	ldr	r0, [sp, #12]                   @ 4-byte Reload
.Ltmp406:
	.loc	11 275 9 is_stmt 1              @ C:/Keil_v5/Packs/ARM/CMSIS-DSP/1.15.0/Source/SVMFunctions/arm_svm_rbf_predict_f32.c:275:9
	wls	lr, r0, .LBB5_22
.Ltmp407:
@ %bb.19:
	@DEBUG_VALUE: acc0 <- $q0
	@DEBUG_VALUE: pSrcA0Vec <- $r8
	@DEBUG_VALUE: pInVec <- $r10
	@DEBUG_VALUE: pSrcVecPtr <- $r10
	@DEBUG_VALUE: arm_svm_rbf_predict_f32:pInA0 <- $r8
	@DEBUG_VALUE: arm_svm_rbf_predict_f32:pDualCoef <- $r3
	@DEBUG_VALUE: arm_svm_rbf_predict_f32:pSrcA <- $r8
	@DEBUG_VALUE: arm_svm_rbf_predict_f32:vSum <- $q1
	@DEBUG_VALUE: arm_svm_rbf_predict_f32:sum <- [DW_OP_plus_uconst 4] [$sp+0]
	@DEBUG_VALUE: arm_svm_rbf_predict_f32:pResult <- [$sp+0]
	@DEBUG_VALUE: arm_svm_rbf_predict_f32:row <- $r4
	@DEBUG_VALUE: arm_svm_rbf_predict_f32:in <- $r10
	@DEBUG_VALUE: arm_svm_rbf_predict_f32:blkCnt <- $r0
	.loc	11 0 9 is_stmt 0                @ C:/Keil_v5/Packs/ARM/CMSIS-DSP/1.15.0/Source/SVMFunctions/arm_svm_rbf_predict_f32.c:0:9
	vmov.i32	q0, #0x0
.Ltmp408:
	.loc	11 275 9                        @ C:/Keil_v5/Packs/ARM/CMSIS-DSP/1.15.0/Source/SVMFunctions/arm_svm_rbf_predict_f32.c:275:9
	lsls	r1, r0, #4
	mov	r2, r8
	add.w	r0, r10, r0, lsl #4
.Ltmp409:
	.p2align	2
.LBB5_20:                               @ =>This Inner Loop Header: Depth=1
	@DEBUG_VALUE: pInVec <- $r10
	@DEBUG_VALUE: arm_svm_rbf_predict_f32:pInA0 <- $r8
	@DEBUG_VALUE: arm_svm_rbf_predict_f32:pDualCoef <- $r3
	@DEBUG_VALUE: arm_svm_rbf_predict_f32:pSrcA <- $r8
	@DEBUG_VALUE: arm_svm_rbf_predict_f32:vSum <- $q1
	@DEBUG_VALUE: arm_svm_rbf_predict_f32:sum <- [DW_OP_plus_uconst 4] [$sp+0]
	@DEBUG_VALUE: arm_svm_rbf_predict_f32:pResult <- [$sp+0]
	@DEBUG_VALUE: arm_svm_rbf_predict_f32:row <- $r4
	@DEBUG_VALUE: arm_svm_rbf_predict_f32:blkCnt <- undef
	@DEBUG_VALUE: pInVec <- $r10
	@DEBUG_VALUE: pSrcA0Vec <- $r2
	@DEBUG_VALUE: acc0 <- $q0
	.loc	11 278 21 is_stmt 1             @ C:/Keil_v5/Packs/ARM/CMSIS-DSP/1.15.0/Source/SVMFunctions/arm_svm_rbf_predict_f32.c:278:21
	vldrw.u32	q2, [r10], #16
.Ltmp410:
	@DEBUG_VALUE: arm_svm_rbf_predict_f32:in <- [DW_OP_LLVM_entry_value 1] $r1
	@DEBUG_VALUE: vecIn <- $q2
	@DEBUG_VALUE: pInVec <- $r10
	.loc	11 280 20                       @ C:/Keil_v5/Packs/ARM/CMSIS-DSP/1.15.0/Source/SVMFunctions/arm_svm_rbf_predict_f32.c:280:20
	vldrw.u32	q3, [r2], #16
.Ltmp411:
	@DEBUG_VALUE: vecA <- $q3
	@DEBUG_VALUE: pSrcA0Vec <- $r2
	.loc	11 282 22                       @ C:/Keil_v5/Packs/ARM/CMSIS-DSP/1.15.0/Source/SVMFunctions/arm_svm_rbf_predict_f32.c:282:22
	vsub.f32	q2, q2, q3
.Ltmp412:
	@DEBUG_VALUE: vecDif <- $q2
	.loc	11 283 20                       @ C:/Keil_v5/Packs/ARM/CMSIS-DSP/1.15.0/Source/SVMFunctions/arm_svm_rbf_predict_f32.c:283:20
	vfma.f32	q0, q2, q2
.Ltmp413:
	@DEBUG_VALUE: acc0 <- $q0
	.loc	11 275 9                        @ C:/Keil_v5/Packs/ARM/CMSIS-DSP/1.15.0/Source/SVMFunctions/arm_svm_rbf_predict_f32.c:275:9
	le	lr, .LBB5_20
.Ltmp414:
@ %bb.21:
	@DEBUG_VALUE: pSrcA0Vec <- $r2
	@DEBUG_VALUE: acc0 <- $q0
	@DEBUG_VALUE: pInVec <- $r10
	@DEBUG_VALUE: arm_svm_rbf_predict_f32:pInA0 <- $r8
	@DEBUG_VALUE: arm_svm_rbf_predict_f32:pDualCoef <- $r3
	@DEBUG_VALUE: arm_svm_rbf_predict_f32:pSrcA <- $r8
	@DEBUG_VALUE: arm_svm_rbf_predict_f32:vSum <- $q1
	@DEBUG_VALUE: arm_svm_rbf_predict_f32:sum <- [DW_OP_plus_uconst 4] [$sp+0]
	@DEBUG_VALUE: arm_svm_rbf_predict_f32:pResult <- [$sp+0]
	@DEBUG_VALUE: arm_svm_rbf_predict_f32:row <- $r4
	add	r8, r1
.Ltmp415:
	.loc	11 0 9 is_stmt 0                @ C:/Keil_v5/Packs/ARM/CMSIS-DSP/1.15.0/Source/SVMFunctions/arm_svm_rbf_predict_f32.c:0:9
	mov	r10, r0
.Ltmp416:
.LBB5_22:
	@DEBUG_VALUE: acc0 <- $q0
	@DEBUG_VALUE: arm_svm_rbf_predict_f32:pDualCoef <- $r3
	@DEBUG_VALUE: arm_svm_rbf_predict_f32:vSum <- $q1
	@DEBUG_VALUE: arm_svm_rbf_predict_f32:sum <- [DW_OP_plus_uconst 4] [$sp+0]
	@DEBUG_VALUE: arm_svm_rbf_predict_f32:pResult <- [$sp+0]
	@DEBUG_VALUE: arm_svm_rbf_predict_f32:row <- $r4
	@DEBUG_VALUE: arm_svm_rbf_predict_f32:blkCnt <- [DW_OP_plus_uconst 188] [$sp+0]
	ldr	r0, [sp, #188]                  @ 4-byte Reload
.Ltmp417:
	@DEBUG_VALUE: arm_svm_rbf_predict_f32:blkCnt <- $r0
	.loc	11 292 13 is_stmt 1             @ C:/Keil_v5/Packs/ARM/CMSIS-DSP/1.15.0/Source/SVMFunctions/arm_svm_rbf_predict_f32.c:292:13
	cbz	r0, .LBB5_24
.Ltmp418:
@ %bb.23:
	@DEBUG_VALUE: arm_svm_rbf_predict_f32:blkCnt <- $r0
	@DEBUG_VALUE: acc0 <- $q0
	@DEBUG_VALUE: arm_svm_rbf_predict_f32:pDualCoef <- $r3
	@DEBUG_VALUE: arm_svm_rbf_predict_f32:vSum <- $q1
	@DEBUG_VALUE: arm_svm_rbf_predict_f32:sum <- [DW_OP_plus_uconst 4] [$sp+0]
	@DEBUG_VALUE: arm_svm_rbf_predict_f32:pResult <- [$sp+0]
	@DEBUG_VALUE: arm_svm_rbf_predict_f32:row <- $r4
	.loc	11 293 34                       @ C:/Keil_v5/Packs/ARM/CMSIS-DSP/1.15.0/Source/SVMFunctions/arm_svm_rbf_predict_f32.c:293:34
	vctp.32	r0
.Ltmp419:
	@DEBUG_VALUE: p0 <- undef
	.loc	11 296 21                       @ C:/Keil_v5/Packs/ARM/CMSIS-DSP/1.15.0/Source/SVMFunctions/arm_svm_rbf_predict_f32.c:296:21
	vpstt	
	vldrwt.u32	q2, [r10]
.Ltmp420:
	@DEBUG_VALUE: vecIn <- $q2
	.loc	11 297 20                       @ C:/Keil_v5/Packs/ARM/CMSIS-DSP/1.15.0/Source/SVMFunctions/arm_svm_rbf_predict_f32.c:297:20
	vldrwt.u32	q3, [r8]
.Ltmp421:
	@DEBUG_VALUE: vecA <- $q3
	.loc	11 298 22                       @ C:/Keil_v5/Packs/ARM/CMSIS-DSP/1.15.0/Source/SVMFunctions/arm_svm_rbf_predict_f32.c:298:22
	vsub.f32	q2, q2, q3
.Ltmp422:
	@DEBUG_VALUE: vecDif <- $q2
	.loc	11 299 20                       @ C:/Keil_v5/Packs/ARM/CMSIS-DSP/1.15.0/Source/SVMFunctions/arm_svm_rbf_predict_f32.c:299:20
	vfma.f32	q0, q2, q2
.Ltmp423:
	@DEBUG_VALUE: acc0 <- $q0
.LBB5_24:
	@DEBUG_VALUE: arm_svm_rbf_predict_f32:blkCnt <- $r0
	@DEBUG_VALUE: acc0 <- $q0
	@DEBUG_VALUE: arm_svm_rbf_predict_f32:pDualCoef <- $r3
	@DEBUG_VALUE: arm_svm_rbf_predict_f32:vSum <- $q1
	@DEBUG_VALUE: arm_svm_rbf_predict_f32:sum <- [DW_OP_plus_uconst 4] [$sp+0]
	@DEBUG_VALUE: arm_svm_rbf_predict_f32:pResult <- [$sp+0]
	@DEBUG_VALUE: arm_svm_rbf_predict_f32:row <- $r4
	.loc	6 60 29                         @ ../../../../Library/CMSIS/DSP/Include\arm_helium_utils.h:60:29
	vadd.f32	s0, s0, s1
.Ltmp424:
	.loc	11 309 57                       @ C:/Keil_v5/Packs/ARM/CMSIS-DSP/1.15.0/Source/SVMFunctions/arm_svm_rbf_predict_f32.c:309:57
	ldr.w	r0, [r9, #24]
.Ltmp425:
	.loc	6 60 49                         @ ../../../../Library/CMSIS/DSP/Include\arm_helium_utils.h:60:49
	vadd.f32	s0, s2, s0
.Ltmp426:
	.loc	11 309 35                       @ C:/Keil_v5/Packs/ARM/CMSIS-DSP/1.15.0/Source/SVMFunctions/arm_svm_rbf_predict_f32.c:309:35
	eor	r0, r0, #-2147483648
.Ltmp427:
	.loc	6 61 29                         @ ../../../../Library/CMSIS/DSP/Include\arm_helium_utils.h:61:29
	vadd.f32	s0, s3, s0
.Ltmp428:
	@DEBUG_VALUE: vecAddAcrossF32Mve:acc <- $s0
	@DEBUG_VALUE: vecAddAcrossF32Mve:in <- $q0
	@DEBUG_VALUE: vtmp <- $q0
	.loc	9 132 44                        @ ../../../../Library/CMSIS/DSP/Include\arm_vec_math.h:132:44
	vldrw.u32	q4, [r11, #16]
.Ltmp429:
	.loc	11 309 35                       @ C:/Keil_v5/Packs/ARM/CMSIS-DSP/1.15.0/Source/SVMFunctions/arm_svm_rbf_predict_f32.c:309:35
	vmul.f32	q2, q0, r0
.Ltmp430:
	.loc	9 133 59                        @ ../../../../Library/CMSIS/DSP/Include\arm_vec_math.h:133:59
	vldrw.u32	q5, [r11, #8]
.Ltmp431:
	.loc	9 224 39                        @ ../../../../Library/CMSIS/DSP/Include\arm_vec_math.h:224:39
	movw	r0, #43579
	ldr	r6, [sp]                        @ 4-byte Reload
.Ltmp432:
	@DEBUG_VALUE: acc0 <- $q0
	@DEBUG_VALUE: vtmp <- undef
	@DEBUG_VALUE: vecAddAcrossF32Mve:in <- $q0
	movt	r0, #16312
.Ltmp433:
	@DEBUG_VALUE: vexpq_f32:x <- $q2
	vmul.f32	q0, q2, r0
.Ltmp434:
	.loc	9 225 40                        @ ../../../../Library/CMSIS/DSP/Include\arm_vec_math.h:225:40
	vrintz.f32	q3, q0
	.loc	9 225 27 is_stmt 0              @ ../../../../Library/CMSIS/DSP/Include\arm_vec_math.h:225:27
	movw	r0, #29208
	movt	r0, #48945
	vfma.f32	q2, q3, r0
.Ltmp435:
	@DEBUG_VALUE: vtaylor_polyq_f32:coeffs <- $r11
	@DEBUG_VALUE: vtaylor_polyq_f32:x <- $q2
	@DEBUG_VALUE: vexpq_f32:val <- $q2
	.loc	9 132 25 is_stmt 1              @ ../../../../Library/CMSIS/DSP/Include\arm_vec_math.h:132:25
	ldrd	r0, r1, [r11]
	.loc	9 132 32 is_stmt 0              @ ../../../../Library/CMSIS/DSP/Include\arm_vec_math.h:132:32
	vmov	r2, s16
	.loc	9 132 25                        @ ../../../../Library/CMSIS/DSP/Include\arm_vec_math.h:132:25
	vdup.32	q3, r0
	vfma.f32	q3, q2, r2
.Ltmp436:
	@DEBUG_VALUE: vtaylor_polyq_f32:A <- $q3
	.loc	9 133 25 is_stmt 1              @ ../../../../Library/CMSIS/DSP/Include\arm_vec_math.h:133:25
	vmov	r7, s20
	.loc	9 133 32 is_stmt 0              @ ../../../../Library/CMSIS/DSP/Include\arm_vec_math.h:133:32
	vmov	r0, r2, d9
	.loc	9 133 25                        @ ../../../../Library/CMSIS/DSP/Include\arm_vec_math.h:133:25
	vdup.32	q4, r7
	vfma.f32	q4, q2, r0
.Ltmp437:
	@DEBUG_VALUE: vtaylor_polyq_f32:B <- $q4
	.loc	9 135 25 is_stmt 1              @ ../../../../Library/CMSIS/DSP/Include\arm_vec_math.h:135:25
	ldr.w	r7, [r11, #12]
	.loc	9 134 32                        @ ../../../../Library/CMSIS/DSP/Include\arm_vec_math.h:134:32
	vmov	r0, s23
	.loc	9 134 25 is_stmt 0              @ ../../../../Library/CMSIS/DSP/Include\arm_vec_math.h:134:25
	vdup.32	q5, r1
	vfma.f32	q5, q2, r0
.Ltmp438:
	@DEBUG_VALUE: vtaylor_polyq_f32:C <- $q5
	.loc	9 135 25 is_stmt 1              @ ../../../../Library/CMSIS/DSP/Include\arm_vec_math.h:135:25
	vdup.32	q6, r7
	vfma.f32	q6, q2, r2
.Ltmp439:
	@DEBUG_VALUE: vtaylor_polyq_f32:D <- $q6
	.loc	9 136 26                        @ ../../../../Library/CMSIS/DSP/Include\arm_vec_math.h:136:26
	vmul.f32	q2, q2, q2
.Ltmp440:
	@DEBUG_VALUE: vtaylor_polyq_f32:x2 <- $q2
	.loc	9 138 54                        @ ../../../../Library/CMSIS/DSP/Include\arm_vec_math.h:138:54
	vfma.f32	q5, q6, q2
.Ltmp441:
	.loc	9 138 33 is_stmt 0              @ ../../../../Library/CMSIS/DSP/Include\arm_vec_math.h:138:33
	vfma.f32	q3, q4, q2
.Ltmp442:
	.loc	9 233 32 is_stmt 1              @ ../../../../Library/CMSIS/DSP/Include\arm_vec_math.h:233:32
	vmvn.i32	q4, #0x7d
.Ltmp443:
	.loc	9 224 25                        @ ../../../../Library/CMSIS/DSP/Include\arm_vec_math.h:224:25
	vcvt.s32.f32	q0, q0
.Ltmp444:
	@DEBUG_VALUE: vexpq_f32:m <- $q0
	.loc	9 137 26                        @ ../../../../Library/CMSIS/DSP/Include\arm_vec_math.h:137:26
	vmul.f32	q2, q2, q2
.Ltmp445:
	@DEBUG_VALUE: vtaylor_polyq_f32:x4 <- $q2
	@DEBUG_VALUE: vtaylor_polyq_f32:x2 <- $q2
	.loc	9 138 27                        @ ../../../../Library/CMSIS/DSP/Include\arm_vec_math.h:138:27
	vfma.f32	q3, q5, q2
.Ltmp446:
	@DEBUG_VALUE: vexpq_f32:poly <- $q3
	@DEBUG_VALUE: vtaylor_polyq_f32:res <- $q3
	.loc	9 231 52                        @ ../../../../Library/CMSIS/DSP/Include\arm_vec_math.h:231:52
	vqshl.s32	q2, q0, #23
.Ltmp447:
	.loc	9 233 32                        @ ../../../../Library/CMSIS/DSP/Include\arm_vec_math.h:233:32
	vcmp.s32	gt, q4, q0
	.loc	9 231 23                        @ ../../../../Library/CMSIS/DSP/Include\arm_vec_math.h:231:23
	vqadd.s32	q2, q3, q2
.Ltmp448:
	@DEBUG_VALUE: vexpq_f32:poly <- $q2
	.loc	9 233 12                        @ ../../../../Library/CMSIS/DSP/Include\arm_vec_math.h:233:12
	vmov.i32	q3, #0x0
	movs	r0, #15
	vpsel	q0, q3, q2
.Ltmp449:
	@DEBUG_VALUE: vexpq_f32:poly <- $q0
	.loc	11 308 13                       @ C:/Keil_v5/Packs/ARM/CMSIS-DSP/1.15.0/Source/SVMFunctions/arm_svm_rbf_predict_f32.c:308:13
	vmsr	p0, r0
	.loc	11 308 31 is_stmt 0             @ C:/Keil_v5/Packs/ARM/CMSIS-DSP/1.15.0/Source/SVMFunctions/arm_svm_rbf_predict_f32.c:308:31
	vldrw.u32	q2, [r3]
	.loc	11 308 13                       @ C:/Keil_v5/Packs/ARM/CMSIS-DSP/1.15.0/Source/SVMFunctions/arm_svm_rbf_predict_f32.c:308:13
	vpst	
	vfmat.f32	q1, q2, q0
.Ltmp450:
	@DEBUG_VALUE: arm_svm_rbf_predict_f32:vSum <- $q1
	.loc	11 0 13                         @ C:/Keil_v5/Packs/ARM/CMSIS-DSP/1.15.0/Source/SVMFunctions/arm_svm_rbf_predict_f32.c:0:13
	b	.LBB5_27
.Ltmp451:
.LBB5_25:
	@DEBUG_VALUE: arm_svm_rbf_predict_f32:vSum <- $q1
	@DEBUG_VALUE: arm_svm_rbf_predict_f32:sum <- [DW_OP_plus_uconst 4] [$sp+0]
	@DEBUG_VALUE: arm_svm_rbf_predict_f32:pResult <- [$sp+0]
	@DEBUG_VALUE: arm_svm_rbf_predict_f32:row <- $r4
	@DEBUG_VALUE: arm_svm_rbf_predict_f32:in <- $r10
	ldr.w	r9, [sp, #8]                    @ 4-byte Reload
	movw	r11, :lower16:exp_tab
	movt	r11, :upper16:exp_tab
.Ltmp452:
	@DEBUG_VALUE: arm_svm_rbf_predict_f32:pSrcA <- $r8
	@DEBUG_VALUE: arm_svm_rbf_predict_f32:pDualCoef <- $r3
	@DEBUG_VALUE: arm_svm_rbf_predict_f32:row <- $r4
	@DEBUG_VALUE: arm_svm_rbf_predict_f32:vSum <- $q1
	.loc	11 255 9 is_stmt 1              @ C:/Keil_v5/Packs/ARM/CMSIS-DSP/1.15.0/Source/SVMFunctions/arm_svm_rbf_predict_f32.c:255:9
	cmp	r4, #0
	bne.w	.LBB5_18
.Ltmp453:
.LBB5_26:
	@DEBUG_VALUE: arm_svm_rbf_predict_f32:pDualCoef <- $r3
	@DEBUG_VALUE: arm_svm_rbf_predict_f32:pSrcA <- $r8
	@DEBUG_VALUE: arm_svm_rbf_predict_f32:vSum <- $q1
	@DEBUG_VALUE: arm_svm_rbf_predict_f32:sum <- [DW_OP_plus_uconst 4] [$sp+0]
	@DEBUG_VALUE: arm_svm_rbf_predict_f32:pResult <- [$sp+0]
	@DEBUG_VALUE: arm_svm_rbf_predict_f32:row <- $r4
	@DEBUG_VALUE: arm_svm_rbf_predict_f32:in <- $r10
	.loc	11 0 9 is_stmt 0                @ C:/Keil_v5/Packs/ARM/CMSIS-DSP/1.15.0/Source/SVMFunctions/arm_svm_rbf_predict_f32.c:0:9
	ldr	r6, [sp]                        @ 4-byte Reload
.Ltmp454:
.LBB5_27:
	@DEBUG_VALUE: arm_svm_rbf_predict_f32:pDualCoef <- $r3
	@DEBUG_VALUE: arm_svm_rbf_predict_f32:vSum <- $q1
	@DEBUG_VALUE: arm_svm_rbf_predict_f32:sum <- [DW_OP_plus_uconst 4] [$sp+0]
	@DEBUG_VALUE: arm_svm_rbf_predict_f32:pResult <- [$sp+0]
	@DEBUG_VALUE: arm_svm_rbf_predict_f32:row <- $r4
	.loc	6 60 29 is_stmt 1               @ ../../../../Library/CMSIS/DSP/Include\arm_helium_utils.h:60:29
	vadd.f32	s0, s4, s5
	vldr	s2, [sp, #4]                    @ 4-byte Reload
	@DEBUG_VALUE: arm_svm_rbf_predict_f32:vSum <- $q1
.Ltmp455:
	@DEBUG_VALUE: vecAddAcrossF32Mve:in <- $q1
	.loc	6 60 49 is_stmt 0               @ ../../../../Library/CMSIS/DSP/Include\arm_helium_utils.h:60:49
	vadd.f32	s0, s6, s0
.Ltmp456:
	.loc	11 315 19 is_stmt 1             @ C:/Keil_v5/Packs/ARM/CMSIS-DSP/1.15.0/Source/SVMFunctions/arm_svm_rbf_predict_f32.c:315:19
	ldr.w	r0, [r9, #20]
.Ltmp457:
	.loc	6 61 29                         @ ../../../../Library/CMSIS/DSP/Include\arm_helium_utils.h:61:29
	vadd.f32	s0, s7, s0
.Ltmp458:
	@DEBUG_VALUE: vecAddAcrossF32Mve:acc <- $s0
	.loc	11 314 9                        @ C:/Keil_v5/Packs/ARM/CMSIS-DSP/1.15.0/Source/SVMFunctions/arm_svm_rbf_predict_f32.c:314:9
	vadd.f32	s0, s2, s0
.Ltmp459:
	@DEBUG_VALUE: arm_svm_rbf_predict_f32:sum <- $s0
	.loc	11 315 27                       @ C:/Keil_v5/Packs/ARM/CMSIS-DSP/1.15.0/Source/SVMFunctions/arm_svm_rbf_predict_f32.c:315:27
	vcmp.f32	s0, #0
	vmrs	APSR_nzcv, fpscr
	cset	r1, gt
	.loc	11 315 16 is_stmt 0             @ C:/Keil_v5/Packs/ARM/CMSIS-DSP/1.15.0/Source/SVMFunctions/arm_svm_rbf_predict_f32.c:315:16
	ldr.w	r0, [r0, r1, lsl #2]
	.loc	11 315 14                       @ C:/Keil_v5/Packs/ARM/CMSIS-DSP/1.15.0/Source/SVMFunctions/arm_svm_rbf_predict_f32.c:315:14
	str	r0, [r6]
	.loc	11 316 1 epilogue_begin is_stmt 1 @ C:/Keil_v5/Packs/ARM/CMSIS-DSP/1.15.0/Source/SVMFunctions/arm_svm_rbf_predict_f32.c:316:1
	add	sp, #192
	vpop	{d8, d9, d10, d11, d12, d13, d14, d15}
	add	sp, #4
	pop.w	{r4, r5, r6, r7, r8, r9, r10, r11, pc}
.Ltmp460:
.Lfunc_end5:
	.size	arm_svm_rbf_predict_f32, .Lfunc_end5-arm_svm_rbf_predict_f32
	.cfi_endproc
	.cantunwind
	.fnend
                                        @ -- End function
	.section	.text.arm_svm_sigmoid_init_f32,"ax",%progbits
	.hidden	arm_svm_sigmoid_init_f32        @ -- Begin function arm_svm_sigmoid_init_f32
	.globl	arm_svm_sigmoid_init_f32
	.p2align	2
	.type	arm_svm_sigmoid_init_f32,%function
	.code	16                              @ @arm_svm_sigmoid_init_f32
	.thumb_func
arm_svm_sigmoid_init_f32:
.Lfunc_begin6:
	.file	12 "C:/Keil_v5/Packs/ARM/CMSIS-DSP/1.15.0/Source/SVMFunctions" "arm_svm_sigmoid_init_f32.c"
	.loc	12 78 0                         @ C:/Keil_v5/Packs/ARM/CMSIS-DSP/1.15.0/Source/SVMFunctions/arm_svm_sigmoid_init_f32.c:78:0
	.fnstart
	.cfi_startproc
@ %bb.0:
	@DEBUG_VALUE: arm_svm_sigmoid_init_f32:S <- $r0
	@DEBUG_VALUE: arm_svm_sigmoid_init_f32:nbOfSupportVectors <- $r1
	@DEBUG_VALUE: arm_svm_sigmoid_init_f32:vectorDimension <- $r2
	@DEBUG_VALUE: arm_svm_sigmoid_init_f32:intercept <- $s0
	@DEBUG_VALUE: arm_svm_sigmoid_init_f32:dualCoefficients <- $r3
	@DEBUG_VALUE: arm_svm_sigmoid_init_f32:coef0 <- $s1
	@DEBUG_VALUE: arm_svm_sigmoid_init_f32:gamma <- $s2
	.save	{r7, lr}
	push	{r7, lr}
	.cfi_def_cfa_offset 8
	.cfi_offset lr, -4
	.cfi_offset r7, -8
.Ltmp461:
	@DEBUG_VALUE: arm_svm_sigmoid_init_f32:supportVectors <- [DW_OP_plus_uconst 8] [$sp+0]
	@DEBUG_VALUE: arm_svm_sigmoid_init_f32:classes <- [DW_OP_plus_uconst 12] [$sp+0]
	ldrd	lr, r12, [sp, #8]
.Ltmp462:
	.loc	12 79 26 prologue_end           @ C:/Keil_v5/Packs/ARM/CMSIS-DSP/1.15.0/Source/SVMFunctions/arm_svm_sigmoid_init_f32.c:79:26
	strd	r1, r2, [r0]
	.loc	12 81 17                        @ C:/Keil_v5/Packs/ARM/CMSIS-DSP/1.15.0/Source/SVMFunctions/arm_svm_sigmoid_init_f32.c:81:17
	vstr	s0, [r0, #8]
	.loc	12 82 24                        @ C:/Keil_v5/Packs/ARM/CMSIS-DSP/1.15.0/Source/SVMFunctions/arm_svm_sigmoid_init_f32.c:82:24
	strd	r3, lr, [r0, #12]
	.loc	12 84 15                        @ C:/Keil_v5/Packs/ARM/CMSIS-DSP/1.15.0/Source/SVMFunctions/arm_svm_sigmoid_init_f32.c:84:15
	str.w	r12, [r0, #20]
	.loc	12 85 13                        @ C:/Keil_v5/Packs/ARM/CMSIS-DSP/1.15.0/Source/SVMFunctions/arm_svm_sigmoid_init_f32.c:85:13
	vstr	s1, [r0, #24]
	.loc	12 86 13                        @ C:/Keil_v5/Packs/ARM/CMSIS-DSP/1.15.0/Source/SVMFunctions/arm_svm_sigmoid_init_f32.c:86:13
	vstr	s2, [r0, #28]
	.loc	12 87 1 epilogue_begin          @ C:/Keil_v5/Packs/ARM/CMSIS-DSP/1.15.0/Source/SVMFunctions/arm_svm_sigmoid_init_f32.c:87:1
	pop	{r7, pc}
.Ltmp463:
.Lfunc_end6:
	.size	arm_svm_sigmoid_init_f32, .Lfunc_end6-arm_svm_sigmoid_init_f32
	.cfi_endproc
	.cantunwind
	.fnend
                                        @ -- End function
	.section	.text.arm_svm_sigmoid_predict_f32,"ax",%progbits
	.hidden	arm_svm_sigmoid_predict_f32     @ -- Begin function arm_svm_sigmoid_predict_f32
	.globl	arm_svm_sigmoid_predict_f32
	.p2align	2
	.type	arm_svm_sigmoid_predict_f32,%function
	.code	16                              @ @arm_svm_sigmoid_predict_f32
	.thumb_func
arm_svm_sigmoid_predict_f32:
.Lfunc_begin7:
	.file	13 "C:/Keil_v5/Packs/ARM/CMSIS-DSP/1.15.0/Source/SVMFunctions" "arm_svm_sigmoid_predict_f32.c"
	.loc	13 58 0                         @ C:/Keil_v5/Packs/ARM/CMSIS-DSP/1.15.0/Source/SVMFunctions/arm_svm_sigmoid_predict_f32.c:58:0
	.fnstart
	.cfi_startproc
@ %bb.0:
	@DEBUG_VALUE: arm_svm_sigmoid_predict_f32:S <- $r0
	@DEBUG_VALUE: arm_svm_sigmoid_predict_f32:in <- $r1
	@DEBUG_VALUE: arm_svm_sigmoid_predict_f32:pResult <- $r2
	.save	{r4, r5, r6, r7, r8, r9, r10, r11, lr}
	push.w	{r4, r5, r6, r7, r8, r9, r10, r11, lr}
	.cfi_def_cfa_offset 36
	.cfi_offset lr, -4
	.cfi_offset r11, -8
	.cfi_offset r10, -12
	.cfi_offset r9, -16
	.cfi_offset r8, -20
	.cfi_offset r7, -24
	.cfi_offset r6, -28
	.cfi_offset r5, -32
	.cfi_offset r4, -36
	.pad	#4
	sub	sp, #4
	.cfi_def_cfa_offset 40
	.vsave	{d8, d9, d10, d11, d12, d13, d14, d15}
	vpush	{d8, d9, d10, d11, d12, d13, d14, d15}
	.cfi_def_cfa_offset 104
	.cfi_offset d15, -48
	.cfi_offset d14, -56
	.cfi_offset d13, -64
	.cfi_offset d12, -72
	.cfi_offset d11, -80
	.cfi_offset d10, -88
	.cfi_offset d9, -96
	.cfi_offset d8, -104
	.pad	#328
	sub	sp, #328
	.cfi_def_cfa_offset 432
.Ltmp464:
	.loc	13 60 34 prologue_end           @ C:/Keil_v5/Packs/ARM/CMSIS-DSP/1.15.0/Source/SVMFunctions/arm_svm_sigmoid_predict_f32.c:60:34
	ldrd	r8, r9, [r0]
.Ltmp465:
	@DEBUG_VALUE: arm_svm_sigmoid_predict_f32:pDualCoef <- undef
	@DEBUG_VALUE: arm_svm_sigmoid_predict_f32:pSrcA <- undef
	@DEBUG_VALUE: arm_svm_sigmoid_predict_f32:pSupport <- undef
	.loc	13 0 34 is_stmt 0               @ C:/Keil_v5/Packs/ARM/CMSIS-DSP/1.15.0/Source/SVMFunctions/arm_svm_sigmoid_predict_f32.c:0:34
	mov	r12, r1
.Ltmp466:
	@DEBUG_VALUE: arm_svm_sigmoid_predict_f32:numCols <- undef
	@DEBUG_VALUE: arm_svm_sigmoid_predict_f32:numRows <- undef
	@DEBUG_VALUE: arm_svm_sigmoid_predict_f32:in <- $r12
	.loc	13 68 37 is_stmt 1              @ C:/Keil_v5/Packs/ARM/CMSIS-DSP/1.15.0/Source/SVMFunctions/arm_svm_sigmoid_predict_f32.c:68:37
	ldrd	r3, r4, [r0, #12]
	str	r2, [sp]                        @ 4-byte Spill
.Ltmp467:
	@DEBUG_VALUE: arm_svm_sigmoid_predict_f32:pResult <- [$sp+0]
	@DEBUG_VALUE: arm_svm_sigmoid_predict_f32:pResult <- [$sp+0]
	.loc	13 0 37 is_stmt 0               @ C:/Keil_v5/Packs/ARM/CMSIS-DSP/1.15.0/Source/SVMFunctions/arm_svm_sigmoid_predict_f32.c:0:37
	movw	r2, :lower16:exp_tab
	.loc	13 69 30 is_stmt 1              @ C:/Keil_v5/Packs/ARM/CMSIS-DSP/1.15.0/Source/SVMFunctions/arm_svm_sigmoid_predict_f32.c:69:30
	vldr	s0, [r0, #8]
.Ltmp468:
	@DEBUG_VALUE: arm_svm_sigmoid_predict_f32:vSum <- undef
	@DEBUG_VALUE: arm_svm_sigmoid_predict_f32:row <- $r8
	@DEBUG_VALUE: arm_svm_sigmoid_predict_f32:sum <- $s0
	.loc	13 77 5                         @ C:/Keil_v5/Packs/ARM/CMSIS-DSP/1.15.0/Source/SVMFunctions/arm_svm_sigmoid_predict_f32.c:77:5
	cmp.w	r8, #4
	lsr.w	r11, r9, #2
	and	r1, r9, #3
	movt	r2, :upper16:exp_tab
	vstr	s0, [sp, #4]                    @ 4-byte Spill
.Ltmp469:
	@DEBUG_VALUE: arm_svm_sigmoid_predict_f32:sum <- [DW_OP_plus_uconst 4] [$sp+0]
	@DEBUG_VALUE: arm_svm_sigmoid_predict_f32:sum <- [DW_OP_plus_uconst 4] [$sp+0]
	.loc	13 0 5 is_stmt 0                @ C:/Keil_v5/Packs/ARM/CMSIS-DSP/1.15.0/Source/SVMFunctions/arm_svm_sigmoid_predict_f32.c:0:5
	str	r1, [sp, #300]                  @ 4-byte Spill
	.loc	13 77 5                         @ C:/Keil_v5/Packs/ARM/CMSIS-DSP/1.15.0/Source/SVMFunctions/arm_svm_sigmoid_predict_f32.c:77:5
	strd	r0, r11, [sp, #8]               @ 8-byte Folded Spill
	blo.w	.LBB7_9
.Ltmp470:
@ %bb.1:
	@DEBUG_VALUE: arm_svm_sigmoid_predict_f32:sum <- [DW_OP_plus_uconst 4] [$sp+0]
	@DEBUG_VALUE: arm_svm_sigmoid_predict_f32:row <- $r8
	@DEBUG_VALUE: arm_svm_sigmoid_predict_f32:pResult <- [$sp+0]
	@DEBUG_VALUE: arm_svm_sigmoid_predict_f32:in <- $r12
	@DEBUG_VALUE: arm_svm_sigmoid_predict_f32:S <- $r0
	.loc	13 0 5                          @ C:/Keil_v5/Packs/ARM/CMSIS-DSP/1.15.0/Source/SVMFunctions/arm_svm_sigmoid_predict_f32.c:0:5
	ldrd	r1, lr, [r2]
	ldr	r5, [r2, #12]
	vdup.32	q0, r1
	vstrw.32	q0, [sp, #280]                  @ 16-byte Spill
	vldrw.u32	q0, [r2, #16]
	vmov	r1, s0
	vdup.32	q1, r1
	vstrw.32	q1, [sp, #264]                  @ 16-byte Spill
	ldrd	r1, r0, [r0, #24]
.Ltmp471:
	@DEBUG_VALUE: arm_svm_sigmoid_predict_f32:S <- [DW_OP_LLVM_entry_value 1] $r0
	vldrw.u32	q1, [r2, #8]
	vmov	r7, r10, d1
	strd	r1, r0, [sp, #256]              @ 8-byte Folded Spill
	vmov	r1, s4
	vdup.32	q0, r1
	vstrw.32	q0, [sp, #240]                  @ 16-byte Spill
	vmov.f32	q0, #-1.000000e+01
	vstrw.32	q0, [sp, #224]                  @ 16-byte Spill
	vdup.32	q0, r7
	vstrw.32	q0, [sp, #208]                  @ 16-byte Spill
	vmov.f32	q0, #1.000000e+01
	vstrw.32	q0, [sp, #192]                  @ 16-byte Spill
	vdup.32	q0, lr
	vstrw.32	q0, [sp, #176]                  @ 16-byte Spill
	vmov.i32	q0, #0x0
	vstrw.32	q0, [sp, #160]                  @ 16-byte Spill
	vmov	r6, s7
	vdup.32	q0, r6
	vstrw.32	q0, [sp, #144]                  @ 16-byte Spill
	vmov.f32	q0, #-1.000000e+00
	vstrw.32	q0, [sp, #128]                  @ 16-byte Spill
	vdup.32	q0, r5
	vstrw.32	q0, [sp, #112]                  @ 16-byte Spill
	vmov.f32	q0, #1.000000e+00
	vstrw.32	q0, [sp, #96]                   @ 16-byte Spill
	vdup.32	q0, r10
	vstrw.32	q0, [sp, #80]                   @ 16-byte Spill
	vmov.i32	q0, #0x41000000
	vstrw.32	q0, [sp, #64]                   @ 16-byte Spill
	vmvn.i32	q0, #0x7d
	vstrw.32	q0, [sp, #48]                   @ 16-byte Spill
	vmov.f32	q0, #-2.800000e+01
	vstrw.32	q0, [sp, #32]                   @ 16-byte Spill
	vmov.i32	q1, #0x0
	movw	r1, #10218
	lsl.w	r0, r9, #2
	.loc	13 77 5                         @ C:/Keil_v5/Packs/ARM/CMSIS-DSP/1.15.0/Source/SVMFunctions/arm_svm_sigmoid_predict_f32.c:77:5
	add.w	r2, r12, r11, lsl #4
	movt	r1, #32497
	vdup.32	q0, r1
	vstrw.32	q0, [sp, #16]                   @ 16-byte Spill
	b	.LBB7_3
.Ltmp472:
	.p2align	2
.LBB7_2:                                @   in Loop: Header=BB7_3 Depth=1
	@DEBUG_VALUE: arm_svm_sigmoid_predict_f32:vSum <- [DW_OP_plus_uconst 312] [$sp+0]
	@DEBUG_VALUE: arm_svm_sigmoid_predict_f32:blkCnt <- [DW_OP_plus_uconst 300] [$sp+0]
	@DEBUG_VALUE: pSrcA3Vec <- $r5
	@DEBUG_VALUE: acc1 <- $q4
	@DEBUG_VALUE: arm_svm_sigmoid_predict_f32:pInA0 <- $r4
	@DEBUG_VALUE: pSrcVecPtr <- $r12
	@DEBUG_VALUE: arm_svm_sigmoid_predict_f32:pDualCoef <- $r3
	@DEBUG_VALUE: arm_svm_sigmoid_predict_f32:pSrcA <- $r4
	@DEBUG_VALUE: arm_svm_sigmoid_predict_f32:S <- [DW_OP_LLVM_entry_value 1] $r0
	@DEBUG_VALUE: arm_svm_sigmoid_predict_f32:sum <- [DW_OP_plus_uconst 4] [$sp+0]
	@DEBUG_VALUE: arm_svm_sigmoid_predict_f32:row <- $r8
	@DEBUG_VALUE: arm_svm_sigmoid_predict_f32:pResult <- [$sp+0]
	@DEBUG_VALUE: arm_svm_sigmoid_predict_f32:in <- $r12
	@DEBUG_VALUE: acc0 <- $q6
	@DEBUG_VALUE: acc3 <- $q7
	@DEBUG_VALUE: acc2 <- $q3
	@DEBUG_VALUE: acc1 <- $q4
	@DEBUG_VALUE: vtmp <- undef
	@DEBUG_VALUE: vecAddAcrossF32Mve:in <- $q6
	.loc	6 60 29 is_stmt 1               @ ../../../../Library/CMSIS/DSP/Include\arm_helium_utils.h:60:29
	vadd.f32	s0, s24, s25
.Ltmp473:
	.loc	6 60 29 is_stmt 0               @ ../../../../Library/CMSIS/DSP/Include\arm_helium_utils.h:60:29
	vadd.f32	s2, s16, s17
.Ltmp474:
	.loc	6 60 49                         @ ../../../../Library/CMSIS/DSP/Include\arm_helium_utils.h:60:49
	vadd.f32	s0, s26, s0
.Ltmp475:
	.loc	6 60 49                         @ ../../../../Library/CMSIS/DSP/Include\arm_helium_utils.h:60:49
	vadd.f32	s2, s18, s2
.Ltmp476:
	.loc	6 61 29 is_stmt 1               @ ../../../../Library/CMSIS/DSP/Include\arm_helium_utils.h:61:29
	vadd.f32	s16, s27, s0
.Ltmp477:
	@DEBUG_VALUE: vecAddAcrossF32Mve:in <- $q4
	@DEBUG_VALUE: vecAddAcrossF32Mve:acc <- $s16
	.loc	6 61 29 is_stmt 0               @ ../../../../Library/CMSIS/DSP/Include\arm_helium_utils.h:61:29
	vadd.f32	s17, s19, s2
.Ltmp478:
	@DEBUG_VALUE: vecAddAcrossF32Mve:in <- $q3
	@DEBUG_VALUE: vecAddAcrossF32Mve:acc <- $s17
	.loc	6 60 29 is_stmt 1               @ ../../../../Library/CMSIS/DSP/Include\arm_helium_utils.h:60:29
	vadd.f32	s0, s12, s13
.Ltmp479:
	.loc	6 60 29 is_stmt 0               @ ../../../../Library/CMSIS/DSP/Include\arm_helium_utils.h:60:29
	vadd.f32	s2, s28, s29
.Ltmp480:
	.loc	6 60 49                         @ ../../../../Library/CMSIS/DSP/Include\arm_helium_utils.h:60:49
	vadd.f32	s0, s14, s0
.Ltmp481:
	.loc	6 60 49                         @ ../../../../Library/CMSIS/DSP/Include\arm_helium_utils.h:60:49
	vadd.f32	s2, s30, s2
.Ltmp482:
	.loc	6 61 29 is_stmt 1               @ ../../../../Library/CMSIS/DSP/Include\arm_helium_utils.h:61:29
	vadd.f32	s18, s15, s0
.Ltmp483:
	@DEBUG_VALUE: vecAddAcrossF32Mve:in <- $q7
	@DEBUG_VALUE: vecAddAcrossF32Mve:acc <- $s18
	.loc	6 61 29 is_stmt 0               @ ../../../../Library/CMSIS/DSP/Include\arm_helium_utils.h:61:29
	vadd.f32	s19, s31, s2
.Ltmp484:
	@DEBUG_VALUE: vecAddAcrossF32Mve:acc <- $s19
	@DEBUG_VALUE: vtmp <- $q4
	.loc	13 158 46 is_stmt 1             @ C:/Keil_v5/Packs/ARM/CMSIS-DSP/1.15.0/Source/SVMFunctions/arm_svm_sigmoid_predict_f32.c:158:46
	ldr	r1, [sp, #260]                  @ 4-byte Reload
.Ltmp485:
	.loc	9 264 14                        @ ../../../../Library/CMSIS/DSP/Include\arm_vec_math.h:264:14
	movs	r7, #0
.Ltmp486:
	.loc	9 282 21                        @ ../../../../Library/CMSIS/DSP/Include\arm_vec_math.h:282:21
	vldrw.u32	q2, [sp, #224]          @ 16-byte Reload
.Ltmp487:
	@DEBUG_VALUE: vtanhq_f32:val <- $q0
	.loc	13 158 46                       @ C:/Keil_v5/Packs/ARM/CMSIS-DSP/1.15.0/Source/SVMFunctions/arm_svm_sigmoid_predict_f32.c:158:46
	vmul.f32	q0, q4, r1
.Ltmp488:
	.loc	9 132 25                        @ ../../../../Library/CMSIS/DSP/Include\arm_vec_math.h:132:25
	vldrw.u32	q4, [sp, #264]          @ 16-byte Reload
.Ltmp489:
	.loc	13 158 34                       @ C:/Keil_v5/Packs/ARM/CMSIS-DSP/1.15.0/Source/SVMFunctions/arm_svm_sigmoid_predict_f32.c:158:34
	ldr	r1, [sp, #256]                  @ 4-byte Reload
	.loc	13 166 13                       @ C:/Keil_v5/Packs/ARM/CMSIS-DSP/1.15.0/Source/SVMFunctions/arm_svm_sigmoid_predict_f32.c:166:13
	sub.w	r8, r8, #4
.Ltmp490:
	@DEBUG_VALUE: arm_svm_sigmoid_predict_f32:row <- $r8
	.loc	9 133 25                        @ ../../../../Library/CMSIS/DSP/Include\arm_vec_math.h:133:25
	vldrw.u32	q6, [sp, #208]          @ 16-byte Reload
.Ltmp491:
	.loc	13 158 34                       @ C:/Keil_v5/Packs/ARM/CMSIS-DSP/1.15.0/Source/SVMFunctions/arm_svm_sigmoid_predict_f32.c:158:34
	vadd.f32	q0, q0, r1
.Ltmp492:
	.loc	9 134 25                        @ ../../../../Library/CMSIS/DSP/Include\arm_vec_math.h:134:25
	vldrw.u32	q7, [sp, #144]          @ 16-byte Reload
.Ltmp493:
	.loc	9 282 21                        @ ../../../../Library/CMSIS/DSP/Include\arm_vec_math.h:282:21
	vmaxnm.f32	q0, q0, q2
	.loc	9 282 9 is_stmt 0               @ ../../../../Library/CMSIS/DSP/Include\arm_vec_math.h:282:9
	vldrw.u32	q2, [sp, #192]          @ 16-byte Reload
	vminnm.f32	q0, q0, q2
.Ltmp494:
	@DEBUG_VALUE: vtanhq_f32:x <- $q0
	.loc	9 135 25 is_stmt 1              @ ../../../../Library/CMSIS/DSP/Include\arm_vec_math.h:135:25
	vldrw.u32	q5, [sp, #80]           @ 16-byte Reload
.Ltmp495:
	.loc	9 283 39                        @ ../../../../Library/CMSIS/DSP/Include\arm_vec_math.h:283:39
	vadd.f32	q2, q0, q0
.Ltmp496:
	.loc	9 256 11                        @ ../../../../Library/CMSIS/DSP/Include\arm_vec_math.h:256:11
	vldrw.u32	q1, [sp, #16]           @ 16-byte Reload
.Ltmp497:
	.loc	9 224 39                        @ ../../../../Library/CMSIS/DSP/Include\arm_vec_math.h:224:39
	movw	r1, #43579
.Ltmp498:
	.loc	9 264 14                        @ ../../../../Library/CMSIS/DSP/Include\arm_vec_math.h:264:14
	movt	r7, #49804
.Ltmp499:
	.loc	9 224 39                        @ ../../../../Library/CMSIS/DSP/Include\arm_vec_math.h:224:39
	movt	r1, #16312
.Ltmp500:
	@DEBUG_VALUE: vexpq_f32:x <- $q2
	vmul.f32	q0, q2, r1
.Ltmp501:
	.loc	9 225 40                        @ ../../../../Library/CMSIS/DSP/Include\arm_vec_math.h:225:40
	vrintz.f32	q3, q0
.Ltmp502:
	.loc	9 225 27 is_stmt 0              @ ../../../../Library/CMSIS/DSP/Include\arm_vec_math.h:225:27
	movw	r1, #29208
.Ltmp503:
	.loc	13 77 5 is_stmt 1               @ C:/Keil_v5/Packs/ARM/CMSIS-DSP/1.15.0/Source/SVMFunctions/arm_svm_sigmoid_predict_f32.c:77:5
	cmp.w	r8, #3
.Ltmp504:
	@DEBUG_VALUE: vtaylor_polyq_f32:coeffs <- undef
	.loc	9 225 27                        @ ../../../../Library/CMSIS/DSP/Include\arm_vec_math.h:225:27
	movt	r1, #48945
	vfma.f32	q2, q3, r1
.Ltmp505:
	@DEBUG_VALUE: vtaylor_polyq_f32:x <- $q2
	@DEBUG_VALUE: vexpq_f32:val <- $q2
	.loc	9 132 25                        @ ../../../../Library/CMSIS/DSP/Include\arm_vec_math.h:132:25
	vldrw.u32	q3, [sp, #280]          @ 16-byte Reload
	vfma.f32	q3, q4, q2
.Ltmp506:
	@DEBUG_VALUE: vtaylor_polyq_f32:A <- $q3
	.loc	9 133 25                        @ ../../../../Library/CMSIS/DSP/Include\arm_vec_math.h:133:25
	vldrw.u32	q4, [sp, #240]          @ 16-byte Reload
	vfma.f32	q4, q6, q2
.Ltmp507:
	@DEBUG_VALUE: vtaylor_polyq_f32:B <- $q4
	.loc	9 134 25                        @ ../../../../Library/CMSIS/DSP/Include\arm_vec_math.h:134:25
	vldrw.u32	q6, [sp, #176]          @ 16-byte Reload
	vfma.f32	q6, q7, q2
.Ltmp508:
	@DEBUG_VALUE: vtaylor_polyq_f32:C <- $q6
	.loc	9 135 25                        @ ../../../../Library/CMSIS/DSP/Include\arm_vec_math.h:135:25
	vldrw.u32	q7, [sp, #112]          @ 16-byte Reload
	vfma.f32	q7, q5, q2
.Ltmp509:
	@DEBUG_VALUE: vtaylor_polyq_f32:D <- $q7
	.loc	9 0 25 is_stmt 0                @ ../../../../Library/CMSIS/DSP/Include\arm_vec_math.h:0:25
	vldrw.u32	q5, [sp, #64]           @ 16-byte Reload
	.loc	9 136 26 is_stmt 1              @ ../../../../Library/CMSIS/DSP/Include\arm_vec_math.h:136:26
	vmul.f32	q2, q2, q2
.Ltmp510:
	@DEBUG_VALUE: vtaylor_polyq_f32:x2 <- $q2
	.loc	9 138 54                        @ ../../../../Library/CMSIS/DSP/Include\arm_vec_math.h:138:54
	vfma.f32	q6, q7, q2
.Ltmp511:
	.loc	9 138 33 is_stmt 0              @ ../../../../Library/CMSIS/DSP/Include\arm_vec_math.h:138:33
	vfma.f32	q3, q4, q2
.Ltmp512:
	.loc	9 224 25 is_stmt 1              @ ../../../../Library/CMSIS/DSP/Include\arm_vec_math.h:224:25
	vcvt.s32.f32	q0, q0
.Ltmp513:
	@DEBUG_VALUE: vexpq_f32:m <- $q0
	.loc	9 137 26                        @ ../../../../Library/CMSIS/DSP/Include\arm_vec_math.h:137:26
	vmul.f32	q2, q2, q2
.Ltmp514:
	@DEBUG_VALUE: vtaylor_polyq_f32:x4 <- $q2
	@DEBUG_VALUE: vtaylor_polyq_f32:x2 <- $q2
	.loc	9 138 27                        @ ../../../../Library/CMSIS/DSP/Include\arm_vec_math.h:138:27
	vfma.f32	q3, q6, q2
.Ltmp515:
	@DEBUG_VALUE: vexpq_f32:poly <- $q3
	@DEBUG_VALUE: vtaylor_polyq_f32:res <- $q3
	.loc	9 231 52                        @ ../../../../Library/CMSIS/DSP/Include\arm_vec_math.h:231:52
	vqshl.s32	q2, q0, #23
.Ltmp516:
	.loc	9 231 23 is_stmt 0              @ ../../../../Library/CMSIS/DSP/Include\arm_vec_math.h:231:23
	vqadd.s32	q2, q3, q2
.Ltmp517:
	@DEBUG_VALUE: vexpq_f32:poly <- $q2
	.loc	9 233 32 is_stmt 1              @ ../../../../Library/CMSIS/DSP/Include\arm_vec_math.h:233:32
	vldrw.u32	q3, [sp, #48]           @ 16-byte Reload
	vcmp.s32	gt, q3, q0
	.loc	9 233 12 is_stmt 0              @ ../../../../Library/CMSIS/DSP/Include\arm_vec_math.h:233:12
	vldrw.u32	q0, [sp, #160]          @ 16-byte Reload
.Ltmp518:
	vpsel	q3, q0, q2
.Ltmp519:
	@DEBUG_VALUE: vtanhq_f32:exp2x <- $q3
	@DEBUG_VALUE: vexpq_f32:poly <- $q3
	.loc	9 285 27 is_stmt 1              @ ../../../../Library/CMSIS/DSP/Include\arm_vec_math.h:285:27
	vldrw.u32	q0, [sp, #96]           @ 16-byte Reload
	vadd.f32	q0, q3, q0
.Ltmp520:
	@DEBUG_VALUE: vrecip_f32:v <- $q0
	@DEBUG_VALUE: vrecip_f32:vecIn <- $q0
	@DEBUG_VALUE: vtanhq_f32:den <- $q0
	.loc	9 256 11                        @ ../../../../Library/CMSIS/DSP/Include\arm_vec_math.h:256:11
	vsub.i32	q4, q1, q0
.Ltmp521:
	@DEBUG_VALUE: vrecip_f32:v <- $q4
	.loc	9 253 13                        @ ../../../../Library/CMSIS/DSP/Include\arm_vec_math.h:253:13
	vabs.f32	q2, q0
.Ltmp522:
	@DEBUG_VALUE: vrecip_f32:vecSx <- $q2
	.loc	9 0 13 is_stmt 0                @ ../../../../Library/CMSIS/DSP/Include\arm_vec_math.h:0:13
	vldrw.u32	q1, [sp, #32]           @ 16-byte Reload
	.loc	9 258 12 is_stmt 1              @ ../../../../Library/CMSIS/DSP/Include\arm_vec_math.h:258:12
	vmul.f32	q2, q2, q4
.Ltmp523:
	@DEBUG_VALUE: vrecip_f32:vecW <- $q2
	.loc	9 262 14                        @ ../../../../Library/CMSIS/DSP/Include\arm_vec_math.h:262:14
	vmov	q7, q1
.Ltmp524:
	.loc	9 261 14                        @ ../../../../Library/CMSIS/DSP/Include\arm_vec_math.h:261:14
	vsub.f32	q6, q5, q2
.Ltmp525:
	@DEBUG_VALUE: vrecip_f32:vecTmp <- $q6
	.loc	9 262 14                        @ ../../../../Library/CMSIS/DSP/Include\arm_vec_math.h:262:14
	vfma.f32	q7, q2, q6
.Ltmp526:
	@DEBUG_VALUE: vrecip_f32:vecTmp <- $q7
	.loc	9 263 14                        @ ../../../../Library/CMSIS/DSP/Include\arm_vec_math.h:263:14
	vmov	q6, q2
	.loc	9 270 33                        @ ../../../../Library/CMSIS/DSP/Include\arm_vec_math.h:270:33
	vcmp.f32	eq, q0, zr
	movw	r1, #0
	movt	r1, #16992
	.loc	9 263 14                        @ ../../../../Library/CMSIS/DSP/Include\arm_vec_math.h:263:14
	vfmas.f32	q6, q7, r1
.Ltmp527:
	@DEBUG_VALUE: vrecip_f32:vecTmp <- $q6
	.loc	9 264 14                        @ ../../../../Library/CMSIS/DSP/Include\arm_vec_math.h:264:14
	vmov	q7, q2
	vfmas.f32	q7, q6, r7
.Ltmp528:
	@DEBUG_VALUE: vrecip_f32:vecTmp <- $q7
	.loc	9 265 14                        @ ../../../../Library/CMSIS/DSP/Include\arm_vec_math.h:265:14
	vmov	q6, q2
	vfmas.f32	q6, q7, r1
.Ltmp529:
	@DEBUG_VALUE: vrecip_f32:vecTmp <- $q6
	.loc	9 266 14                        @ ../../../../Library/CMSIS/DSP/Include\arm_vec_math.h:266:14
	vfma.f32	q1, q2, q6
.Ltmp530:
	@DEBUG_VALUE: vrecip_f32:vecTmp <- $q1
	.loc	9 267 14                        @ ../../../../Library/CMSIS/DSP/Include\arm_vec_math.h:267:14
	vmov	q6, q5
	vfma.f32	q6, q2, q1
.Ltmp531:
	@DEBUG_VALUE: vrecip_f32:vecTmp <- $q6
	.loc	9 268 11                        @ ../../../../Library/CMSIS/DSP/Include\arm_vec_math.h:268:11
	vmul.f32	q2, q6, q4
.Ltmp532:
	@DEBUG_VALUE: vrecip_f32:v <- $q2
	.loc	9 284 27                        @ ../../../../Library/CMSIS/DSP/Include\arm_vec_math.h:284:27
	vldrw.u32	q4, [sp, #128]          @ 16-byte Reload
	vadd.f32	q3, q3, q4
.Ltmp533:
	@DEBUG_VALUE: vtanhq_f32:num <- $q3
	.loc	9 0 27 is_stmt 0                @ ../../../../Library/CMSIS/DSP/Include\arm_vec_math.h:0:27
	vstr	p0, [sp, #308]                  @ 4-byte Spill
.Ltmp534:
	.loc	9 274 29 is_stmt 1              @ ../../../../Library/CMSIS/DSP/Include\arm_vec_math.h:274:29
	vcmp.f32	lt, q0, zr
	vstr	p0, [sp, #304]                  @ 4-byte Spill
	.loc	9 270 11                        @ ../../../../Library/CMSIS/DSP/Include\arm_vec_math.h:270:11
	movw	r1, #65535
	vldr	p0, [sp, #308]                  @ 4-byte Reload
	movt	r1, #32639
	vpst	
	vdupt.32	q2, r1
.Ltmp535:
	@DEBUG_VALUE: vrecip_f32:v <- $q2
	.loc	9 274 11                        @ ../../../../Library/CMSIS/DSP/Include\arm_vec_math.h:274:11
	vldr	p0, [sp, #304]                  @ 4-byte Reload
	vldrw.u32	q1, [sp, #312]          @ 16-byte Reload
.Ltmp536:
	@DEBUG_VALUE: arm_svm_sigmoid_predict_f32:vSum <- $q1
	vpst	
	vnegt.f32	q2, q2
.Ltmp537:
	@DEBUG_VALUE: vrecip_f32:v <- $q2
	.loc	9 286 28                        @ ../../../../Library/CMSIS/DSP/Include\arm_vec_math.h:286:28
	vmul.f32	q0, q2, q3
.Ltmp538:
	@DEBUG_VALUE: vtanhq_f32:tanh <- $q0
	.loc	13 157 29                       @ C:/Keil_v5/Packs/ARM/CMSIS-DSP/1.15.0/Source/SVMFunctions/arm_svm_sigmoid_predict_f32.c:157:29
	vldrw.u32	q2, [r3], #16
.Ltmp539:
	.loc	13 157 13 is_stmt 0             @ C:/Keil_v5/Packs/ARM/CMSIS-DSP/1.15.0/Source/SVMFunctions/arm_svm_sigmoid_predict_f32.c:157:13
	vfma.f32	q1, q2, q0
.Ltmp540:
	@DEBUG_VALUE: arm_svm_sigmoid_predict_f32:vSum <- $q1
	@DEBUG_VALUE: arm_svm_sigmoid_predict_f32:pDualCoef <- $r3
	.loc	13 162 15 is_stmt 1             @ C:/Keil_v5/Packs/ARM/CMSIS-DSP/1.15.0/Source/SVMFunctions/arm_svm_sigmoid_predict_f32.c:162:15
	add.w	r4, r4, r0, lsl #2
.Ltmp541:
	@DEBUG_VALUE: arm_svm_sigmoid_predict_f32:pSrcA <- $r4
	.loc	13 0 15 is_stmt 0               @ C:/Keil_v5/Packs/ARM/CMSIS-DSP/1.15.0/Source/SVMFunctions/arm_svm_sigmoid_predict_f32.c:0:15
	bls	.LBB7_10
.Ltmp542:
.LBB7_3:                                @ =>This Loop Header: Depth=1
                                        @     Child Loop BB7_6 Depth 2
	@DEBUG_VALUE: arm_svm_sigmoid_predict_f32:S <- [DW_OP_LLVM_entry_value 1] $r0
	@DEBUG_VALUE: arm_svm_sigmoid_predict_f32:sum <- [DW_OP_plus_uconst 4] [$sp+0]
	@DEBUG_VALUE: arm_svm_sigmoid_predict_f32:row <- $r8
	@DEBUG_VALUE: arm_svm_sigmoid_predict_f32:pResult <- [$sp+0]
	@DEBUG_VALUE: arm_svm_sigmoid_predict_f32:in <- $r12
	@DEBUG_VALUE: arm_svm_sigmoid_predict_f32:pSrcA <- $r4
	@DEBUG_VALUE: arm_svm_sigmoid_predict_f32:pDualCoef <- $r3
	@DEBUG_VALUE: arm_svm_sigmoid_predict_f32:row <- $r8
	@DEBUG_VALUE: arm_svm_sigmoid_predict_f32:vSum <- $q1
	@DEBUG_VALUE: pSrcVecPtr <- $r12
	@DEBUG_VALUE: arm_svm_sigmoid_predict_f32:pInA0 <- $r4
	.loc	13 87 23 is_stmt 1              @ C:/Keil_v5/Packs/ARM/CMSIS-DSP/1.15.0/Source/SVMFunctions/arm_svm_sigmoid_predict_f32.c:87:23
	add.w	r7, r4, r9, lsl #2
.Ltmp543:
	@DEBUG_VALUE: arm_svm_sigmoid_predict_f32:pInA1 <- $r7
	.loc	13 0 23 is_stmt 0               @ C:/Keil_v5/Packs/ARM/CMSIS-DSP/1.15.0/Source/SVMFunctions/arm_svm_sigmoid_predict_f32.c:0:23
	vmov.i32	q4, #0x0
.Ltmp544:
	@DEBUG_VALUE: pInVec <- $r12
	@DEBUG_VALUE: pSrcA2Vec <- undef
	@DEBUG_VALUE: pSrcA1Vec <- undef
	@DEBUG_VALUE: pSrcA0Vec <- $r4
	@DEBUG_VALUE: arm_svm_sigmoid_predict_f32:blkCnt <- [DW_OP_plus_uconst 12] [$sp+0]
	@DEBUG_VALUE: acc1 <- $q4
	@DEBUG_VALUE: acc2 <- $q4
	@DEBUG_VALUE: acc3 <- $q4
	@DEBUG_VALUE: acc0 <- $q4
	.loc	13 88 23 is_stmt 1              @ C:/Keil_v5/Packs/ARM/CMSIS-DSP/1.15.0/Source/SVMFunctions/arm_svm_sigmoid_predict_f32.c:88:23
	add.w	r11, r7, r9, lsl #2
.Ltmp545:
	@DEBUG_VALUE: pInA2 <- $r11
	.loc	13 108 9                        @ C:/Keil_v5/Packs/ARM/CMSIS-DSP/1.15.0/Source/SVMFunctions/arm_svm_sigmoid_predict_f32.c:108:9
	cmp.w	r9, #4
	.loc	13 89 23                        @ C:/Keil_v5/Packs/ARM/CMSIS-DSP/1.15.0/Source/SVMFunctions/arm_svm_sigmoid_predict_f32.c:89:23
	add.w	r5, r11, r9, lsl #2
.Ltmp546:
	@DEBUG_VALUE: pSrcA3Vec <- $r5
	@DEBUG_VALUE: pInA3 <- $r5
	.loc	13 108 9                        @ C:/Keil_v5/Packs/ARM/CMSIS-DSP/1.15.0/Source/SVMFunctions/arm_svm_sigmoid_predict_f32.c:108:9
	bhs	.LBB7_5
.Ltmp547:
@ %bb.4:                                @   in Loop: Header=BB7_3 Depth=1
	@DEBUG_VALUE: pInA3 <- $r5
	@DEBUG_VALUE: pSrcA3Vec <- $r5
	@DEBUG_VALUE: pInA2 <- $r11
	@DEBUG_VALUE: acc0 <- $q4
	@DEBUG_VALUE: acc3 <- $q4
	@DEBUG_VALUE: acc2 <- $q4
	@DEBUG_VALUE: acc1 <- $q4
	@DEBUG_VALUE: arm_svm_sigmoid_predict_f32:blkCnt <- [DW_OP_plus_uconst 12] [$sp+0]
	@DEBUG_VALUE: pSrcA0Vec <- $r4
	@DEBUG_VALUE: pInVec <- $r12
	@DEBUG_VALUE: arm_svm_sigmoid_predict_f32:pInA1 <- $r7
	@DEBUG_VALUE: arm_svm_sigmoid_predict_f32:pInA0 <- $r4
	@DEBUG_VALUE: pSrcVecPtr <- $r12
	@DEBUG_VALUE: arm_svm_sigmoid_predict_f32:pDualCoef <- $r3
	@DEBUG_VALUE: arm_svm_sigmoid_predict_f32:pSrcA <- $r4
	@DEBUG_VALUE: arm_svm_sigmoid_predict_f32:S <- [DW_OP_LLVM_entry_value 1] $r0
	@DEBUG_VALUE: arm_svm_sigmoid_predict_f32:vSum <- $q1
	@DEBUG_VALUE: arm_svm_sigmoid_predict_f32:sum <- [DW_OP_plus_uconst 4] [$sp+0]
	@DEBUG_VALUE: arm_svm_sigmoid_predict_f32:row <- $r8
	@DEBUG_VALUE: arm_svm_sigmoid_predict_f32:pResult <- [$sp+0]
	@DEBUG_VALUE: arm_svm_sigmoid_predict_f32:in <- $r12
	.loc	13 0 9 is_stmt 0                @ C:/Keil_v5/Packs/ARM/CMSIS-DSP/1.15.0/Source/SVMFunctions/arm_svm_sigmoid_predict_f32.c:0:9
	vmov	q3, q4
	vmov	q7, q4
	vmov	q6, q4
	mov	r10, r12
	mov	r6, r4
	b	.LBB7_7
.Ltmp548:
	.p2align	2
.LBB7_5:                                @   in Loop: Header=BB7_3 Depth=1
	@DEBUG_VALUE: pInA3 <- $r5
	@DEBUG_VALUE: pSrcA3Vec <- $r5
	@DEBUG_VALUE: pInA2 <- $r11
	@DEBUG_VALUE: acc0 <- $q4
	@DEBUG_VALUE: acc3 <- $q4
	@DEBUG_VALUE: acc2 <- $q4
	@DEBUG_VALUE: acc1 <- $q4
	@DEBUG_VALUE: arm_svm_sigmoid_predict_f32:blkCnt <- [DW_OP_plus_uconst 12] [$sp+0]
	@DEBUG_VALUE: pSrcA0Vec <- $r4
	@DEBUG_VALUE: pInVec <- $r12
	@DEBUG_VALUE: arm_svm_sigmoid_predict_f32:pInA1 <- $r7
	@DEBUG_VALUE: arm_svm_sigmoid_predict_f32:pInA0 <- $r4
	@DEBUG_VALUE: pSrcVecPtr <- $r12
	@DEBUG_VALUE: arm_svm_sigmoid_predict_f32:pDualCoef <- $r3
	@DEBUG_VALUE: arm_svm_sigmoid_predict_f32:pSrcA <- $r4
	@DEBUG_VALUE: arm_svm_sigmoid_predict_f32:S <- [DW_OP_LLVM_entry_value 1] $r0
	@DEBUG_VALUE: arm_svm_sigmoid_predict_f32:vSum <- $q1
	@DEBUG_VALUE: arm_svm_sigmoid_predict_f32:sum <- [DW_OP_plus_uconst 4] [$sp+0]
	@DEBUG_VALUE: arm_svm_sigmoid_predict_f32:row <- $r8
	@DEBUG_VALUE: arm_svm_sigmoid_predict_f32:pResult <- [$sp+0]
	@DEBUG_VALUE: arm_svm_sigmoid_predict_f32:in <- $r12
	.loc	13 108 9                        @ C:/Keil_v5/Packs/ARM/CMSIS-DSP/1.15.0/Source/SVMFunctions/arm_svm_sigmoid_predict_f32.c:108:9
	ldr	r1, [sp, #12]                   @ 4-byte Reload
	mov	r6, r4
	vmov.i32	q6, #0x0
	dls	lr, r1
	mov	r1, r12
	vmov	q7, q6
	vmov	q3, q6
	vmov	q4, q6
.Ltmp549:
	.p2align	2
.LBB7_6:                                @   Parent Loop BB7_3 Depth=1
                                        @ =>  This Inner Loop Header: Depth=2
	@DEBUG_VALUE: pSrcA3Vec <- $r5
	@DEBUG_VALUE: arm_svm_sigmoid_predict_f32:pInA0 <- $r4
	@DEBUG_VALUE: pSrcVecPtr <- $r12
	@DEBUG_VALUE: arm_svm_sigmoid_predict_f32:pDualCoef <- $r3
	@DEBUG_VALUE: arm_svm_sigmoid_predict_f32:pSrcA <- $r4
	@DEBUG_VALUE: arm_svm_sigmoid_predict_f32:S <- [DW_OP_LLVM_entry_value 1] $r0
	@DEBUG_VALUE: arm_svm_sigmoid_predict_f32:vSum <- $q1
	@DEBUG_VALUE: arm_svm_sigmoid_predict_f32:sum <- [DW_OP_plus_uconst 4] [$sp+0]
	@DEBUG_VALUE: arm_svm_sigmoid_predict_f32:row <- $r8
	@DEBUG_VALUE: arm_svm_sigmoid_predict_f32:pResult <- [$sp+0]
	@DEBUG_VALUE: arm_svm_sigmoid_predict_f32:in <- $r12
	@DEBUG_VALUE: acc0 <- $q6
	@DEBUG_VALUE: acc3 <- $q7
	@DEBUG_VALUE: acc2 <- $q3
	@DEBUG_VALUE: acc1 <- $q4
	@DEBUG_VALUE: arm_svm_sigmoid_predict_f32:blkCnt <- undef
	@DEBUG_VALUE: pSrcA0Vec <- $r6
	@DEBUG_VALUE: pSrcA1Vec <- $r7
	@DEBUG_VALUE: pSrcA2Vec <- $r11
	@DEBUG_VALUE: pInVec <- $r1
	@DEBUG_VALUE: pSrcA3Vec <- $r5
	.loc	13 111 21 is_stmt 1             @ C:/Keil_v5/Packs/ARM/CMSIS-DSP/1.15.0/Source/SVMFunctions/arm_svm_sigmoid_predict_f32.c:111:21
	vldrw.u32	q0, [r1], #16
.Ltmp550:
	@DEBUG_VALUE: vecIn <- $q0
	@DEBUG_VALUE: pInVec <- $r1
	.loc	13 113 20                       @ C:/Keil_v5/Packs/ARM/CMSIS-DSP/1.15.0/Source/SVMFunctions/arm_svm_sigmoid_predict_f32.c:113:20
	vldrw.u32	q2, [r6], #16
.Ltmp551:
	@DEBUG_VALUE: vecA <- $q2
	@DEBUG_VALUE: pSrcA0Vec <- $r6
	.loc	13 115 20                       @ C:/Keil_v5/Packs/ARM/CMSIS-DSP/1.15.0/Source/SVMFunctions/arm_svm_sigmoid_predict_f32.c:115:20
	vfma.f32	q6, q0, q2
.Ltmp552:
	@DEBUG_VALUE: acc0 <- $q6
	.loc	13 116 20                       @ C:/Keil_v5/Packs/ARM/CMSIS-DSP/1.15.0/Source/SVMFunctions/arm_svm_sigmoid_predict_f32.c:116:20
	vldrw.u32	q2, [r7], #16
.Ltmp553:
	@DEBUG_VALUE: vecA <- $q2
	@DEBUG_VALUE: pSrcA1Vec <- $r7
	.loc	13 118 20                       @ C:/Keil_v5/Packs/ARM/CMSIS-DSP/1.15.0/Source/SVMFunctions/arm_svm_sigmoid_predict_f32.c:118:20
	vfma.f32	q4, q0, q2
.Ltmp554:
	@DEBUG_VALUE: acc1 <- $q4
	.loc	13 119 20                       @ C:/Keil_v5/Packs/ARM/CMSIS-DSP/1.15.0/Source/SVMFunctions/arm_svm_sigmoid_predict_f32.c:119:20
	vldrw.u32	q2, [r11], #16
.Ltmp555:
	@DEBUG_VALUE: vecA <- $q2
	@DEBUG_VALUE: pSrcA2Vec <- $r11
	.loc	13 121 20                       @ C:/Keil_v5/Packs/ARM/CMSIS-DSP/1.15.0/Source/SVMFunctions/arm_svm_sigmoid_predict_f32.c:121:20
	vfma.f32	q3, q0, q2
.Ltmp556:
	@DEBUG_VALUE: acc2 <- $q3
	.loc	13 122 20                       @ C:/Keil_v5/Packs/ARM/CMSIS-DSP/1.15.0/Source/SVMFunctions/arm_svm_sigmoid_predict_f32.c:122:20
	vldrw.u32	q2, [r5], #16
.Ltmp557:
	@DEBUG_VALUE: vecA <- $q2
	@DEBUG_VALUE: pSrcA3Vec <- $r5
	.loc	13 124 20                       @ C:/Keil_v5/Packs/ARM/CMSIS-DSP/1.15.0/Source/SVMFunctions/arm_svm_sigmoid_predict_f32.c:124:20
	vfma.f32	q7, q0, q2
.Ltmp558:
	@DEBUG_VALUE: acc3 <- $q7
	.loc	13 0 20 is_stmt 0               @ C:/Keil_v5/Packs/ARM/CMSIS-DSP/1.15.0/Source/SVMFunctions/arm_svm_sigmoid_predict_f32.c:0:20
	mov	r10, r2
.Ltmp559:
	.loc	13 108 9 is_stmt 1              @ C:/Keil_v5/Packs/ARM/CMSIS-DSP/1.15.0/Source/SVMFunctions/arm_svm_sigmoid_predict_f32.c:108:9
	le	lr, .LBB7_6
.Ltmp560:
.LBB7_7:                                @   in Loop: Header=BB7_3 Depth=1
	@DEBUG_VALUE: pSrcA3Vec <- $r5
	@DEBUG_VALUE: acc1 <- $q4
	@DEBUG_VALUE: arm_svm_sigmoid_predict_f32:pInA0 <- $r4
	@DEBUG_VALUE: pSrcVecPtr <- $r12
	@DEBUG_VALUE: arm_svm_sigmoid_predict_f32:pDualCoef <- $r3
	@DEBUG_VALUE: arm_svm_sigmoid_predict_f32:pSrcA <- $r4
	@DEBUG_VALUE: arm_svm_sigmoid_predict_f32:S <- [DW_OP_LLVM_entry_value 1] $r0
	@DEBUG_VALUE: arm_svm_sigmoid_predict_f32:vSum <- $q1
	@DEBUG_VALUE: arm_svm_sigmoid_predict_f32:sum <- [DW_OP_plus_uconst 4] [$sp+0]
	@DEBUG_VALUE: arm_svm_sigmoid_predict_f32:row <- $r8
	@DEBUG_VALUE: arm_svm_sigmoid_predict_f32:pResult <- [$sp+0]
	@DEBUG_VALUE: arm_svm_sigmoid_predict_f32:in <- $r12
	@DEBUG_VALUE: arm_svm_sigmoid_predict_f32:blkCnt <- [DW_OP_plus_uconst 300] [$sp+0]
	.loc	13 0 9 is_stmt 0                @ C:/Keil_v5/Packs/ARM/CMSIS-DSP/1.15.0/Source/SVMFunctions/arm_svm_sigmoid_predict_f32.c:0:9
	ldr	r1, [sp, #300]                  @ 4-byte Reload
	vstrw.32	q1, [sp, #312]                  @ 16-byte Spill
.Ltmp561:
	@DEBUG_VALUE: arm_svm_sigmoid_predict_f32:vSum <- [DW_OP_plus_uconst 312] [$sp+0]
	.loc	13 133 13 is_stmt 1             @ C:/Keil_v5/Packs/ARM/CMSIS-DSP/1.15.0/Source/SVMFunctions/arm_svm_sigmoid_predict_f32.c:133:13
	cmp	r1, #0
	beq.w	.LBB7_2
.Ltmp562:
@ %bb.8:                                @   in Loop: Header=BB7_3 Depth=1
	@DEBUG_VALUE: arm_svm_sigmoid_predict_f32:vSum <- [DW_OP_plus_uconst 312] [$sp+0]
	@DEBUG_VALUE: arm_svm_sigmoid_predict_f32:blkCnt <- [DW_OP_plus_uconst 300] [$sp+0]
	@DEBUG_VALUE: pSrcA3Vec <- $r5
	@DEBUG_VALUE: acc1 <- $q4
	@DEBUG_VALUE: arm_svm_sigmoid_predict_f32:pInA0 <- $r4
	@DEBUG_VALUE: pSrcVecPtr <- $r12
	@DEBUG_VALUE: arm_svm_sigmoid_predict_f32:pDualCoef <- $r3
	@DEBUG_VALUE: arm_svm_sigmoid_predict_f32:pSrcA <- $r4
	@DEBUG_VALUE: arm_svm_sigmoid_predict_f32:S <- [DW_OP_LLVM_entry_value 1] $r0
	@DEBUG_VALUE: arm_svm_sigmoid_predict_f32:sum <- [DW_OP_plus_uconst 4] [$sp+0]
	@DEBUG_VALUE: arm_svm_sigmoid_predict_f32:row <- $r8
	@DEBUG_VALUE: arm_svm_sigmoid_predict_f32:pResult <- [$sp+0]
	@DEBUG_VALUE: arm_svm_sigmoid_predict_f32:in <- $r12
	.loc	13 134 34                       @ C:/Keil_v5/Packs/ARM/CMSIS-DSP/1.15.0/Source/SVMFunctions/arm_svm_sigmoid_predict_f32.c:134:34
	vctp.32	r1
.Ltmp563:
	@DEBUG_VALUE: p0 <- undef
	.loc	13 137 21                       @ C:/Keil_v5/Packs/ARM/CMSIS-DSP/1.15.0/Source/SVMFunctions/arm_svm_sigmoid_predict_f32.c:137:21
	vpstt	
	vldrwt.u32	q0, [r10]
.Ltmp564:
	@DEBUG_VALUE: vecIn <- $q0
	.loc	13 138 20                       @ C:/Keil_v5/Packs/ARM/CMSIS-DSP/1.15.0/Source/SVMFunctions/arm_svm_sigmoid_predict_f32.c:138:20
	vldrwt.u32	q2, [r6]
.Ltmp565:
	@DEBUG_VALUE: vecA <- $q2
	.loc	13 139 20                       @ C:/Keil_v5/Packs/ARM/CMSIS-DSP/1.15.0/Source/SVMFunctions/arm_svm_sigmoid_predict_f32.c:139:20
	vfma.f32	q6, q0, q2
.Ltmp566:
	@DEBUG_VALUE: acc0 <- $q6
	.loc	13 140 20                       @ C:/Keil_v5/Packs/ARM/CMSIS-DSP/1.15.0/Source/SVMFunctions/arm_svm_sigmoid_predict_f32.c:140:20
	vpst	
	vldrwt.u32	q2, [r7]
.Ltmp567:
	@DEBUG_VALUE: vecA <- $q2
	.loc	13 141 20                       @ C:/Keil_v5/Packs/ARM/CMSIS-DSP/1.15.0/Source/SVMFunctions/arm_svm_sigmoid_predict_f32.c:141:20
	vfma.f32	q4, q0, q2
.Ltmp568:
	@DEBUG_VALUE: acc1 <- $q4
	.loc	13 142 20                       @ C:/Keil_v5/Packs/ARM/CMSIS-DSP/1.15.0/Source/SVMFunctions/arm_svm_sigmoid_predict_f32.c:142:20
	vpst	
	vldrwt.u32	q2, [r11]
.Ltmp569:
	@DEBUG_VALUE: vecA <- $q2
	.loc	13 143 20                       @ C:/Keil_v5/Packs/ARM/CMSIS-DSP/1.15.0/Source/SVMFunctions/arm_svm_sigmoid_predict_f32.c:143:20
	vfma.f32	q3, q0, q2
.Ltmp570:
	@DEBUG_VALUE: acc2 <- $q3
	.loc	13 144 20                       @ C:/Keil_v5/Packs/ARM/CMSIS-DSP/1.15.0/Source/SVMFunctions/arm_svm_sigmoid_predict_f32.c:144:20
	vpst	
	vldrwt.u32	q2, [r5]
.Ltmp571:
	@DEBUG_VALUE: vecA <- $q2
	.loc	13 145 20                       @ C:/Keil_v5/Packs/ARM/CMSIS-DSP/1.15.0/Source/SVMFunctions/arm_svm_sigmoid_predict_f32.c:145:20
	vfma.f32	q7, q0, q2
.Ltmp572:
	@DEBUG_VALUE: acc3 <- $q7
	.loc	13 0 20 is_stmt 0               @ C:/Keil_v5/Packs/ARM/CMSIS-DSP/1.15.0/Source/SVMFunctions/arm_svm_sigmoid_predict_f32.c:0:20
	b	.LBB7_2
.Ltmp573:
.LBB7_9:
	@DEBUG_VALUE: arm_svm_sigmoid_predict_f32:sum <- [DW_OP_plus_uconst 4] [$sp+0]
	@DEBUG_VALUE: arm_svm_sigmoid_predict_f32:row <- $r8
	@DEBUG_VALUE: arm_svm_sigmoid_predict_f32:pResult <- [$sp+0]
	@DEBUG_VALUE: arm_svm_sigmoid_predict_f32:in <- $r12
	@DEBUG_VALUE: arm_svm_sigmoid_predict_f32:S <- $r0
	vmov.i32	q1, #0x0
.Ltmp574:
	@DEBUG_VALUE: arm_svm_sigmoid_predict_f32:vSum <- $q1
.LBB7_10:
	@DEBUG_VALUE: arm_svm_sigmoid_predict_f32:vSum <- $q1
	@DEBUG_VALUE: arm_svm_sigmoid_predict_f32:sum <- [DW_OP_plus_uconst 4] [$sp+0]
	@DEBUG_VALUE: arm_svm_sigmoid_predict_f32:row <- $r8
	@DEBUG_VALUE: arm_svm_sigmoid_predict_f32:pResult <- [$sp+0]
	@DEBUG_VALUE: arm_svm_sigmoid_predict_f32:in <- $r12
	.loc	13 172 9 is_stmt 1              @ C:/Keil_v5/Packs/ARM/CMSIS-DSP/1.15.0/Source/SVMFunctions/arm_svm_sigmoid_predict_f32.c:172:9
	cmp.w	r8, #2
	blo.w	.LBB7_25
.Ltmp575:
@ %bb.11:
	@DEBUG_VALUE: arm_svm_sigmoid_predict_f32:vSum <- $q1
	@DEBUG_VALUE: arm_svm_sigmoid_predict_f32:sum <- [DW_OP_plus_uconst 4] [$sp+0]
	@DEBUG_VALUE: arm_svm_sigmoid_predict_f32:row <- $r8
	@DEBUG_VALUE: arm_svm_sigmoid_predict_f32:pResult <- [$sp+0]
	@DEBUG_VALUE: arm_svm_sigmoid_predict_f32:in <- $r12
	@DEBUG_VALUE: arm_svm_sigmoid_predict_f32:pInA0 <- $r4
	@DEBUG_VALUE: pSrcVecPtr <- $r12
	.loc	13 0 9 is_stmt 0                @ C:/Keil_v5/Packs/ARM/CMSIS-DSP/1.15.0/Source/SVMFunctions/arm_svm_sigmoid_predict_f32.c:0:9
	vmov.i32	q0, #0x0
.Ltmp576:
	@DEBUG_VALUE: acc0 <- $q0
	@DEBUG_VALUE: acc1 <- $q0
	.loc	13 181 23 is_stmt 1             @ C:/Keil_v5/Packs/ARM/CMSIS-DSP/1.15.0/Source/SVMFunctions/arm_svm_sigmoid_predict_f32.c:181:23
	add.w	r0, r4, r9, lsl #2
.Ltmp577:
	@DEBUG_VALUE: pSrcA0Vec <- $r4
	@DEBUG_VALUE: pInVec <- $r12
	@DEBUG_VALUE: pSrcA1Vec <- $r0
	@DEBUG_VALUE: arm_svm_sigmoid_predict_f32:blkCnt <- [DW_OP_constu 2, DW_OP_shr, DW_OP_stack_value] $r9
	@DEBUG_VALUE: arm_svm_sigmoid_predict_f32:pInA1 <- $r0
	.loc	13 0 23 is_stmt 0               @ C:/Keil_v5/Packs/ARM/CMSIS-DSP/1.15.0/Source/SVMFunctions/arm_svm_sigmoid_predict_f32.c:0:23
	movw	r6, :lower16:exp_tab
	ldr.w	r11, [sp, #12]                  @ 4-byte Reload
	mov	r2, r4
	mov	r1, r12
	vmov	q2, q0
	movt	r6, :upper16:exp_tab
	.loc	13 195 9 is_stmt 1              @ C:/Keil_v5/Packs/ARM/CMSIS-DSP/1.15.0/Source/SVMFunctions/arm_svm_sigmoid_predict_f32.c:195:9
	wls	lr, r11, .LBB7_15
.Ltmp578:
@ %bb.12:
	@DEBUG_VALUE: arm_svm_sigmoid_predict_f32:pInA1 <- $r0
	@DEBUG_VALUE: arm_svm_sigmoid_predict_f32:blkCnt <- [DW_OP_constu 2, DW_OP_shr, DW_OP_stack_value] $r9
	@DEBUG_VALUE: pSrcA1Vec <- $r0
	@DEBUG_VALUE: pInVec <- $r12
	@DEBUG_VALUE: pSrcA0Vec <- $r4
	@DEBUG_VALUE: acc1 <- $q0
	@DEBUG_VALUE: acc0 <- $q0
	@DEBUG_VALUE: pSrcVecPtr <- $r12
	@DEBUG_VALUE: arm_svm_sigmoid_predict_f32:pInA0 <- $r4
	@DEBUG_VALUE: arm_svm_sigmoid_predict_f32:vSum <- $q1
	@DEBUG_VALUE: arm_svm_sigmoid_predict_f32:sum <- [DW_OP_plus_uconst 4] [$sp+0]
	@DEBUG_VALUE: arm_svm_sigmoid_predict_f32:row <- $r8
	@DEBUG_VALUE: arm_svm_sigmoid_predict_f32:pResult <- [$sp+0]
	@DEBUG_VALUE: arm_svm_sigmoid_predict_f32:in <- $r12
	@DEBUG_VALUE: arm_svm_sigmoid_predict_f32:blkCnt <- $r11
	.loc	13 0 9 is_stmt 0                @ C:/Keil_v5/Packs/ARM/CMSIS-DSP/1.15.0/Source/SVMFunctions/arm_svm_sigmoid_predict_f32.c:0:9
	vmov.i32	q2, #0x0
	.loc	13 195 9                        @ C:/Keil_v5/Packs/ARM/CMSIS-DSP/1.15.0/Source/SVMFunctions/arm_svm_sigmoid_predict_f32.c:195:9
	lsl.w	r7, r11, #4
	mov	r2, r12
	add.w	r1, r12, r11, lsl #4
	add.w	r10, r7, r9, lsl #2
	vmov	q0, q2
.Ltmp579:
	.loc	13 0 9                          @ C:/Keil_v5/Packs/ARM/CMSIS-DSP/1.15.0/Source/SVMFunctions/arm_svm_sigmoid_predict_f32.c:0:9
	mov	r5, r4
.Ltmp580:
	.p2align	2
.LBB7_13:                               @ =>This Inner Loop Header: Depth=1
	@DEBUG_VALUE: pSrcA1Vec <- $r0
	@DEBUG_VALUE: pSrcVecPtr <- $r12
	@DEBUG_VALUE: arm_svm_sigmoid_predict_f32:pInA0 <- $r4
	@DEBUG_VALUE: arm_svm_sigmoid_predict_f32:vSum <- $q1
	@DEBUG_VALUE: arm_svm_sigmoid_predict_f32:sum <- [DW_OP_plus_uconst 4] [$sp+0]
	@DEBUG_VALUE: arm_svm_sigmoid_predict_f32:row <- $r8
	@DEBUG_VALUE: arm_svm_sigmoid_predict_f32:pResult <- [$sp+0]
	@DEBUG_VALUE: arm_svm_sigmoid_predict_f32:in <- $r12
	@DEBUG_VALUE: arm_svm_sigmoid_predict_f32:blkCnt <- undef
	@DEBUG_VALUE: acc1 <- $q2
	@DEBUG_VALUE: acc0 <- $q0
	@DEBUG_VALUE: pSrcA1Vec <- $r0
	@DEBUG_VALUE: pInVec <- $r2
	@DEBUG_VALUE: pSrcA0Vec <- $r5
	.loc	13 198 21 is_stmt 1             @ C:/Keil_v5/Packs/ARM/CMSIS-DSP/1.15.0/Source/SVMFunctions/arm_svm_sigmoid_predict_f32.c:198:21
	vldrw.u32	q3, [r2], #16
.Ltmp581:
	@DEBUG_VALUE: vecIn <- $q3
	@DEBUG_VALUE: pInVec <- $r2
	.loc	13 200 20                       @ C:/Keil_v5/Packs/ARM/CMSIS-DSP/1.15.0/Source/SVMFunctions/arm_svm_sigmoid_predict_f32.c:200:20
	vldrw.u32	q4, [r5], #16
.Ltmp582:
	@DEBUG_VALUE: vecA <- $q4
	@DEBUG_VALUE: pSrcA0Vec <- $r5
	.loc	13 202 20                       @ C:/Keil_v5/Packs/ARM/CMSIS-DSP/1.15.0/Source/SVMFunctions/arm_svm_sigmoid_predict_f32.c:202:20
	vfma.f32	q0, q3, q4
.Ltmp583:
	@DEBUG_VALUE: acc0 <- $q0
	.loc	13 203 20                       @ C:/Keil_v5/Packs/ARM/CMSIS-DSP/1.15.0/Source/SVMFunctions/arm_svm_sigmoid_predict_f32.c:203:20
	vldrw.u32	q4, [r0], #16
.Ltmp584:
	@DEBUG_VALUE: vecA <- $q4
	@DEBUG_VALUE: pSrcA1Vec <- $r0
	.loc	13 205 20                       @ C:/Keil_v5/Packs/ARM/CMSIS-DSP/1.15.0/Source/SVMFunctions/arm_svm_sigmoid_predict_f32.c:205:20
	vfma.f32	q2, q3, q4
.Ltmp585:
	@DEBUG_VALUE: acc1 <- $q2
	.loc	13 195 9                        @ C:/Keil_v5/Packs/ARM/CMSIS-DSP/1.15.0/Source/SVMFunctions/arm_svm_sigmoid_predict_f32.c:195:9
	le	lr, .LBB7_13
.Ltmp586:
@ %bb.14:
	@DEBUG_VALUE: vecIn <- $q3
	@DEBUG_VALUE: pSrcA0Vec <- $r5
	@DEBUG_VALUE: pInVec <- $r2
	@DEBUG_VALUE: acc1 <- $q2
	@DEBUG_VALUE: pSrcA1Vec <- $r0
	@DEBUG_VALUE: acc0 <- $q0
	@DEBUG_VALUE: pSrcVecPtr <- $r12
	@DEBUG_VALUE: arm_svm_sigmoid_predict_f32:pInA0 <- $r4
	@DEBUG_VALUE: arm_svm_sigmoid_predict_f32:vSum <- $q1
	@DEBUG_VALUE: arm_svm_sigmoid_predict_f32:sum <- [DW_OP_plus_uconst 4] [$sp+0]
	@DEBUG_VALUE: arm_svm_sigmoid_predict_f32:row <- $r8
	@DEBUG_VALUE: arm_svm_sigmoid_predict_f32:pResult <- [$sp+0]
	@DEBUG_VALUE: arm_svm_sigmoid_predict_f32:in <- $r12
	adds	r2, r4, r7
.Ltmp587:
	add.w	r0, r4, r10
.Ltmp588:
.LBB7_15:
	@DEBUG_VALUE: acc0 <- $q0
	@DEBUG_VALUE: pSrcVecPtr <- $r12
	@DEBUG_VALUE: arm_svm_sigmoid_predict_f32:pInA0 <- $r4
	@DEBUG_VALUE: arm_svm_sigmoid_predict_f32:vSum <- $q1
	@DEBUG_VALUE: arm_svm_sigmoid_predict_f32:sum <- [DW_OP_plus_uconst 4] [$sp+0]
	@DEBUG_VALUE: arm_svm_sigmoid_predict_f32:row <- $r8
	@DEBUG_VALUE: arm_svm_sigmoid_predict_f32:pResult <- [$sp+0]
	@DEBUG_VALUE: arm_svm_sigmoid_predict_f32:in <- $r12
	@DEBUG_VALUE: arm_svm_sigmoid_predict_f32:blkCnt <- [DW_OP_plus_uconst 300] [$sp+0]
	.loc	13 0 9 is_stmt 0                @ C:/Keil_v5/Packs/ARM/CMSIS-DSP/1.15.0/Source/SVMFunctions/arm_svm_sigmoid_predict_f32.c:0:9
	ldr	r7, [sp, #300]                  @ 4-byte Reload
	.loc	13 214 13 is_stmt 1             @ C:/Keil_v5/Packs/ARM/CMSIS-DSP/1.15.0/Source/SVMFunctions/arm_svm_sigmoid_predict_f32.c:214:13
	cbz	r7, .LBB7_17
.Ltmp589:
@ %bb.16:
	@DEBUG_VALUE: acc0 <- $q0
	@DEBUG_VALUE: pSrcVecPtr <- $r12
	@DEBUG_VALUE: arm_svm_sigmoid_predict_f32:blkCnt <- [DW_OP_plus_uconst 300] [$sp+0]
	@DEBUG_VALUE: arm_svm_sigmoid_predict_f32:pInA0 <- $r4
	@DEBUG_VALUE: arm_svm_sigmoid_predict_f32:vSum <- $q1
	@DEBUG_VALUE: arm_svm_sigmoid_predict_f32:sum <- [DW_OP_plus_uconst 4] [$sp+0]
	@DEBUG_VALUE: arm_svm_sigmoid_predict_f32:row <- $r8
	@DEBUG_VALUE: arm_svm_sigmoid_predict_f32:pResult <- [$sp+0]
	@DEBUG_VALUE: arm_svm_sigmoid_predict_f32:in <- $r12
	.loc	13 215 34                       @ C:/Keil_v5/Packs/ARM/CMSIS-DSP/1.15.0/Source/SVMFunctions/arm_svm_sigmoid_predict_f32.c:215:34
	vctp.32	r7
.Ltmp590:
	@DEBUG_VALUE: p0 <- undef
	.loc	13 218 21                       @ C:/Keil_v5/Packs/ARM/CMSIS-DSP/1.15.0/Source/SVMFunctions/arm_svm_sigmoid_predict_f32.c:218:21
	vpstt	
	vldrwt.u32	q3, [r1]
.Ltmp591:
	@DEBUG_VALUE: vecIn <- $q3
	.loc	13 219 20                       @ C:/Keil_v5/Packs/ARM/CMSIS-DSP/1.15.0/Source/SVMFunctions/arm_svm_sigmoid_predict_f32.c:219:20
	vldrwt.u32	q4, [r2]
.Ltmp592:
	@DEBUG_VALUE: vecA <- $q4
	.loc	13 220 20                       @ C:/Keil_v5/Packs/ARM/CMSIS-DSP/1.15.0/Source/SVMFunctions/arm_svm_sigmoid_predict_f32.c:220:20
	vfma.f32	q0, q3, q4
.Ltmp593:
	@DEBUG_VALUE: acc0 <- $q0
	.loc	13 221 20                       @ C:/Keil_v5/Packs/ARM/CMSIS-DSP/1.15.0/Source/SVMFunctions/arm_svm_sigmoid_predict_f32.c:221:20
	vpst	
	vldrwt.u32	q4, [r0]
.Ltmp594:
	@DEBUG_VALUE: vecA <- $q4
	.loc	13 222 20                       @ C:/Keil_v5/Packs/ARM/CMSIS-DSP/1.15.0/Source/SVMFunctions/arm_svm_sigmoid_predict_f32.c:222:20
	vfma.f32	q2, q3, q4
.Ltmp595:
	@DEBUG_VALUE: acc1 <- $q2
.LBB7_17:
	@DEBUG_VALUE: acc0 <- $q0
	@DEBUG_VALUE: pSrcVecPtr <- $r12
	@DEBUG_VALUE: arm_svm_sigmoid_predict_f32:blkCnt <- [DW_OP_plus_uconst 300] [$sp+0]
	@DEBUG_VALUE: arm_svm_sigmoid_predict_f32:pInA0 <- $r4
	@DEBUG_VALUE: arm_svm_sigmoid_predict_f32:vSum <- $q1
	@DEBUG_VALUE: arm_svm_sigmoid_predict_f32:sum <- [DW_OP_plus_uconst 4] [$sp+0]
	@DEBUG_VALUE: arm_svm_sigmoid_predict_f32:row <- $r8
	@DEBUG_VALUE: arm_svm_sigmoid_predict_f32:pResult <- [$sp+0]
	@DEBUG_VALUE: arm_svm_sigmoid_predict_f32:in <- $r12
	@DEBUG_VALUE: acc1 <- $q2
	@DEBUG_VALUE: acc0 <- $q0
	@DEBUG_VALUE: vtmp <- undef
	@DEBUG_VALUE: vecAddAcrossF32Mve:in <- $q0
	.loc	6 60 29                         @ ../../../../Library/CMSIS/DSP/Include\arm_helium_utils.h:60:29
	vadd.f32	s0, s0, s1
.Ltmp596:
	.loc	6 60 29 is_stmt 0               @ ../../../../Library/CMSIS/DSP/Include\arm_helium_utils.h:60:29
	vadd.f32	s8, s8, s9
.Ltmp597:
	.loc	13 233 36 is_stmt 1             @ C:/Keil_v5/Packs/ARM/CMSIS-DSP/1.15.0/Source/SVMFunctions/arm_svm_sigmoid_predict_f32.c:233:36
	ldr	r0, [sp, #8]                    @ 4-byte Reload
	.loc	13 237 13                       @ C:/Keil_v5/Packs/ARM/CMSIS-DSP/1.15.0/Source/SVMFunctions/arm_svm_sigmoid_predict_f32.c:237:13
	sub.w	r8, r8, #2
.Ltmp598:
	@DEBUG_VALUE: arm_svm_sigmoid_predict_f32:row <- $r8
	.loc	6 60 49                         @ ../../../../Library/CMSIS/DSP/Include\arm_helium_utils.h:60:49
	vadd.f32	s0, s2, s0
.Ltmp599:
	@DEBUG_VALUE: vecAddAcrossF32Mve:in <- $q0
	.loc	6 60 49 is_stmt 0               @ ../../../../Library/CMSIS/DSP/Include\arm_helium_utils.h:60:49
	vadd.f32	s2, s10, s8
.Ltmp600:
	.loc	13 233 36 is_stmt 1             @ C:/Keil_v5/Packs/ARM/CMSIS-DSP/1.15.0/Source/SVMFunctions/arm_svm_sigmoid_predict_f32.c:233:36
	ldrd	r0, r1, [r0, #24]
.Ltmp601:
	.loc	6 61 29                         @ ../../../../Library/CMSIS/DSP/Include\arm_helium_utils.h:61:29
	vadd.f32	s0, s3, s0
.Ltmp602:
	@DEBUG_VALUE: vecAddAcrossF32Mve:in <- $q2
	@DEBUG_VALUE: vecAddAcrossF32Mve:acc <- $s0
	@DEBUG_VALUE: vecAddAcrossF32Mve:in <- $q0
	.loc	6 61 29 is_stmt 0               @ ../../../../Library/CMSIS/DSP/Include\arm_helium_utils.h:61:29
	vadd.f32	s1, s11, s2
.Ltmp603:
	@DEBUG_VALUE: vecAddAcrossF32Mve:acc <- $s1
	@DEBUG_VALUE: vtmp <- $q0
	.loc	9 282 21 is_stmt 1              @ ../../../../Library/CMSIS/DSP/Include\arm_vec_math.h:282:21
	vmov.f32	q2, #-1.000000e+01
.Ltmp604:
	.loc	9 132 44                        @ ../../../../Library/CMSIS/DSP/Include\arm_vec_math.h:132:44
	vldrw.u32	q4, [r6, #16]
.Ltmp605:
	.loc	13 233 48                       @ C:/Keil_v5/Packs/ARM/CMSIS-DSP/1.15.0/Source/SVMFunctions/arm_svm_sigmoid_predict_f32.c:233:48
	vmul.f32	q0, q0, r1
.Ltmp606:
	.loc	9 133 59                        @ ../../../../Library/CMSIS/DSP/Include\arm_vec_math.h:133:59
	vldrw.u32	q5, [r6, #8]
.Ltmp607:
	.loc	13 233 36                       @ C:/Keil_v5/Packs/ARM/CMSIS-DSP/1.15.0/Source/SVMFunctions/arm_svm_sigmoid_predict_f32.c:233:36
	vadd.f32	q0, q0, r0
.Ltmp608:
	@DEBUG_VALUE: vtanhq_f32:val <- $q0
	.loc	9 282 21                        @ ../../../../Library/CMSIS/DSP/Include\arm_vec_math.h:282:21
	vmaxnm.f32	q0, q0, q2
.Ltmp609:
	.loc	9 282 9 is_stmt 0               @ ../../../../Library/CMSIS/DSP/Include\arm_vec_math.h:282:9
	vmov.f32	q2, #1.000000e+01
	vminnm.f32	q0, q0, q2
.Ltmp610:
	@DEBUG_VALUE: vtanhq_f32:x <- $q0
	.loc	9 224 39 is_stmt 1              @ ../../../../Library/CMSIS/DSP/Include\arm_vec_math.h:224:39
	movw	r0, #43579
.Ltmp611:
	.loc	9 283 39                        @ ../../../../Library/CMSIS/DSP/Include\arm_vec_math.h:283:39
	vadd.f32	q3, q0, q0
.Ltmp612:
	.loc	9 224 39                        @ ../../../../Library/CMSIS/DSP/Include\arm_vec_math.h:224:39
	movt	r0, #16312
.Ltmp613:
	@DEBUG_VALUE: vexpq_f32:x <- $q3
	vmul.f32	q0, q3, r0
.Ltmp614:
	.loc	9 225 40                        @ ../../../../Library/CMSIS/DSP/Include\arm_vec_math.h:225:40
	vrintz.f32	q2, q0
	.loc	9 225 27 is_stmt 0              @ ../../../../Library/CMSIS/DSP/Include\arm_vec_math.h:225:27
	movw	r0, #29208
	movt	r0, #48945
	vfma.f32	q3, q2, r0
.Ltmp615:
	@DEBUG_VALUE: vtaylor_polyq_f32:coeffs <- $r6
	@DEBUG_VALUE: vtaylor_polyq_f32:x <- $q3
	@DEBUG_VALUE: vexpq_f32:val <- $q3
	.loc	9 132 25 is_stmt 1              @ ../../../../Library/CMSIS/DSP/Include\arm_vec_math.h:132:25
	ldrd	r0, r1, [r6]
	.loc	9 132 32 is_stmt 0              @ ../../../../Library/CMSIS/DSP/Include\arm_vec_math.h:132:32
	vmov	r2, s16
	.loc	9 132 25                        @ ../../../../Library/CMSIS/DSP/Include\arm_vec_math.h:132:25
	vdup.32	q2, r0
	vfma.f32	q2, q3, r2
.Ltmp616:
	@DEBUG_VALUE: vtaylor_polyq_f32:A <- $q2
	.loc	9 133 25 is_stmt 1              @ ../../../../Library/CMSIS/DSP/Include\arm_vec_math.h:133:25
	vmov	r7, s20
	.loc	9 133 32 is_stmt 0              @ ../../../../Library/CMSIS/DSP/Include\arm_vec_math.h:133:32
	vmov	r0, r2, d9
	.loc	9 133 25                        @ ../../../../Library/CMSIS/DSP/Include\arm_vec_math.h:133:25
	vdup.32	q4, r7
	vfma.f32	q4, q3, r0
.Ltmp617:
	@DEBUG_VALUE: vtaylor_polyq_f32:B <- $q4
	.loc	9 135 25 is_stmt 1              @ ../../../../Library/CMSIS/DSP/Include\arm_vec_math.h:135:25
	ldr	r7, [r6, #12]
	.loc	9 134 32                        @ ../../../../Library/CMSIS/DSP/Include\arm_vec_math.h:134:32
	vmov	r0, s23
	.loc	9 134 25 is_stmt 0              @ ../../../../Library/CMSIS/DSP/Include\arm_vec_math.h:134:25
	vdup.32	q5, r1
	vfma.f32	q5, q3, r0
.Ltmp618:
	@DEBUG_VALUE: vtaylor_polyq_f32:C <- $q5
	.loc	9 135 25 is_stmt 1              @ ../../../../Library/CMSIS/DSP/Include\arm_vec_math.h:135:25
	vdup.32	q6, r7
	vfma.f32	q6, q3, r2
.Ltmp619:
	@DEBUG_VALUE: vtaylor_polyq_f32:D <- $q6
	.loc	9 136 26                        @ ../../../../Library/CMSIS/DSP/Include\arm_vec_math.h:136:26
	vmul.f32	q3, q3, q3
.Ltmp620:
	@DEBUG_VALUE: vtaylor_polyq_f32:x2 <- $q3
	.loc	9 138 54                        @ ../../../../Library/CMSIS/DSP/Include\arm_vec_math.h:138:54
	vfma.f32	q5, q6, q3
.Ltmp621:
	.loc	9 138 33 is_stmt 0              @ ../../../../Library/CMSIS/DSP/Include\arm_vec_math.h:138:33
	vfma.f32	q2, q4, q3
.Ltmp622:
	.loc	9 137 26 is_stmt 1              @ ../../../../Library/CMSIS/DSP/Include\arm_vec_math.h:137:26
	vmul.f32	q3, q3, q3
.Ltmp623:
	@DEBUG_VALUE: vtaylor_polyq_f32:x4 <- $q3
	.loc	9 224 25                        @ ../../../../Library/CMSIS/DSP/Include\arm_vec_math.h:224:25
	vcvt.s32.f32	q0, q0
.Ltmp624:
	@DEBUG_VALUE: vexpq_f32:m <- $q0
	.loc	9 138 27                        @ ../../../../Library/CMSIS/DSP/Include\arm_vec_math.h:138:27
	vfma.f32	q2, q5, q3
.Ltmp625:
	@DEBUG_VALUE: vexpq_f32:poly <- $q2
	@DEBUG_VALUE: vtaylor_polyq_f32:res <- $q2
	.loc	9 233 32                        @ ../../../../Library/CMSIS/DSP/Include\arm_vec_math.h:233:32
	vmvn.i32	q3, #0x7d
.Ltmp626:
	vcmp.s32	gt, q3, q0
	.loc	9 231 52                        @ ../../../../Library/CMSIS/DSP/Include\arm_vec_math.h:231:52
	vqshl.s32	q0, q0, #23
.Ltmp627:
	.loc	9 233 12                        @ ../../../../Library/CMSIS/DSP/Include\arm_vec_math.h:233:12
	vmov.i32	q3, #0x0
	.loc	9 231 23                        @ ../../../../Library/CMSIS/DSP/Include\arm_vec_math.h:231:23
	vqadd.s32	q0, q2, q0
.Ltmp628:
	@DEBUG_VALUE: vexpq_f32:poly <- $q0
	.loc	9 284 27                        @ ../../../../Library/CMSIS/DSP/Include\arm_vec_math.h:284:27
	vmov.f32	q4, #1.000000e+00
.Ltmp629:
	.loc	9 233 12                        @ ../../../../Library/CMSIS/DSP/Include\arm_vec_math.h:233:12
	vpsel	q0, q3, q0
.Ltmp630:
	@DEBUG_VALUE: vtanhq_f32:exp2x <- $q0
	@DEBUG_VALUE: vexpq_f32:poly <- $q0
	.loc	9 285 27                        @ ../../../../Library/CMSIS/DSP/Include\arm_vec_math.h:285:27
	vadd.f32	q2, q0, q4
.Ltmp631:
	@DEBUG_VALUE: vtanhq_f32:den <- $q2
	@DEBUG_VALUE: vtanhq_f32:exp2x <- [DW_OP_plus_uconst 312] [$sp+0]
	.loc	9 0 27 is_stmt 0                @ ../../../../Library/CMSIS/DSP/Include\arm_vec_math.h:0:27
	vstrw.32	q0, [sp, #312]                  @ 16-byte Spill
	@DEBUG_VALUE: vexpq_f32:poly <- [DW_OP_plus_uconst 312] [$sp+0]
.Ltmp632:
	.loc	9 253 13 is_stmt 1              @ ../../../../Library/CMSIS/DSP/Include\arm_vec_math.h:253:13
	vabs.f32	q4, q2
.Ltmp633:
	@DEBUG_VALUE: vrecip_f32:vecSx <- $q4
	.loc	9 256 11                        @ ../../../../Library/CMSIS/DSP/Include\arm_vec_math.h:256:11
	movw	r0, #10218
	.loc	9 264 14                        @ ../../../../Library/CMSIS/DSP/Include\arm_vec_math.h:264:14
	movs	r1, #0
	.loc	9 256 11                        @ ../../../../Library/CMSIS/DSP/Include\arm_vec_math.h:256:11
	movt	r0, #32497
.Ltmp634:
	@DEBUG_VALUE: vrecip_f32:v <- $q2
	@DEBUG_VALUE: vrecip_f32:vecIn <- $q2
	vdup.32	q3, r0
	.loc	9 261 14                        @ ../../../../Library/CMSIS/DSP/Include\arm_vec_math.h:261:14
	vmov.i32	q5, #0x41000000
	.loc	9 256 11                        @ ../../../../Library/CMSIS/DSP/Include\arm_vec_math.h:256:11
	vsub.i32	q3, q3, q2
.Ltmp635:
	@DEBUG_VALUE: vrecip_f32:v <- $q3
	.loc	9 258 12                        @ ../../../../Library/CMSIS/DSP/Include\arm_vec_math.h:258:12
	vmul.f32	q4, q4, q3
.Ltmp636:
	@DEBUG_VALUE: vrecip_f32:vecW <- $q4
	.loc	9 262 14                        @ ../../../../Library/CMSIS/DSP/Include\arm_vec_math.h:262:14
	vmov.f32	q0, #-2.800000e+01
	.loc	9 261 14                        @ ../../../../Library/CMSIS/DSP/Include\arm_vec_math.h:261:14
	vsub.f32	q6, q5, q4
.Ltmp637:
	@DEBUG_VALUE: vrecip_f32:vecTmp <- $q6
	.loc	9 262 14                        @ ../../../../Library/CMSIS/DSP/Include\arm_vec_math.h:262:14
	vmov	q7, q0
	vfma.f32	q7, q4, q6
.Ltmp638:
	@DEBUG_VALUE: vrecip_f32:vecTmp <- $q7
	.loc	9 263 14                        @ ../../../../Library/CMSIS/DSP/Include\arm_vec_math.h:263:14
	vmov	q6, q4
	.loc	9 270 33                        @ ../../../../Library/CMSIS/DSP/Include\arm_vec_math.h:270:33
	vcmp.f32	eq, q2, zr
	movs	r0, #0
	.loc	9 264 14                        @ ../../../../Library/CMSIS/DSP/Include\arm_vec_math.h:264:14
	movt	r1, #49804
	movt	r0, #16992
	.loc	9 263 14                        @ ../../../../Library/CMSIS/DSP/Include\arm_vec_math.h:263:14
	vfmas.f32	q6, q7, r0
.Ltmp639:
	@DEBUG_VALUE: vrecip_f32:vecTmp <- $q6
	.loc	9 264 14                        @ ../../../../Library/CMSIS/DSP/Include\arm_vec_math.h:264:14
	vmov	q7, q4
	vfmas.f32	q7, q6, r1
.Ltmp640:
	@DEBUG_VALUE: vrecip_f32:vecTmp <- $q7
	.loc	9 265 14                        @ ../../../../Library/CMSIS/DSP/Include\arm_vec_math.h:265:14
	vmov	q6, q4
	vfmas.f32	q6, q7, r0
.Ltmp641:
	@DEBUG_VALUE: vrecip_f32:vecTmp <- $q6
	.loc	9 266 14                        @ ../../../../Library/CMSIS/DSP/Include\arm_vec_math.h:266:14
	vfma.f32	q0, q4, q6
.Ltmp642:
	@DEBUG_VALUE: vrecip_f32:vecTmp <- $q0
	.loc	9 267 14                        @ ../../../../Library/CMSIS/DSP/Include\arm_vec_math.h:267:14
	vfma.f32	q5, q4, q0
.Ltmp643:
	@DEBUG_VALUE: vrecip_f32:vecTmp <- $q5
	.loc	9 284 27                        @ ../../../../Library/CMSIS/DSP/Include\arm_vec_math.h:284:27
	vldrw.u32	q4, [sp, #312]          @ 16-byte Reload
.Ltmp644:
	@DEBUG_VALUE: vexpq_f32:poly <- $q4
	@DEBUG_VALUE: vtanhq_f32:exp2x <- $q4
	.loc	9 268 11                        @ ../../../../Library/CMSIS/DSP/Include\arm_vec_math.h:268:11
	vmul.f32	q3, q5, q3
.Ltmp645:
	@DEBUG_VALUE: vrecip_f32:v <- $q3
	.loc	9 0 11 is_stmt 0                @ ../../../../Library/CMSIS/DSP/Include\arm_vec_math.h:0:11
	vstr	p0, [sp, #312]                  @ 4-byte Spill
	.loc	9 274 29 is_stmt 1              @ ../../../../Library/CMSIS/DSP/Include\arm_vec_math.h:274:29
	vcmp.f32	lt, q2, zr
	vstr	p0, [sp, #308]                  @ 4-byte Spill
	.loc	9 270 11                        @ ../../../../Library/CMSIS/DSP/Include\arm_vec_math.h:270:11
	movw	r0, #65535
	vldr	p0, [sp, #312]                  @ 4-byte Reload
	movt	r0, #32639
.Ltmp646:
	.loc	9 284 27                        @ ../../../../Library/CMSIS/DSP/Include\arm_vec_math.h:284:27
	vmov.f32	q0, #-1.000000e+00
.Ltmp647:
	.loc	9 270 11                        @ ../../../../Library/CMSIS/DSP/Include\arm_vec_math.h:270:11
	vpst	
	vdupt.32	q3, r0
.Ltmp648:
	@DEBUG_VALUE: vrecip_f32:v <- $q3
	.loc	9 284 27                        @ ../../../../Library/CMSIS/DSP/Include\arm_vec_math.h:284:27
	vadd.f32	q0, q4, q0
.Ltmp649:
	@DEBUG_VALUE: vtanhq_f32:num <- $q0
	.loc	9 274 11                        @ ../../../../Library/CMSIS/DSP/Include\arm_vec_math.h:274:11
	vldr	p0, [sp, #308]                  @ 4-byte Reload
	movs	r0, #255
	vpst	
	vnegt.f32	q3, q3
.Ltmp650:
	@DEBUG_VALUE: vrecip_f32:v <- $q3
	.loc	9 286 28                        @ ../../../../Library/CMSIS/DSP/Include\arm_vec_math.h:286:28
	vmul.f32	q0, q3, q0
.Ltmp651:
	@DEBUG_VALUE: vtanhq_f32:tanh <- $q0
	.loc	13 232 13                       @ C:/Keil_v5/Packs/ARM/CMSIS-DSP/1.15.0/Source/SVMFunctions/arm_svm_sigmoid_predict_f32.c:232:13
	vmsr	p0, r0
	.loc	13 232 31 is_stmt 0             @ C:/Keil_v5/Packs/ARM/CMSIS-DSP/1.15.0/Source/SVMFunctions/arm_svm_sigmoid_predict_f32.c:232:31
	vldrw.u32	q2, [r3]
.Ltmp652:
	.loc	13 232 13                       @ C:/Keil_v5/Packs/ARM/CMSIS-DSP/1.15.0/Source/SVMFunctions/arm_svm_sigmoid_predict_f32.c:232:13
	vpst	
	vfmat.f32	q1, q2, q0
.Ltmp653:
	@DEBUG_VALUE: arm_svm_sigmoid_predict_f32:vSum <- $q1
	.loc	13 236 15 is_stmt 1             @ C:/Keil_v5/Packs/ARM/CMSIS-DSP/1.15.0/Source/SVMFunctions/arm_svm_sigmoid_predict_f32.c:236:15
	add.w	r4, r4, r9, lsl #3
.Ltmp654:
	@DEBUG_VALUE: arm_svm_sigmoid_predict_f32:pSrcA <- $r4
	@DEBUG_VALUE: arm_svm_sigmoid_predict_f32:pSrcA <- $r4
	@DEBUG_VALUE: arm_svm_sigmoid_predict_f32:row <- $r8
	@DEBUG_VALUE: arm_svm_sigmoid_predict_f32:vSum <- $q1
	.loc	13 240 9                        @ C:/Keil_v5/Packs/ARM/CMSIS-DSP/1.15.0/Source/SVMFunctions/arm_svm_sigmoid_predict_f32.c:240:9
	cmp.w	r8, #0
	beq.w	.LBB7_26
.Ltmp655:
.LBB7_18:
	@DEBUG_VALUE: arm_svm_sigmoid_predict_f32:pSrcA <- $r4
	@DEBUG_VALUE: arm_svm_sigmoid_predict_f32:vSum <- $q1
	@DEBUG_VALUE: arm_svm_sigmoid_predict_f32:sum <- [DW_OP_plus_uconst 4] [$sp+0]
	@DEBUG_VALUE: arm_svm_sigmoid_predict_f32:row <- $r8
	@DEBUG_VALUE: arm_svm_sigmoid_predict_f32:pResult <- [$sp+0]
	@DEBUG_VALUE: arm_svm_sigmoid_predict_f32:in <- $r12
	@DEBUG_VALUE: arm_svm_sigmoid_predict_f32:pInA0 <- $r4
	@DEBUG_VALUE: arm_svm_sigmoid_predict_f32:blkCnt <- [DW_OP_constu 2, DW_OP_shr, DW_OP_stack_value] undef
	@DEBUG_VALUE: pSrcVecPtr <- $r12
	@DEBUG_VALUE: pInVec <- $r12
	@DEBUG_VALUE: pSrcA0Vec <- $r4
	.loc	13 0 9 is_stmt 0                @ C:/Keil_v5/Packs/ARM/CMSIS-DSP/1.15.0/Source/SVMFunctions/arm_svm_sigmoid_predict_f32.c:0:9
	vmov.i32	q0, #0x0
.Ltmp656:
	@DEBUG_VALUE: acc0 <- $q0
	.loc	13 260 9 is_stmt 1              @ C:/Keil_v5/Packs/ARM/CMSIS-DSP/1.15.0/Source/SVMFunctions/arm_svm_sigmoid_predict_f32.c:260:9
	wls	lr, r11, .LBB7_22
.Ltmp657:
@ %bb.19:
	@DEBUG_VALUE: acc0 <- $q0
	@DEBUG_VALUE: pSrcA0Vec <- $r4
	@DEBUG_VALUE: pInVec <- $r12
	@DEBUG_VALUE: pSrcVecPtr <- $r12
	@DEBUG_VALUE: arm_svm_sigmoid_predict_f32:pInA0 <- $r4
	@DEBUG_VALUE: arm_svm_sigmoid_predict_f32:pSrcA <- $r4
	@DEBUG_VALUE: arm_svm_sigmoid_predict_f32:vSum <- $q1
	@DEBUG_VALUE: arm_svm_sigmoid_predict_f32:sum <- [DW_OP_plus_uconst 4] [$sp+0]
	@DEBUG_VALUE: arm_svm_sigmoid_predict_f32:row <- $r8
	@DEBUG_VALUE: arm_svm_sigmoid_predict_f32:pResult <- [$sp+0]
	@DEBUG_VALUE: arm_svm_sigmoid_predict_f32:in <- $r12
	@DEBUG_VALUE: arm_svm_sigmoid_predict_f32:blkCnt <- $r11
	.loc	13 0 9 is_stmt 0                @ C:/Keil_v5/Packs/ARM/CMSIS-DSP/1.15.0/Source/SVMFunctions/arm_svm_sigmoid_predict_f32.c:0:9
	vmov.i32	q0, #0x0
.Ltmp658:
	.loc	13 260 9                        @ C:/Keil_v5/Packs/ARM/CMSIS-DSP/1.15.0/Source/SVMFunctions/arm_svm_sigmoid_predict_f32.c:260:9
	add.w	r0, r12, r11, lsl #4
	lsl.w	r1, r11, #4
	mov	r2, r4
.Ltmp659:
	.p2align	2
.LBB7_20:                               @ =>This Inner Loop Header: Depth=1
	@DEBUG_VALUE: pInVec <- $r12
	@DEBUG_VALUE: arm_svm_sigmoid_predict_f32:pInA0 <- $r4
	@DEBUG_VALUE: arm_svm_sigmoid_predict_f32:pSrcA <- $r4
	@DEBUG_VALUE: arm_svm_sigmoid_predict_f32:vSum <- $q1
	@DEBUG_VALUE: arm_svm_sigmoid_predict_f32:sum <- [DW_OP_plus_uconst 4] [$sp+0]
	@DEBUG_VALUE: arm_svm_sigmoid_predict_f32:row <- $r8
	@DEBUG_VALUE: arm_svm_sigmoid_predict_f32:pResult <- [$sp+0]
	@DEBUG_VALUE: arm_svm_sigmoid_predict_f32:blkCnt <- undef
	@DEBUG_VALUE: pInVec <- $r12
	@DEBUG_VALUE: pSrcA0Vec <- $r2
	@DEBUG_VALUE: acc0 <- $q0
	.loc	13 263 21 is_stmt 1             @ C:/Keil_v5/Packs/ARM/CMSIS-DSP/1.15.0/Source/SVMFunctions/arm_svm_sigmoid_predict_f32.c:263:21
	vldrw.u32	q2, [r12], #16
.Ltmp660:
	@DEBUG_VALUE: vecIn <- $q2
	@DEBUG_VALUE: pInVec <- $r12
	.loc	13 265 20                       @ C:/Keil_v5/Packs/ARM/CMSIS-DSP/1.15.0/Source/SVMFunctions/arm_svm_sigmoid_predict_f32.c:265:20
	vldrw.u32	q3, [r2], #16
.Ltmp661:
	@DEBUG_VALUE: vecA <- $q3
	@DEBUG_VALUE: pSrcA0Vec <- $r2
	.loc	13 267 20                       @ C:/Keil_v5/Packs/ARM/CMSIS-DSP/1.15.0/Source/SVMFunctions/arm_svm_sigmoid_predict_f32.c:267:20
	vfma.f32	q0, q2, q3
.Ltmp662:
	@DEBUG_VALUE: acc0 <- $q0
	.loc	13 260 9                        @ C:/Keil_v5/Packs/ARM/CMSIS-DSP/1.15.0/Source/SVMFunctions/arm_svm_sigmoid_predict_f32.c:260:9
	le	lr, .LBB7_20
.Ltmp663:
@ %bb.21:
	@DEBUG_VALUE: vecIn <- $q2
	@DEBUG_VALUE: pSrcA0Vec <- $r2
	@DEBUG_VALUE: acc0 <- $q0
	@DEBUG_VALUE: pInVec <- $r12
	@DEBUG_VALUE: arm_svm_sigmoid_predict_f32:pInA0 <- $r4
	@DEBUG_VALUE: arm_svm_sigmoid_predict_f32:pSrcA <- $r4
	@DEBUG_VALUE: arm_svm_sigmoid_predict_f32:vSum <- $q1
	@DEBUG_VALUE: arm_svm_sigmoid_predict_f32:sum <- [DW_OP_plus_uconst 4] [$sp+0]
	@DEBUG_VALUE: arm_svm_sigmoid_predict_f32:row <- $r8
	@DEBUG_VALUE: arm_svm_sigmoid_predict_f32:pResult <- [$sp+0]
	add	r4, r1
.Ltmp664:
	.loc	13 0 9 is_stmt 0                @ C:/Keil_v5/Packs/ARM/CMSIS-DSP/1.15.0/Source/SVMFunctions/arm_svm_sigmoid_predict_f32.c:0:9
	mov	r12, r0
.Ltmp665:
.LBB7_22:
	@DEBUG_VALUE: acc0 <- $q0
	@DEBUG_VALUE: arm_svm_sigmoid_predict_f32:vSum <- $q1
	@DEBUG_VALUE: arm_svm_sigmoid_predict_f32:sum <- [DW_OP_plus_uconst 4] [$sp+0]
	@DEBUG_VALUE: arm_svm_sigmoid_predict_f32:row <- $r8
	@DEBUG_VALUE: arm_svm_sigmoid_predict_f32:pResult <- [$sp+0]
	@DEBUG_VALUE: arm_svm_sigmoid_predict_f32:blkCnt <- [DW_OP_plus_uconst 300] [$sp+0]
	ldr	r0, [sp, #300]                  @ 4-byte Reload
.Ltmp666:
	@DEBUG_VALUE: arm_svm_sigmoid_predict_f32:blkCnt <- $r0
	.loc	13 276 13 is_stmt 1             @ C:/Keil_v5/Packs/ARM/CMSIS-DSP/1.15.0/Source/SVMFunctions/arm_svm_sigmoid_predict_f32.c:276:13
	cbz	r0, .LBB7_24
.Ltmp667:
@ %bb.23:
	@DEBUG_VALUE: arm_svm_sigmoid_predict_f32:blkCnt <- $r0
	@DEBUG_VALUE: acc0 <- $q0
	@DEBUG_VALUE: arm_svm_sigmoid_predict_f32:vSum <- $q1
	@DEBUG_VALUE: arm_svm_sigmoid_predict_f32:sum <- [DW_OP_plus_uconst 4] [$sp+0]
	@DEBUG_VALUE: arm_svm_sigmoid_predict_f32:row <- $r8
	@DEBUG_VALUE: arm_svm_sigmoid_predict_f32:pResult <- [$sp+0]
	.loc	13 277 34                       @ C:/Keil_v5/Packs/ARM/CMSIS-DSP/1.15.0/Source/SVMFunctions/arm_svm_sigmoid_predict_f32.c:277:34
	vctp.32	r0
.Ltmp668:
	@DEBUG_VALUE: p0 <- undef
	.loc	13 280 21                       @ C:/Keil_v5/Packs/ARM/CMSIS-DSP/1.15.0/Source/SVMFunctions/arm_svm_sigmoid_predict_f32.c:280:21
	vpstt	
	vldrwt.u32	q2, [r12]
.Ltmp669:
	@DEBUG_VALUE: vecIn <- $q2
	.loc	13 281 20                       @ C:/Keil_v5/Packs/ARM/CMSIS-DSP/1.15.0/Source/SVMFunctions/arm_svm_sigmoid_predict_f32.c:281:20
	vldrwt.u32	q3, [r4]
.Ltmp670:
	@DEBUG_VALUE: vecA <- $q3
	.loc	13 282 20                       @ C:/Keil_v5/Packs/ARM/CMSIS-DSP/1.15.0/Source/SVMFunctions/arm_svm_sigmoid_predict_f32.c:282:20
	vfma.f32	q0, q2, q3
.Ltmp671:
	@DEBUG_VALUE: acc0 <- $q0
.LBB7_24:
	@DEBUG_VALUE: arm_svm_sigmoid_predict_f32:blkCnt <- $r0
	@DEBUG_VALUE: acc0 <- $q0
	@DEBUG_VALUE: arm_svm_sigmoid_predict_f32:vSum <- $q1
	@DEBUG_VALUE: arm_svm_sigmoid_predict_f32:sum <- [DW_OP_plus_uconst 4] [$sp+0]
	@DEBUG_VALUE: arm_svm_sigmoid_predict_f32:row <- $r8
	@DEBUG_VALUE: arm_svm_sigmoid_predict_f32:pResult <- [$sp+0]
	.loc	13 0 20 is_stmt 0               @ C:/Keil_v5/Packs/ARM/CMSIS-DSP/1.15.0/Source/SVMFunctions/arm_svm_sigmoid_predict_f32.c:0:20
	ldr	r5, [sp, #8]                    @ 4-byte Reload
	movw	r4, #10218
.Ltmp672:
	.loc	6 60 29 is_stmt 1               @ ../../../../Library/CMSIS/DSP/Include\arm_helium_utils.h:60:29
	vadd.f32	s0, s0, s1
.Ltmp673:
	.loc	13 292 36                       @ C:/Keil_v5/Packs/ARM/CMSIS-DSP/1.15.0/Source/SVMFunctions/arm_svm_sigmoid_predict_f32.c:292:36
	ldrd	r0, r1, [r5, #24]
.Ltmp674:
	.loc	6 60 49                         @ ../../../../Library/CMSIS/DSP/Include\arm_helium_utils.h:60:49
	vadd.f32	s0, s2, s0
.Ltmp675:
	.loc	9 282 21                        @ ../../../../Library/CMSIS/DSP/Include\arm_vec_math.h:282:21
	vmov.f32	q2, #-1.000000e+01
.Ltmp676:
	.loc	9 132 44                        @ ../../../../Library/CMSIS/DSP/Include\arm_vec_math.h:132:44
	vldrw.u32	q4, [r6, #16]
.Ltmp677:
	.loc	6 61 29                         @ ../../../../Library/CMSIS/DSP/Include\arm_helium_utils.h:61:29
	vadd.f32	s0, s3, s0
.Ltmp678:
	@DEBUG_VALUE: vecAddAcrossF32Mve:acc <- $s0
	@DEBUG_VALUE: vecAddAcrossF32Mve:in <- $q0
	@DEBUG_VALUE: vtmp <- $q0
	.loc	9 133 59                        @ ../../../../Library/CMSIS/DSP/Include\arm_vec_math.h:133:59
	vldrw.u32	q5, [r6, #8]
.Ltmp679:
	.loc	13 292 48                       @ C:/Keil_v5/Packs/ARM/CMSIS-DSP/1.15.0/Source/SVMFunctions/arm_svm_sigmoid_predict_f32.c:292:48
	vmul.f32	q0, q0, r1
.Ltmp680:
	.loc	13 292 36 is_stmt 0             @ C:/Keil_v5/Packs/ARM/CMSIS-DSP/1.15.0/Source/SVMFunctions/arm_svm_sigmoid_predict_f32.c:292:36
	vadd.f32	q0, q0, r0
.Ltmp681:
	@DEBUG_VALUE: vtanhq_f32:val <- $q0
	.loc	9 282 21 is_stmt 1              @ ../../../../Library/CMSIS/DSP/Include\arm_vec_math.h:282:21
	vmaxnm.f32	q0, q0, q2
.Ltmp682:
	.loc	9 282 9 is_stmt 0               @ ../../../../Library/CMSIS/DSP/Include\arm_vec_math.h:282:9
	vmov.f32	q2, #1.000000e+01
	vminnm.f32	q0, q0, q2
.Ltmp683:
	@DEBUG_VALUE: vtanhq_f32:x <- $q0
	.loc	9 224 39 is_stmt 1              @ ../../../../Library/CMSIS/DSP/Include\arm_vec_math.h:224:39
	movw	r0, #43579
	movt	r4, #32497
.Ltmp684:
	@DEBUG_VALUE: acc0 <- $q0
	@DEBUG_VALUE: vtmp <- undef
	@DEBUG_VALUE: vecAddAcrossF32Mve:in <- $q0
	.loc	9 283 39                        @ ../../../../Library/CMSIS/DSP/Include\arm_vec_math.h:283:39
	vadd.f32	q3, q0, q0
.Ltmp685:
	.loc	9 224 39                        @ ../../../../Library/CMSIS/DSP/Include\arm_vec_math.h:224:39
	movt	r0, #16312
.Ltmp686:
	@DEBUG_VALUE: vexpq_f32:x <- $q3
	vmul.f32	q0, q3, r0
.Ltmp687:
	.loc	9 225 40                        @ ../../../../Library/CMSIS/DSP/Include\arm_vec_math.h:225:40
	vrintz.f32	q2, q0
	.loc	9 225 27 is_stmt 0              @ ../../../../Library/CMSIS/DSP/Include\arm_vec_math.h:225:27
	movw	r0, #29208
	ldr.w	r12, [sp]                       @ 4-byte Reload
	movt	r0, #48945
	vfma.f32	q3, q2, r0
.Ltmp688:
	@DEBUG_VALUE: vtaylor_polyq_f32:coeffs <- $r6
	@DEBUG_VALUE: vtaylor_polyq_f32:x <- $q3
	@DEBUG_VALUE: vexpq_f32:val <- $q3
	.loc	9 132 25 is_stmt 1              @ ../../../../Library/CMSIS/DSP/Include\arm_vec_math.h:132:25
	ldrd	r0, r1, [r6]
	.loc	9 132 32 is_stmt 0              @ ../../../../Library/CMSIS/DSP/Include\arm_vec_math.h:132:32
	vmov	r2, s16
	.loc	9 132 25                        @ ../../../../Library/CMSIS/DSP/Include\arm_vec_math.h:132:25
	vdup.32	q2, r0
	vfma.f32	q2, q3, r2
.Ltmp689:
	@DEBUG_VALUE: vtaylor_polyq_f32:A <- $q2
	.loc	9 133 25 is_stmt 1              @ ../../../../Library/CMSIS/DSP/Include\arm_vec_math.h:133:25
	vmov	r7, s20
	.loc	9 133 32 is_stmt 0              @ ../../../../Library/CMSIS/DSP/Include\arm_vec_math.h:133:32
	vmov	r0, r2, d9
	.loc	9 133 25                        @ ../../../../Library/CMSIS/DSP/Include\arm_vec_math.h:133:25
	vdup.32	q4, r7
	vfma.f32	q4, q3, r0
.Ltmp690:
	@DEBUG_VALUE: vtaylor_polyq_f32:B <- $q4
	.loc	9 135 25 is_stmt 1              @ ../../../../Library/CMSIS/DSP/Include\arm_vec_math.h:135:25
	ldr	r7, [r6, #12]
	.loc	9 134 32                        @ ../../../../Library/CMSIS/DSP/Include\arm_vec_math.h:134:32
	vmov	r0, s23
	.loc	9 134 25 is_stmt 0              @ ../../../../Library/CMSIS/DSP/Include\arm_vec_math.h:134:25
	vdup.32	q5, r1
	vfma.f32	q5, q3, r0
.Ltmp691:
	@DEBUG_VALUE: vtaylor_polyq_f32:C <- $q5
	.loc	9 135 25 is_stmt 1              @ ../../../../Library/CMSIS/DSP/Include\arm_vec_math.h:135:25
	vdup.32	q6, r7
	vfma.f32	q6, q3, r2
.Ltmp692:
	@DEBUG_VALUE: vtaylor_polyq_f32:D <- $q6
	.loc	9 136 26                        @ ../../../../Library/CMSIS/DSP/Include\arm_vec_math.h:136:26
	vmul.f32	q3, q3, q3
.Ltmp693:
	@DEBUG_VALUE: vtaylor_polyq_f32:x2 <- $q3
	.loc	9 138 54                        @ ../../../../Library/CMSIS/DSP/Include\arm_vec_math.h:138:54
	vfma.f32	q5, q6, q3
.Ltmp694:
	.loc	9 138 33 is_stmt 0              @ ../../../../Library/CMSIS/DSP/Include\arm_vec_math.h:138:33
	vfma.f32	q2, q4, q3
.Ltmp695:
	.loc	9 137 26 is_stmt 1              @ ../../../../Library/CMSIS/DSP/Include\arm_vec_math.h:137:26
	vmul.f32	q3, q3, q3
.Ltmp696:
	@DEBUG_VALUE: vtaylor_polyq_f32:x4 <- $q3
	.loc	9 224 25                        @ ../../../../Library/CMSIS/DSP/Include\arm_vec_math.h:224:25
	vcvt.s32.f32	q0, q0
.Ltmp697:
	@DEBUG_VALUE: vexpq_f32:m <- $q0
	.loc	9 138 27                        @ ../../../../Library/CMSIS/DSP/Include\arm_vec_math.h:138:27
	vfma.f32	q2, q5, q3
.Ltmp698:
	@DEBUG_VALUE: vexpq_f32:poly <- $q2
	@DEBUG_VALUE: vtaylor_polyq_f32:res <- $q2
	.loc	9 233 32                        @ ../../../../Library/CMSIS/DSP/Include\arm_vec_math.h:233:32
	vmvn.i32	q3, #0x7d
.Ltmp699:
	vcmp.s32	gt, q3, q0
	.loc	9 231 52                        @ ../../../../Library/CMSIS/DSP/Include\arm_vec_math.h:231:52
	vqshl.s32	q0, q0, #23
.Ltmp700:
	.loc	9 233 12                        @ ../../../../Library/CMSIS/DSP/Include\arm_vec_math.h:233:12
	vmov.i32	q3, #0x0
	.loc	9 231 23                        @ ../../../../Library/CMSIS/DSP/Include\arm_vec_math.h:231:23
	vqadd.s32	q0, q2, q0
.Ltmp701:
	@DEBUG_VALUE: vexpq_f32:poly <- $q0
	.loc	9 284 27                        @ ../../../../Library/CMSIS/DSP/Include\arm_vec_math.h:284:27
	vmov.f32	q4, #1.000000e+00
.Ltmp702:
	.loc	9 233 12                        @ ../../../../Library/CMSIS/DSP/Include\arm_vec_math.h:233:12
	vpsel	q0, q3, q0
.Ltmp703:
	@DEBUG_VALUE: vtanhq_f32:exp2x <- $q0
	@DEBUG_VALUE: vexpq_f32:poly <- $q0
	.loc	9 285 27                        @ ../../../../Library/CMSIS/DSP/Include\arm_vec_math.h:285:27
	vadd.f32	q2, q0, q4
.Ltmp704:
	@DEBUG_VALUE: vrecip_f32:v <- $q2
	@DEBUG_VALUE: vrecip_f32:vecIn <- $q2
	@DEBUG_VALUE: vtanhq_f32:den <- $q2
	@DEBUG_VALUE: vtanhq_f32:exp2x <- [DW_OP_plus_uconst 312] [$sp+0]
	.loc	9 256 11                        @ ../../../../Library/CMSIS/DSP/Include\arm_vec_math.h:256:11
	vdup.32	q3, r4
	.loc	9 253 13                        @ ../../../../Library/CMSIS/DSP/Include\arm_vec_math.h:253:13
	vabs.f32	q4, q2
.Ltmp705:
	@DEBUG_VALUE: vrecip_f32:vecSx <- $q4
	.loc	9 256 11                        @ ../../../../Library/CMSIS/DSP/Include\arm_vec_math.h:256:11
	vsub.i32	q3, q3, q2
.Ltmp706:
	@DEBUG_VALUE: vrecip_f32:v <- $q3
	.loc	9 0 11 is_stmt 0                @ ../../../../Library/CMSIS/DSP/Include\arm_vec_math.h:0:11
	vstrw.32	q0, [sp, #312]                  @ 16-byte Spill
	@DEBUG_VALUE: vexpq_f32:poly <- [DW_OP_plus_uconst 312] [$sp+0]
	.loc	9 258 12 is_stmt 1              @ ../../../../Library/CMSIS/DSP/Include\arm_vec_math.h:258:12
	vmul.f32	q4, q4, q3
.Ltmp707:
	@DEBUG_VALUE: vrecip_f32:vecW <- $q4
	.loc	9 261 14                        @ ../../../../Library/CMSIS/DSP/Include\arm_vec_math.h:261:14
	vmov.i32	q5, #0x41000000
	.loc	9 262 14                        @ ../../../../Library/CMSIS/DSP/Include\arm_vec_math.h:262:14
	vmov.f32	q0, #-2.800000e+01
	.loc	9 261 14                        @ ../../../../Library/CMSIS/DSP/Include\arm_vec_math.h:261:14
	vsub.f32	q6, q5, q4
.Ltmp708:
	@DEBUG_VALUE: vrecip_f32:vecTmp <- $q6
	.loc	9 262 14                        @ ../../../../Library/CMSIS/DSP/Include\arm_vec_math.h:262:14
	vmov	q7, q0
	vfma.f32	q7, q4, q6
.Ltmp709:
	@DEBUG_VALUE: vrecip_f32:vecTmp <- $q7
	.loc	9 263 14                        @ ../../../../Library/CMSIS/DSP/Include\arm_vec_math.h:263:14
	vmov	q6, q4
	.loc	9 270 33                        @ ../../../../Library/CMSIS/DSP/Include\arm_vec_math.h:270:33
	vcmp.f32	eq, q2, zr
	movs	r0, #0
	.loc	9 264 14                        @ ../../../../Library/CMSIS/DSP/Include\arm_vec_math.h:264:14
	movs	r1, #0
	movt	r0, #16992
	.loc	9 263 14                        @ ../../../../Library/CMSIS/DSP/Include\arm_vec_math.h:263:14
	vfmas.f32	q6, q7, r0
.Ltmp710:
	@DEBUG_VALUE: vrecip_f32:vecTmp <- $q6
	.loc	9 264 14                        @ ../../../../Library/CMSIS/DSP/Include\arm_vec_math.h:264:14
	vmov	q7, q4
	movt	r1, #49804
	vfmas.f32	q7, q6, r1
.Ltmp711:
	@DEBUG_VALUE: vrecip_f32:vecTmp <- $q7
	.loc	9 265 14                        @ ../../../../Library/CMSIS/DSP/Include\arm_vec_math.h:265:14
	vmov	q6, q4
	vfmas.f32	q6, q7, r0
.Ltmp712:
	@DEBUG_VALUE: vrecip_f32:vecTmp <- $q6
	.loc	9 266 14                        @ ../../../../Library/CMSIS/DSP/Include\arm_vec_math.h:266:14
	vfma.f32	q0, q4, q6
.Ltmp713:
	@DEBUG_VALUE: vrecip_f32:vecTmp <- $q0
	.loc	9 267 14                        @ ../../../../Library/CMSIS/DSP/Include\arm_vec_math.h:267:14
	vfma.f32	q5, q4, q0
.Ltmp714:
	@DEBUG_VALUE: vrecip_f32:vecTmp <- $q5
	.loc	9 284 27                        @ ../../../../Library/CMSIS/DSP/Include\arm_vec_math.h:284:27
	vldrw.u32	q4, [sp, #312]          @ 16-byte Reload
.Ltmp715:
	@DEBUG_VALUE: vexpq_f32:poly <- $q4
	@DEBUG_VALUE: vtanhq_f32:exp2x <- $q4
	.loc	9 268 11                        @ ../../../../Library/CMSIS/DSP/Include\arm_vec_math.h:268:11
	vmul.f32	q3, q5, q3
.Ltmp716:
	@DEBUG_VALUE: vrecip_f32:v <- $q3
	.loc	9 0 11 is_stmt 0                @ ../../../../Library/CMSIS/DSP/Include\arm_vec_math.h:0:11
	vstr	p0, [sp, #312]                  @ 4-byte Spill
	.loc	9 274 29 is_stmt 1              @ ../../../../Library/CMSIS/DSP/Include\arm_vec_math.h:274:29
	vcmp.f32	lt, q2, zr
	vstr	p0, [sp, #308]                  @ 4-byte Spill
	.loc	9 270 11                        @ ../../../../Library/CMSIS/DSP/Include\arm_vec_math.h:270:11
	movw	r0, #65535
	vldr	p0, [sp, #312]                  @ 4-byte Reload
	movt	r0, #32639
.Ltmp717:
	.loc	9 284 27                        @ ../../../../Library/CMSIS/DSP/Include\arm_vec_math.h:284:27
	vmov.f32	q0, #-1.000000e+00
.Ltmp718:
	.loc	9 270 11                        @ ../../../../Library/CMSIS/DSP/Include\arm_vec_math.h:270:11
	vpst	
	vdupt.32	q3, r0
.Ltmp719:
	@DEBUG_VALUE: vrecip_f32:v <- $q3
	.loc	9 284 27                        @ ../../../../Library/CMSIS/DSP/Include\arm_vec_math.h:284:27
	vadd.f32	q0, q4, q0
.Ltmp720:
	@DEBUG_VALUE: vtanhq_f32:num <- $q0
	.loc	9 274 11                        @ ../../../../Library/CMSIS/DSP/Include\arm_vec_math.h:274:11
	vldr	p0, [sp, #308]                  @ 4-byte Reload
	movs	r0, #15
	vpst	
	vnegt.f32	q3, q3
.Ltmp721:
	@DEBUG_VALUE: vrecip_f32:v <- $q3
	.loc	9 286 28                        @ ../../../../Library/CMSIS/DSP/Include\arm_vec_math.h:286:28
	vmul.f32	q0, q3, q0
.Ltmp722:
	@DEBUG_VALUE: vtanhq_f32:tanh <- $q0
	.loc	13 291 13                       @ C:/Keil_v5/Packs/ARM/CMSIS-DSP/1.15.0/Source/SVMFunctions/arm_svm_sigmoid_predict_f32.c:291:13
	vmsr	p0, r0
	.loc	13 291 31 is_stmt 0             @ C:/Keil_v5/Packs/ARM/CMSIS-DSP/1.15.0/Source/SVMFunctions/arm_svm_sigmoid_predict_f32.c:291:31
	vldrw.u32	q2, [r3]
.Ltmp723:
	.loc	13 291 13                       @ C:/Keil_v5/Packs/ARM/CMSIS-DSP/1.15.0/Source/SVMFunctions/arm_svm_sigmoid_predict_f32.c:291:13
	vpst	
	vfmat.f32	q1, q2, q0
.Ltmp724:
	@DEBUG_VALUE: arm_svm_sigmoid_predict_f32:vSum <- $q1
	.loc	13 0 13                         @ C:/Keil_v5/Packs/ARM/CMSIS-DSP/1.15.0/Source/SVMFunctions/arm_svm_sigmoid_predict_f32.c:0:13
	b	.LBB7_27
.Ltmp725:
.LBB7_25:
	@DEBUG_VALUE: arm_svm_sigmoid_predict_f32:vSum <- $q1
	@DEBUG_VALUE: arm_svm_sigmoid_predict_f32:sum <- [DW_OP_plus_uconst 4] [$sp+0]
	@DEBUG_VALUE: arm_svm_sigmoid_predict_f32:row <- $r8
	@DEBUG_VALUE: arm_svm_sigmoid_predict_f32:pResult <- [$sp+0]
	@DEBUG_VALUE: arm_svm_sigmoid_predict_f32:in <- $r12
	movw	r6, :lower16:exp_tab
	ldr.w	r11, [sp, #12]                  @ 4-byte Reload
	movt	r6, :upper16:exp_tab
.Ltmp726:
	@DEBUG_VALUE: arm_svm_sigmoid_predict_f32:pSrcA <- $r4
	@DEBUG_VALUE: arm_svm_sigmoid_predict_f32:row <- $r8
	@DEBUG_VALUE: arm_svm_sigmoid_predict_f32:vSum <- $q1
	.loc	13 240 9 is_stmt 1              @ C:/Keil_v5/Packs/ARM/CMSIS-DSP/1.15.0/Source/SVMFunctions/arm_svm_sigmoid_predict_f32.c:240:9
	cmp.w	r8, #0
	bne.w	.LBB7_18
.Ltmp727:
.LBB7_26:
	@DEBUG_VALUE: arm_svm_sigmoid_predict_f32:pSrcA <- $r4
	@DEBUG_VALUE: arm_svm_sigmoid_predict_f32:vSum <- $q1
	@DEBUG_VALUE: arm_svm_sigmoid_predict_f32:sum <- [DW_OP_plus_uconst 4] [$sp+0]
	@DEBUG_VALUE: arm_svm_sigmoid_predict_f32:row <- $r8
	@DEBUG_VALUE: arm_svm_sigmoid_predict_f32:pResult <- [$sp+0]
	@DEBUG_VALUE: arm_svm_sigmoid_predict_f32:in <- $r12
	.loc	13 0 9 is_stmt 0                @ C:/Keil_v5/Packs/ARM/CMSIS-DSP/1.15.0/Source/SVMFunctions/arm_svm_sigmoid_predict_f32.c:0:9
	ldr.w	r12, [sp]                       @ 4-byte Reload
.Ltmp728:
	ldr	r5, [sp, #8]                    @ 4-byte Reload
.Ltmp729:
.LBB7_27:
	@DEBUG_VALUE: arm_svm_sigmoid_predict_f32:vSum <- $q1
	@DEBUG_VALUE: arm_svm_sigmoid_predict_f32:sum <- [DW_OP_plus_uconst 4] [$sp+0]
	@DEBUG_VALUE: arm_svm_sigmoid_predict_f32:row <- $r8
	@DEBUG_VALUE: arm_svm_sigmoid_predict_f32:pResult <- [$sp+0]
	.loc	6 60 29 is_stmt 1               @ ../../../../Library/CMSIS/DSP/Include\arm_helium_utils.h:60:29
	vadd.f32	s0, s4, s5
	vldr	s2, [sp, #4]                    @ 4-byte Reload
	@DEBUG_VALUE: arm_svm_sigmoid_predict_f32:vSum <- $q1
.Ltmp730:
	@DEBUG_VALUE: vecAddAcrossF32Mve:in <- $q1
	.loc	6 60 49 is_stmt 0               @ ../../../../Library/CMSIS/DSP/Include\arm_helium_utils.h:60:49
	vadd.f32	s0, s6, s0
.Ltmp731:
	.loc	13 297 19 is_stmt 1             @ C:/Keil_v5/Packs/ARM/CMSIS-DSP/1.15.0/Source/SVMFunctions/arm_svm_sigmoid_predict_f32.c:297:19
	ldr	r0, [r5, #20]
.Ltmp732:
	.loc	6 61 29                         @ ../../../../Library/CMSIS/DSP/Include\arm_helium_utils.h:61:29
	vadd.f32	s0, s7, s0
.Ltmp733:
	@DEBUG_VALUE: vecAddAcrossF32Mve:acc <- $s0
	.loc	13 295 9                        @ C:/Keil_v5/Packs/ARM/CMSIS-DSP/1.15.0/Source/SVMFunctions/arm_svm_sigmoid_predict_f32.c:295:9
	vadd.f32	s0, s2, s0
.Ltmp734:
	@DEBUG_VALUE: arm_svm_sigmoid_predict_f32:sum <- $s0
	.loc	13 297 27                       @ C:/Keil_v5/Packs/ARM/CMSIS-DSP/1.15.0/Source/SVMFunctions/arm_svm_sigmoid_predict_f32.c:297:27
	vcmp.f32	s0, #0
	vmrs	APSR_nzcv, fpscr
	cset	r1, gt
	.loc	13 297 16 is_stmt 0             @ C:/Keil_v5/Packs/ARM/CMSIS-DSP/1.15.0/Source/SVMFunctions/arm_svm_sigmoid_predict_f32.c:297:16
	ldr.w	r0, [r0, r1, lsl #2]
	.loc	13 297 14                       @ C:/Keil_v5/Packs/ARM/CMSIS-DSP/1.15.0/Source/SVMFunctions/arm_svm_sigmoid_predict_f32.c:297:14
	str.w	r0, [r12]
	.loc	13 298 1 epilogue_begin is_stmt 1 @ C:/Keil_v5/Packs/ARM/CMSIS-DSP/1.15.0/Source/SVMFunctions/arm_svm_sigmoid_predict_f32.c:298:1
	add	sp, #328
	vpop	{d8, d9, d10, d11, d12, d13, d14, d15}
	add	sp, #4
	pop.w	{r4, r5, r6, r7, r8, r9, r10, r11, pc}
.Ltmp735:
.Lfunc_end7:
	.size	arm_svm_sigmoid_predict_f32, .Lfunc_end7-arm_svm_sigmoid_predict_f32
	.cfi_endproc
	.cantunwind
	.fnend
                                        @ -- End function
	.file	14 "C:\\Users\\rohankoshy\\Downloads\\en-us--M55M1_Series_BSP_CMSIS_V3.01.003\\SampleCode\\NuEdgeWise\\PoseLandmark_YOLOv8n\\KEIL" "../../../../Library/CMSIS/DSP/Include\\dsp/svm_functions.h"
	.section	.debug_loc,"",%progbits
.Ldebug_loc0:
	.long	-1
	.long	.Lfunc_begin1                   @   base address
	.long	.Lfunc_begin1-.Lfunc_begin1
	.long	.Ltmp7-.Lfunc_begin1
	.short	1                               @ Loc expr size
	.byte	80                              @ DW_OP_reg0
	.long	.Ltmp7-.Lfunc_begin1
	.long	.Lfunc_end1-.Lfunc_begin1
	.short	2                               @ Loc expr size
	.byte	125                             @ DW_OP_breg13
	.byte	0                               @ 0
	.long	0
	.long	0
.Ldebug_loc1:
	.long	-1
	.long	.Lfunc_begin1                   @   base address
	.long	.Lfunc_begin1-.Lfunc_begin1
	.long	.Ltmp5-.Lfunc_begin1
	.short	1                               @ Loc expr size
	.byte	81                              @ DW_OP_reg1
	.long	.Ltmp5-.Lfunc_begin1
	.long	.Ltmp86-.Lfunc_begin1
	.short	1                               @ Loc expr size
	.byte	89                              @ DW_OP_reg9
	.long	.Ltmp87-.Lfunc_begin1
	.long	.Ltmp90-.Lfunc_begin1
	.short	4                               @ Loc expr size
	.byte	243                             @ DW_OP_GNU_entry_value
	.byte	1                               @ 1
	.byte	81                              @ DW_OP_reg1
	.byte	159                             @ DW_OP_stack_value
	.long	.Ltmp104-.Lfunc_begin1
	.long	.Ltmp105-.Lfunc_begin1
	.short	1                               @ Loc expr size
	.byte	89                              @ DW_OP_reg9
	.long	0
	.long	0
.Ldebug_loc2:
	.long	-1
	.long	.Lfunc_begin1                   @   base address
	.long	.Lfunc_begin1-.Lfunc_begin1
	.long	.Ltmp8-.Lfunc_begin1
	.short	1                               @ Loc expr size
	.byte	82                              @ DW_OP_reg2
	.long	.Ltmp8-.Lfunc_begin1
	.long	.Lfunc_end1-.Lfunc_begin1
	.short	2                               @ Loc expr size
	.byte	125                             @ DW_OP_breg13
	.byte	4                               @ 4
	.long	0
	.long	0
.Ldebug_loc3:
	.long	-1
	.long	.Lfunc_begin1                   @   base address
	.long	.Ltmp10-.Lfunc_begin1
	.long	.Ltmp18-.Lfunc_begin1
	.short	3                               @ Loc expr size
	.byte	115                             @ DW_OP_breg3
	.byte	12                              @ 12
	.byte	159                             @ DW_OP_stack_value
	.long	.Ltmp18-.Lfunc_begin1
	.long	.Ltmp52-.Lfunc_begin1
	.short	1                               @ Loc expr size
	.byte	83                              @ DW_OP_reg3
	.long	.Ltmp73-.Lfunc_begin1
	.long	.Ltmp74-.Lfunc_begin1
	.short	3                               @ Loc expr size
	.byte	115                             @ DW_OP_breg3
	.byte	4                               @ 4
	.byte	159                             @ DW_OP_stack_value
	.long	.Ltmp76-.Lfunc_begin1
	.long	.Ltmp80-.Lfunc_begin1
	.short	1                               @ Loc expr size
	.byte	83                              @ DW_OP_reg3
	.long	.Ltmp81-.Lfunc_begin1
	.long	.Ltmp99-.Lfunc_begin1
	.short	1                               @ Loc expr size
	.byte	83                              @ DW_OP_reg3
	.long	.Ltmp99-.Lfunc_begin1
	.long	.Ltmp104-.Lfunc_begin1
	.short	3                               @ Loc expr size
	.byte	115                             @ DW_OP_breg3
	.byte	4                               @ 4
	.byte	159                             @ DW_OP_stack_value
	.long	.Ltmp104-.Lfunc_begin1
	.long	.Ltmp105-.Lfunc_begin1
	.short	1                               @ Loc expr size
	.byte	83                              @ DW_OP_reg3
	.long	0
	.long	0
.Ldebug_loc4:
	.long	-1
	.long	.Lfunc_begin1                   @   base address
	.long	.Ltmp10-.Lfunc_begin1
	.long	.Ltmp52-.Lfunc_begin1
	.short	1                               @ Loc expr size
	.byte	88                              @ DW_OP_reg8
	.long	.Ltmp76-.Lfunc_begin1
	.long	.Ltmp80-.Lfunc_begin1
	.short	1                               @ Loc expr size
	.byte	88                              @ DW_OP_reg8
	.long	.Ltmp81-.Lfunc_begin1
	.long	.Ltmp91-.Lfunc_begin1
	.short	1                               @ Loc expr size
	.byte	88                              @ DW_OP_reg8
	.long	.Ltmp104-.Lfunc_begin1
	.long	.Ltmp105-.Lfunc_begin1
	.short	1                               @ Loc expr size
	.byte	88                              @ DW_OP_reg8
	.long	0
	.long	0
.Ldebug_loc5:
	.long	-1
	.long	.Lfunc_begin1                   @   base address
	.long	.Ltmp6-.Lfunc_begin1
	.long	.Ltmp106-.Lfunc_begin1
	.short	1                               @ Loc expr size
	.byte	91                              @ DW_OP_reg11
	.long	0
	.long	0
.Ldebug_loc6:
	.long	-1
	.long	.Lfunc_begin1                   @   base address
	.long	.Ltmp6-.Lfunc_begin1
	.long	.Lfunc_end1-.Lfunc_begin1
	.short	3                               @ Loc expr size
	.byte	144                             @ super-register DW_OP_regx
	.byte	128                             @ 256
	.byte	2                               @ 
	.long	0
	.long	0
.Ldebug_loc7:
	.long	-1
	.long	.Lfunc_begin1                   @   base address
	.long	.Ltmp10-.Lfunc_begin1
	.long	.Ltmp22-.Lfunc_begin1
	.short	2                               @ Loc expr size
	.byte	125                             @ DW_OP_breg13
	.byte	12                              @ 12
	.long	.Ltmp24-.Lfunc_begin1
	.long	.Ltmp29-.Lfunc_begin1
	.short	2                               @ Loc expr size
	.byte	125                             @ DW_OP_breg13
	.byte	8                               @ 8
	.long	.Ltmp40-.Lfunc_begin1
	.long	.Ltmp52-.Lfunc_begin1
	.short	2                               @ Loc expr size
	.byte	125                             @ DW_OP_breg13
	.byte	12                              @ 12
	.long	.Ltmp55-.Lfunc_begin1
	.long	.Ltmp56-.Lfunc_begin1
	.short	5                               @ Loc expr size
	.byte	122                             @ DW_OP_breg10
	.byte	0                               @ 0
	.byte	50                              @ DW_OP_lit2
	.byte	37                              @ DW_OP_shr
	.byte	159                             @ DW_OP_stack_value
	.long	.Ltmp56-.Lfunc_begin1
	.long	.Ltmp57-.Lfunc_begin1
	.short	2                               @ Loc expr size
	.byte	125                             @ DW_OP_breg13
	.byte	8                               @ 8
	.long	.Ltmp57-.Lfunc_begin1
	.long	.Ltmp58-.Lfunc_begin1
	.short	1                               @ Loc expr size
	.byte	80                              @ DW_OP_reg0
	.long	.Ltmp58-.Lfunc_begin1
	.long	.Ltmp59-.Lfunc_begin1
	.short	2                               @ Loc expr size
	.byte	125                             @ DW_OP_breg13
	.byte	8                               @ 8
	.long	.Ltmp66-.Lfunc_begin1
	.long	.Ltmp80-.Lfunc_begin1
	.short	2                               @ Loc expr size
	.byte	125                             @ DW_OP_breg13
	.byte	12                              @ 12
	.long	.Ltmp84-.Lfunc_begin1
	.long	.Ltmp86-.Lfunc_begin1
	.short	1                               @ Loc expr size
	.byte	81                              @ DW_OP_reg1
	.long	.Ltmp92-.Lfunc_begin1
	.long	.Ltmp93-.Lfunc_begin1
	.short	2                               @ Loc expr size
	.byte	125                             @ DW_OP_breg13
	.byte	12                              @ 12
	.long	.Ltmp93-.Lfunc_begin1
	.long	.Ltmp99-.Lfunc_begin1
	.short	1                               @ Loc expr size
	.byte	80                              @ DW_OP_reg0
	.long	0
	.long	0
.Ldebug_loc8:
	.long	-1
	.long	.Lfunc_begin1                   @   base address
	.long	.Ltmp10-.Lfunc_begin1
	.long	.Ltmp22-.Lfunc_begin1
	.short	1                               @ Loc expr size
	.byte	86                              @ DW_OP_reg6
	.long	.Ltmp26-.Lfunc_begin1
	.long	.Ltmp52-.Lfunc_begin1
	.short	1                               @ Loc expr size
	.byte	86                              @ DW_OP_reg6
	.long	0
	.long	0
.Ldebug_loc9:
	.long	-1
	.long	.Lfunc_begin1                   @   base address
	.long	.Ltmp10-.Lfunc_begin1
	.long	.Ltmp22-.Lfunc_begin1
	.short	10                              @ Loc expr size
	.byte	144                             @ sub-register DW_OP_regx
	.byte	132                             @ 260
	.byte	2                               @ 
	.byte	147                             @ DW_OP_piece
	.byte	8                               @ 8
	.byte	144                             @ sub-register DW_OP_regx
	.byte	133                             @ 261
	.byte	2                               @ 
	.byte	147                             @ DW_OP_piece
	.byte	8                               @ 8
	.long	.Ltmp24-.Lfunc_begin1
	.long	.Ltmp52-.Lfunc_begin1
	.short	10                              @ Loc expr size
	.byte	144                             @ sub-register DW_OP_regx
	.byte	132                             @ 260
	.byte	2                               @ 
	.byte	147                             @ DW_OP_piece
	.byte	8                               @ 8
	.byte	144                             @ sub-register DW_OP_regx
	.byte	133                             @ 261
	.byte	2                               @ 
	.byte	147                             @ DW_OP_piece
	.byte	8                               @ 8
	.long	0
	.long	0
.Ldebug_loc10:
	.long	-1
	.long	.Lfunc_begin1                   @   base address
	.long	.Ltmp10-.Lfunc_begin1
	.long	.Ltmp12-.Lfunc_begin1
	.short	1                               @ Loc expr size
	.byte	88                              @ DW_OP_reg8
	.long	.Ltmp22-.Lfunc_begin1
	.long	.Ltmp52-.Lfunc_begin1
	.short	1                               @ Loc expr size
	.byte	88                              @ DW_OP_reg8
	.long	.Ltmp53-.Lfunc_begin1
	.long	.Ltmp76-.Lfunc_begin1
	.short	1                               @ Loc expr size
	.byte	88                              @ DW_OP_reg8
	.long	.Ltmp82-.Lfunc_begin1
	.long	.Ltmp91-.Lfunc_begin1
	.short	1                               @ Loc expr size
	.byte	88                              @ DW_OP_reg8
	.long	0
	.long	0
.Ldebug_loc11:
	.long	-1
	.long	.Lfunc_begin1                   @   base address
	.long	.Ltmp10-.Lfunc_begin1
	.long	.Ltmp22-.Lfunc_begin1
	.short	10                              @ Loc expr size
	.byte	144                             @ sub-register DW_OP_regx
	.byte	130                             @ 258
	.byte	2                               @ 
	.byte	147                             @ DW_OP_piece
	.byte	8                               @ 8
	.byte	144                             @ sub-register DW_OP_regx
	.byte	131                             @ 259
	.byte	2                               @ 
	.byte	147                             @ DW_OP_piece
	.byte	8                               @ 8
	.long	.Ltmp24-.Lfunc_begin1
	.long	.Ltmp29-.Lfunc_begin1
	.short	10                              @ Loc expr size
	.byte	144                             @ sub-register DW_OP_regx
	.byte	132                             @ 260
	.byte	2                               @ 
	.byte	147                             @ DW_OP_piece
	.byte	8                               @ 8
	.byte	144                             @ sub-register DW_OP_regx
	.byte	133                             @ 261
	.byte	2                               @ 
	.byte	147                             @ DW_OP_piece
	.byte	8                               @ 8
	.long	.Ltmp29-.Lfunc_begin1
	.long	.Ltmp40-.Lfunc_begin1
	.short	10                              @ Loc expr size
	.byte	144                             @ sub-register DW_OP_regx
	.byte	130                             @ 258
	.byte	2                               @ 
	.byte	147                             @ DW_OP_piece
	.byte	8                               @ 8
	.byte	144                             @ sub-register DW_OP_regx
	.byte	131                             @ 259
	.byte	2                               @ 
	.byte	147                             @ DW_OP_piece
	.byte	8                               @ 8
	.long	.Ltmp51-.Lfunc_begin1
	.long	.Ltmp52-.Lfunc_begin1
	.short	10                              @ Loc expr size
	.byte	144                             @ sub-register DW_OP_regx
	.byte	130                             @ 258
	.byte	2                               @ 
	.byte	147                             @ DW_OP_piece
	.byte	8                               @ 8
	.byte	144                             @ sub-register DW_OP_regx
	.byte	131                             @ 259
	.byte	2                               @ 
	.byte	147                             @ DW_OP_piece
	.byte	8                               @ 8
	.long	0
	.long	0
.Ldebug_loc12:
	.long	-1
	.long	.Lfunc_begin1                   @   base address
	.long	.Ltmp10-.Lfunc_begin1
	.long	.Ltmp22-.Lfunc_begin1
	.short	10                              @ Loc expr size
	.byte	144                             @ sub-register DW_OP_regx
	.byte	134                             @ 262
	.byte	2                               @ 
	.byte	147                             @ DW_OP_piece
	.byte	8                               @ 8
	.byte	144                             @ sub-register DW_OP_regx
	.byte	135                             @ 263
	.byte	2                               @ 
	.byte	147                             @ DW_OP_piece
	.byte	8                               @ 8
	.long	.Ltmp24-.Lfunc_begin1
	.long	.Ltmp29-.Lfunc_begin1
	.short	10                              @ Loc expr size
	.byte	144                             @ sub-register DW_OP_regx
	.byte	132                             @ 260
	.byte	2                               @ 
	.byte	147                             @ DW_OP_piece
	.byte	8                               @ 8
	.byte	144                             @ sub-register DW_OP_regx
	.byte	133                             @ 261
	.byte	2                               @ 
	.byte	147                             @ DW_OP_piece
	.byte	8                               @ 8
	.long	.Ltmp29-.Lfunc_begin1
	.long	.Ltmp40-.Lfunc_begin1
	.short	10                              @ Loc expr size
	.byte	144                             @ sub-register DW_OP_regx
	.byte	134                             @ 262
	.byte	2                               @ 
	.byte	147                             @ DW_OP_piece
	.byte	8                               @ 8
	.byte	144                             @ sub-register DW_OP_regx
	.byte	135                             @ 263
	.byte	2                               @ 
	.byte	147                             @ DW_OP_piece
	.byte	8                               @ 8
	.long	.Ltmp49-.Lfunc_begin1
	.long	.Ltmp52-.Lfunc_begin1
	.short	10                              @ Loc expr size
	.byte	144                             @ sub-register DW_OP_regx
	.byte	134                             @ 262
	.byte	2                               @ 
	.byte	147                             @ DW_OP_piece
	.byte	8                               @ 8
	.byte	144                             @ sub-register DW_OP_regx
	.byte	135                             @ 263
	.byte	2                               @ 
	.byte	147                             @ DW_OP_piece
	.byte	8                               @ 8
	.long	0
	.long	0
.Ldebug_loc13:
	.long	-1
	.long	.Lfunc_begin1                   @   base address
	.long	.Ltmp10-.Lfunc_begin1
	.long	.Ltmp22-.Lfunc_begin1
	.short	10                              @ Loc expr size
	.byte	144                             @ sub-register DW_OP_regx
	.byte	136                             @ 264
	.byte	2                               @ 
	.byte	147                             @ DW_OP_piece
	.byte	8                               @ 8
	.byte	144                             @ sub-register DW_OP_regx
	.byte	137                             @ 265
	.byte	2                               @ 
	.byte	147                             @ DW_OP_piece
	.byte	8                               @ 8
	.long	.Ltmp24-.Lfunc_begin1
	.long	.Ltmp29-.Lfunc_begin1
	.short	10                              @ Loc expr size
	.byte	144                             @ sub-register DW_OP_regx
	.byte	132                             @ 260
	.byte	2                               @ 
	.byte	147                             @ DW_OP_piece
	.byte	8                               @ 8
	.byte	144                             @ sub-register DW_OP_regx
	.byte	133                             @ 261
	.byte	2                               @ 
	.byte	147                             @ DW_OP_piece
	.byte	8                               @ 8
	.long	.Ltmp29-.Lfunc_begin1
	.long	.Ltmp40-.Lfunc_begin1
	.short	10                              @ Loc expr size
	.byte	144                             @ sub-register DW_OP_regx
	.byte	136                             @ 264
	.byte	2                               @ 
	.byte	147                             @ DW_OP_piece
	.byte	8                               @ 8
	.byte	144                             @ sub-register DW_OP_regx
	.byte	137                             @ 265
	.byte	2                               @ 
	.byte	147                             @ DW_OP_piece
	.byte	8                               @ 8
	.long	.Ltmp47-.Lfunc_begin1
	.long	.Ltmp52-.Lfunc_begin1
	.short	10                              @ Loc expr size
	.byte	144                             @ sub-register DW_OP_regx
	.byte	136                             @ 264
	.byte	2                               @ 
	.byte	147                             @ DW_OP_piece
	.byte	8                               @ 8
	.byte	144                             @ sub-register DW_OP_regx
	.byte	137                             @ 265
	.byte	2                               @ 
	.byte	147                             @ DW_OP_piece
	.byte	8                               @ 8
	.long	0
	.long	0
.Ldebug_loc14:
	.long	-1
	.long	.Lfunc_begin1                   @   base address
	.long	.Ltmp23-.Lfunc_begin1
	.long	.Ltmp29-.Lfunc_begin1
	.short	1                               @ Loc expr size
	.byte	85                              @ DW_OP_reg5
	.long	.Ltmp55-.Lfunc_begin1
	.long	.Ltmp59-.Lfunc_begin1
	.short	1                               @ Loc expr size
	.byte	87                              @ DW_OP_reg7
	.long	0
	.long	0
.Ldebug_loc15:
	.long	-1
	.long	.Lfunc_begin1                   @   base address
	.long	.Ltmp24-.Lfunc_begin1
	.long	.Ltmp29-.Lfunc_begin1
	.short	1                               @ Loc expr size
	.byte	89                              @ DW_OP_reg9
	.long	.Ltmp29-.Lfunc_begin1
	.long	.Ltmp40-.Lfunc_begin1
	.short	1                               @ Loc expr size
	.byte	81                              @ DW_OP_reg1
	.long	0
	.long	0
.Ldebug_loc16:
	.long	-1
	.long	.Lfunc_begin1                   @   base address
	.long	.Ltmp29-.Lfunc_begin1
	.long	.Ltmp40-.Lfunc_begin1
	.short	1                               @ Loc expr size
	.byte	84                              @ DW_OP_reg4
	.long	0
	.long	0
.Ldebug_loc17:
	.long	-1
	.long	.Lfunc_begin1                   @   base address
	.long	.Ltmp29-.Lfunc_begin1
	.long	.Ltmp40-.Lfunc_begin1
	.short	1                               @ Loc expr size
	.byte	85                              @ DW_OP_reg5
	.long	0
	.long	0
.Ldebug_loc18:
	.long	-1
	.long	.Lfunc_begin1                   @   base address
	.long	.Ltmp24-.Lfunc_begin1
	.long	.Ltmp29-.Lfunc_begin1
	.short	1                               @ Loc expr size
	.byte	88                              @ DW_OP_reg8
	.long	.Ltmp29-.Lfunc_begin1
	.long	.Ltmp40-.Lfunc_begin1
	.short	1                               @ Loc expr size
	.byte	92                              @ DW_OP_reg12
	.long	0
	.long	0
.Ldebug_loc19:
	.long	-1
	.long	.Lfunc_begin1                   @   base address
	.long	.Ltmp25-.Lfunc_begin1
	.long	.Ltmp29-.Lfunc_begin1
	.short	1                               @ Loc expr size
	.byte	84                              @ DW_OP_reg4
	.long	0
	.long	0
.Ldebug_loc20:
	.long	-1
	.long	.Lfunc_begin1                   @   base address
	.long	.Ltmp26-.Lfunc_begin1
	.long	.Ltmp29-.Lfunc_begin1
	.short	1                               @ Loc expr size
	.byte	86                              @ DW_OP_reg6
	.long	0
	.long	0
.Ldebug_loc21:
	.long	-1
	.long	.Lfunc_begin1                   @   base address
	.long	.Ltmp30-.Lfunc_begin1
	.long	.Ltmp40-.Lfunc_begin1
	.short	10                              @ Loc expr size
	.byte	144                             @ sub-register DW_OP_regx
	.byte	138                             @ 266
	.byte	2                               @ 
	.byte	147                             @ DW_OP_piece
	.byte	8                               @ 8
	.byte	144                             @ sub-register DW_OP_regx
	.byte	139                             @ 267
	.byte	2                               @ 
	.byte	147                             @ DW_OP_piece
	.byte	8                               @ 8
	.long	.Ltmp43-.Lfunc_begin1
	.long	.Ltmp52-.Lfunc_begin1
	.short	10                              @ Loc expr size
	.byte	144                             @ sub-register DW_OP_regx
	.byte	138                             @ 266
	.byte	2                               @ 
	.byte	147                             @ DW_OP_piece
	.byte	8                               @ 8
	.byte	144                             @ sub-register DW_OP_regx
	.byte	139                             @ 267
	.byte	2                               @ 
	.byte	147                             @ DW_OP_piece
	.byte	8                               @ 8
	.long	0
	.long	0
.Ldebug_loc22:
	.long	-1
	.long	.Lfunc_begin1                   @   base address
	.long	.Ltmp31-.Lfunc_begin1
	.long	.Ltmp40-.Lfunc_begin1
	.short	10                              @ Loc expr size
	.byte	144                             @ sub-register DW_OP_regx
	.byte	140                             @ 268
	.byte	2                               @ 
	.byte	147                             @ DW_OP_piece
	.byte	8                               @ 8
	.byte	144                             @ sub-register DW_OP_regx
	.byte	141                             @ 269
	.byte	2                               @ 
	.byte	147                             @ DW_OP_piece
	.byte	8                               @ 8
	.long	0
	.long	0
.Ldebug_loc23:
	.long	-1
	.long	.Lfunc_begin1                   @   base address
	.long	.Ltmp44-.Lfunc_begin1
	.long	.Ltmp52-.Lfunc_begin1
	.short	10                              @ Loc expr size
	.byte	144                             @ sub-register DW_OP_regx
	.byte	140                             @ 268
	.byte	2                               @ 
	.byte	147                             @ DW_OP_piece
	.byte	8                               @ 8
	.byte	144                             @ sub-register DW_OP_regx
	.byte	141                             @ 269
	.byte	2                               @ 
	.byte	147                             @ DW_OP_piece
	.byte	8                               @ 8
	.long	0
	.long	0
.Ldebug_loc24:
	.long	-1
	.long	.Lfunc_begin1                   @   base address
	.long	.Ltmp54-.Lfunc_begin1
	.long	.Ltmp59-.Lfunc_begin1
	.short	10                              @ Loc expr size
	.byte	144                             @ sub-register DW_OP_regx
	.byte	132                             @ 260
	.byte	2                               @ 
	.byte	147                             @ DW_OP_piece
	.byte	8                               @ 8
	.byte	144                             @ sub-register DW_OP_regx
	.byte	133                             @ 261
	.byte	2                               @ 
	.byte	147                             @ DW_OP_piece
	.byte	8                               @ 8
	.long	.Ltmp59-.Lfunc_begin1
	.long	.Ltmp66-.Lfunc_begin1
	.short	10                              @ Loc expr size
	.byte	144                             @ sub-register DW_OP_regx
	.byte	130                             @ 258
	.byte	2                               @ 
	.byte	147                             @ DW_OP_piece
	.byte	8                               @ 8
	.byte	144                             @ sub-register DW_OP_regx
	.byte	131                             @ 259
	.byte	2                               @ 
	.byte	147                             @ DW_OP_piece
	.byte	8                               @ 8
	.long	.Ltmp73-.Lfunc_begin1
	.long	.Ltmp80-.Lfunc_begin1
	.short	10                              @ Loc expr size
	.byte	144                             @ sub-register DW_OP_regx
	.byte	130                             @ 258
	.byte	2                               @ 
	.byte	147                             @ DW_OP_piece
	.byte	8                               @ 8
	.byte	144                             @ sub-register DW_OP_regx
	.byte	131                             @ 259
	.byte	2                               @ 
	.byte	147                             @ DW_OP_piece
	.byte	8                               @ 8
	.long	0
	.long	0
.Ldebug_loc25:
	.long	-1
	.long	.Lfunc_begin1                   @   base address
	.long	.Ltmp55-.Lfunc_begin1
	.long	.Ltmp59-.Lfunc_begin1
	.short	1                               @ Loc expr size
	.byte	88                              @ DW_OP_reg8
	.long	.Ltmp59-.Lfunc_begin1
	.long	.Ltmp66-.Lfunc_begin1
	.short	1                               @ Loc expr size
	.byte	84                              @ DW_OP_reg4
	.long	0
	.long	0
.Ldebug_loc26:
	.long	-1
	.long	.Lfunc_begin1                   @   base address
	.long	.Ltmp55-.Lfunc_begin1
	.long	.Ltmp59-.Lfunc_begin1
	.short	1                               @ Loc expr size
	.byte	89                              @ DW_OP_reg9
	.long	.Ltmp59-.Lfunc_begin1
	.long	.Ltmp66-.Lfunc_begin1
	.short	1                               @ Loc expr size
	.byte	82                              @ DW_OP_reg2
	.long	0
	.long	0
.Ldebug_loc27:
	.long	-1
	.long	.Lfunc_begin1                   @   base address
	.long	.Ltmp55-.Lfunc_begin1
	.long	.Ltmp66-.Lfunc_begin1
	.short	1                               @ Loc expr size
	.byte	87                              @ DW_OP_reg7
	.long	0
	.long	0
.Ldebug_loc28:
	.long	-1
	.long	.Lfunc_begin1                   @   base address
	.long	.Ltmp60-.Lfunc_begin1
	.long	.Ltmp66-.Lfunc_begin1
	.short	10                              @ Loc expr size
	.byte	144                             @ sub-register DW_OP_regx
	.byte	134                             @ 262
	.byte	2                               @ 
	.byte	147                             @ DW_OP_piece
	.byte	8                               @ 8
	.byte	144                             @ sub-register DW_OP_regx
	.byte	135                             @ 263
	.byte	2                               @ 
	.byte	147                             @ DW_OP_piece
	.byte	8                               @ 8
	.long	.Ltmp69-.Lfunc_begin1
	.long	.Ltmp73-.Lfunc_begin1
	.short	10                              @ Loc expr size
	.byte	144                             @ sub-register DW_OP_regx
	.byte	134                             @ 262
	.byte	2                               @ 
	.byte	147                             @ DW_OP_piece
	.byte	8                               @ 8
	.byte	144                             @ sub-register DW_OP_regx
	.byte	135                             @ 263
	.byte	2                               @ 
	.byte	147                             @ DW_OP_piece
	.byte	8                               @ 8
	.long	0
	.long	0
.Ldebug_loc29:
	.long	-1
	.long	.Lfunc_begin1                   @   base address
	.long	.Ltmp61-.Lfunc_begin1
	.long	.Ltmp65-.Lfunc_begin1
	.short	10                              @ Loc expr size
	.byte	144                             @ sub-register DW_OP_regx
	.byte	136                             @ 264
	.byte	2                               @ 
	.byte	147                             @ DW_OP_piece
	.byte	8                               @ 8
	.byte	144                             @ sub-register DW_OP_regx
	.byte	137                             @ 265
	.byte	2                               @ 
	.byte	147                             @ DW_OP_piece
	.byte	8                               @ 8
	.long	0
	.long	0
.Ldebug_loc30:
	.long	-1
	.long	.Lfunc_begin1                   @   base address
	.long	.Ltmp70-.Lfunc_begin1
	.long	.Ltmp73-.Lfunc_begin1
	.short	10                              @ Loc expr size
	.byte	144                             @ sub-register DW_OP_regx
	.byte	136                             @ 264
	.byte	2                               @ 
	.byte	147                             @ DW_OP_piece
	.byte	8                               @ 8
	.byte	144                             @ sub-register DW_OP_regx
	.byte	137                             @ 265
	.byte	2                               @ 
	.byte	147                             @ DW_OP_piece
	.byte	8                               @ 8
	.long	0
	.long	0
.Ldebug_loc31:
	.long	-1
	.long	.Lfunc_begin1                   @   base address
	.long	.Ltmp82-.Lfunc_begin1
	.long	.Ltmp86-.Lfunc_begin1
	.short	1                               @ Loc expr size
	.byte	89                              @ DW_OP_reg9
	.long	0
	.long	0
.Ldebug_loc32:
	.long	-1
	.long	.Lfunc_begin1                   @   base address
	.long	.Ltmp82-.Lfunc_begin1
	.long	.Ltmp92-.Lfunc_begin1
	.short	1                               @ Loc expr size
	.byte	89                              @ DW_OP_reg9
	.long	0
	.long	0
.Ldebug_loc33:
	.long	-1
	.long	.Lfunc_begin1                   @   base address
	.long	.Ltmp82-.Lfunc_begin1
	.long	.Ltmp86-.Lfunc_begin1
	.short	1                               @ Loc expr size
	.byte	88                              @ DW_OP_reg8
	.long	.Ltmp86-.Lfunc_begin1
	.long	.Ltmp92-.Lfunc_begin1
	.short	1                               @ Loc expr size
	.byte	82                              @ DW_OP_reg2
	.long	0
	.long	0
.Ldebug_loc34:
	.long	-1
	.long	.Lfunc_begin1                   @   base address
	.long	.Ltmp83-.Lfunc_begin1
	.long	.Ltmp85-.Lfunc_begin1
	.short	10                              @ Loc expr size
	.byte	144                             @ sub-register DW_OP_regx
	.byte	130                             @ 258
	.byte	2                               @ 
	.byte	147                             @ DW_OP_piece
	.byte	8                               @ 8
	.byte	144                             @ sub-register DW_OP_regx
	.byte	131                             @ 259
	.byte	2                               @ 
	.byte	147                             @ DW_OP_piece
	.byte	8                               @ 8
	.long	.Ltmp86-.Lfunc_begin1
	.long	.Ltmp101-.Lfunc_begin1
	.short	10                              @ Loc expr size
	.byte	144                             @ sub-register DW_OP_regx
	.byte	130                             @ 258
	.byte	2                               @ 
	.byte	147                             @ DW_OP_piece
	.byte	8                               @ 8
	.byte	144                             @ sub-register DW_OP_regx
	.byte	131                             @ 259
	.byte	2                               @ 
	.byte	147                             @ DW_OP_piece
	.byte	8                               @ 8
	.long	0
	.long	0
.Ldebug_loc35:
	.long	-1
	.long	.Lfunc_begin1                   @   base address
	.long	.Ltmp87-.Lfunc_begin1
	.long	.Ltmp92-.Lfunc_begin1
	.short	10                              @ Loc expr size
	.byte	144                             @ sub-register DW_OP_regx
	.byte	132                             @ 260
	.byte	2                               @ 
	.byte	147                             @ DW_OP_piece
	.byte	8                               @ 8
	.byte	144                             @ sub-register DW_OP_regx
	.byte	133                             @ 261
	.byte	2                               @ 
	.byte	147                             @ DW_OP_piece
	.byte	8                               @ 8
	.long	.Ltmp96-.Lfunc_begin1
	.long	.Ltmp98-.Lfunc_begin1
	.short	10                              @ Loc expr size
	.byte	144                             @ sub-register DW_OP_regx
	.byte	132                             @ 260
	.byte	2                               @ 
	.byte	147                             @ DW_OP_piece
	.byte	8                               @ 8
	.byte	144                             @ sub-register DW_OP_regx
	.byte	133                             @ 261
	.byte	2                               @ 
	.byte	147                             @ DW_OP_piece
	.byte	8                               @ 8
	.long	0
	.long	0
.Ldebug_loc36:
	.long	-1
	.long	.Lfunc_begin1                   @   base address
	.long	.Ltmp88-.Lfunc_begin1
	.long	.Ltmp90-.Lfunc_begin1
	.short	10                              @ Loc expr size
	.byte	144                             @ sub-register DW_OP_regx
	.byte	134                             @ 262
	.byte	2                               @ 
	.byte	147                             @ DW_OP_piece
	.byte	8                               @ 8
	.byte	144                             @ sub-register DW_OP_regx
	.byte	135                             @ 263
	.byte	2                               @ 
	.byte	147                             @ DW_OP_piece
	.byte	8                               @ 8
	.long	0
	.long	0
.Ldebug_loc37:
	.long	-1
	.long	.Lfunc_begin1                   @   base address
	.long	.Ltmp97-.Lfunc_begin1
	.long	.Ltmp98-.Lfunc_begin1
	.short	10                              @ Loc expr size
	.byte	144                             @ sub-register DW_OP_regx
	.byte	134                             @ 262
	.byte	2                               @ 
	.byte	147                             @ DW_OP_piece
	.byte	8                               @ 8
	.byte	144                             @ sub-register DW_OP_regx
	.byte	135                             @ 263
	.byte	2                               @ 
	.byte	147                             @ DW_OP_piece
	.byte	8                               @ 8
	.long	0
	.long	0
.Ldebug_loc38:
	.long	-1
	.long	.Lfunc_begin1                   @   base address
	.long	.Ltmp101-.Lfunc_begin1
	.long	.Ltmp104-.Lfunc_begin1
	.short	10                              @ Loc expr size
	.byte	144                             @ sub-register DW_OP_regx
	.byte	130                             @ 258
	.byte	2                               @ 
	.byte	147                             @ DW_OP_piece
	.byte	8                               @ 8
	.byte	144                             @ sub-register DW_OP_regx
	.byte	131                             @ 259
	.byte	2                               @ 
	.byte	147                             @ DW_OP_piece
	.byte	8                               @ 8
	.long	0
	.long	0
.Ldebug_loc39:
	.long	-1
	.long	.Lfunc_begin2                   @   base address
	.long	.Lfunc_begin2-.Lfunc_begin2
	.long	.Ltmp109-.Lfunc_begin2
	.short	1                               @ Loc expr size
	.byte	81                              @ DW_OP_reg1
	.long	.Ltmp109-.Lfunc_begin2
	.long	.Lfunc_end2-.Lfunc_begin2
	.short	4                               @ Loc expr size
	.byte	243                             @ DW_OP_GNU_entry_value
	.byte	1                               @ 1
	.byte	81                              @ DW_OP_reg1
	.byte	159                             @ DW_OP_stack_value
	.long	0
	.long	0
.Ldebug_loc40:
	.long	-1
	.long	.Lfunc_begin3                   @   base address
	.long	.Lfunc_begin3-.Lfunc_begin3
	.long	.Ltmp117-.Lfunc_begin3
	.short	1                               @ Loc expr size
	.byte	80                              @ DW_OP_reg0
	.long	.Ltmp117-.Lfunc_begin3
	.long	.Ltmp175-.Lfunc_begin3
	.short	4                               @ Loc expr size
	.byte	243                             @ DW_OP_GNU_entry_value
	.byte	1                               @ 1
	.byte	80                              @ DW_OP_reg0
	.byte	159                             @ DW_OP_stack_value
	.long	0
	.long	0
.Ldebug_loc41:
	.long	-1
	.long	.Lfunc_begin3                   @   base address
	.long	.Lfunc_begin3-.Lfunc_begin3
	.long	.Ltmp113-.Lfunc_begin3
	.short	1                               @ Loc expr size
	.byte	81                              @ DW_OP_reg1
	.long	.Ltmp113-.Lfunc_begin3
	.long	.Ltmp215-.Lfunc_begin3
	.short	1                               @ Loc expr size
	.byte	90                              @ DW_OP_reg10
	.long	.Ltmp216-.Lfunc_begin3
	.long	.Ltmp219-.Lfunc_begin3
	.short	4                               @ Loc expr size
	.byte	243                             @ DW_OP_GNU_entry_value
	.byte	1                               @ 1
	.byte	81                              @ DW_OP_reg1
	.byte	159                             @ DW_OP_stack_value
	.long	.Ltmp243-.Lfunc_begin3
	.long	.Ltmp251-.Lfunc_begin3
	.short	1                               @ Loc expr size
	.byte	90                              @ DW_OP_reg10
	.long	0
	.long	0
.Ldebug_loc42:
	.long	-1
	.long	.Lfunc_begin3                   @   base address
	.long	.Lfunc_begin3-.Lfunc_begin3
	.long	.Ltmp115-.Lfunc_begin3
	.short	1                               @ Loc expr size
	.byte	82                              @ DW_OP_reg2
	.long	.Ltmp115-.Lfunc_begin3
	.long	.Lfunc_end3-.Lfunc_begin3
	.short	2                               @ Loc expr size
	.byte	125                             @ DW_OP_breg13
	.byte	0                               @ 0
	.long	0
	.long	0
.Ldebug_loc43:
	.long	-1
	.long	.Lfunc_begin3                   @   base address
	.long	.Ltmp118-.Lfunc_begin3
	.long	.Ltmp175-.Lfunc_begin3
	.short	1                               @ Loc expr size
	.byte	92                              @ DW_OP_reg12
	.long	.Ltmp210-.Lfunc_begin3
	.long	.Ltmp243-.Lfunc_begin3
	.short	1                               @ Loc expr size
	.byte	92                              @ DW_OP_reg12
	.long	.Ltmp246-.Lfunc_begin3
	.long	.Lfunc_end3-.Lfunc_begin3
	.short	1                               @ Loc expr size
	.byte	92                              @ DW_OP_reg12
	.long	0
	.long	0
.Ldebug_loc44:
	.long	-1
	.long	.Lfunc_begin3                   @   base address
	.long	.Ltmp118-.Lfunc_begin3
	.long	.Ltmp175-.Lfunc_begin3
	.short	1                               @ Loc expr size
	.byte	89                              @ DW_OP_reg9
	.long	.Ltmp210-.Lfunc_begin3
	.long	.Ltmp220-.Lfunc_begin3
	.short	1                               @ Loc expr size
	.byte	89                              @ DW_OP_reg9
	.long	.Ltmp248-.Lfunc_begin3
	.long	.Ltmp251-.Lfunc_begin3
	.short	1                               @ Loc expr size
	.byte	89                              @ DW_OP_reg9
	.long	0
	.long	0
.Ldebug_loc45:
	.long	-1
	.long	.Lfunc_begin3                   @   base address
	.long	.Ltmp118-.Lfunc_begin3
	.long	.Ltmp175-.Lfunc_begin3
	.short	10                              @ Loc expr size
	.byte	144                             @ sub-register DW_OP_regx
	.byte	130                             @ 258
	.byte	2                               @ 
	.byte	147                             @ DW_OP_piece
	.byte	8                               @ 8
	.byte	144                             @ sub-register DW_OP_regx
	.byte	131                             @ 259
	.byte	2                               @ 
	.byte	147                             @ DW_OP_piece
	.byte	8                               @ 8
	.long	.Ltmp210-.Lfunc_begin3
	.long	.Ltmp243-.Lfunc_begin3
	.short	10                              @ Loc expr size
	.byte	144                             @ sub-register DW_OP_regx
	.byte	130                             @ 258
	.byte	2                               @ 
	.byte	147                             @ DW_OP_piece
	.byte	8                               @ 8
	.byte	144                             @ sub-register DW_OP_regx
	.byte	131                             @ 259
	.byte	2                               @ 
	.byte	147                             @ DW_OP_piece
	.byte	8                               @ 8
	.long	.Ltmp247-.Lfunc_begin3
	.long	.Lfunc_end3-.Lfunc_begin3
	.short	10                              @ Loc expr size
	.byte	144                             @ sub-register DW_OP_regx
	.byte	130                             @ 258
	.byte	2                               @ 
	.byte	147                             @ DW_OP_piece
	.byte	8                               @ 8
	.byte	144                             @ sub-register DW_OP_regx
	.byte	131                             @ 259
	.byte	2                               @ 
	.byte	147                             @ DW_OP_piece
	.byte	8                               @ 8
	.long	0
	.long	0
.Ldebug_loc46:
	.long	-1
	.long	.Lfunc_begin3                   @   base address
	.long	.Ltmp114-.Lfunc_begin3
	.long	.Ltmp256-.Lfunc_begin3
	.short	1                               @ Loc expr size
	.byte	85                              @ DW_OP_reg5
	.long	0
	.long	0
.Ldebug_loc47:
	.long	-1
	.long	.Lfunc_begin3                   @   base address
	.long	.Ltmp114-.Lfunc_begin3
	.long	.Lfunc_end3-.Lfunc_begin3
	.short	3                               @ Loc expr size
	.byte	144                             @ super-register DW_OP_regx
	.byte	128                             @ 256
	.byte	2                               @ 
	.long	0
	.long	0
.Ldebug_loc48:
	.long	-1
	.long	.Lfunc_begin3                   @   base address
	.long	.Ltmp171-.Lfunc_begin3
	.long	.Ltmp175-.Lfunc_begin3
	.short	10                              @ Loc expr size
	.byte	144                             @ sub-register DW_OP_regx
	.byte	134                             @ 262
	.byte	2                               @ 
	.byte	147                             @ DW_OP_piece
	.byte	8                               @ 8
	.byte	144                             @ sub-register DW_OP_regx
	.byte	135                             @ 263
	.byte	2                               @ 
	.byte	147                             @ DW_OP_piece
	.byte	8                               @ 8
	.long	0
	.long	0
.Ldebug_loc49:
	.long	-1
	.long	.Lfunc_begin3                   @   base address
	.long	.Ltmp171-.Lfunc_begin3
	.long	.Ltmp173-.Lfunc_begin3
	.short	10                              @ Loc expr size
	.byte	144                             @ sub-register DW_OP_regx
	.byte	134                             @ 262
	.byte	2                               @ 
	.byte	147                             @ DW_OP_piece
	.byte	8                               @ 8
	.byte	144                             @ sub-register DW_OP_regx
	.byte	135                             @ 263
	.byte	2                               @ 
	.byte	147                             @ DW_OP_piece
	.byte	8                               @ 8
	.long	.Ltmp173-.Lfunc_begin3
	.long	.Ltmp175-.Lfunc_begin3
	.short	10                              @ Loc expr size
	.byte	144                             @ sub-register DW_OP_regx
	.byte	136                             @ 264
	.byte	2                               @ 
	.byte	147                             @ DW_OP_piece
	.byte	8                               @ 8
	.byte	144                             @ sub-register DW_OP_regx
	.byte	137                             @ 265
	.byte	2                               @ 
	.byte	147                             @ DW_OP_piece
	.byte	8                               @ 8
	.long	0
	.long	0
.Ldebug_loc50:
	.long	-1
	.long	.Lfunc_begin3                   @   base address
	.long	.Ltmp171-.Lfunc_begin3
	.long	.Ltmp173-.Lfunc_begin3
	.short	3                               @ Loc expr size
	.byte	119                             @ DW_OP_breg7
	.byte	127                             @ -1
	.byte	159                             @ DW_OP_stack_value
	.long	0
	.long	0
.Ldebug_loc51:
	.long	-1
	.long	.Lfunc_begin3                   @   base address
	.long	.Ltmp166-.Lfunc_begin3
	.long	.Ltmp172-.Lfunc_begin3
	.short	10                              @ Loc expr size
	.byte	144                             @ sub-register DW_OP_regx
	.byte	136                             @ 264
	.byte	2                               @ 
	.byte	147                             @ DW_OP_piece
	.byte	8                               @ 8
	.byte	144                             @ sub-register DW_OP_regx
	.byte	137                             @ 265
	.byte	2                               @ 
	.byte	147                             @ DW_OP_piece
	.byte	8                               @ 8
	.long	0
	.long	0
.Ldebug_loc52:
	.long	-1
	.long	.Lfunc_begin3                   @   base address
	.long	.Ltmp159-.Lfunc_begin3
	.long	.Ltmp171-.Lfunc_begin3
	.short	10                              @ Loc expr size
	.byte	144                             @ sub-register DW_OP_regx
	.byte	138                             @ 266
	.byte	2                               @ 
	.byte	147                             @ DW_OP_piece
	.byte	8                               @ 8
	.byte	144                             @ sub-register DW_OP_regx
	.byte	139                             @ 267
	.byte	2                               @ 
	.byte	147                             @ DW_OP_piece
	.byte	8                               @ 8
	.long	0
	.long	0
.Ldebug_loc53:
	.long	-1
	.long	.Lfunc_begin3                   @   base address
	.long	.Ltmp118-.Lfunc_begin3
	.long	.Ltmp125-.Lfunc_begin3
	.short	2                               @ Loc expr size
	.byte	125                             @ DW_OP_breg13
	.byte	28                              @ 28
	.long	.Ltmp127-.Lfunc_begin3
	.long	.Ltmp132-.Lfunc_begin3
	.short	2                               @ Loc expr size
	.byte	125                             @ DW_OP_breg13
	.byte	12                              @ 12
	.long	.Ltmp143-.Lfunc_begin3
	.long	.Ltmp175-.Lfunc_begin3
	.short	2                               @ Loc expr size
	.byte	125                             @ DW_OP_breg13
	.byte	28                              @ 28
	.long	.Ltmp178-.Lfunc_begin3
	.long	.Ltmp179-.Lfunc_begin3
	.short	5                               @ Loc expr size
	.byte	118                             @ DW_OP_breg6
	.byte	0                               @ 0
	.byte	50                              @ DW_OP_lit2
	.byte	37                              @ DW_OP_shr
	.byte	159                             @ DW_OP_stack_value
	.long	.Ltmp179-.Lfunc_begin3
	.long	.Ltmp181-.Lfunc_begin3
	.short	1                               @ Loc expr size
	.byte	91                              @ DW_OP_reg11
	.long	.Ltmp188-.Lfunc_begin3
	.long	.Ltmp209-.Lfunc_begin3
	.short	2                               @ Loc expr size
	.byte	125                             @ DW_OP_breg13
	.byte	28                              @ 28
	.long	.Ltmp213-.Lfunc_begin3
	.long	.Ltmp215-.Lfunc_begin3
	.short	1                               @ Loc expr size
	.byte	91                              @ DW_OP_reg11
	.long	.Ltmp222-.Lfunc_begin3
	.long	.Ltmp233-.Lfunc_begin3
	.short	1                               @ Loc expr size
	.byte	81                              @ DW_OP_reg1
	.long	.Ltmp243-.Lfunc_begin3
	.long	.Ltmp250-.Lfunc_begin3
	.short	2                               @ Loc expr size
	.byte	125                             @ DW_OP_breg13
	.byte	28                              @ 28
	.long	0
	.long	0
.Ldebug_loc54:
	.long	-1
	.long	.Lfunc_begin3                   @   base address
	.long	.Ltmp119-.Lfunc_begin3
	.long	.Ltmp125-.Lfunc_begin3
	.short	10                              @ Loc expr size
	.byte	144                             @ sub-register DW_OP_regx
	.byte	138                             @ 266
	.byte	2                               @ 
	.byte	147                             @ DW_OP_piece
	.byte	8                               @ 8
	.byte	144                             @ sub-register DW_OP_regx
	.byte	139                             @ 267
	.byte	2                               @ 
	.byte	147                             @ DW_OP_piece
	.byte	8                               @ 8
	.long	.Ltmp127-.Lfunc_begin3
	.long	.Ltmp175-.Lfunc_begin3
	.short	10                              @ Loc expr size
	.byte	144                             @ sub-register DW_OP_regx
	.byte	138                             @ 266
	.byte	2                               @ 
	.byte	147                             @ DW_OP_piece
	.byte	8                               @ 8
	.byte	144                             @ sub-register DW_OP_regx
	.byte	139                             @ 267
	.byte	2                               @ 
	.byte	147                             @ DW_OP_piece
	.byte	8                               @ 8
	.long	0
	.long	0
.Ldebug_loc55:
	.long	-1
	.long	.Lfunc_begin3                   @   base address
	.long	.Ltmp118-.Lfunc_begin3
	.long	.Ltmp122-.Lfunc_begin3
	.short	1                               @ Loc expr size
	.byte	89                              @ DW_OP_reg9
	.long	.Ltmp125-.Lfunc_begin3
	.long	.Ltmp175-.Lfunc_begin3
	.short	1                               @ Loc expr size
	.byte	89                              @ DW_OP_reg9
	.long	.Ltmp176-.Lfunc_begin3
	.long	.Ltmp209-.Lfunc_begin3
	.short	1                               @ Loc expr size
	.byte	89                              @ DW_OP_reg9
	.long	.Ltmp211-.Lfunc_begin3
	.long	.Ltmp220-.Lfunc_begin3
	.short	1                               @ Loc expr size
	.byte	89                              @ DW_OP_reg9
	.long	.Ltmp243-.Lfunc_begin3
	.long	.Ltmp248-.Lfunc_begin3
	.short	1                               @ Loc expr size
	.byte	89                              @ DW_OP_reg9
	.long	0
	.long	0
.Ldebug_loc56:
	.long	-1
	.long	.Lfunc_begin3                   @   base address
	.long	.Ltmp126-.Lfunc_begin3
	.long	.Ltmp132-.Lfunc_begin3
	.short	1                               @ Loc expr size
	.byte	88                              @ DW_OP_reg8
	.long	.Ltmp178-.Lfunc_begin3
	.long	.Ltmp181-.Lfunc_begin3
	.short	1                               @ Loc expr size
	.byte	80                              @ DW_OP_reg0
	.long	0
	.long	0
.Ldebug_loc57:
	.long	-1
	.long	.Lfunc_begin3                   @   base address
	.long	.Ltmp127-.Lfunc_begin3
	.long	.Ltmp132-.Lfunc_begin3
	.short	1                               @ Loc expr size
	.byte	90                              @ DW_OP_reg10
	.long	.Ltmp132-.Lfunc_begin3
	.long	.Ltmp143-.Lfunc_begin3
	.short	1                               @ Loc expr size
	.byte	81                              @ DW_OP_reg1
	.long	0
	.long	0
.Ldebug_loc58:
	.long	-1
	.long	.Lfunc_begin3                   @   base address
	.long	.Ltmp132-.Lfunc_begin3
	.long	.Ltmp143-.Lfunc_begin3
	.short	1                               @ Loc expr size
	.byte	82                              @ DW_OP_reg2
	.long	0
	.long	0
.Ldebug_loc59:
	.long	-1
	.long	.Lfunc_begin3                   @   base address
	.long	.Ltmp132-.Lfunc_begin3
	.long	.Ltmp143-.Lfunc_begin3
	.short	1                               @ Loc expr size
	.byte	88                              @ DW_OP_reg8
	.long	0
	.long	0
.Ldebug_loc60:
	.long	-1
	.long	.Lfunc_begin3                   @   base address
	.long	.Ltmp127-.Lfunc_begin3
	.long	.Ltmp132-.Lfunc_begin3
	.short	1                               @ Loc expr size
	.byte	89                              @ DW_OP_reg9
	.long	.Ltmp132-.Lfunc_begin3
	.long	.Ltmp143-.Lfunc_begin3
	.short	1                               @ Loc expr size
	.byte	83                              @ DW_OP_reg3
	.long	0
	.long	0
.Ldebug_loc61:
	.long	-1
	.long	.Lfunc_begin3                   @   base address
	.long	.Ltmp127-.Lfunc_begin3
	.long	.Ltmp132-.Lfunc_begin3
	.short	10                              @ Loc expr size
	.byte	144                             @ sub-register DW_OP_regx
	.byte	138                             @ 266
	.byte	2                               @ 
	.byte	147                             @ DW_OP_piece
	.byte	8                               @ 8
	.byte	144                             @ sub-register DW_OP_regx
	.byte	139                             @ 267
	.byte	2                               @ 
	.byte	147                             @ DW_OP_piece
	.byte	8                               @ 8
	.long	.Ltmp132-.Lfunc_begin3
	.long	.Ltmp143-.Lfunc_begin3
	.short	10                              @ Loc expr size
	.byte	144                             @ sub-register DW_OP_regx
	.byte	134                             @ 262
	.byte	2                               @ 
	.byte	147                             @ DW_OP_piece
	.byte	8                               @ 8
	.byte	144                             @ sub-register DW_OP_regx
	.byte	135                             @ 263
	.byte	2                               @ 
	.byte	147                             @ DW_OP_piece
	.byte	8                               @ 8
	.long	.Ltmp152-.Lfunc_begin3
	.long	.Ltmp170-.Lfunc_begin3
	.short	10                              @ Loc expr size
	.byte	144                             @ sub-register DW_OP_regx
	.byte	134                             @ 262
	.byte	2                               @ 
	.byte	147                             @ DW_OP_piece
	.byte	8                               @ 8
	.byte	144                             @ sub-register DW_OP_regx
	.byte	135                             @ 263
	.byte	2                               @ 
	.byte	147                             @ DW_OP_piece
	.byte	8                               @ 8
	.long	0
	.long	0
.Ldebug_loc62:
	.long	-1
	.long	.Lfunc_begin3                   @   base address
	.long	.Ltmp127-.Lfunc_begin3
	.long	.Ltmp132-.Lfunc_begin3
	.short	10                              @ Loc expr size
	.byte	144                             @ sub-register DW_OP_regx
	.byte	138                             @ 266
	.byte	2                               @ 
	.byte	147                             @ DW_OP_piece
	.byte	8                               @ 8
	.byte	144                             @ sub-register DW_OP_regx
	.byte	139                             @ 267
	.byte	2                               @ 
	.byte	147                             @ DW_OP_piece
	.byte	8                               @ 8
	.long	.Ltmp132-.Lfunc_begin3
	.long	.Ltmp143-.Lfunc_begin3
	.short	10                              @ Loc expr size
	.byte	144                             @ sub-register DW_OP_regx
	.byte	132                             @ 260
	.byte	2                               @ 
	.byte	147                             @ DW_OP_piece
	.byte	8                               @ 8
	.byte	144                             @ sub-register DW_OP_regx
	.byte	133                             @ 261
	.byte	2                               @ 
	.byte	147                             @ DW_OP_piece
	.byte	8                               @ 8
	.long	.Ltmp154-.Lfunc_begin3
	.long	.Ltmp158-.Lfunc_begin3
	.short	10                              @ Loc expr size
	.byte	144                             @ sub-register DW_OP_regx
	.byte	132                             @ 260
	.byte	2                               @ 
	.byte	147                             @ DW_OP_piece
	.byte	8                               @ 8
	.byte	144                             @ sub-register DW_OP_regx
	.byte	133                             @ 261
	.byte	2                               @ 
	.byte	147                             @ DW_OP_piece
	.byte	8                               @ 8
	.long	0
	.long	0
.Ldebug_loc63:
	.long	-1
	.long	.Lfunc_begin3                   @   base address
	.long	.Ltmp127-.Lfunc_begin3
	.long	.Ltmp132-.Lfunc_begin3
	.short	10                              @ Loc expr size
	.byte	144                             @ sub-register DW_OP_regx
	.byte	138                             @ 266
	.byte	2                               @ 
	.byte	147                             @ DW_OP_piece
	.byte	8                               @ 8
	.byte	144                             @ sub-register DW_OP_regx
	.byte	139                             @ 267
	.byte	2                               @ 
	.byte	147                             @ DW_OP_piece
	.byte	8                               @ 8
	.long	.Ltmp132-.Lfunc_begin3
	.long	.Ltmp143-.Lfunc_begin3
	.short	10                              @ Loc expr size
	.byte	144                             @ sub-register DW_OP_regx
	.byte	136                             @ 264
	.byte	2                               @ 
	.byte	147                             @ DW_OP_piece
	.byte	8                               @ 8
	.byte	144                             @ sub-register DW_OP_regx
	.byte	137                             @ 265
	.byte	2                               @ 
	.byte	147                             @ DW_OP_piece
	.byte	8                               @ 8
	.long	.Ltmp148-.Lfunc_begin3
	.long	.Ltmp159-.Lfunc_begin3
	.short	10                              @ Loc expr size
	.byte	144                             @ sub-register DW_OP_regx
	.byte	136                             @ 264
	.byte	2                               @ 
	.byte	147                             @ DW_OP_piece
	.byte	8                               @ 8
	.byte	144                             @ sub-register DW_OP_regx
	.byte	137                             @ 265
	.byte	2                               @ 
	.byte	147                             @ DW_OP_piece
	.byte	8                               @ 8
	.long	0
	.long	0
.Ldebug_loc64:
	.long	-1
	.long	.Lfunc_begin3                   @   base address
	.long	.Ltmp128-.Lfunc_begin3
	.long	.Ltmp132-.Lfunc_begin3
	.short	1                               @ Loc expr size
	.byte	82                              @ DW_OP_reg2
	.long	0
	.long	0
.Ldebug_loc65:
	.long	-1
	.long	.Lfunc_begin3                   @   base address
	.long	.Ltmp129-.Lfunc_begin3
	.long	.Ltmp167-.Lfunc_begin3
	.short	1                               @ Loc expr size
	.byte	80                              @ DW_OP_reg0
	.long	0
	.long	0
.Ldebug_loc66:
	.long	-1
	.long	.Lfunc_begin3                   @   base address
	.long	.Ltmp129-.Lfunc_begin3
	.long	.Ltmp132-.Lfunc_begin3
	.short	1                               @ Loc expr size
	.byte	80                              @ DW_OP_reg0
	.long	0
	.long	0
.Ldebug_loc67:
	.long	-1
	.long	.Lfunc_begin3                   @   base address
	.long	.Ltmp133-.Lfunc_begin3
	.long	.Ltmp143-.Lfunc_begin3
	.short	10                              @ Loc expr size
	.byte	144                             @ sub-register DW_OP_regx
	.byte	140                             @ 268
	.byte	2                               @ 
	.byte	147                             @ DW_OP_piece
	.byte	8                               @ 8
	.byte	144                             @ sub-register DW_OP_regx
	.byte	141                             @ 269
	.byte	2                               @ 
	.byte	147                             @ DW_OP_piece
	.byte	8                               @ 8
	.long	.Ltmp146-.Lfunc_begin3
	.long	.Ltmp154-.Lfunc_begin3
	.short	10                              @ Loc expr size
	.byte	144                             @ sub-register DW_OP_regx
	.byte	140                             @ 268
	.byte	2                               @ 
	.byte	147                             @ DW_OP_piece
	.byte	8                               @ 8
	.byte	144                             @ sub-register DW_OP_regx
	.byte	141                             @ 269
	.byte	2                               @ 
	.byte	147                             @ DW_OP_piece
	.byte	8                               @ 8
	.long	0
	.long	0
.Ldebug_loc68:
	.long	-1
	.long	.Lfunc_begin3                   @   base address
	.long	.Ltmp134-.Lfunc_begin3
	.long	.Ltmp143-.Lfunc_begin3
	.short	10                              @ Loc expr size
	.byte	144                             @ sub-register DW_OP_regx
	.byte	142                             @ 270
	.byte	2                               @ 
	.byte	147                             @ DW_OP_piece
	.byte	8                               @ 8
	.byte	144                             @ sub-register DW_OP_regx
	.byte	143                             @ 271
	.byte	2                               @ 
	.byte	147                             @ DW_OP_piece
	.byte	8                               @ 8
	.long	0
	.long	0
.Ldebug_loc69:
	.long	-1
	.long	.Lfunc_begin3                   @   base address
	.long	.Ltmp147-.Lfunc_begin3
	.long	.Ltmp154-.Lfunc_begin3
	.short	10                              @ Loc expr size
	.byte	144                             @ sub-register DW_OP_regx
	.byte	142                             @ 270
	.byte	2                               @ 
	.byte	147                             @ DW_OP_piece
	.byte	8                               @ 8
	.byte	144                             @ sub-register DW_OP_regx
	.byte	143                             @ 271
	.byte	2                               @ 
	.byte	147                             @ DW_OP_piece
	.byte	8                               @ 8
	.long	0
	.long	0
.Ldebug_loc70:
	.long	-1
	.long	.Lfunc_begin3                   @   base address
	.long	.Ltmp164-.Lfunc_begin3
	.long	.Ltmp170-.Lfunc_begin3
	.short	10                              @ Loc expr size
	.byte	144                             @ sub-register DW_OP_regx
	.byte	134                             @ 262
	.byte	2                               @ 
	.byte	147                             @ DW_OP_piece
	.byte	8                               @ 8
	.byte	144                             @ sub-register DW_OP_regx
	.byte	135                             @ 263
	.byte	2                               @ 
	.byte	147                             @ DW_OP_piece
	.byte	8                               @ 8
	.long	0
	.long	0
.Ldebug_loc71:
	.long	-1
	.long	.Lfunc_begin3                   @   base address
	.long	.Ltmp165-.Lfunc_begin3
	.long	.Ltmp169-.Lfunc_begin3
	.short	10                              @ Loc expr size
	.byte	144                             @ sub-register DW_OP_regx
	.byte	132                             @ 260
	.byte	2                               @ 
	.byte	147                             @ DW_OP_piece
	.byte	8                               @ 8
	.byte	144                             @ sub-register DW_OP_regx
	.byte	133                             @ 261
	.byte	2                               @ 
	.byte	147                             @ DW_OP_piece
	.byte	8                               @ 8
	.long	0
	.long	0
.Ldebug_loc72:
	.long	-1
	.long	.Lfunc_begin3                   @   base address
	.long	.Ltmp176-.Lfunc_begin3
	.long	.Ltmp209-.Lfunc_begin3
	.short	1                               @ Loc expr size
	.byte	90                              @ DW_OP_reg10
	.long	.Ltmp244-.Lfunc_begin3
	.long	.Ltmp250-.Lfunc_begin3
	.short	1                               @ Loc expr size
	.byte	90                              @ DW_OP_reg10
	.long	0
	.long	0
.Ldebug_loc73:
	.long	-1
	.long	.Lfunc_begin3                   @   base address
	.long	.Ltmp177-.Lfunc_begin3
	.long	.Ltmp180-.Lfunc_begin3
	.short	10                              @ Loc expr size
	.byte	144                             @ sub-register DW_OP_regx
	.byte	132                             @ 260
	.byte	2                               @ 
	.byte	147                             @ DW_OP_piece
	.byte	8                               @ 8
	.byte	144                             @ sub-register DW_OP_regx
	.byte	133                             @ 261
	.byte	2                               @ 
	.byte	147                             @ DW_OP_piece
	.byte	8                               @ 8
	.long	.Ltmp181-.Lfunc_begin3
	.long	.Ltmp197-.Lfunc_begin3
	.short	10                              @ Loc expr size
	.byte	144                             @ sub-register DW_OP_regx
	.byte	132                             @ 260
	.byte	2                               @ 
	.byte	147                             @ DW_OP_piece
	.byte	8                               @ 8
	.byte	144                             @ sub-register DW_OP_regx
	.byte	133                             @ 261
	.byte	2                               @ 
	.byte	147                             @ DW_OP_piece
	.byte	8                               @ 8
	.long	0
	.long	0
.Ldebug_loc74:
	.long	-1
	.long	.Lfunc_begin3                   @   base address
	.long	.Ltmp177-.Lfunc_begin3
	.long	.Ltmp180-.Lfunc_begin3
	.short	10                              @ Loc expr size
	.byte	144                             @ sub-register DW_OP_regx
	.byte	132                             @ 260
	.byte	2                               @ 
	.byte	147                             @ DW_OP_piece
	.byte	8                               @ 8
	.byte	144                             @ sub-register DW_OP_regx
	.byte	133                             @ 261
	.byte	2                               @ 
	.byte	147                             @ DW_OP_piece
	.byte	8                               @ 8
	.long	.Ltmp181-.Lfunc_begin3
	.long	.Ltmp188-.Lfunc_begin3
	.short	10                              @ Loc expr size
	.byte	144                             @ sub-register DW_OP_regx
	.byte	134                             @ 262
	.byte	2                               @ 
	.byte	147                             @ DW_OP_piece
	.byte	8                               @ 8
	.byte	144                             @ sub-register DW_OP_regx
	.byte	135                             @ 263
	.byte	2                               @ 
	.byte	147                             @ DW_OP_piece
	.byte	8                               @ 8
	.long	.Ltmp195-.Lfunc_begin3
	.long	.Ltmp200-.Lfunc_begin3
	.short	10                              @ Loc expr size
	.byte	144                             @ sub-register DW_OP_regx
	.byte	134                             @ 262
	.byte	2                               @ 
	.byte	147                             @ DW_OP_piece
	.byte	8                               @ 8
	.byte	144                             @ sub-register DW_OP_regx
	.byte	135                             @ 263
	.byte	2                               @ 
	.byte	147                             @ DW_OP_piece
	.byte	8                               @ 8
	.long	0
	.long	0
.Ldebug_loc75:
	.long	-1
	.long	.Lfunc_begin3                   @   base address
	.long	.Ltmp178-.Lfunc_begin3
	.long	.Ltmp181-.Lfunc_begin3
	.short	1                               @ Loc expr size
	.byte	89                              @ DW_OP_reg9
	.long	.Ltmp181-.Lfunc_begin3
	.long	.Ltmp188-.Lfunc_begin3
	.short	1                               @ Loc expr size
	.byte	87                              @ DW_OP_reg7
	.long	0
	.long	0
.Ldebug_loc76:
	.long	-1
	.long	.Lfunc_begin3                   @   base address
	.long	.Ltmp178-.Lfunc_begin3
	.long	.Ltmp181-.Lfunc_begin3
	.short	1                               @ Loc expr size
	.byte	90                              @ DW_OP_reg10
	.long	.Ltmp181-.Lfunc_begin3
	.long	.Ltmp188-.Lfunc_begin3
	.short	1                               @ Loc expr size
	.byte	84                              @ DW_OP_reg4
	.long	0
	.long	0
.Ldebug_loc77:
	.long	-1
	.long	.Lfunc_begin3                   @   base address
	.long	.Ltmp178-.Lfunc_begin3
	.long	.Ltmp188-.Lfunc_begin3
	.short	1                               @ Loc expr size
	.byte	80                              @ DW_OP_reg0
	.long	0
	.long	0
.Ldebug_loc78:
	.long	-1
	.long	.Lfunc_begin3                   @   base address
	.long	.Ltmp182-.Lfunc_begin3
	.long	.Ltmp188-.Lfunc_begin3
	.short	10                              @ Loc expr size
	.byte	144                             @ sub-register DW_OP_regx
	.byte	136                             @ 264
	.byte	2                               @ 
	.byte	147                             @ DW_OP_piece
	.byte	8                               @ 8
	.byte	144                             @ sub-register DW_OP_regx
	.byte	137                             @ 265
	.byte	2                               @ 
	.byte	147                             @ DW_OP_piece
	.byte	8                               @ 8
	.long	.Ltmp191-.Lfunc_begin3
	.long	.Ltmp195-.Lfunc_begin3
	.short	10                              @ Loc expr size
	.byte	144                             @ sub-register DW_OP_regx
	.byte	136                             @ 264
	.byte	2                               @ 
	.byte	147                             @ DW_OP_piece
	.byte	8                               @ 8
	.byte	144                             @ sub-register DW_OP_regx
	.byte	137                             @ 265
	.byte	2                               @ 
	.byte	147                             @ DW_OP_piece
	.byte	8                               @ 8
	.long	0
	.long	0
.Ldebug_loc79:
	.long	-1
	.long	.Lfunc_begin3                   @   base address
	.long	.Ltmp183-.Lfunc_begin3
	.long	.Ltmp187-.Lfunc_begin3
	.short	10                              @ Loc expr size
	.byte	144                             @ sub-register DW_OP_regx
	.byte	138                             @ 266
	.byte	2                               @ 
	.byte	147                             @ DW_OP_piece
	.byte	8                               @ 8
	.byte	144                             @ sub-register DW_OP_regx
	.byte	139                             @ 267
	.byte	2                               @ 
	.byte	147                             @ DW_OP_piece
	.byte	8                               @ 8
	.long	0
	.long	0
.Ldebug_loc80:
	.long	-1
	.long	.Lfunc_begin3                   @   base address
	.long	.Ltmp192-.Lfunc_begin3
	.long	.Ltmp195-.Lfunc_begin3
	.short	10                              @ Loc expr size
	.byte	144                             @ sub-register DW_OP_regx
	.byte	138                             @ 266
	.byte	2                               @ 
	.byte	147                             @ DW_OP_piece
	.byte	8                               @ 8
	.byte	144                             @ sub-register DW_OP_regx
	.byte	139                             @ 267
	.byte	2                               @ 
	.byte	147                             @ DW_OP_piece
	.byte	8                               @ 8
	.long	0
	.long	0
.Ldebug_loc81:
	.long	-1
	.long	.Lfunc_begin3                   @   base address
	.long	.Ltmp201-.Lfunc_begin3
	.long	.Ltmp204-.Lfunc_begin3
	.short	10                              @ Loc expr size
	.byte	144                             @ sub-register DW_OP_regx
	.byte	134                             @ 262
	.byte	2                               @ 
	.byte	147                             @ DW_OP_piece
	.byte	8                               @ 8
	.byte	144                             @ sub-register DW_OP_regx
	.byte	135                             @ 263
	.byte	2                               @ 
	.byte	147                             @ DW_OP_piece
	.byte	8                               @ 8
	.long	0
	.long	0
.Ldebug_loc82:
	.long	-1
	.long	.Lfunc_begin3                   @   base address
	.long	.Ltmp195-.Lfunc_begin3
	.long	.Ltmp197-.Lfunc_begin3
	.short	10                              @ Loc expr size
	.byte	144                             @ sub-register DW_OP_regx
	.byte	132                             @ 260
	.byte	2                               @ 
	.byte	147                             @ DW_OP_piece
	.byte	8                               @ 8
	.byte	144                             @ sub-register DW_OP_regx
	.byte	133                             @ 261
	.byte	2                               @ 
	.byte	147                             @ DW_OP_piece
	.byte	8                               @ 8
	.long	0
	.long	0
.Ldebug_loc83:
	.long	-1
	.long	.Lfunc_begin3                   @   base address
	.long	.Ltmp200-.Lfunc_begin3
	.long	.Ltmp201-.Lfunc_begin3
	.short	10                              @ Loc expr size
	.byte	144                             @ sub-register DW_OP_regx
	.byte	134                             @ 262
	.byte	2                               @ 
	.byte	147                             @ DW_OP_piece
	.byte	8                               @ 8
	.byte	144                             @ sub-register DW_OP_regx
	.byte	135                             @ 263
	.byte	2                               @ 
	.byte	147                             @ DW_OP_piece
	.byte	8                               @ 8
	.long	0
	.long	0
.Ldebug_loc84:
	.long	-1
	.long	.Lfunc_begin3                   @   base address
	.long	.Ltmp204-.Lfunc_begin3
	.long	.Ltmp207-.Lfunc_begin3
	.short	10                              @ Loc expr size
	.byte	144                             @ sub-register DW_OP_regx
	.byte	134                             @ 262
	.byte	2                               @ 
	.byte	147                             @ DW_OP_piece
	.byte	8                               @ 8
	.byte	144                             @ sub-register DW_OP_regx
	.byte	135                             @ 263
	.byte	2                               @ 
	.byte	147                             @ DW_OP_piece
	.byte	8                               @ 8
	.long	.Ltmp207-.Lfunc_begin3
	.long	.Ltmp209-.Lfunc_begin3
	.short	10                              @ Loc expr size
	.byte	144                             @ sub-register DW_OP_regx
	.byte	136                             @ 264
	.byte	2                               @ 
	.byte	147                             @ DW_OP_piece
	.byte	8                               @ 8
	.byte	144                             @ sub-register DW_OP_regx
	.byte	137                             @ 265
	.byte	2                               @ 
	.byte	147                             @ DW_OP_piece
	.byte	8                               @ 8
	.long	0
	.long	0
.Ldebug_loc85:
	.long	-1
	.long	.Lfunc_begin3                   @   base address
	.long	.Ltmp204-.Lfunc_begin3
	.long	.Ltmp209-.Lfunc_begin3
	.short	10                              @ Loc expr size
	.byte	144                             @ sub-register DW_OP_regx
	.byte	134                             @ 262
	.byte	2                               @ 
	.byte	147                             @ DW_OP_piece
	.byte	8                               @ 8
	.byte	144                             @ sub-register DW_OP_regx
	.byte	135                             @ 263
	.byte	2                               @ 
	.byte	147                             @ DW_OP_piece
	.byte	8                               @ 8
	.long	0
	.long	0
.Ldebug_loc86:
	.long	-1
	.long	.Lfunc_begin3                   @   base address
	.long	.Ltmp211-.Lfunc_begin3
	.long	.Ltmp215-.Lfunc_begin3
	.short	1                               @ Loc expr size
	.byte	90                              @ DW_OP_reg10
	.long	0
	.long	0
.Ldebug_loc87:
	.long	-1
	.long	.Lfunc_begin3                   @   base address
	.long	.Ltmp211-.Lfunc_begin3
	.long	.Ltmp221-.Lfunc_begin3
	.short	1                               @ Loc expr size
	.byte	90                              @ DW_OP_reg10
	.long	0
	.long	0
.Ldebug_loc88:
	.long	-1
	.long	.Lfunc_begin3                   @   base address
	.long	.Ltmp211-.Lfunc_begin3
	.long	.Ltmp215-.Lfunc_begin3
	.short	1                               @ Loc expr size
	.byte	89                              @ DW_OP_reg9
	.long	.Ltmp215-.Lfunc_begin3
	.long	.Ltmp222-.Lfunc_begin3
	.short	1                               @ Loc expr size
	.byte	82                              @ DW_OP_reg2
	.long	0
	.long	0
.Ldebug_loc89:
	.long	-1
	.long	.Lfunc_begin3                   @   base address
	.long	.Ltmp212-.Lfunc_begin3
	.long	.Ltmp214-.Lfunc_begin3
	.short	10                              @ Loc expr size
	.byte	144                             @ sub-register DW_OP_regx
	.byte	132                             @ 260
	.byte	2                               @ 
	.byte	147                             @ DW_OP_piece
	.byte	8                               @ 8
	.byte	144                             @ sub-register DW_OP_regx
	.byte	133                             @ 261
	.byte	2                               @ 
	.byte	147                             @ DW_OP_piece
	.byte	8                               @ 8
	.long	.Ltmp215-.Lfunc_begin3
	.long	.Ltmp231-.Lfunc_begin3
	.short	10                              @ Loc expr size
	.byte	144                             @ sub-register DW_OP_regx
	.byte	132                             @ 260
	.byte	2                               @ 
	.byte	147                             @ DW_OP_piece
	.byte	8                               @ 8
	.byte	144                             @ sub-register DW_OP_regx
	.byte	133                             @ 261
	.byte	2                               @ 
	.byte	147                             @ DW_OP_piece
	.byte	8                               @ 8
	.long	0
	.long	0
.Ldebug_loc90:
	.long	-1
	.long	.Lfunc_begin3                   @   base address
	.long	.Ltmp216-.Lfunc_begin3
	.long	.Ltmp222-.Lfunc_begin3
	.short	10                              @ Loc expr size
	.byte	144                             @ sub-register DW_OP_regx
	.byte	134                             @ 262
	.byte	2                               @ 
	.byte	147                             @ DW_OP_piece
	.byte	8                               @ 8
	.byte	144                             @ sub-register DW_OP_regx
	.byte	135                             @ 263
	.byte	2                               @ 
	.byte	147                             @ DW_OP_piece
	.byte	8                               @ 8
	.long	.Ltmp225-.Lfunc_begin3
	.long	.Ltmp227-.Lfunc_begin3
	.short	10                              @ Loc expr size
	.byte	144                             @ sub-register DW_OP_regx
	.byte	134                             @ 262
	.byte	2                               @ 
	.byte	147                             @ DW_OP_piece
	.byte	8                               @ 8
	.byte	144                             @ sub-register DW_OP_regx
	.byte	135                             @ 263
	.byte	2                               @ 
	.byte	147                             @ DW_OP_piece
	.byte	8                               @ 8
	.long	0
	.long	0
.Ldebug_loc91:
	.long	-1
	.long	.Lfunc_begin3                   @   base address
	.long	.Ltmp217-.Lfunc_begin3
	.long	.Ltmp219-.Lfunc_begin3
	.short	10                              @ Loc expr size
	.byte	144                             @ sub-register DW_OP_regx
	.byte	136                             @ 264
	.byte	2                               @ 
	.byte	147                             @ DW_OP_piece
	.byte	8                               @ 8
	.byte	144                             @ sub-register DW_OP_regx
	.byte	137                             @ 265
	.byte	2                               @ 
	.byte	147                             @ DW_OP_piece
	.byte	8                               @ 8
	.long	0
	.long	0
.Ldebug_loc92:
	.long	-1
	.long	.Lfunc_begin3                   @   base address
	.long	.Ltmp226-.Lfunc_begin3
	.long	.Ltmp227-.Lfunc_begin3
	.short	10                              @ Loc expr size
	.byte	144                             @ sub-register DW_OP_regx
	.byte	136                             @ 264
	.byte	2                               @ 
	.byte	147                             @ DW_OP_piece
	.byte	8                               @ 8
	.byte	144                             @ sub-register DW_OP_regx
	.byte	137                             @ 265
	.byte	2                               @ 
	.byte	147                             @ DW_OP_piece
	.byte	8                               @ 8
	.long	0
	.long	0
.Ldebug_loc93:
	.long	-1
	.long	.Lfunc_begin3                   @   base address
	.long	.Ltmp231-.Lfunc_begin3
	.long	.Ltmp232-.Lfunc_begin3
	.short	10                              @ Loc expr size
	.byte	144                             @ sub-register DW_OP_regx
	.byte	132                             @ 260
	.byte	2                               @ 
	.byte	147                             @ DW_OP_piece
	.byte	8                               @ 8
	.byte	144                             @ sub-register DW_OP_regx
	.byte	133                             @ 261
	.byte	2                               @ 
	.byte	147                             @ DW_OP_piece
	.byte	8                               @ 8
	.long	0
	.long	0
.Ldebug_loc94:
	.long	-1
	.long	.Lfunc_begin3                   @   base address
	.long	.Ltmp230-.Lfunc_begin3
	.long	.Ltmp231-.Lfunc_begin3
	.short	10                              @ Loc expr size
	.byte	144                             @ sub-register DW_OP_regx
	.byte	132                             @ 260
	.byte	2                               @ 
	.byte	147                             @ DW_OP_piece
	.byte	8                               @ 8
	.byte	144                             @ sub-register DW_OP_regx
	.byte	133                             @ 261
	.byte	2                               @ 
	.byte	147                             @ DW_OP_piece
	.byte	8                               @ 8
	.long	0
	.long	0
.Ldebug_loc95:
	.long	-1
	.long	.Lfunc_begin3                   @   base address
	.long	.Ltmp235-.Lfunc_begin3
	.long	.Ltmp238-.Lfunc_begin3
	.short	10                              @ Loc expr size
	.byte	144                             @ sub-register DW_OP_regx
	.byte	134                             @ 262
	.byte	2                               @ 
	.byte	147                             @ DW_OP_piece
	.byte	8                               @ 8
	.byte	144                             @ sub-register DW_OP_regx
	.byte	135                             @ 263
	.byte	2                               @ 
	.byte	147                             @ DW_OP_piece
	.byte	8                               @ 8
	.long	.Ltmp238-.Lfunc_begin3
	.long	.Ltmp240-.Lfunc_begin3
	.short	10                              @ Loc expr size
	.byte	144                             @ sub-register DW_OP_regx
	.byte	136                             @ 264
	.byte	2                               @ 
	.byte	147                             @ DW_OP_piece
	.byte	8                               @ 8
	.byte	144                             @ sub-register DW_OP_regx
	.byte	137                             @ 265
	.byte	2                               @ 
	.byte	147                             @ DW_OP_piece
	.byte	8                               @ 8
	.long	0
	.long	0
.Ldebug_loc96:
	.long	-1
	.long	.Lfunc_begin3                   @   base address
	.long	.Ltmp235-.Lfunc_begin3
	.long	.Ltmp240-.Lfunc_begin3
	.short	10                              @ Loc expr size
	.byte	144                             @ sub-register DW_OP_regx
	.byte	134                             @ 262
	.byte	2                               @ 
	.byte	147                             @ DW_OP_piece
	.byte	8                               @ 8
	.byte	144                             @ sub-register DW_OP_regx
	.byte	135                             @ 263
	.byte	2                               @ 
	.byte	147                             @ DW_OP_piece
	.byte	8                               @ 8
	.long	0
	.long	0
.Ldebug_loc97:
	.long	-1
	.long	.Lfunc_begin5                   @   base address
	.long	.Lfunc_begin5-.Lfunc_begin5
	.long	.Ltmp267-.Lfunc_begin5
	.short	1                               @ Loc expr size
	.byte	80                              @ DW_OP_reg0
	.long	.Ltmp267-.Lfunc_begin5
	.long	.Ltmp347-.Lfunc_begin5
	.short	4                               @ Loc expr size
	.byte	243                             @ DW_OP_GNU_entry_value
	.byte	1                               @ 1
	.byte	80                              @ DW_OP_reg0
	.byte	159                             @ DW_OP_stack_value
	.long	.Ltmp347-.Lfunc_begin5
	.long	.Ltmp348-.Lfunc_begin5
	.short	1                               @ Loc expr size
	.byte	80                              @ DW_OP_reg0
	.long	0
	.long	0
.Ldebug_loc98:
	.long	-1
	.long	.Lfunc_begin5                   @   base address
	.long	.Lfunc_begin5-.Lfunc_begin5
	.long	.Ltmp262-.Lfunc_begin5
	.short	1                               @ Loc expr size
	.byte	81                              @ DW_OP_reg1
	.long	.Ltmp262-.Lfunc_begin5
	.long	.Ltmp409-.Lfunc_begin5
	.short	1                               @ Loc expr size
	.byte	90                              @ DW_OP_reg10
	.long	.Ltmp410-.Lfunc_begin5
	.long	.Ltmp414-.Lfunc_begin5
	.short	4                               @ Loc expr size
	.byte	243                             @ DW_OP_GNU_entry_value
	.byte	1                               @ 1
	.byte	81                              @ DW_OP_reg1
	.byte	159                             @ DW_OP_stack_value
	.long	.Ltmp451-.Lfunc_begin5
	.long	.Ltmp454-.Lfunc_begin5
	.short	1                               @ Loc expr size
	.byte	90                              @ DW_OP_reg10
	.long	0
	.long	0
.Ldebug_loc99:
	.long	-1
	.long	.Lfunc_begin5                   @   base address
	.long	.Lfunc_begin5-.Lfunc_begin5
	.long	.Ltmp264-.Lfunc_begin5
	.short	1                               @ Loc expr size
	.byte	82                              @ DW_OP_reg2
	.long	.Ltmp264-.Lfunc_begin5
	.long	.Lfunc_end5-.Lfunc_begin5
	.short	2                               @ Loc expr size
	.byte	125                             @ DW_OP_breg13
	.byte	0                               @ 0
	.long	0
	.long	0
.Ldebug_loc100:
	.long	-1
	.long	.Lfunc_begin5                   @   base address
	.long	.Ltmp268-.Lfunc_begin5
	.long	.Ltmp306-.Lfunc_begin5
	.short	1                               @ Loc expr size
	.byte	83                              @ DW_OP_reg3
	.long	.Ltmp307-.Lfunc_begin5
	.long	.Ltmp347-.Lfunc_begin5
	.short	1                               @ Loc expr size
	.byte	83                              @ DW_OP_reg3
	.long	.Ltmp402-.Lfunc_begin5
	.long	.Ltmp451-.Lfunc_begin5
	.short	1                               @ Loc expr size
	.byte	83                              @ DW_OP_reg3
	.long	.Ltmp452-.Lfunc_begin5
	.long	.Lfunc_end5-.Lfunc_begin5
	.short	1                               @ Loc expr size
	.byte	83                              @ DW_OP_reg3
	.long	0
	.long	0
.Ldebug_loc101:
	.long	-1
	.long	.Lfunc_begin5                   @   base address
	.long	.Ltmp268-.Lfunc_begin5
	.long	.Ltmp347-.Lfunc_begin5
	.short	1                               @ Loc expr size
	.byte	88                              @ DW_OP_reg8
	.long	.Ltmp403-.Lfunc_begin5
	.long	.Ltmp415-.Lfunc_begin5
	.short	1                               @ Loc expr size
	.byte	88                              @ DW_OP_reg8
	.long	.Ltmp452-.Lfunc_begin5
	.long	.Ltmp454-.Lfunc_begin5
	.short	1                               @ Loc expr size
	.byte	88                              @ DW_OP_reg8
	.long	0
	.long	0
.Ldebug_loc102:
	.long	-1
	.long	.Lfunc_begin5                   @   base address
	.long	.Ltmp268-.Lfunc_begin5
	.long	.Ltmp347-.Lfunc_begin5
	.short	10                              @ Loc expr size
	.byte	144                             @ sub-register DW_OP_regx
	.byte	130                             @ 258
	.byte	2                               @ 
	.byte	147                             @ DW_OP_piece
	.byte	8                               @ 8
	.byte	144                             @ sub-register DW_OP_regx
	.byte	131                             @ 259
	.byte	2                               @ 
	.byte	147                             @ DW_OP_piece
	.byte	8                               @ 8
	.long	.Ltmp348-.Lfunc_begin5
	.long	.Lfunc_end5-.Lfunc_begin5
	.short	10                              @ Loc expr size
	.byte	144                             @ sub-register DW_OP_regx
	.byte	130                             @ 258
	.byte	2                               @ 
	.byte	147                             @ DW_OP_piece
	.byte	8                               @ 8
	.byte	144                             @ sub-register DW_OP_regx
	.byte	131                             @ 259
	.byte	2                               @ 
	.byte	147                             @ DW_OP_piece
	.byte	8                               @ 8
	.long	0
	.long	0
.Ldebug_loc103:
	.long	-1
	.long	.Lfunc_begin5                   @   base address
	.long	.Ltmp263-.Lfunc_begin5
	.long	.Ltmp460-.Lfunc_begin5
	.short	1                               @ Loc expr size
	.byte	84                              @ DW_OP_reg4
	.long	0
	.long	0
.Ldebug_loc104:
	.long	-1
	.long	.Lfunc_begin5                   @   base address
	.long	.Ltmp263-.Lfunc_begin5
	.long	.Ltmp265-.Lfunc_begin5
	.short	3                               @ Loc expr size
	.byte	144                             @ super-register DW_OP_regx
	.byte	128                             @ 256
	.byte	2                               @ 
	.long	.Ltmp265-.Lfunc_begin5
	.long	.Ltmp459-.Lfunc_begin5
	.short	2                               @ Loc expr size
	.byte	125                             @ DW_OP_breg13
	.byte	4                               @ 4
	.long	.Ltmp459-.Lfunc_begin5
	.long	.Lfunc_end5-.Lfunc_begin5
	.short	3                               @ Loc expr size
	.byte	144                             @ super-register DW_OP_regx
	.byte	128                             @ 256
	.byte	2                               @ 
	.long	0
	.long	0
.Ldebug_loc105:
	.long	-1
	.long	.Lfunc_begin5                   @   base address
	.long	.Ltmp268-.Lfunc_begin5
	.long	.Ltmp309-.Lfunc_begin5
	.short	3                               @ Loc expr size
	.byte	125                             @ DW_OP_breg13
	.byte	188                             @ 188
	.byte	1                               @ 
	.long	.Ltmp311-.Lfunc_begin5
	.long	.Ltmp316-.Lfunc_begin5
	.short	2                               @ Loc expr size
	.byte	125                             @ DW_OP_breg13
	.byte	12                              @ 12
	.long	.Ltmp331-.Lfunc_begin5
	.long	.Ltmp347-.Lfunc_begin5
	.short	3                               @ Loc expr size
	.byte	125                             @ DW_OP_breg13
	.byte	188                             @ 188
	.byte	1                               @ 
	.long	.Ltmp351-.Lfunc_begin5
	.long	.Ltmp352-.Lfunc_begin5
	.short	5                               @ Loc expr size
	.byte	119                             @ DW_OP_breg7
	.byte	0                               @ 0
	.byte	50                              @ DW_OP_lit2
	.byte	37                              @ DW_OP_shr
	.byte	159                             @ DW_OP_stack_value
	.long	.Ltmp352-.Lfunc_begin5
	.long	.Ltmp353-.Lfunc_begin5
	.short	2                               @ Loc expr size
	.byte	125                             @ DW_OP_breg13
	.byte	12                              @ 12
	.long	.Ltmp353-.Lfunc_begin5
	.long	.Ltmp354-.Lfunc_begin5
	.short	1                               @ Loc expr size
	.byte	81                              @ DW_OP_reg1
	.long	.Ltmp354-.Lfunc_begin5
	.long	.Ltmp355-.Lfunc_begin5
	.short	2                               @ Loc expr size
	.byte	125                             @ DW_OP_breg13
	.byte	12                              @ 12
	.long	.Ltmp365-.Lfunc_begin5
	.long	.Ltmp404-.Lfunc_begin5
	.short	3                               @ Loc expr size
	.byte	125                             @ DW_OP_breg13
	.byte	188                             @ 188
	.byte	1                               @ 
	.long	.Ltmp407-.Lfunc_begin5
	.long	.Ltmp409-.Lfunc_begin5
	.short	1                               @ Loc expr size
	.byte	80                              @ DW_OP_reg0
	.long	.Ltmp416-.Lfunc_begin5
	.long	.Ltmp417-.Lfunc_begin5
	.short	3                               @ Loc expr size
	.byte	125                             @ DW_OP_breg13
	.byte	188                             @ 188
	.byte	1                               @ 
	.long	.Ltmp417-.Lfunc_begin5
	.long	.Ltmp425-.Lfunc_begin5
	.short	1                               @ Loc expr size
	.byte	80                              @ DW_OP_reg0
	.long	0
	.long	0
.Ldebug_loc106:
	.long	-1
	.long	.Lfunc_begin5                   @   base address
	.long	.Ltmp268-.Lfunc_begin5
	.long	.Ltmp309-.Lfunc_begin5
	.short	1                               @ Loc expr size
	.byte	82                              @ DW_OP_reg2
	.long	.Ltmp313-.Lfunc_begin5
	.long	.Ltmp347-.Lfunc_begin5
	.short	1                               @ Loc expr size
	.byte	82                              @ DW_OP_reg2
	.long	0
	.long	0
.Ldebug_loc107:
	.long	-1
	.long	.Lfunc_begin5                   @   base address
	.long	.Ltmp268-.Lfunc_begin5
	.long	.Ltmp272-.Lfunc_begin5
	.short	10                              @ Loc expr size
	.byte	144                             @ sub-register DW_OP_regx
	.byte	132                             @ 260
	.byte	2                               @ 
	.byte	147                             @ DW_OP_piece
	.byte	8                               @ 8
	.byte	144                             @ sub-register DW_OP_regx
	.byte	133                             @ 261
	.byte	2                               @ 
	.byte	147                             @ DW_OP_piece
	.byte	8                               @ 8
	.long	.Ltmp311-.Lfunc_begin5
	.long	.Ltmp347-.Lfunc_begin5
	.short	10                              @ Loc expr size
	.byte	144                             @ sub-register DW_OP_regx
	.byte	132                             @ 260
	.byte	2                               @ 
	.byte	147                             @ DW_OP_piece
	.byte	8                               @ 8
	.byte	144                             @ sub-register DW_OP_regx
	.byte	133                             @ 261
	.byte	2                               @ 
	.byte	147                             @ DW_OP_piece
	.byte	8                               @ 8
	.long	0
	.long	0
.Ldebug_loc108:
	.long	-1
	.long	.Lfunc_begin5                   @   base address
	.long	.Ltmp268-.Lfunc_begin5
	.long	.Ltmp308-.Lfunc_begin5
	.short	1                               @ Loc expr size
	.byte	88                              @ DW_OP_reg8
	.long	.Ltmp309-.Lfunc_begin5
	.long	.Ltmp347-.Lfunc_begin5
	.short	1                               @ Loc expr size
	.byte	88                              @ DW_OP_reg8
	.long	.Ltmp349-.Lfunc_begin5
	.long	.Ltmp403-.Lfunc_begin5
	.short	1                               @ Loc expr size
	.byte	88                              @ DW_OP_reg8
	.long	.Ltmp404-.Lfunc_begin5
	.long	.Ltmp415-.Lfunc_begin5
	.short	1                               @ Loc expr size
	.byte	88                              @ DW_OP_reg8
	.long	0
	.long	0
.Ldebug_loc109:
	.long	-1
	.long	.Lfunc_begin5                   @   base address
	.long	.Ltmp268-.Lfunc_begin5
	.long	.Ltmp284-.Lfunc_begin5
	.short	10                              @ Loc expr size
	.byte	144                             @ sub-register DW_OP_regx
	.byte	140                             @ 268
	.byte	2                               @ 
	.byte	147                             @ DW_OP_piece
	.byte	8                               @ 8
	.byte	144                             @ sub-register DW_OP_regx
	.byte	141                             @ 269
	.byte	2                               @ 
	.byte	147                             @ DW_OP_piece
	.byte	8                               @ 8
	.long	.Ltmp311-.Lfunc_begin5
	.long	.Ltmp316-.Lfunc_begin5
	.short	10                              @ Loc expr size
	.byte	144                             @ sub-register DW_OP_regx
	.byte	132                             @ 260
	.byte	2                               @ 
	.byte	147                             @ DW_OP_piece
	.byte	8                               @ 8
	.byte	144                             @ sub-register DW_OP_regx
	.byte	133                             @ 261
	.byte	2                               @ 
	.byte	147                             @ DW_OP_piece
	.byte	8                               @ 8
	.long	.Ltmp316-.Lfunc_begin5
	.long	.Ltmp331-.Lfunc_begin5
	.short	10                              @ Loc expr size
	.byte	144                             @ sub-register DW_OP_regx
	.byte	140                             @ 268
	.byte	2                               @ 
	.byte	147                             @ DW_OP_piece
	.byte	8                               @ 8
	.byte	144                             @ sub-register DW_OP_regx
	.byte	141                             @ 269
	.byte	2                               @ 
	.byte	147                             @ DW_OP_piece
	.byte	8                               @ 8
	.long	.Ltmp337-.Lfunc_begin5
	.long	.Ltmp347-.Lfunc_begin5
	.short	10                              @ Loc expr size
	.byte	144                             @ sub-register DW_OP_regx
	.byte	140                             @ 268
	.byte	2                               @ 
	.byte	147                             @ DW_OP_piece
	.byte	8                               @ 8
	.byte	144                             @ sub-register DW_OP_regx
	.byte	141                             @ 269
	.byte	2                               @ 
	.byte	147                             @ DW_OP_piece
	.byte	8                               @ 8
	.long	0
	.long	0
.Ldebug_loc110:
	.long	-1
	.long	.Lfunc_begin5                   @   base address
	.long	.Ltmp268-.Lfunc_begin5
	.long	.Ltmp289-.Lfunc_begin5
	.short	10                              @ Loc expr size
	.byte	144                             @ sub-register DW_OP_regx
	.byte	142                             @ 270
	.byte	2                               @ 
	.byte	147                             @ DW_OP_piece
	.byte	8                               @ 8
	.byte	144                             @ sub-register DW_OP_regx
	.byte	143                             @ 271
	.byte	2                               @ 
	.byte	147                             @ DW_OP_piece
	.byte	8                               @ 8
	.long	.Ltmp311-.Lfunc_begin5
	.long	.Ltmp316-.Lfunc_begin5
	.short	10                              @ Loc expr size
	.byte	144                             @ sub-register DW_OP_regx
	.byte	132                             @ 260
	.byte	2                               @ 
	.byte	147                             @ DW_OP_piece
	.byte	8                               @ 8
	.byte	144                             @ sub-register DW_OP_regx
	.byte	133                             @ 261
	.byte	2                               @ 
	.byte	147                             @ DW_OP_piece
	.byte	8                               @ 8
	.long	.Ltmp316-.Lfunc_begin5
	.long	.Ltmp331-.Lfunc_begin5
	.short	10                              @ Loc expr size
	.byte	144                             @ sub-register DW_OP_regx
	.byte	142                             @ 270
	.byte	2                               @ 
	.byte	147                             @ DW_OP_piece
	.byte	8                               @ 8
	.byte	144                             @ sub-register DW_OP_regx
	.byte	143                             @ 271
	.byte	2                               @ 
	.byte	147                             @ DW_OP_piece
	.byte	8                               @ 8
	.long	.Ltmp340-.Lfunc_begin5
	.long	.Ltmp347-.Lfunc_begin5
	.short	10                              @ Loc expr size
	.byte	144                             @ sub-register DW_OP_regx
	.byte	142                             @ 270
	.byte	2                               @ 
	.byte	147                             @ DW_OP_piece
	.byte	8                               @ 8
	.byte	144                             @ sub-register DW_OP_regx
	.byte	143                             @ 271
	.byte	2                               @ 
	.byte	147                             @ DW_OP_piece
	.byte	8                               @ 8
	.long	0
	.long	0
.Ldebug_loc111:
	.long	-1
	.long	.Lfunc_begin5                   @   base address
	.long	.Ltmp268-.Lfunc_begin5
	.long	.Ltmp282-.Lfunc_begin5
	.short	10                              @ Loc expr size
	.byte	144                             @ sub-register DW_OP_regx
	.byte	138                             @ 266
	.byte	2                               @ 
	.byte	147                             @ DW_OP_piece
	.byte	8                               @ 8
	.byte	144                             @ sub-register DW_OP_regx
	.byte	139                             @ 267
	.byte	2                               @ 
	.byte	147                             @ DW_OP_piece
	.byte	8                               @ 8
	.long	.Ltmp311-.Lfunc_begin5
	.long	.Ltmp316-.Lfunc_begin5
	.short	10                              @ Loc expr size
	.byte	144                             @ sub-register DW_OP_regx
	.byte	132                             @ 260
	.byte	2                               @ 
	.byte	147                             @ DW_OP_piece
	.byte	8                               @ 8
	.byte	144                             @ sub-register DW_OP_regx
	.byte	133                             @ 261
	.byte	2                               @ 
	.byte	147                             @ DW_OP_piece
	.byte	8                               @ 8
	.long	.Ltmp316-.Lfunc_begin5
	.long	.Ltmp331-.Lfunc_begin5
	.short	10                              @ Loc expr size
	.byte	144                             @ sub-register DW_OP_regx
	.byte	138                             @ 266
	.byte	2                               @ 
	.byte	147                             @ DW_OP_piece
	.byte	8                               @ 8
	.byte	144                             @ sub-register DW_OP_regx
	.byte	139                             @ 267
	.byte	2                               @ 
	.byte	147                             @ DW_OP_piece
	.byte	8                               @ 8
	.long	.Ltmp343-.Lfunc_begin5
	.long	.Ltmp347-.Lfunc_begin5
	.short	10                              @ Loc expr size
	.byte	144                             @ sub-register DW_OP_regx
	.byte	138                             @ 266
	.byte	2                               @ 
	.byte	147                             @ DW_OP_piece
	.byte	8                               @ 8
	.byte	144                             @ sub-register DW_OP_regx
	.byte	139                             @ 267
	.byte	2                               @ 
	.byte	147                             @ DW_OP_piece
	.byte	8                               @ 8
	.long	0
	.long	0
.Ldebug_loc112:
	.long	-1
	.long	.Lfunc_begin5                   @   base address
	.long	.Ltmp280-.Lfunc_begin5
	.long	.Ltmp288-.Lfunc_begin5
	.short	10                              @ Loc expr size
	.byte	144                             @ sub-register DW_OP_regx
	.byte	128                             @ 256
	.byte	2                               @ 
	.byte	147                             @ DW_OP_piece
	.byte	8                               @ 8
	.byte	144                             @ sub-register DW_OP_regx
	.byte	129                             @ 257
	.byte	2                               @ 
	.byte	147                             @ DW_OP_piece
	.byte	8                               @ 8
	.long	0
	.long	0
.Ldebug_loc113:
	.long	-1
	.long	.Lfunc_begin5                   @   base address
	.long	.Ltmp279-.Lfunc_begin5
	.long	.Ltmp290-.Lfunc_begin5
	.short	10                              @ Loc expr size
	.byte	144                             @ sub-register DW_OP_regx
	.byte	132                             @ 260
	.byte	2                               @ 
	.byte	147                             @ DW_OP_piece
	.byte	8                               @ 8
	.byte	144                             @ sub-register DW_OP_regx
	.byte	133                             @ 261
	.byte	2                               @ 
	.byte	147                             @ DW_OP_piece
	.byte	8                               @ 8
	.long	0
	.long	0
.Ldebug_loc114:
	.long	-1
	.long	.Lfunc_begin5                   @   base address
	.long	.Ltmp287-.Lfunc_begin5
	.long	.Ltmp291-.Lfunc_begin5
	.short	10                              @ Loc expr size
	.byte	144                             @ sub-register DW_OP_regx
	.byte	134                             @ 262
	.byte	2                               @ 
	.byte	147                             @ DW_OP_piece
	.byte	8                               @ 8
	.byte	144                             @ sub-register DW_OP_regx
	.byte	135                             @ 263
	.byte	2                               @ 
	.byte	147                             @ DW_OP_piece
	.byte	8                               @ 8
	.long	0
	.long	0
.Ldebug_loc115:
	.long	-1
	.long	.Lfunc_begin5                   @   base address
	.long	.Ltmp291-.Lfunc_begin5
	.long	.Ltmp296-.Lfunc_begin5
	.short	10                              @ Loc expr size
	.byte	144                             @ sub-register DW_OP_regx
	.byte	134                             @ 262
	.byte	2                               @ 
	.byte	147                             @ DW_OP_piece
	.byte	8                               @ 8
	.byte	144                             @ sub-register DW_OP_regx
	.byte	135                             @ 263
	.byte	2                               @ 
	.byte	147                             @ DW_OP_piece
	.byte	8                               @ 8
	.long	0
	.long	0
.Ldebug_loc116:
	.long	-1
	.long	.Lfunc_begin5                   @   base address
	.long	.Ltmp291-.Lfunc_begin5
	.long	.Ltmp296-.Lfunc_begin5
	.short	10                              @ Loc expr size
	.byte	144                             @ sub-register DW_OP_regx
	.byte	134                             @ 262
	.byte	2                               @ 
	.byte	147                             @ DW_OP_piece
	.byte	8                               @ 8
	.byte	144                             @ sub-register DW_OP_regx
	.byte	135                             @ 263
	.byte	2                               @ 
	.byte	147                             @ DW_OP_piece
	.byte	8                               @ 8
	.long	0
	.long	0
.Ldebug_loc117:
	.long	-1
	.long	.Lfunc_begin5                   @   base address
	.long	.Ltmp292-.Lfunc_begin5
	.long	.Ltmp298-.Lfunc_begin5
	.short	10                              @ Loc expr size
	.byte	144                             @ sub-register DW_OP_regx
	.byte	132                             @ 260
	.byte	2                               @ 
	.byte	147                             @ DW_OP_piece
	.byte	8                               @ 8
	.byte	144                             @ sub-register DW_OP_regx
	.byte	133                             @ 261
	.byte	2                               @ 
	.byte	147                             @ DW_OP_piece
	.byte	8                               @ 8
	.long	0
	.long	0
.Ldebug_loc118:
	.long	-1
	.long	.Lfunc_begin5                   @   base address
	.long	.Ltmp293-.Lfunc_begin5
	.long	.Ltmp309-.Lfunc_begin5
	.short	10                              @ Loc expr size
	.byte	144                             @ sub-register DW_OP_regx
	.byte	138                             @ 266
	.byte	2                               @ 
	.byte	147                             @ DW_OP_piece
	.byte	8                               @ 8
	.byte	144                             @ sub-register DW_OP_regx
	.byte	139                             @ 267
	.byte	2                               @ 
	.byte	147                             @ DW_OP_piece
	.byte	8                               @ 8
	.long	0
	.long	0
.Ldebug_loc119:
	.long	-1
	.long	.Lfunc_begin5                   @   base address
	.long	.Ltmp294-.Lfunc_begin5
	.long	.Ltmp297-.Lfunc_begin5
	.short	10                              @ Loc expr size
	.byte	144                             @ sub-register DW_OP_regx
	.byte	140                             @ 268
	.byte	2                               @ 
	.byte	147                             @ DW_OP_piece
	.byte	8                               @ 8
	.byte	144                             @ sub-register DW_OP_regx
	.byte	141                             @ 269
	.byte	2                               @ 
	.byte	147                             @ DW_OP_piece
	.byte	8                               @ 8
	.long	0
	.long	0
.Ldebug_loc120:
	.long	-1
	.long	.Lfunc_begin5                   @   base address
	.long	.Ltmp295-.Lfunc_begin5
	.long	.Ltmp309-.Lfunc_begin5
	.short	10                              @ Loc expr size
	.byte	144                             @ sub-register DW_OP_regx
	.byte	142                             @ 270
	.byte	2                               @ 
	.byte	147                             @ DW_OP_piece
	.byte	8                               @ 8
	.byte	144                             @ sub-register DW_OP_regx
	.byte	143                             @ 271
	.byte	2                               @ 
	.byte	147                             @ DW_OP_piece
	.byte	8                               @ 8
	.long	0
	.long	0
.Ldebug_loc121:
	.long	-1
	.long	.Lfunc_begin5                   @   base address
	.long	.Ltmp296-.Lfunc_begin5
	.long	.Ltmp302-.Lfunc_begin5
	.short	10                              @ Loc expr size
	.byte	144                             @ sub-register DW_OP_regx
	.byte	134                             @ 262
	.byte	2                               @ 
	.byte	147                             @ DW_OP_piece
	.byte	8                               @ 8
	.byte	144                             @ sub-register DW_OP_regx
	.byte	135                             @ 263
	.byte	2                               @ 
	.byte	147                             @ DW_OP_piece
	.byte	8                               @ 8
	.long	0
	.long	0
.Ldebug_loc122:
	.long	-1
	.long	.Lfunc_begin5                   @   base address
	.long	.Ltmp299-.Lfunc_begin5
	.long	.Ltmp304-.Lfunc_begin5
	.short	10                              @ Loc expr size
	.byte	144                             @ sub-register DW_OP_regx
	.byte	128                             @ 256
	.byte	2                               @ 
	.byte	147                             @ DW_OP_piece
	.byte	8                               @ 8
	.byte	144                             @ sub-register DW_OP_regx
	.byte	129                             @ 257
	.byte	2                               @ 
	.byte	147                             @ DW_OP_piece
	.byte	8                               @ 8
	.long	0
	.long	0
.Ldebug_loc123:
	.long	-1
	.long	.Lfunc_begin5                   @   base address
	.long	.Ltmp300-.Lfunc_begin5
	.long	.Ltmp302-.Lfunc_begin5
	.short	10                              @ Loc expr size
	.byte	144                             @ sub-register DW_OP_regx
	.byte	134                             @ 262
	.byte	2                               @ 
	.byte	147                             @ DW_OP_piece
	.byte	8                               @ 8
	.byte	144                             @ sub-register DW_OP_regx
	.byte	135                             @ 263
	.byte	2                               @ 
	.byte	147                             @ DW_OP_piece
	.byte	8                               @ 8
	.long	0
	.long	0
.Ldebug_loc124:
	.long	-1
	.long	.Lfunc_begin5                   @   base address
	.long	.Ltmp301-.Lfunc_begin5
	.long	.Ltmp305-.Lfunc_begin5
	.short	10                              @ Loc expr size
	.byte	144                             @ sub-register DW_OP_regx
	.byte	132                             @ 260
	.byte	2                               @ 
	.byte	147                             @ DW_OP_piece
	.byte	8                               @ 8
	.byte	144                             @ sub-register DW_OP_regx
	.byte	133                             @ 261
	.byte	2                               @ 
	.byte	147                             @ DW_OP_piece
	.byte	8                               @ 8
	.long	.Ltmp305-.Lfunc_begin5
	.long	.Ltmp309-.Lfunc_begin5
	.short	10                              @ Loc expr size
	.byte	144                             @ sub-register DW_OP_regx
	.byte	128                             @ 256
	.byte	2                               @ 
	.byte	147                             @ DW_OP_piece
	.byte	8                               @ 8
	.byte	144                             @ sub-register DW_OP_regx
	.byte	129                             @ 257
	.byte	2                               @ 
	.byte	147                             @ DW_OP_piece
	.byte	8                               @ 8
	.long	0
	.long	0
.Ldebug_loc125:
	.long	-1
	.long	.Lfunc_begin5                   @   base address
	.long	.Ltmp310-.Lfunc_begin5
	.long	.Ltmp316-.Lfunc_begin5
	.short	1                               @ Loc expr size
	.byte	80                              @ DW_OP_reg0
	.long	.Ltmp351-.Lfunc_begin5
	.long	.Ltmp355-.Lfunc_begin5
	.short	1                               @ Loc expr size
	.byte	80                              @ DW_OP_reg0
	.long	0
	.long	0
.Ldebug_loc126:
	.long	-1
	.long	.Lfunc_begin5                   @   base address
	.long	.Ltmp311-.Lfunc_begin5
	.long	.Ltmp316-.Lfunc_begin5
	.short	1                               @ Loc expr size
	.byte	90                              @ DW_OP_reg10
	.long	.Ltmp316-.Lfunc_begin5
	.long	.Ltmp331-.Lfunc_begin5
	.short	1                               @ Loc expr size
	.byte	81                              @ DW_OP_reg1
	.long	0
	.long	0
.Ldebug_loc127:
	.long	-1
	.long	.Lfunc_begin5                   @   base address
	.long	.Ltmp316-.Lfunc_begin5
	.long	.Ltmp331-.Lfunc_begin5
	.short	1                               @ Loc expr size
	.byte	89                              @ DW_OP_reg9
	.long	0
	.long	0
.Ldebug_loc128:
	.long	-1
	.long	.Lfunc_begin5                   @   base address
	.long	.Ltmp316-.Lfunc_begin5
	.long	.Ltmp331-.Lfunc_begin5
	.short	1                               @ Loc expr size
	.byte	80                              @ DW_OP_reg0
	.long	0
	.long	0
.Ldebug_loc129:
	.long	-1
	.long	.Lfunc_begin5                   @   base address
	.long	.Ltmp311-.Lfunc_begin5
	.long	.Ltmp316-.Lfunc_begin5
	.short	1                               @ Loc expr size
	.byte	88                              @ DW_OP_reg8
	.long	.Ltmp316-.Lfunc_begin5
	.long	.Ltmp331-.Lfunc_begin5
	.short	1                               @ Loc expr size
	.byte	85                              @ DW_OP_reg5
	.long	0
	.long	0
.Ldebug_loc130:
	.long	-1
	.long	.Lfunc_begin5                   @   base address
	.long	.Ltmp312-.Lfunc_begin5
	.long	.Ltmp316-.Lfunc_begin5
	.short	1                               @ Loc expr size
	.byte	89                              @ DW_OP_reg9
	.long	0
	.long	0
.Ldebug_loc131:
	.long	-1
	.long	.Lfunc_begin5                   @   base address
	.long	.Ltmp313-.Lfunc_begin5
	.long	.Ltmp316-.Lfunc_begin5
	.short	1                               @ Loc expr size
	.byte	82                              @ DW_OP_reg2
	.long	0
	.long	0
.Ldebug_loc132:
	.long	-1
	.long	.Lfunc_begin5                   @   base address
	.long	.Ltmp317-.Lfunc_begin5
	.long	.Ltmp328-.Lfunc_begin5
	.short	10                              @ Loc expr size
	.byte	144                             @ sub-register DW_OP_regx
	.byte	128                             @ 256
	.byte	2                               @ 
	.byte	147                             @ DW_OP_piece
	.byte	8                               @ 8
	.byte	144                             @ sub-register DW_OP_regx
	.byte	129                             @ 257
	.byte	2                               @ 
	.byte	147                             @ DW_OP_piece
	.byte	8                               @ 8
	.long	.Ltmp334-.Lfunc_begin5
	.long	.Ltmp345-.Lfunc_begin5
	.short	10                              @ Loc expr size
	.byte	144                             @ sub-register DW_OP_regx
	.byte	128                             @ 256
	.byte	2                               @ 
	.byte	147                             @ DW_OP_piece
	.byte	8                               @ 8
	.byte	144                             @ sub-register DW_OP_regx
	.byte	129                             @ 257
	.byte	2                               @ 
	.byte	147                             @ DW_OP_piece
	.byte	8                               @ 8
	.long	0
	.long	0
.Ldebug_loc133:
	.long	-1
	.long	.Lfunc_begin5                   @   base address
	.long	.Ltmp318-.Lfunc_begin5
	.long	.Ltmp319-.Lfunc_begin5
	.short	10                              @ Loc expr size
	.byte	144                             @ sub-register DW_OP_regx
	.byte	134                             @ 262
	.byte	2                               @ 
	.byte	147                             @ DW_OP_piece
	.byte	8                               @ 8
	.byte	144                             @ sub-register DW_OP_regx
	.byte	135                             @ 263
	.byte	2                               @ 
	.byte	147                             @ DW_OP_piece
	.byte	8                               @ 8
	.long	.Ltmp321-.Lfunc_begin5
	.long	.Ltmp322-.Lfunc_begin5
	.short	10                              @ Loc expr size
	.byte	144                             @ sub-register DW_OP_regx
	.byte	134                             @ 262
	.byte	2                               @ 
	.byte	147                             @ DW_OP_piece
	.byte	8                               @ 8
	.byte	144                             @ sub-register DW_OP_regx
	.byte	135                             @ 263
	.byte	2                               @ 
	.byte	147                             @ DW_OP_piece
	.byte	8                               @ 8
	.long	.Ltmp324-.Lfunc_begin5
	.long	.Ltmp325-.Lfunc_begin5
	.short	10                              @ Loc expr size
	.byte	144                             @ sub-register DW_OP_regx
	.byte	134                             @ 262
	.byte	2                               @ 
	.byte	147                             @ DW_OP_piece
	.byte	8                               @ 8
	.byte	144                             @ sub-register DW_OP_regx
	.byte	135                             @ 263
	.byte	2                               @ 
	.byte	147                             @ DW_OP_piece
	.byte	8                               @ 8
	.long	.Ltmp327-.Lfunc_begin5
	.long	.Ltmp331-.Lfunc_begin5
	.short	10                              @ Loc expr size
	.byte	144                             @ sub-register DW_OP_regx
	.byte	134                             @ 262
	.byte	2                               @ 
	.byte	147                             @ DW_OP_piece
	.byte	8                               @ 8
	.byte	144                             @ sub-register DW_OP_regx
	.byte	135                             @ 263
	.byte	2                               @ 
	.byte	147                             @ DW_OP_piece
	.byte	8                               @ 8
	.long	0
	.long	0
.Ldebug_loc134:
	.long	-1
	.long	.Lfunc_begin5                   @   base address
	.long	.Ltmp319-.Lfunc_begin5
	.long	.Ltmp321-.Lfunc_begin5
	.short	10                              @ Loc expr size
	.byte	144                             @ sub-register DW_OP_regx
	.byte	134                             @ 262
	.byte	2                               @ 
	.byte	147                             @ DW_OP_piece
	.byte	8                               @ 8
	.byte	144                             @ sub-register DW_OP_regx
	.byte	135                             @ 263
	.byte	2                               @ 
	.byte	147                             @ DW_OP_piece
	.byte	8                               @ 8
	.long	.Ltmp322-.Lfunc_begin5
	.long	.Ltmp324-.Lfunc_begin5
	.short	10                              @ Loc expr size
	.byte	144                             @ sub-register DW_OP_regx
	.byte	134                             @ 262
	.byte	2                               @ 
	.byte	147                             @ DW_OP_piece
	.byte	8                               @ 8
	.byte	144                             @ sub-register DW_OP_regx
	.byte	135                             @ 263
	.byte	2                               @ 
	.byte	147                             @ DW_OP_piece
	.byte	8                               @ 8
	.long	.Ltmp325-.Lfunc_begin5
	.long	.Ltmp327-.Lfunc_begin5
	.short	10                              @ Loc expr size
	.byte	144                             @ sub-register DW_OP_regx
	.byte	134                             @ 262
	.byte	2                               @ 
	.byte	147                             @ DW_OP_piece
	.byte	8                               @ 8
	.byte	144                             @ sub-register DW_OP_regx
	.byte	135                             @ 263
	.byte	2                               @ 
	.byte	147                             @ DW_OP_piece
	.byte	8                               @ 8
	.long	.Ltmp328-.Lfunc_begin5
	.long	.Ltmp331-.Lfunc_begin5
	.short	10                              @ Loc expr size
	.byte	144                             @ sub-register DW_OP_regx
	.byte	128                             @ 256
	.byte	2                               @ 
	.byte	147                             @ DW_OP_piece
	.byte	8                               @ 8
	.byte	144                             @ sub-register DW_OP_regx
	.byte	129                             @ 257
	.byte	2                               @ 
	.byte	147                             @ DW_OP_piece
	.byte	8                               @ 8
	.long	0
	.long	0
.Ldebug_loc135:
	.long	-1
	.long	.Lfunc_begin5                   @   base address
	.long	.Ltmp335-.Lfunc_begin5
	.long	.Ltmp336-.Lfunc_begin5
	.short	10                              @ Loc expr size
	.byte	144                             @ sub-register DW_OP_regx
	.byte	134                             @ 262
	.byte	2                               @ 
	.byte	147                             @ DW_OP_piece
	.byte	8                               @ 8
	.byte	144                             @ sub-register DW_OP_regx
	.byte	135                             @ 263
	.byte	2                               @ 
	.byte	147                             @ DW_OP_piece
	.byte	8                               @ 8
	.long	.Ltmp338-.Lfunc_begin5
	.long	.Ltmp339-.Lfunc_begin5
	.short	10                              @ Loc expr size
	.byte	144                             @ sub-register DW_OP_regx
	.byte	134                             @ 262
	.byte	2                               @ 
	.byte	147                             @ DW_OP_piece
	.byte	8                               @ 8
	.byte	144                             @ sub-register DW_OP_regx
	.byte	135                             @ 263
	.byte	2                               @ 
	.byte	147                             @ DW_OP_piece
	.byte	8                               @ 8
	.long	.Ltmp341-.Lfunc_begin5
	.long	.Ltmp342-.Lfunc_begin5
	.short	10                              @ Loc expr size
	.byte	144                             @ sub-register DW_OP_regx
	.byte	134                             @ 262
	.byte	2                               @ 
	.byte	147                             @ DW_OP_piece
	.byte	8                               @ 8
	.byte	144                             @ sub-register DW_OP_regx
	.byte	135                             @ 263
	.byte	2                               @ 
	.byte	147                             @ DW_OP_piece
	.byte	8                               @ 8
	.long	.Ltmp344-.Lfunc_begin5
	.long	.Ltmp347-.Lfunc_begin5
	.short	10                              @ Loc expr size
	.byte	144                             @ sub-register DW_OP_regx
	.byte	134                             @ 262
	.byte	2                               @ 
	.byte	147                             @ DW_OP_piece
	.byte	8                               @ 8
	.byte	144                             @ sub-register DW_OP_regx
	.byte	135                             @ 263
	.byte	2                               @ 
	.byte	147                             @ DW_OP_piece
	.byte	8                               @ 8
	.long	0
	.long	0
.Ldebug_loc136:
	.long	-1
	.long	.Lfunc_begin5                   @   base address
	.long	.Ltmp336-.Lfunc_begin5
	.long	.Ltmp338-.Lfunc_begin5
	.short	10                              @ Loc expr size
	.byte	144                             @ sub-register DW_OP_regx
	.byte	134                             @ 262
	.byte	2                               @ 
	.byte	147                             @ DW_OP_piece
	.byte	8                               @ 8
	.byte	144                             @ sub-register DW_OP_regx
	.byte	135                             @ 263
	.byte	2                               @ 
	.byte	147                             @ DW_OP_piece
	.byte	8                               @ 8
	.long	.Ltmp339-.Lfunc_begin5
	.long	.Ltmp341-.Lfunc_begin5
	.short	10                              @ Loc expr size
	.byte	144                             @ sub-register DW_OP_regx
	.byte	134                             @ 262
	.byte	2                               @ 
	.byte	147                             @ DW_OP_piece
	.byte	8                               @ 8
	.byte	144                             @ sub-register DW_OP_regx
	.byte	135                             @ 263
	.byte	2                               @ 
	.byte	147                             @ DW_OP_piece
	.byte	8                               @ 8
	.long	.Ltmp342-.Lfunc_begin5
	.long	.Ltmp344-.Lfunc_begin5
	.short	10                              @ Loc expr size
	.byte	144                             @ sub-register DW_OP_regx
	.byte	134                             @ 262
	.byte	2                               @ 
	.byte	147                             @ DW_OP_piece
	.byte	8                               @ 8
	.byte	144                             @ sub-register DW_OP_regx
	.byte	135                             @ 263
	.byte	2                               @ 
	.byte	147                             @ DW_OP_piece
	.byte	8                               @ 8
	.long	.Ltmp345-.Lfunc_begin5
	.long	.Ltmp347-.Lfunc_begin5
	.short	10                              @ Loc expr size
	.byte	144                             @ sub-register DW_OP_regx
	.byte	128                             @ 256
	.byte	2                               @ 
	.byte	147                             @ DW_OP_piece
	.byte	8                               @ 8
	.byte	144                             @ sub-register DW_OP_regx
	.byte	129                             @ 257
	.byte	2                               @ 
	.byte	147                             @ DW_OP_piece
	.byte	8                               @ 8
	.long	0
	.long	0
.Ldebug_loc137:
	.long	-1
	.long	.Lfunc_begin5                   @   base address
	.long	.Ltmp350-.Lfunc_begin5
	.long	.Ltmp375-.Lfunc_begin5
	.short	10                              @ Loc expr size
	.byte	144                             @ sub-register DW_OP_regx
	.byte	132                             @ 260
	.byte	2                               @ 
	.byte	147                             @ DW_OP_piece
	.byte	8                               @ 8
	.byte	144                             @ sub-register DW_OP_regx
	.byte	133                             @ 261
	.byte	2                               @ 
	.byte	147                             @ DW_OP_piece
	.byte	8                               @ 8
	.long	0
	.long	0
.Ldebug_loc138:
	.long	-1
	.long	.Lfunc_begin5                   @   base address
	.long	.Ltmp350-.Lfunc_begin5
	.long	.Ltmp355-.Lfunc_begin5
	.short	10                              @ Loc expr size
	.byte	144                             @ sub-register DW_OP_regx
	.byte	132                             @ 260
	.byte	2                               @ 
	.byte	147                             @ DW_OP_piece
	.byte	8                               @ 8
	.byte	144                             @ sub-register DW_OP_regx
	.byte	133                             @ 261
	.byte	2                               @ 
	.byte	147                             @ DW_OP_piece
	.byte	8                               @ 8
	.long	.Ltmp355-.Lfunc_begin5
	.long	.Ltmp365-.Lfunc_begin5
	.short	10                              @ Loc expr size
	.byte	144                             @ sub-register DW_OP_regx
	.byte	128                             @ 256
	.byte	2                               @ 
	.byte	147                             @ DW_OP_piece
	.byte	8                               @ 8
	.byte	144                             @ sub-register DW_OP_regx
	.byte	129                             @ 257
	.byte	2                               @ 
	.byte	147                             @ DW_OP_piece
	.byte	8                               @ 8
	.long	.Ltmp374-.Lfunc_begin5
	.long	.Ltmp376-.Lfunc_begin5
	.short	10                              @ Loc expr size
	.byte	144                             @ sub-register DW_OP_regx
	.byte	128                             @ 256
	.byte	2                               @ 
	.byte	147                             @ DW_OP_piece
	.byte	8                               @ 8
	.byte	144                             @ sub-register DW_OP_regx
	.byte	129                             @ 257
	.byte	2                               @ 
	.byte	147                             @ DW_OP_piece
	.byte	8                               @ 8
	.long	0
	.long	0
.Ldebug_loc139:
	.long	-1
	.long	.Lfunc_begin5                   @   base address
	.long	.Ltmp351-.Lfunc_begin5
	.long	.Ltmp355-.Lfunc_begin5
	.short	1                               @ Loc expr size
	.byte	88                              @ DW_OP_reg8
	.long	.Ltmp355-.Lfunc_begin5
	.long	.Ltmp364-.Lfunc_begin5
	.short	1                               @ Loc expr size
	.byte	82                              @ DW_OP_reg2
	.long	0
	.long	0
.Ldebug_loc140:
	.long	-1
	.long	.Lfunc_begin5                   @   base address
	.long	.Ltmp351-.Lfunc_begin5
	.long	.Ltmp355-.Lfunc_begin5
	.short	1                               @ Loc expr size
	.byte	90                              @ DW_OP_reg10
	.long	.Ltmp355-.Lfunc_begin5
	.long	.Ltmp365-.Lfunc_begin5
	.short	1                               @ Loc expr size
	.byte	85                              @ DW_OP_reg5
	.long	0
	.long	0
.Ldebug_loc141:
	.long	-1
	.long	.Lfunc_begin5                   @   base address
	.long	.Ltmp351-.Lfunc_begin5
	.long	.Ltmp365-.Lfunc_begin5
	.short	1                               @ Loc expr size
	.byte	80                              @ DW_OP_reg0
	.long	0
	.long	0
.Ldebug_loc142:
	.long	-1
	.long	.Lfunc_begin5                   @   base address
	.long	.Ltmp356-.Lfunc_begin5
	.long	.Ltmp361-.Lfunc_begin5
	.short	10                              @ Loc expr size
	.byte	144                             @ sub-register DW_OP_regx
	.byte	134                             @ 262
	.byte	2                               @ 
	.byte	147                             @ DW_OP_piece
	.byte	8                               @ 8
	.byte	144                             @ sub-register DW_OP_regx
	.byte	135                             @ 263
	.byte	2                               @ 
	.byte	147                             @ DW_OP_piece
	.byte	8                               @ 8
	.long	.Ltmp368-.Lfunc_begin5
	.long	.Ltmp373-.Lfunc_begin5
	.short	10                              @ Loc expr size
	.byte	144                             @ sub-register DW_OP_regx
	.byte	134                             @ 262
	.byte	2                               @ 
	.byte	147                             @ DW_OP_piece
	.byte	8                               @ 8
	.byte	144                             @ sub-register DW_OP_regx
	.byte	135                             @ 263
	.byte	2                               @ 
	.byte	147                             @ DW_OP_piece
	.byte	8                               @ 8
	.long	0
	.long	0
.Ldebug_loc143:
	.long	-1
	.long	.Lfunc_begin5                   @   base address
	.long	.Ltmp357-.Lfunc_begin5
	.long	.Ltmp358-.Lfunc_begin5
	.short	10                              @ Loc expr size
	.byte	144                             @ sub-register DW_OP_regx
	.byte	136                             @ 264
	.byte	2                               @ 
	.byte	147                             @ DW_OP_piece
	.byte	8                               @ 8
	.byte	144                             @ sub-register DW_OP_regx
	.byte	137                             @ 265
	.byte	2                               @ 
	.byte	147                             @ DW_OP_piece
	.byte	8                               @ 8
	.long	.Ltmp360-.Lfunc_begin5
	.long	.Ltmp363-.Lfunc_begin5
	.short	10                              @ Loc expr size
	.byte	144                             @ sub-register DW_OP_regx
	.byte	136                             @ 264
	.byte	2                               @ 
	.byte	147                             @ DW_OP_piece
	.byte	8                               @ 8
	.byte	144                             @ sub-register DW_OP_regx
	.byte	137                             @ 265
	.byte	2                               @ 
	.byte	147                             @ DW_OP_piece
	.byte	8                               @ 8
	.long	0
	.long	0
.Ldebug_loc144:
	.long	-1
	.long	.Lfunc_begin5                   @   base address
	.long	.Ltmp358-.Lfunc_begin5
	.long	.Ltmp360-.Lfunc_begin5
	.short	10                              @ Loc expr size
	.byte	144                             @ sub-register DW_OP_regx
	.byte	136                             @ 264
	.byte	2                               @ 
	.byte	147                             @ DW_OP_piece
	.byte	8                               @ 8
	.byte	144                             @ sub-register DW_OP_regx
	.byte	137                             @ 265
	.byte	2                               @ 
	.byte	147                             @ DW_OP_piece
	.byte	8                               @ 8
	.long	.Ltmp361-.Lfunc_begin5
	.long	.Ltmp363-.Lfunc_begin5
	.short	10                              @ Loc expr size
	.byte	144                             @ sub-register DW_OP_regx
	.byte	134                             @ 262
	.byte	2                               @ 
	.byte	147                             @ DW_OP_piece
	.byte	8                               @ 8
	.byte	144                             @ sub-register DW_OP_regx
	.byte	135                             @ 263
	.byte	2                               @ 
	.byte	147                             @ DW_OP_piece
	.byte	8                               @ 8
	.long	0
	.long	0
.Ldebug_loc145:
	.long	-1
	.long	.Lfunc_begin5                   @   base address
	.long	.Ltmp369-.Lfunc_begin5
	.long	.Ltmp370-.Lfunc_begin5
	.short	10                              @ Loc expr size
	.byte	144                             @ sub-register DW_OP_regx
	.byte	136                             @ 264
	.byte	2                               @ 
	.byte	147                             @ DW_OP_piece
	.byte	8                               @ 8
	.byte	144                             @ sub-register DW_OP_regx
	.byte	137                             @ 265
	.byte	2                               @ 
	.byte	147                             @ DW_OP_piece
	.byte	8                               @ 8
	.long	.Ltmp372-.Lfunc_begin5
	.long	.Ltmp374-.Lfunc_begin5
	.short	10                              @ Loc expr size
	.byte	144                             @ sub-register DW_OP_regx
	.byte	136                             @ 264
	.byte	2                               @ 
	.byte	147                             @ DW_OP_piece
	.byte	8                               @ 8
	.byte	144                             @ sub-register DW_OP_regx
	.byte	137                             @ 265
	.byte	2                               @ 
	.byte	147                             @ DW_OP_piece
	.byte	8                               @ 8
	.long	0
	.long	0
.Ldebug_loc146:
	.long	-1
	.long	.Lfunc_begin5                   @   base address
	.long	.Ltmp370-.Lfunc_begin5
	.long	.Ltmp372-.Lfunc_begin5
	.short	10                              @ Loc expr size
	.byte	144                             @ sub-register DW_OP_regx
	.byte	136                             @ 264
	.byte	2                               @ 
	.byte	147                             @ DW_OP_piece
	.byte	8                               @ 8
	.byte	144                             @ sub-register DW_OP_regx
	.byte	137                             @ 265
	.byte	2                               @ 
	.byte	147                             @ DW_OP_piece
	.byte	8                               @ 8
	.long	.Ltmp373-.Lfunc_begin5
	.long	.Ltmp374-.Lfunc_begin5
	.short	10                              @ Loc expr size
	.byte	144                             @ sub-register DW_OP_regx
	.byte	134                             @ 262
	.byte	2                               @ 
	.byte	147                             @ DW_OP_piece
	.byte	8                               @ 8
	.byte	144                             @ sub-register DW_OP_regx
	.byte	135                             @ 263
	.byte	2                               @ 
	.byte	147                             @ DW_OP_piece
	.byte	8                               @ 8
	.long	0
	.long	0
.Ldebug_loc147:
	.long	-1
	.long	.Lfunc_begin5                   @   base address
	.long	.Ltmp381-.Lfunc_begin5
	.long	.Ltmp382-.Lfunc_begin5
	.short	10                              @ Loc expr size
	.byte	144                             @ sub-register DW_OP_regx
	.byte	132                             @ 260
	.byte	2                               @ 
	.byte	147                             @ DW_OP_piece
	.byte	8                               @ 8
	.byte	144                             @ sub-register DW_OP_regx
	.byte	133                             @ 261
	.byte	2                               @ 
	.byte	147                             @ DW_OP_piece
	.byte	8                               @ 8
	.long	0
	.long	0
.Ldebug_loc148:
	.long	-1
	.long	.Lfunc_begin5                   @   base address
	.long	.Ltmp374-.Lfunc_begin5
	.long	.Ltmp375-.Lfunc_begin5
	.short	10                              @ Loc expr size
	.byte	144                             @ sub-register DW_OP_regx
	.byte	132                             @ 260
	.byte	2                               @ 
	.byte	147                             @ DW_OP_piece
	.byte	8                               @ 8
	.byte	144                             @ sub-register DW_OP_regx
	.byte	133                             @ 261
	.byte	2                               @ 
	.byte	147                             @ DW_OP_piece
	.byte	8                               @ 8
	.long	0
	.long	0
.Ldebug_loc149:
	.long	-1
	.long	.Lfunc_begin5                   @   base address
	.long	.Ltmp380-.Lfunc_begin5
	.long	.Ltmp385-.Lfunc_begin5
	.short	10                              @ Loc expr size
	.byte	144                             @ sub-register DW_OP_regx
	.byte	128                             @ 256
	.byte	2                               @ 
	.byte	147                             @ DW_OP_piece
	.byte	8                               @ 8
	.byte	144                             @ sub-register DW_OP_regx
	.byte	129                             @ 257
	.byte	2                               @ 
	.byte	147                             @ DW_OP_piece
	.byte	8                               @ 8
	.long	0
	.long	0
.Ldebug_loc150:
	.long	-1
	.long	.Lfunc_begin5                   @   base address
	.long	.Ltmp384-.Lfunc_begin5
	.long	.Ltmp387-.Lfunc_begin5
	.short	10                              @ Loc expr size
	.byte	144                             @ sub-register DW_OP_regx
	.byte	132                             @ 260
	.byte	2                               @ 
	.byte	147                             @ DW_OP_piece
	.byte	8                               @ 8
	.byte	144                             @ sub-register DW_OP_regx
	.byte	133                             @ 261
	.byte	2                               @ 
	.byte	147                             @ DW_OP_piece
	.byte	8                               @ 8
	.long	0
	.long	0
.Ldebug_loc151:
	.long	-1
	.long	.Lfunc_begin5                   @   base address
	.long	.Ltmp387-.Lfunc_begin5
	.long	.Ltmp404-.Lfunc_begin5
	.short	1                               @ Loc expr size
	.byte	91                              @ DW_OP_reg11
	.long	0
	.long	0
.Ldebug_loc152:
	.long	-1
	.long	.Lfunc_begin5                   @   base address
	.long	.Ltmp387-.Lfunc_begin5
	.long	.Ltmp392-.Lfunc_begin5
	.short	10                              @ Loc expr size
	.byte	144                             @ sub-register DW_OP_regx
	.byte	132                             @ 260
	.byte	2                               @ 
	.byte	147                             @ DW_OP_piece
	.byte	8                               @ 8
	.byte	144                             @ sub-register DW_OP_regx
	.byte	133                             @ 261
	.byte	2                               @ 
	.byte	147                             @ DW_OP_piece
	.byte	8                               @ 8
	.long	0
	.long	0
.Ldebug_loc153:
	.long	-1
	.long	.Lfunc_begin5                   @   base address
	.long	.Ltmp387-.Lfunc_begin5
	.long	.Ltmp392-.Lfunc_begin5
	.short	10                              @ Loc expr size
	.byte	144                             @ sub-register DW_OP_regx
	.byte	132                             @ 260
	.byte	2                               @ 
	.byte	147                             @ DW_OP_piece
	.byte	8                               @ 8
	.byte	144                             @ sub-register DW_OP_regx
	.byte	133                             @ 261
	.byte	2                               @ 
	.byte	147                             @ DW_OP_piece
	.byte	8                               @ 8
	.long	0
	.long	0
.Ldebug_loc154:
	.long	-1
	.long	.Lfunc_begin5                   @   base address
	.long	.Ltmp388-.Lfunc_begin5
	.long	.Ltmp394-.Lfunc_begin5
	.short	10                              @ Loc expr size
	.byte	144                             @ sub-register DW_OP_regx
	.byte	134                             @ 262
	.byte	2                               @ 
	.byte	147                             @ DW_OP_piece
	.byte	8                               @ 8
	.byte	144                             @ sub-register DW_OP_regx
	.byte	135                             @ 263
	.byte	2                               @ 
	.byte	147                             @ DW_OP_piece
	.byte	8                               @ 8
	.long	0
	.long	0
.Ldebug_loc155:
	.long	-1
	.long	.Lfunc_begin5                   @   base address
	.long	.Ltmp389-.Lfunc_begin5
	.long	.Ltmp395-.Lfunc_begin5
	.short	10                              @ Loc expr size
	.byte	144                             @ sub-register DW_OP_regx
	.byte	136                             @ 264
	.byte	2                               @ 
	.byte	147                             @ DW_OP_piece
	.byte	8                               @ 8
	.byte	144                             @ sub-register DW_OP_regx
	.byte	137                             @ 265
	.byte	2                               @ 
	.byte	147                             @ DW_OP_piece
	.byte	8                               @ 8
	.long	0
	.long	0
.Ldebug_loc156:
	.long	-1
	.long	.Lfunc_begin5                   @   base address
	.long	.Ltmp390-.Lfunc_begin5
	.long	.Ltmp393-.Lfunc_begin5
	.short	10                              @ Loc expr size
	.byte	144                             @ sub-register DW_OP_regx
	.byte	138                             @ 266
	.byte	2                               @ 
	.byte	147                             @ DW_OP_piece
	.byte	8                               @ 8
	.byte	144                             @ sub-register DW_OP_regx
	.byte	139                             @ 267
	.byte	2                               @ 
	.byte	147                             @ DW_OP_piece
	.byte	8                               @ 8
	.long	0
	.long	0
.Ldebug_loc157:
	.long	-1
	.long	.Lfunc_begin5                   @   base address
	.long	.Ltmp391-.Lfunc_begin5
	.long	.Ltmp404-.Lfunc_begin5
	.short	10                              @ Loc expr size
	.byte	144                             @ sub-register DW_OP_regx
	.byte	140                             @ 268
	.byte	2                               @ 
	.byte	147                             @ DW_OP_piece
	.byte	8                               @ 8
	.byte	144                             @ sub-register DW_OP_regx
	.byte	141                             @ 269
	.byte	2                               @ 
	.byte	147                             @ DW_OP_piece
	.byte	8                               @ 8
	.long	0
	.long	0
.Ldebug_loc158:
	.long	-1
	.long	.Lfunc_begin5                   @   base address
	.long	.Ltmp392-.Lfunc_begin5
	.long	.Ltmp399-.Lfunc_begin5
	.short	10                              @ Loc expr size
	.byte	144                             @ sub-register DW_OP_regx
	.byte	132                             @ 260
	.byte	2                               @ 
	.byte	147                             @ DW_OP_piece
	.byte	8                               @ 8
	.byte	144                             @ sub-register DW_OP_regx
	.byte	133                             @ 261
	.byte	2                               @ 
	.byte	147                             @ DW_OP_piece
	.byte	8                               @ 8
	.long	0
	.long	0
.Ldebug_loc159:
	.long	-1
	.long	.Lfunc_begin5                   @   base address
	.long	.Ltmp396-.Lfunc_begin5
	.long	.Ltmp401-.Lfunc_begin5
	.short	10                              @ Loc expr size
	.byte	144                             @ sub-register DW_OP_regx
	.byte	128                             @ 256
	.byte	2                               @ 
	.byte	147                             @ DW_OP_piece
	.byte	8                               @ 8
	.byte	144                             @ sub-register DW_OP_regx
	.byte	129                             @ 257
	.byte	2                               @ 
	.byte	147                             @ DW_OP_piece
	.byte	8                               @ 8
	.long	0
	.long	0
.Ldebug_loc160:
	.long	-1
	.long	.Lfunc_begin5                   @   base address
	.long	.Ltmp397-.Lfunc_begin5
	.long	.Ltmp399-.Lfunc_begin5
	.short	10                              @ Loc expr size
	.byte	144                             @ sub-register DW_OP_regx
	.byte	132                             @ 260
	.byte	2                               @ 
	.byte	147                             @ DW_OP_piece
	.byte	8                               @ 8
	.byte	144                             @ sub-register DW_OP_regx
	.byte	133                             @ 261
	.byte	2                               @ 
	.byte	147                             @ DW_OP_piece
	.byte	8                               @ 8
	.long	0
	.long	0
.Ldebug_loc161:
	.long	-1
	.long	.Lfunc_begin5                   @   base address
	.long	.Ltmp398-.Lfunc_begin5
	.long	.Ltmp400-.Lfunc_begin5
	.short	10                              @ Loc expr size
	.byte	144                             @ sub-register DW_OP_regx
	.byte	134                             @ 262
	.byte	2                               @ 
	.byte	147                             @ DW_OP_piece
	.byte	8                               @ 8
	.byte	144                             @ sub-register DW_OP_regx
	.byte	135                             @ 263
	.byte	2                               @ 
	.byte	147                             @ DW_OP_piece
	.byte	8                               @ 8
	.long	.Ltmp400-.Lfunc_begin5
	.long	.Ltmp401-.Lfunc_begin5
	.short	10                              @ Loc expr size
	.byte	144                             @ sub-register DW_OP_regx
	.byte	132                             @ 260
	.byte	2                               @ 
	.byte	147                             @ DW_OP_piece
	.byte	8                               @ 8
	.byte	144                             @ sub-register DW_OP_regx
	.byte	133                             @ 261
	.byte	2                               @ 
	.byte	147                             @ DW_OP_piece
	.byte	8                               @ 8
	.long	.Ltmp401-.Lfunc_begin5
	.long	.Ltmp404-.Lfunc_begin5
	.short	10                              @ Loc expr size
	.byte	144                             @ sub-register DW_OP_regx
	.byte	128                             @ 256
	.byte	2                               @ 
	.byte	147                             @ DW_OP_piece
	.byte	8                               @ 8
	.byte	144                             @ sub-register DW_OP_regx
	.byte	129                             @ 257
	.byte	2                               @ 
	.byte	147                             @ DW_OP_piece
	.byte	8                               @ 8
	.long	0
	.long	0
.Ldebug_loc162:
	.long	-1
	.long	.Lfunc_begin5                   @   base address
	.long	.Ltmp404-.Lfunc_begin5
	.long	.Ltmp409-.Lfunc_begin5
	.short	1                               @ Loc expr size
	.byte	90                              @ DW_OP_reg10
	.long	0
	.long	0
.Ldebug_loc163:
	.long	-1
	.long	.Lfunc_begin5                   @   base address
	.long	.Ltmp404-.Lfunc_begin5
	.long	.Ltmp416-.Lfunc_begin5
	.short	1                               @ Loc expr size
	.byte	90                              @ DW_OP_reg10
	.long	0
	.long	0
.Ldebug_loc164:
	.long	-1
	.long	.Lfunc_begin5                   @   base address
	.long	.Ltmp404-.Lfunc_begin5
	.long	.Ltmp409-.Lfunc_begin5
	.short	1                               @ Loc expr size
	.byte	88                              @ DW_OP_reg8
	.long	.Ltmp409-.Lfunc_begin5
	.long	.Ltmp416-.Lfunc_begin5
	.short	1                               @ Loc expr size
	.byte	82                              @ DW_OP_reg2
	.long	0
	.long	0
.Ldebug_loc165:
	.long	-1
	.long	.Lfunc_begin5                   @   base address
	.long	.Ltmp405-.Lfunc_begin5
	.long	.Ltmp408-.Lfunc_begin5
	.short	10                              @ Loc expr size
	.byte	144                             @ sub-register DW_OP_regx
	.byte	128                             @ 256
	.byte	2                               @ 
	.byte	147                             @ DW_OP_piece
	.byte	8                               @ 8
	.byte	144                             @ sub-register DW_OP_regx
	.byte	129                             @ 257
	.byte	2                               @ 
	.byte	147                             @ DW_OP_piece
	.byte	8                               @ 8
	.long	.Ltmp409-.Lfunc_begin5
	.long	.Ltmp424-.Lfunc_begin5
	.short	10                              @ Loc expr size
	.byte	144                             @ sub-register DW_OP_regx
	.byte	128                             @ 256
	.byte	2                               @ 
	.byte	147                             @ DW_OP_piece
	.byte	8                               @ 8
	.byte	144                             @ sub-register DW_OP_regx
	.byte	129                             @ 257
	.byte	2                               @ 
	.byte	147                             @ DW_OP_piece
	.byte	8                               @ 8
	.long	.Ltmp432-.Lfunc_begin5
	.long	.Ltmp434-.Lfunc_begin5
	.short	10                              @ Loc expr size
	.byte	144                             @ sub-register DW_OP_regx
	.byte	128                             @ 256
	.byte	2                               @ 
	.byte	147                             @ DW_OP_piece
	.byte	8                               @ 8
	.byte	144                             @ sub-register DW_OP_regx
	.byte	129                             @ 257
	.byte	2                               @ 
	.byte	147                             @ DW_OP_piece
	.byte	8                               @ 8
	.long	0
	.long	0
.Ldebug_loc166:
	.long	-1
	.long	.Lfunc_begin5                   @   base address
	.long	.Ltmp410-.Lfunc_begin5
	.long	.Ltmp412-.Lfunc_begin5
	.short	10                              @ Loc expr size
	.byte	144                             @ sub-register DW_OP_regx
	.byte	132                             @ 260
	.byte	2                               @ 
	.byte	147                             @ DW_OP_piece
	.byte	8                               @ 8
	.byte	144                             @ sub-register DW_OP_regx
	.byte	133                             @ 261
	.byte	2                               @ 
	.byte	147                             @ DW_OP_piece
	.byte	8                               @ 8
	.long	.Ltmp420-.Lfunc_begin5
	.long	.Ltmp422-.Lfunc_begin5
	.short	10                              @ Loc expr size
	.byte	144                             @ sub-register DW_OP_regx
	.byte	132                             @ 260
	.byte	2                               @ 
	.byte	147                             @ DW_OP_piece
	.byte	8                               @ 8
	.byte	144                             @ sub-register DW_OP_regx
	.byte	133                             @ 261
	.byte	2                               @ 
	.byte	147                             @ DW_OP_piece
	.byte	8                               @ 8
	.long	0
	.long	0
.Ldebug_loc167:
	.long	-1
	.long	.Lfunc_begin5                   @   base address
	.long	.Ltmp411-.Lfunc_begin5
	.long	.Ltmp414-.Lfunc_begin5
	.short	10                              @ Loc expr size
	.byte	144                             @ sub-register DW_OP_regx
	.byte	134                             @ 262
	.byte	2                               @ 
	.byte	147                             @ DW_OP_piece
	.byte	8                               @ 8
	.byte	144                             @ sub-register DW_OP_regx
	.byte	135                             @ 263
	.byte	2                               @ 
	.byte	147                             @ DW_OP_piece
	.byte	8                               @ 8
	.long	0
	.long	0
.Ldebug_loc168:
	.long	-1
	.long	.Lfunc_begin5                   @   base address
	.long	.Ltmp412-.Lfunc_begin5
	.long	.Ltmp414-.Lfunc_begin5
	.short	10                              @ Loc expr size
	.byte	144                             @ sub-register DW_OP_regx
	.byte	132                             @ 260
	.byte	2                               @ 
	.byte	147                             @ DW_OP_piece
	.byte	8                               @ 8
	.byte	144                             @ sub-register DW_OP_regx
	.byte	133                             @ 261
	.byte	2                               @ 
	.byte	147                             @ DW_OP_piece
	.byte	8                               @ 8
	.long	0
	.long	0
.Ldebug_loc169:
	.long	-1
	.long	.Lfunc_begin5                   @   base address
	.long	.Ltmp421-.Lfunc_begin5
	.long	.Ltmp423-.Lfunc_begin5
	.short	10                              @ Loc expr size
	.byte	144                             @ sub-register DW_OP_regx
	.byte	134                             @ 262
	.byte	2                               @ 
	.byte	147                             @ DW_OP_piece
	.byte	8                               @ 8
	.byte	144                             @ sub-register DW_OP_regx
	.byte	135                             @ 263
	.byte	2                               @ 
	.byte	147                             @ DW_OP_piece
	.byte	8                               @ 8
	.long	0
	.long	0
.Ldebug_loc170:
	.long	-1
	.long	.Lfunc_begin5                   @   base address
	.long	.Ltmp422-.Lfunc_begin5
	.long	.Ltmp423-.Lfunc_begin5
	.short	10                              @ Loc expr size
	.byte	144                             @ sub-register DW_OP_regx
	.byte	132                             @ 260
	.byte	2                               @ 
	.byte	147                             @ DW_OP_piece
	.byte	8                               @ 8
	.byte	144                             @ sub-register DW_OP_regx
	.byte	133                             @ 261
	.byte	2                               @ 
	.byte	147                             @ DW_OP_piece
	.byte	8                               @ 8
	.long	0
	.long	0
.Ldebug_loc171:
	.long	-1
	.long	.Lfunc_begin5                   @   base address
	.long	.Ltmp428-.Lfunc_begin5
	.long	.Ltmp432-.Lfunc_begin5
	.short	10                              @ Loc expr size
	.byte	144                             @ sub-register DW_OP_regx
	.byte	128                             @ 256
	.byte	2                               @ 
	.byte	147                             @ DW_OP_piece
	.byte	8                               @ 8
	.byte	144                             @ sub-register DW_OP_regx
	.byte	129                             @ 257
	.byte	2                               @ 
	.byte	147                             @ DW_OP_piece
	.byte	8                               @ 8
	.long	0
	.long	0
.Ldebug_loc172:
	.long	-1
	.long	.Lfunc_begin5                   @   base address
	.long	.Ltmp433-.Lfunc_begin5
	.long	.Ltmp435-.Lfunc_begin5
	.short	10                              @ Loc expr size
	.byte	144                             @ sub-register DW_OP_regx
	.byte	132                             @ 260
	.byte	2                               @ 
	.byte	147                             @ DW_OP_piece
	.byte	8                               @ 8
	.byte	144                             @ sub-register DW_OP_regx
	.byte	133                             @ 261
	.byte	2                               @ 
	.byte	147                             @ DW_OP_piece
	.byte	8                               @ 8
	.long	0
	.long	0
.Ldebug_loc173:
	.long	-1
	.long	.Lfunc_begin5                   @   base address
	.long	.Ltmp435-.Lfunc_begin5
	.long	.Ltmp451-.Lfunc_begin5
	.short	1                               @ Loc expr size
	.byte	91                              @ DW_OP_reg11
	.long	0
	.long	0
.Ldebug_loc174:
	.long	-1
	.long	.Lfunc_begin5                   @   base address
	.long	.Ltmp435-.Lfunc_begin5
	.long	.Ltmp440-.Lfunc_begin5
	.short	10                              @ Loc expr size
	.byte	144                             @ sub-register DW_OP_regx
	.byte	132                             @ 260
	.byte	2                               @ 
	.byte	147                             @ DW_OP_piece
	.byte	8                               @ 8
	.byte	144                             @ sub-register DW_OP_regx
	.byte	133                             @ 261
	.byte	2                               @ 
	.byte	147                             @ DW_OP_piece
	.byte	8                               @ 8
	.long	0
	.long	0
.Ldebug_loc175:
	.long	-1
	.long	.Lfunc_begin5                   @   base address
	.long	.Ltmp435-.Lfunc_begin5
	.long	.Ltmp440-.Lfunc_begin5
	.short	10                              @ Loc expr size
	.byte	144                             @ sub-register DW_OP_regx
	.byte	132                             @ 260
	.byte	2                               @ 
	.byte	147                             @ DW_OP_piece
	.byte	8                               @ 8
	.byte	144                             @ sub-register DW_OP_regx
	.byte	133                             @ 261
	.byte	2                               @ 
	.byte	147                             @ DW_OP_piece
	.byte	8                               @ 8
	.long	0
	.long	0
.Ldebug_loc176:
	.long	-1
	.long	.Lfunc_begin5                   @   base address
	.long	.Ltmp436-.Lfunc_begin5
	.long	.Ltmp442-.Lfunc_begin5
	.short	10                              @ Loc expr size
	.byte	144                             @ sub-register DW_OP_regx
	.byte	134                             @ 262
	.byte	2                               @ 
	.byte	147                             @ DW_OP_piece
	.byte	8                               @ 8
	.byte	144                             @ sub-register DW_OP_regx
	.byte	135                             @ 263
	.byte	2                               @ 
	.byte	147                             @ DW_OP_piece
	.byte	8                               @ 8
	.long	0
	.long	0
.Ldebug_loc177:
	.long	-1
	.long	.Lfunc_begin5                   @   base address
	.long	.Ltmp437-.Lfunc_begin5
	.long	.Ltmp443-.Lfunc_begin5
	.short	10                              @ Loc expr size
	.byte	144                             @ sub-register DW_OP_regx
	.byte	136                             @ 264
	.byte	2                               @ 
	.byte	147                             @ DW_OP_piece
	.byte	8                               @ 8
	.byte	144                             @ sub-register DW_OP_regx
	.byte	137                             @ 265
	.byte	2                               @ 
	.byte	147                             @ DW_OP_piece
	.byte	8                               @ 8
	.long	0
	.long	0
.Ldebug_loc178:
	.long	-1
	.long	.Lfunc_begin5                   @   base address
	.long	.Ltmp438-.Lfunc_begin5
	.long	.Ltmp441-.Lfunc_begin5
	.short	10                              @ Loc expr size
	.byte	144                             @ sub-register DW_OP_regx
	.byte	138                             @ 266
	.byte	2                               @ 
	.byte	147                             @ DW_OP_piece
	.byte	8                               @ 8
	.byte	144                             @ sub-register DW_OP_regx
	.byte	139                             @ 267
	.byte	2                               @ 
	.byte	147                             @ DW_OP_piece
	.byte	8                               @ 8
	.long	0
	.long	0
.Ldebug_loc179:
	.long	-1
	.long	.Lfunc_begin5                   @   base address
	.long	.Ltmp439-.Lfunc_begin5
	.long	.Ltmp451-.Lfunc_begin5
	.short	10                              @ Loc expr size
	.byte	144                             @ sub-register DW_OP_regx
	.byte	140                             @ 268
	.byte	2                               @ 
	.byte	147                             @ DW_OP_piece
	.byte	8                               @ 8
	.byte	144                             @ sub-register DW_OP_regx
	.byte	141                             @ 269
	.byte	2                               @ 
	.byte	147                             @ DW_OP_piece
	.byte	8                               @ 8
	.long	0
	.long	0
.Ldebug_loc180:
	.long	-1
	.long	.Lfunc_begin5                   @   base address
	.long	.Ltmp440-.Lfunc_begin5
	.long	.Ltmp447-.Lfunc_begin5
	.short	10                              @ Loc expr size
	.byte	144                             @ sub-register DW_OP_regx
	.byte	132                             @ 260
	.byte	2                               @ 
	.byte	147                             @ DW_OP_piece
	.byte	8                               @ 8
	.byte	144                             @ sub-register DW_OP_regx
	.byte	133                             @ 261
	.byte	2                               @ 
	.byte	147                             @ DW_OP_piece
	.byte	8                               @ 8
	.long	0
	.long	0
.Ldebug_loc181:
	.long	-1
	.long	.Lfunc_begin5                   @   base address
	.long	.Ltmp444-.Lfunc_begin5
	.long	.Ltmp449-.Lfunc_begin5
	.short	10                              @ Loc expr size
	.byte	144                             @ sub-register DW_OP_regx
	.byte	128                             @ 256
	.byte	2                               @ 
	.byte	147                             @ DW_OP_piece
	.byte	8                               @ 8
	.byte	144                             @ sub-register DW_OP_regx
	.byte	129                             @ 257
	.byte	2                               @ 
	.byte	147                             @ DW_OP_piece
	.byte	8                               @ 8
	.long	0
	.long	0
.Ldebug_loc182:
	.long	-1
	.long	.Lfunc_begin5                   @   base address
	.long	.Ltmp445-.Lfunc_begin5
	.long	.Ltmp447-.Lfunc_begin5
	.short	10                              @ Loc expr size
	.byte	144                             @ sub-register DW_OP_regx
	.byte	132                             @ 260
	.byte	2                               @ 
	.byte	147                             @ DW_OP_piece
	.byte	8                               @ 8
	.byte	144                             @ sub-register DW_OP_regx
	.byte	133                             @ 261
	.byte	2                               @ 
	.byte	147                             @ DW_OP_piece
	.byte	8                               @ 8
	.long	0
	.long	0
.Ldebug_loc183:
	.long	-1
	.long	.Lfunc_begin5                   @   base address
	.long	.Ltmp446-.Lfunc_begin5
	.long	.Ltmp448-.Lfunc_begin5
	.short	10                              @ Loc expr size
	.byte	144                             @ sub-register DW_OP_regx
	.byte	134                             @ 262
	.byte	2                               @ 
	.byte	147                             @ DW_OP_piece
	.byte	8                               @ 8
	.byte	144                             @ sub-register DW_OP_regx
	.byte	135                             @ 263
	.byte	2                               @ 
	.byte	147                             @ DW_OP_piece
	.byte	8                               @ 8
	.long	.Ltmp448-.Lfunc_begin5
	.long	.Ltmp449-.Lfunc_begin5
	.short	10                              @ Loc expr size
	.byte	144                             @ sub-register DW_OP_regx
	.byte	132                             @ 260
	.byte	2                               @ 
	.byte	147                             @ DW_OP_piece
	.byte	8                               @ 8
	.byte	144                             @ sub-register DW_OP_regx
	.byte	133                             @ 261
	.byte	2                               @ 
	.byte	147                             @ DW_OP_piece
	.byte	8                               @ 8
	.long	.Ltmp449-.Lfunc_begin5
	.long	.Ltmp451-.Lfunc_begin5
	.short	10                              @ Loc expr size
	.byte	144                             @ sub-register DW_OP_regx
	.byte	128                             @ 256
	.byte	2                               @ 
	.byte	147                             @ DW_OP_piece
	.byte	8                               @ 8
	.byte	144                             @ sub-register DW_OP_regx
	.byte	129                             @ 257
	.byte	2                               @ 
	.byte	147                             @ DW_OP_piece
	.byte	8                               @ 8
	.long	0
	.long	0
.Ldebug_loc184:
	.long	-1
	.long	.Lfunc_begin5                   @   base address
	.long	.Ltmp455-.Lfunc_begin5
	.long	.Lfunc_end5-.Lfunc_begin5
	.short	10                              @ Loc expr size
	.byte	144                             @ sub-register DW_OP_regx
	.byte	130                             @ 258
	.byte	2                               @ 
	.byte	147                             @ DW_OP_piece
	.byte	8                               @ 8
	.byte	144                             @ sub-register DW_OP_regx
	.byte	131                             @ 259
	.byte	2                               @ 
	.byte	147                             @ DW_OP_piece
	.byte	8                               @ 8
	.long	0
	.long	0
.Ldebug_loc185:
	.long	-1
	.long	.Lfunc_begin7                   @   base address
	.long	.Lfunc_begin7-.Lfunc_begin7
	.long	.Ltmp471-.Lfunc_begin7
	.short	1                               @ Loc expr size
	.byte	80                              @ DW_OP_reg0
	.long	.Ltmp471-.Lfunc_begin7
	.long	.Ltmp573-.Lfunc_begin7
	.short	4                               @ Loc expr size
	.byte	243                             @ DW_OP_GNU_entry_value
	.byte	1                               @ 1
	.byte	80                              @ DW_OP_reg0
	.byte	159                             @ DW_OP_stack_value
	.long	.Ltmp573-.Lfunc_begin7
	.long	.Ltmp574-.Lfunc_begin7
	.short	1                               @ Loc expr size
	.byte	80                              @ DW_OP_reg0
	.long	0
	.long	0
.Ldebug_loc186:
	.long	-1
	.long	.Lfunc_begin7                   @   base address
	.long	.Lfunc_begin7-.Lfunc_begin7
	.long	.Ltmp466-.Lfunc_begin7
	.short	1                               @ Loc expr size
	.byte	81                              @ DW_OP_reg1
	.long	.Ltmp466-.Lfunc_begin7
	.long	.Ltmp659-.Lfunc_begin7
	.short	1                               @ Loc expr size
	.byte	92                              @ DW_OP_reg12
	.long	.Ltmp725-.Lfunc_begin7
	.long	.Ltmp728-.Lfunc_begin7
	.short	1                               @ Loc expr size
	.byte	92                              @ DW_OP_reg12
	.long	0
	.long	0
.Ldebug_loc187:
	.long	-1
	.long	.Lfunc_begin7                   @   base address
	.long	.Lfunc_begin7-.Lfunc_begin7
	.long	.Ltmp467-.Lfunc_begin7
	.short	1                               @ Loc expr size
	.byte	82                              @ DW_OP_reg2
	.long	.Ltmp467-.Lfunc_begin7
	.long	.Lfunc_end7-.Lfunc_begin7
	.short	2                               @ Loc expr size
	.byte	125                             @ DW_OP_breg13
	.byte	0                               @ 0
	.long	0
	.long	0
.Ldebug_loc188:
	.long	-1
	.long	.Lfunc_begin7                   @   base address
	.long	.Ltmp472-.Lfunc_begin7
	.long	.Ltmp539-.Lfunc_begin7
	.short	1                               @ Loc expr size
	.byte	83                              @ DW_OP_reg3
	.long	.Ltmp540-.Lfunc_begin7
	.long	.Ltmp573-.Lfunc_begin7
	.short	1                               @ Loc expr size
	.byte	83                              @ DW_OP_reg3
	.long	0
	.long	0
.Ldebug_loc189:
	.long	-1
	.long	.Lfunc_begin7                   @   base address
	.long	.Ltmp472-.Lfunc_begin7
	.long	.Ltmp573-.Lfunc_begin7
	.short	1                               @ Loc expr size
	.byte	84                              @ DW_OP_reg4
	.long	.Ltmp654-.Lfunc_begin7
	.long	.Ltmp664-.Lfunc_begin7
	.short	1                               @ Loc expr size
	.byte	84                              @ DW_OP_reg4
	.long	.Ltmp726-.Lfunc_begin7
	.long	.Ltmp729-.Lfunc_begin7
	.short	1                               @ Loc expr size
	.byte	84                              @ DW_OP_reg4
	.long	0
	.long	0
.Ldebug_loc190:
	.long	-1
	.long	.Lfunc_begin7                   @   base address
	.long	.Ltmp472-.Lfunc_begin7
	.long	.Ltmp536-.Lfunc_begin7
	.short	3                               @ Loc expr size
	.byte	125                             @ DW_OP_breg13
	.byte	184                             @ 312
	.byte	2                               @ 
	.long	.Ltmp536-.Lfunc_begin7
	.long	.Ltmp561-.Lfunc_begin7
	.short	10                              @ Loc expr size
	.byte	144                             @ sub-register DW_OP_regx
	.byte	130                             @ 258
	.byte	2                               @ 
	.byte	147                             @ DW_OP_piece
	.byte	8                               @ 8
	.byte	144                             @ sub-register DW_OP_regx
	.byte	131                             @ 259
	.byte	2                               @ 
	.byte	147                             @ DW_OP_piece
	.byte	8                               @ 8
	.long	.Ltmp561-.Lfunc_begin7
	.long	.Ltmp573-.Lfunc_begin7
	.short	3                               @ Loc expr size
	.byte	125                             @ DW_OP_breg13
	.byte	184                             @ 312
	.byte	2                               @ 
	.long	.Ltmp574-.Lfunc_begin7
	.long	.Lfunc_end7-.Lfunc_begin7
	.short	10                              @ Loc expr size
	.byte	144                             @ sub-register DW_OP_regx
	.byte	130                             @ 258
	.byte	2                               @ 
	.byte	147                             @ DW_OP_piece
	.byte	8                               @ 8
	.byte	144                             @ sub-register DW_OP_regx
	.byte	131                             @ 259
	.byte	2                               @ 
	.byte	147                             @ DW_OP_piece
	.byte	8                               @ 8
	.long	0
	.long	0
.Ldebug_loc191:
	.long	-1
	.long	.Lfunc_begin7                   @   base address
	.long	.Ltmp468-.Lfunc_begin7
	.long	.Ltmp735-.Lfunc_begin7
	.short	1                               @ Loc expr size
	.byte	88                              @ DW_OP_reg8
	.long	0
	.long	0
.Ldebug_loc192:
	.long	-1
	.long	.Lfunc_begin7                   @   base address
	.long	.Ltmp468-.Lfunc_begin7
	.long	.Ltmp469-.Lfunc_begin7
	.short	3                               @ Loc expr size
	.byte	144                             @ super-register DW_OP_regx
	.byte	128                             @ 256
	.byte	2                               @ 
	.long	.Ltmp469-.Lfunc_begin7
	.long	.Ltmp734-.Lfunc_begin7
	.short	2                               @ Loc expr size
	.byte	125                             @ DW_OP_breg13
	.byte	4                               @ 4
	.long	.Ltmp734-.Lfunc_begin7
	.long	.Lfunc_end7-.Lfunc_begin7
	.short	3                               @ Loc expr size
	.byte	144                             @ super-register DW_OP_regx
	.byte	128                             @ 256
	.byte	2                               @ 
	.long	0
	.long	0
.Ldebug_loc193:
	.long	-1
	.long	.Lfunc_begin7                   @   base address
	.long	.Ltmp472-.Lfunc_begin7
	.long	.Ltmp542-.Lfunc_begin7
	.short	3                               @ Loc expr size
	.byte	125                             @ DW_OP_breg13
	.byte	172                             @ 300
	.byte	2                               @ 
	.long	.Ltmp544-.Lfunc_begin7
	.long	.Ltmp549-.Lfunc_begin7
	.short	2                               @ Loc expr size
	.byte	125                             @ DW_OP_breg13
	.byte	12                              @ 12
	.long	.Ltmp560-.Lfunc_begin7
	.long	.Ltmp573-.Lfunc_begin7
	.short	3                               @ Loc expr size
	.byte	125                             @ DW_OP_breg13
	.byte	172                             @ 300
	.byte	2                               @ 
	.long	.Ltmp577-.Lfunc_begin7
	.long	.Ltmp578-.Lfunc_begin7
	.short	5                               @ Loc expr size
	.byte	121                             @ DW_OP_breg9
	.byte	0                               @ 0
	.byte	50                              @ DW_OP_lit2
	.byte	37                              @ DW_OP_shr
	.byte	159                             @ DW_OP_stack_value
	.long	.Ltmp578-.Lfunc_begin7
	.long	.Ltmp580-.Lfunc_begin7
	.short	1                               @ Loc expr size
	.byte	91                              @ DW_OP_reg11
	.long	.Ltmp588-.Lfunc_begin7
	.long	.Ltmp655-.Lfunc_begin7
	.short	3                               @ Loc expr size
	.byte	125                             @ DW_OP_breg13
	.byte	172                             @ 300
	.byte	2                               @ 
	.long	.Ltmp657-.Lfunc_begin7
	.long	.Ltmp659-.Lfunc_begin7
	.short	1                               @ Loc expr size
	.byte	91                              @ DW_OP_reg11
	.long	.Ltmp665-.Lfunc_begin7
	.long	.Ltmp666-.Lfunc_begin7
	.short	3                               @ Loc expr size
	.byte	125                             @ DW_OP_breg13
	.byte	172                             @ 300
	.byte	2                               @ 
	.long	.Ltmp666-.Lfunc_begin7
	.long	.Ltmp674-.Lfunc_begin7
	.short	1                               @ Loc expr size
	.byte	80                              @ DW_OP_reg0
	.long	0
	.long	0
.Ldebug_loc194:
	.long	-1
	.long	.Lfunc_begin7                   @   base address
	.long	.Ltmp472-.Lfunc_begin7
	.long	.Ltmp542-.Lfunc_begin7
	.short	1                               @ Loc expr size
	.byte	85                              @ DW_OP_reg5
	.long	.Ltmp546-.Lfunc_begin7
	.long	.Ltmp573-.Lfunc_begin7
	.short	1                               @ Loc expr size
	.byte	85                              @ DW_OP_reg5
	.long	0
	.long	0
.Ldebug_loc195:
	.long	-1
	.long	.Lfunc_begin7                   @   base address
	.long	.Ltmp472-.Lfunc_begin7
	.long	.Ltmp477-.Lfunc_begin7
	.short	10                              @ Loc expr size
	.byte	144                             @ sub-register DW_OP_regx
	.byte	136                             @ 264
	.byte	2                               @ 
	.byte	147                             @ DW_OP_piece
	.byte	8                               @ 8
	.byte	144                             @ sub-register DW_OP_regx
	.byte	137                             @ 265
	.byte	2                               @ 
	.byte	147                             @ DW_OP_piece
	.byte	8                               @ 8
	.long	.Ltmp544-.Lfunc_begin7
	.long	.Ltmp573-.Lfunc_begin7
	.short	10                              @ Loc expr size
	.byte	144                             @ sub-register DW_OP_regx
	.byte	136                             @ 264
	.byte	2                               @ 
	.byte	147                             @ DW_OP_piece
	.byte	8                               @ 8
	.byte	144                             @ sub-register DW_OP_regx
	.byte	137                             @ 265
	.byte	2                               @ 
	.byte	147                             @ DW_OP_piece
	.byte	8                               @ 8
	.long	0
	.long	0
.Ldebug_loc196:
	.long	-1
	.long	.Lfunc_begin7                   @   base address
	.long	.Ltmp472-.Lfunc_begin7
	.long	.Ltmp541-.Lfunc_begin7
	.short	1                               @ Loc expr size
	.byte	84                              @ DW_OP_reg4
	.long	.Ltmp542-.Lfunc_begin7
	.long	.Ltmp573-.Lfunc_begin7
	.short	1                               @ Loc expr size
	.byte	84                              @ DW_OP_reg4
	.long	.Ltmp575-.Lfunc_begin7
	.long	.Ltmp654-.Lfunc_begin7
	.short	1                               @ Loc expr size
	.byte	84                              @ DW_OP_reg4
	.long	.Ltmp655-.Lfunc_begin7
	.long	.Ltmp664-.Lfunc_begin7
	.short	1                               @ Loc expr size
	.byte	84                              @ DW_OP_reg4
	.long	0
	.long	0
.Ldebug_loc197:
	.long	-1
	.long	.Lfunc_begin7                   @   base address
	.long	.Ltmp472-.Lfunc_begin7
	.long	.Ltmp491-.Lfunc_begin7
	.short	10                              @ Loc expr size
	.byte	144                             @ sub-register DW_OP_regx
	.byte	140                             @ 268
	.byte	2                               @ 
	.byte	147                             @ DW_OP_piece
	.byte	8                               @ 8
	.byte	144                             @ sub-register DW_OP_regx
	.byte	141                             @ 269
	.byte	2                               @ 
	.byte	147                             @ DW_OP_piece
	.byte	8                               @ 8
	.long	.Ltmp544-.Lfunc_begin7
	.long	.Ltmp549-.Lfunc_begin7
	.short	10                              @ Loc expr size
	.byte	144                             @ sub-register DW_OP_regx
	.byte	136                             @ 264
	.byte	2                               @ 
	.byte	147                             @ DW_OP_piece
	.byte	8                               @ 8
	.byte	144                             @ sub-register DW_OP_regx
	.byte	137                             @ 265
	.byte	2                               @ 
	.byte	147                             @ DW_OP_piece
	.byte	8                               @ 8
	.long	.Ltmp549-.Lfunc_begin7
	.long	.Ltmp560-.Lfunc_begin7
	.short	10                              @ Loc expr size
	.byte	144                             @ sub-register DW_OP_regx
	.byte	140                             @ 268
	.byte	2                               @ 
	.byte	147                             @ DW_OP_piece
	.byte	8                               @ 8
	.byte	144                             @ sub-register DW_OP_regx
	.byte	141                             @ 269
	.byte	2                               @ 
	.byte	147                             @ DW_OP_piece
	.byte	8                               @ 8
	.long	.Ltmp566-.Lfunc_begin7
	.long	.Ltmp573-.Lfunc_begin7
	.short	10                              @ Loc expr size
	.byte	144                             @ sub-register DW_OP_regx
	.byte	140                             @ 268
	.byte	2                               @ 
	.byte	147                             @ DW_OP_piece
	.byte	8                               @ 8
	.byte	144                             @ sub-register DW_OP_regx
	.byte	141                             @ 269
	.byte	2                               @ 
	.byte	147                             @ DW_OP_piece
	.byte	8                               @ 8
	.long	0
	.long	0
.Ldebug_loc198:
	.long	-1
	.long	.Lfunc_begin7                   @   base address
	.long	.Ltmp472-.Lfunc_begin7
	.long	.Ltmp493-.Lfunc_begin7
	.short	10                              @ Loc expr size
	.byte	144                             @ sub-register DW_OP_regx
	.byte	142                             @ 270
	.byte	2                               @ 
	.byte	147                             @ DW_OP_piece
	.byte	8                               @ 8
	.byte	144                             @ sub-register DW_OP_regx
	.byte	143                             @ 271
	.byte	2                               @ 
	.byte	147                             @ DW_OP_piece
	.byte	8                               @ 8
	.long	.Ltmp544-.Lfunc_begin7
	.long	.Ltmp549-.Lfunc_begin7
	.short	10                              @ Loc expr size
	.byte	144                             @ sub-register DW_OP_regx
	.byte	136                             @ 264
	.byte	2                               @ 
	.byte	147                             @ DW_OP_piece
	.byte	8                               @ 8
	.byte	144                             @ sub-register DW_OP_regx
	.byte	137                             @ 265
	.byte	2                               @ 
	.byte	147                             @ DW_OP_piece
	.byte	8                               @ 8
	.long	.Ltmp549-.Lfunc_begin7
	.long	.Ltmp560-.Lfunc_begin7
	.short	10                              @ Loc expr size
	.byte	144                             @ sub-register DW_OP_regx
	.byte	142                             @ 270
	.byte	2                               @ 
	.byte	147                             @ DW_OP_piece
	.byte	8                               @ 8
	.byte	144                             @ sub-register DW_OP_regx
	.byte	143                             @ 271
	.byte	2                               @ 
	.byte	147                             @ DW_OP_piece
	.byte	8                               @ 8
	.long	.Ltmp572-.Lfunc_begin7
	.long	.Ltmp573-.Lfunc_begin7
	.short	10                              @ Loc expr size
	.byte	144                             @ sub-register DW_OP_regx
	.byte	142                             @ 270
	.byte	2                               @ 
	.byte	147                             @ DW_OP_piece
	.byte	8                               @ 8
	.byte	144                             @ sub-register DW_OP_regx
	.byte	143                             @ 271
	.byte	2                               @ 
	.byte	147                             @ DW_OP_piece
	.byte	8                               @ 8
	.long	0
	.long	0
.Ldebug_loc199:
	.long	-1
	.long	.Lfunc_begin7                   @   base address
	.long	.Ltmp472-.Lfunc_begin7
	.long	.Ltmp502-.Lfunc_begin7
	.short	10                              @ Loc expr size
	.byte	144                             @ sub-register DW_OP_regx
	.byte	134                             @ 262
	.byte	2                               @ 
	.byte	147                             @ DW_OP_piece
	.byte	8                               @ 8
	.byte	144                             @ sub-register DW_OP_regx
	.byte	135                             @ 263
	.byte	2                               @ 
	.byte	147                             @ DW_OP_piece
	.byte	8                               @ 8
	.long	.Ltmp544-.Lfunc_begin7
	.long	.Ltmp549-.Lfunc_begin7
	.short	10                              @ Loc expr size
	.byte	144                             @ sub-register DW_OP_regx
	.byte	136                             @ 264
	.byte	2                               @ 
	.byte	147                             @ DW_OP_piece
	.byte	8                               @ 8
	.byte	144                             @ sub-register DW_OP_regx
	.byte	137                             @ 265
	.byte	2                               @ 
	.byte	147                             @ DW_OP_piece
	.byte	8                               @ 8
	.long	.Ltmp549-.Lfunc_begin7
	.long	.Ltmp560-.Lfunc_begin7
	.short	10                              @ Loc expr size
	.byte	144                             @ sub-register DW_OP_regx
	.byte	134                             @ 262
	.byte	2                               @ 
	.byte	147                             @ DW_OP_piece
	.byte	8                               @ 8
	.byte	144                             @ sub-register DW_OP_regx
	.byte	135                             @ 263
	.byte	2                               @ 
	.byte	147                             @ DW_OP_piece
	.byte	8                               @ 8
	.long	.Ltmp570-.Lfunc_begin7
	.long	.Ltmp573-.Lfunc_begin7
	.short	10                              @ Loc expr size
	.byte	144                             @ sub-register DW_OP_regx
	.byte	134                             @ 262
	.byte	2                               @ 
	.byte	147                             @ DW_OP_piece
	.byte	8                               @ 8
	.byte	144                             @ sub-register DW_OP_regx
	.byte	135                             @ 263
	.byte	2                               @ 
	.byte	147                             @ DW_OP_piece
	.byte	8                               @ 8
	.long	0
	.long	0
.Ldebug_loc200:
	.long	-1
	.long	.Lfunc_begin7                   @   base address
	.long	.Ltmp484-.Lfunc_begin7
	.long	.Ltmp489-.Lfunc_begin7
	.short	10                              @ Loc expr size
	.byte	144                             @ sub-register DW_OP_regx
	.byte	136                             @ 264
	.byte	2                               @ 
	.byte	147                             @ DW_OP_piece
	.byte	8                               @ 8
	.byte	144                             @ sub-register DW_OP_regx
	.byte	137                             @ 265
	.byte	2                               @ 
	.byte	147                             @ DW_OP_piece
	.byte	8                               @ 8
	.long	0
	.long	0
.Ldebug_loc201:
	.long	-1
	.long	.Lfunc_begin7                   @   base address
	.long	.Ltmp477-.Lfunc_begin7
	.long	.Ltmp478-.Lfunc_begin7
	.short	10                              @ Loc expr size
	.byte	144                             @ sub-register DW_OP_regx
	.byte	136                             @ 264
	.byte	2                               @ 
	.byte	147                             @ DW_OP_piece
	.byte	8                               @ 8
	.byte	144                             @ sub-register DW_OP_regx
	.byte	137                             @ 265
	.byte	2                               @ 
	.byte	147                             @ DW_OP_piece
	.byte	8                               @ 8
	.long	0
	.long	0
.Ldebug_loc202:
	.long	-1
	.long	.Lfunc_begin7                   @   base address
	.long	.Ltmp483-.Lfunc_begin7
	.long	.Ltmp493-.Lfunc_begin7
	.short	10                              @ Loc expr size
	.byte	144                             @ sub-register DW_OP_regx
	.byte	142                             @ 270
	.byte	2                               @ 
	.byte	147                             @ DW_OP_piece
	.byte	8                               @ 8
	.byte	144                             @ sub-register DW_OP_regx
	.byte	143                             @ 271
	.byte	2                               @ 
	.byte	147                             @ DW_OP_piece
	.byte	8                               @ 8
	.long	0
	.long	0
.Ldebug_loc203:
	.long	-1
	.long	.Lfunc_begin7                   @   base address
	.long	.Ltmp494-.Lfunc_begin7
	.long	.Ltmp501-.Lfunc_begin7
	.short	10                              @ Loc expr size
	.byte	144                             @ sub-register DW_OP_regx
	.byte	128                             @ 256
	.byte	2                               @ 
	.byte	147                             @ DW_OP_piece
	.byte	8                               @ 8
	.byte	144                             @ sub-register DW_OP_regx
	.byte	129                             @ 257
	.byte	2                               @ 
	.byte	147                             @ DW_OP_piece
	.byte	8                               @ 8
	.long	0
	.long	0
.Ldebug_loc204:
	.long	-1
	.long	.Lfunc_begin7                   @   base address
	.long	.Ltmp500-.Lfunc_begin7
	.long	.Ltmp505-.Lfunc_begin7
	.short	10                              @ Loc expr size
	.byte	144                             @ sub-register DW_OP_regx
	.byte	132                             @ 260
	.byte	2                               @ 
	.byte	147                             @ DW_OP_piece
	.byte	8                               @ 8
	.byte	144                             @ sub-register DW_OP_regx
	.byte	133                             @ 261
	.byte	2                               @ 
	.byte	147                             @ DW_OP_piece
	.byte	8                               @ 8
	.long	0
	.long	0
.Ldebug_loc205:
	.long	-1
	.long	.Lfunc_begin7                   @   base address
	.long	.Ltmp505-.Lfunc_begin7
	.long	.Ltmp510-.Lfunc_begin7
	.short	10                              @ Loc expr size
	.byte	144                             @ sub-register DW_OP_regx
	.byte	132                             @ 260
	.byte	2                               @ 
	.byte	147                             @ DW_OP_piece
	.byte	8                               @ 8
	.byte	144                             @ sub-register DW_OP_regx
	.byte	133                             @ 261
	.byte	2                               @ 
	.byte	147                             @ DW_OP_piece
	.byte	8                               @ 8
	.long	0
	.long	0
.Ldebug_loc206:
	.long	-1
	.long	.Lfunc_begin7                   @   base address
	.long	.Ltmp505-.Lfunc_begin7
	.long	.Ltmp510-.Lfunc_begin7
	.short	10                              @ Loc expr size
	.byte	144                             @ sub-register DW_OP_regx
	.byte	132                             @ 260
	.byte	2                               @ 
	.byte	147                             @ DW_OP_piece
	.byte	8                               @ 8
	.byte	144                             @ sub-register DW_OP_regx
	.byte	133                             @ 261
	.byte	2                               @ 
	.byte	147                             @ DW_OP_piece
	.byte	8                               @ 8
	.long	0
	.long	0
.Ldebug_loc207:
	.long	-1
	.long	.Lfunc_begin7                   @   base address
	.long	.Ltmp506-.Lfunc_begin7
	.long	.Ltmp512-.Lfunc_begin7
	.short	10                              @ Loc expr size
	.byte	144                             @ sub-register DW_OP_regx
	.byte	134                             @ 262
	.byte	2                               @ 
	.byte	147                             @ DW_OP_piece
	.byte	8                               @ 8
	.byte	144                             @ sub-register DW_OP_regx
	.byte	135                             @ 263
	.byte	2                               @ 
	.byte	147                             @ DW_OP_piece
	.byte	8                               @ 8
	.long	0
	.long	0
.Ldebug_loc208:
	.long	-1
	.long	.Lfunc_begin7                   @   base address
	.long	.Ltmp507-.Lfunc_begin7
	.long	.Ltmp521-.Lfunc_begin7
	.short	10                              @ Loc expr size
	.byte	144                             @ sub-register DW_OP_regx
	.byte	136                             @ 264
	.byte	2                               @ 
	.byte	147                             @ DW_OP_piece
	.byte	8                               @ 8
	.byte	144                             @ sub-register DW_OP_regx
	.byte	137                             @ 265
	.byte	2                               @ 
	.byte	147                             @ DW_OP_piece
	.byte	8                               @ 8
	.long	0
	.long	0
.Ldebug_loc209:
	.long	-1
	.long	.Lfunc_begin7                   @   base address
	.long	.Ltmp508-.Lfunc_begin7
	.long	.Ltmp511-.Lfunc_begin7
	.short	10                              @ Loc expr size
	.byte	144                             @ sub-register DW_OP_regx
	.byte	140                             @ 268
	.byte	2                               @ 
	.byte	147                             @ DW_OP_piece
	.byte	8                               @ 8
	.byte	144                             @ sub-register DW_OP_regx
	.byte	141                             @ 269
	.byte	2                               @ 
	.byte	147                             @ DW_OP_piece
	.byte	8                               @ 8
	.long	0
	.long	0
.Ldebug_loc210:
	.long	-1
	.long	.Lfunc_begin7                   @   base address
	.long	.Ltmp509-.Lfunc_begin7
	.long	.Ltmp524-.Lfunc_begin7
	.short	10                              @ Loc expr size
	.byte	144                             @ sub-register DW_OP_regx
	.byte	142                             @ 270
	.byte	2                               @ 
	.byte	147                             @ DW_OP_piece
	.byte	8                               @ 8
	.byte	144                             @ sub-register DW_OP_regx
	.byte	143                             @ 271
	.byte	2                               @ 
	.byte	147                             @ DW_OP_piece
	.byte	8                               @ 8
	.long	0
	.long	0
.Ldebug_loc211:
	.long	-1
	.long	.Lfunc_begin7                   @   base address
	.long	.Ltmp510-.Lfunc_begin7
	.long	.Ltmp516-.Lfunc_begin7
	.short	10                              @ Loc expr size
	.byte	144                             @ sub-register DW_OP_regx
	.byte	132                             @ 260
	.byte	2                               @ 
	.byte	147                             @ DW_OP_piece
	.byte	8                               @ 8
	.byte	144                             @ sub-register DW_OP_regx
	.byte	133                             @ 261
	.byte	2                               @ 
	.byte	147                             @ DW_OP_piece
	.byte	8                               @ 8
	.long	0
	.long	0
.Ldebug_loc212:
	.long	-1
	.long	.Lfunc_begin7                   @   base address
	.long	.Ltmp513-.Lfunc_begin7
	.long	.Ltmp518-.Lfunc_begin7
	.short	10                              @ Loc expr size
	.byte	144                             @ sub-register DW_OP_regx
	.byte	128                             @ 256
	.byte	2                               @ 
	.byte	147                             @ DW_OP_piece
	.byte	8                               @ 8
	.byte	144                             @ sub-register DW_OP_regx
	.byte	129                             @ 257
	.byte	2                               @ 
	.byte	147                             @ DW_OP_piece
	.byte	8                               @ 8
	.long	0
	.long	0
.Ldebug_loc213:
	.long	-1
	.long	.Lfunc_begin7                   @   base address
	.long	.Ltmp514-.Lfunc_begin7
	.long	.Ltmp516-.Lfunc_begin7
	.short	10                              @ Loc expr size
	.byte	144                             @ sub-register DW_OP_regx
	.byte	132                             @ 260
	.byte	2                               @ 
	.byte	147                             @ DW_OP_piece
	.byte	8                               @ 8
	.byte	144                             @ sub-register DW_OP_regx
	.byte	133                             @ 261
	.byte	2                               @ 
	.byte	147                             @ DW_OP_piece
	.byte	8                               @ 8
	.long	0
	.long	0
.Ldebug_loc214:
	.long	-1
	.long	.Lfunc_begin7                   @   base address
	.long	.Ltmp515-.Lfunc_begin7
	.long	.Ltmp517-.Lfunc_begin7
	.short	10                              @ Loc expr size
	.byte	144                             @ sub-register DW_OP_regx
	.byte	134                             @ 262
	.byte	2                               @ 
	.byte	147                             @ DW_OP_piece
	.byte	8                               @ 8
	.byte	144                             @ sub-register DW_OP_regx
	.byte	135                             @ 263
	.byte	2                               @ 
	.byte	147                             @ DW_OP_piece
	.byte	8                               @ 8
	.long	.Ltmp517-.Lfunc_begin7
	.long	.Ltmp519-.Lfunc_begin7
	.short	10                              @ Loc expr size
	.byte	144                             @ sub-register DW_OP_regx
	.byte	132                             @ 260
	.byte	2                               @ 
	.byte	147                             @ DW_OP_piece
	.byte	8                               @ 8
	.byte	144                             @ sub-register DW_OP_regx
	.byte	133                             @ 261
	.byte	2                               @ 
	.byte	147                             @ DW_OP_piece
	.byte	8                               @ 8
	.long	.Ltmp519-.Lfunc_begin7
	.long	.Ltmp533-.Lfunc_begin7
	.short	10                              @ Loc expr size
	.byte	144                             @ sub-register DW_OP_regx
	.byte	134                             @ 262
	.byte	2                               @ 
	.byte	147                             @ DW_OP_piece
	.byte	8                               @ 8
	.byte	144                             @ sub-register DW_OP_regx
	.byte	135                             @ 263
	.byte	2                               @ 
	.byte	147                             @ DW_OP_piece
	.byte	8                               @ 8
	.long	0
	.long	0
.Ldebug_loc215:
	.long	-1
	.long	.Lfunc_begin7                   @   base address
	.long	.Ltmp519-.Lfunc_begin7
	.long	.Ltmp533-.Lfunc_begin7
	.short	10                              @ Loc expr size
	.byte	144                             @ sub-register DW_OP_regx
	.byte	134                             @ 262
	.byte	2                               @ 
	.byte	147                             @ DW_OP_piece
	.byte	8                               @ 8
	.byte	144                             @ sub-register DW_OP_regx
	.byte	135                             @ 263
	.byte	2                               @ 
	.byte	147                             @ DW_OP_piece
	.byte	8                               @ 8
	.long	0
	.long	0
.Ldebug_loc216:
	.long	-1
	.long	.Lfunc_begin7                   @   base address
	.long	.Ltmp520-.Lfunc_begin7
	.long	.Ltmp521-.Lfunc_begin7
	.short	10                              @ Loc expr size
	.byte	144                             @ sub-register DW_OP_regx
	.byte	128                             @ 256
	.byte	2                               @ 
	.byte	147                             @ DW_OP_piece
	.byte	8                               @ 8
	.byte	144                             @ sub-register DW_OP_regx
	.byte	129                             @ 257
	.byte	2                               @ 
	.byte	147                             @ DW_OP_piece
	.byte	8                               @ 8
	.long	.Ltmp521-.Lfunc_begin7
	.long	.Ltmp532-.Lfunc_begin7
	.short	10                              @ Loc expr size
	.byte	144                             @ sub-register DW_OP_regx
	.byte	136                             @ 264
	.byte	2                               @ 
	.byte	147                             @ DW_OP_piece
	.byte	8                               @ 8
	.byte	144                             @ sub-register DW_OP_regx
	.byte	137                             @ 265
	.byte	2                               @ 
	.byte	147                             @ DW_OP_piece
	.byte	8                               @ 8
	.long	.Ltmp532-.Lfunc_begin7
	.long	.Ltmp537-.Lfunc_begin7
	.short	10                              @ Loc expr size
	.byte	144                             @ sub-register DW_OP_regx
	.byte	132                             @ 260
	.byte	2                               @ 
	.byte	147                             @ DW_OP_piece
	.byte	8                               @ 8
	.byte	144                             @ sub-register DW_OP_regx
	.byte	133                             @ 261
	.byte	2                               @ 
	.byte	147                             @ DW_OP_piece
	.byte	8                               @ 8
	.long	0
	.long	0
.Ldebug_loc217:
	.long	-1
	.long	.Lfunc_begin7                   @   base address
	.long	.Ltmp520-.Lfunc_begin7
	.long	.Ltmp538-.Lfunc_begin7
	.short	10                              @ Loc expr size
	.byte	144                             @ sub-register DW_OP_regx
	.byte	128                             @ 256
	.byte	2                               @ 
	.byte	147                             @ DW_OP_piece
	.byte	8                               @ 8
	.byte	144                             @ sub-register DW_OP_regx
	.byte	129                             @ 257
	.byte	2                               @ 
	.byte	147                             @ DW_OP_piece
	.byte	8                               @ 8
	.long	0
	.long	0
.Ldebug_loc218:
	.long	-1
	.long	.Lfunc_begin7                   @   base address
	.long	.Ltmp520-.Lfunc_begin7
	.long	.Ltmp538-.Lfunc_begin7
	.short	10                              @ Loc expr size
	.byte	144                             @ sub-register DW_OP_regx
	.byte	128                             @ 256
	.byte	2                               @ 
	.byte	147                             @ DW_OP_piece
	.byte	8                               @ 8
	.byte	144                             @ sub-register DW_OP_regx
	.byte	129                             @ 257
	.byte	2                               @ 
	.byte	147                             @ DW_OP_piece
	.byte	8                               @ 8
	.long	0
	.long	0
.Ldebug_loc219:
	.long	-1
	.long	.Lfunc_begin7                   @   base address
	.long	.Ltmp522-.Lfunc_begin7
	.long	.Ltmp523-.Lfunc_begin7
	.short	10                              @ Loc expr size
	.byte	144                             @ sub-register DW_OP_regx
	.byte	132                             @ 260
	.byte	2                               @ 
	.byte	147                             @ DW_OP_piece
	.byte	8                               @ 8
	.byte	144                             @ sub-register DW_OP_regx
	.byte	133                             @ 261
	.byte	2                               @ 
	.byte	147                             @ DW_OP_piece
	.byte	8                               @ 8
	.long	0
	.long	0
.Ldebug_loc220:
	.long	-1
	.long	.Lfunc_begin7                   @   base address
	.long	.Ltmp523-.Lfunc_begin7
	.long	.Ltmp532-.Lfunc_begin7
	.short	10                              @ Loc expr size
	.byte	144                             @ sub-register DW_OP_regx
	.byte	132                             @ 260
	.byte	2                               @ 
	.byte	147                             @ DW_OP_piece
	.byte	8                               @ 8
	.byte	144                             @ sub-register DW_OP_regx
	.byte	133                             @ 261
	.byte	2                               @ 
	.byte	147                             @ DW_OP_piece
	.byte	8                               @ 8
	.long	0
	.long	0
.Ldebug_loc221:
	.long	-1
	.long	.Lfunc_begin7                   @   base address
	.long	.Ltmp525-.Lfunc_begin7
	.long	.Ltmp526-.Lfunc_begin7
	.short	10                              @ Loc expr size
	.byte	144                             @ sub-register DW_OP_regx
	.byte	140                             @ 268
	.byte	2                               @ 
	.byte	147                             @ DW_OP_piece
	.byte	8                               @ 8
	.byte	144                             @ sub-register DW_OP_regx
	.byte	141                             @ 269
	.byte	2                               @ 
	.byte	147                             @ DW_OP_piece
	.byte	8                               @ 8
	.long	.Ltmp526-.Lfunc_begin7
	.long	.Ltmp527-.Lfunc_begin7
	.short	10                              @ Loc expr size
	.byte	144                             @ sub-register DW_OP_regx
	.byte	142                             @ 270
	.byte	2                               @ 
	.byte	147                             @ DW_OP_piece
	.byte	8                               @ 8
	.byte	144                             @ sub-register DW_OP_regx
	.byte	143                             @ 271
	.byte	2                               @ 
	.byte	147                             @ DW_OP_piece
	.byte	8                               @ 8
	.long	.Ltmp527-.Lfunc_begin7
	.long	.Ltmp528-.Lfunc_begin7
	.short	10                              @ Loc expr size
	.byte	144                             @ sub-register DW_OP_regx
	.byte	140                             @ 268
	.byte	2                               @ 
	.byte	147                             @ DW_OP_piece
	.byte	8                               @ 8
	.byte	144                             @ sub-register DW_OP_regx
	.byte	141                             @ 269
	.byte	2                               @ 
	.byte	147                             @ DW_OP_piece
	.byte	8                               @ 8
	.long	.Ltmp528-.Lfunc_begin7
	.long	.Ltmp529-.Lfunc_begin7
	.short	10                              @ Loc expr size
	.byte	144                             @ sub-register DW_OP_regx
	.byte	142                             @ 270
	.byte	2                               @ 
	.byte	147                             @ DW_OP_piece
	.byte	8                               @ 8
	.byte	144                             @ sub-register DW_OP_regx
	.byte	143                             @ 271
	.byte	2                               @ 
	.byte	147                             @ DW_OP_piece
	.byte	8                               @ 8
	.long	.Ltmp529-.Lfunc_begin7
	.long	.Ltmp530-.Lfunc_begin7
	.short	10                              @ Loc expr size
	.byte	144                             @ sub-register DW_OP_regx
	.byte	140                             @ 268
	.byte	2                               @ 
	.byte	147                             @ DW_OP_piece
	.byte	8                               @ 8
	.byte	144                             @ sub-register DW_OP_regx
	.byte	141                             @ 269
	.byte	2                               @ 
	.byte	147                             @ DW_OP_piece
	.byte	8                               @ 8
	.long	.Ltmp530-.Lfunc_begin7
	.long	.Ltmp531-.Lfunc_begin7
	.short	10                              @ Loc expr size
	.byte	144                             @ sub-register DW_OP_regx
	.byte	130                             @ 258
	.byte	2                               @ 
	.byte	147                             @ DW_OP_piece
	.byte	8                               @ 8
	.byte	144                             @ sub-register DW_OP_regx
	.byte	131                             @ 259
	.byte	2                               @ 
	.byte	147                             @ DW_OP_piece
	.byte	8                               @ 8
	.long	.Ltmp531-.Lfunc_begin7
	.long	.Ltmp542-.Lfunc_begin7
	.short	10                              @ Loc expr size
	.byte	144                             @ sub-register DW_OP_regx
	.byte	140                             @ 268
	.byte	2                               @ 
	.byte	147                             @ DW_OP_piece
	.byte	8                               @ 8
	.byte	144                             @ sub-register DW_OP_regx
	.byte	141                             @ 269
	.byte	2                               @ 
	.byte	147                             @ DW_OP_piece
	.byte	8                               @ 8
	.long	0
	.long	0
.Ldebug_loc222:
	.long	-1
	.long	.Lfunc_begin7                   @   base address
	.long	.Ltmp533-.Lfunc_begin7
	.long	.Ltmp542-.Lfunc_begin7
	.short	10                              @ Loc expr size
	.byte	144                             @ sub-register DW_OP_regx
	.byte	134                             @ 262
	.byte	2                               @ 
	.byte	147                             @ DW_OP_piece
	.byte	8                               @ 8
	.byte	144                             @ sub-register DW_OP_regx
	.byte	135                             @ 263
	.byte	2                               @ 
	.byte	147                             @ DW_OP_piece
	.byte	8                               @ 8
	.long	0
	.long	0
.Ldebug_loc223:
	.long	-1
	.long	.Lfunc_begin7                   @   base address
	.long	.Ltmp543-.Lfunc_begin7
	.long	.Ltmp549-.Lfunc_begin7
	.short	1                               @ Loc expr size
	.byte	87                              @ DW_OP_reg7
	.long	.Ltmp577-.Lfunc_begin7
	.long	.Ltmp580-.Lfunc_begin7
	.short	1                               @ Loc expr size
	.byte	80                              @ DW_OP_reg0
	.long	0
	.long	0
.Ldebug_loc224:
	.long	-1
	.long	.Lfunc_begin7                   @   base address
	.long	.Ltmp544-.Lfunc_begin7
	.long	.Ltmp549-.Lfunc_begin7
	.short	1                               @ Loc expr size
	.byte	92                              @ DW_OP_reg12
	.long	.Ltmp549-.Lfunc_begin7
	.long	.Ltmp560-.Lfunc_begin7
	.short	1                               @ Loc expr size
	.byte	81                              @ DW_OP_reg1
	.long	0
	.long	0
.Ldebug_loc225:
	.long	-1
	.long	.Lfunc_begin7                   @   base address
	.long	.Ltmp549-.Lfunc_begin7
	.long	.Ltmp560-.Lfunc_begin7
	.short	1                               @ Loc expr size
	.byte	91                              @ DW_OP_reg11
	.long	0
	.long	0
.Ldebug_loc226:
	.long	-1
	.long	.Lfunc_begin7                   @   base address
	.long	.Ltmp549-.Lfunc_begin7
	.long	.Ltmp560-.Lfunc_begin7
	.short	1                               @ Loc expr size
	.byte	87                              @ DW_OP_reg7
	.long	0
	.long	0
.Ldebug_loc227:
	.long	-1
	.long	.Lfunc_begin7                   @   base address
	.long	.Ltmp544-.Lfunc_begin7
	.long	.Ltmp549-.Lfunc_begin7
	.short	1                               @ Loc expr size
	.byte	84                              @ DW_OP_reg4
	.long	.Ltmp549-.Lfunc_begin7
	.long	.Ltmp560-.Lfunc_begin7
	.short	1                               @ Loc expr size
	.byte	86                              @ DW_OP_reg6
	.long	0
	.long	0
.Ldebug_loc228:
	.long	-1
	.long	.Lfunc_begin7                   @   base address
	.long	.Ltmp545-.Lfunc_begin7
	.long	.Ltmp549-.Lfunc_begin7
	.short	1                               @ Loc expr size
	.byte	91                              @ DW_OP_reg11
	.long	0
	.long	0
.Ldebug_loc229:
	.long	-1
	.long	.Lfunc_begin7                   @   base address
	.long	.Ltmp546-.Lfunc_begin7
	.long	.Ltmp549-.Lfunc_begin7
	.short	1                               @ Loc expr size
	.byte	85                              @ DW_OP_reg5
	.long	0
	.long	0
.Ldebug_loc230:
	.long	-1
	.long	.Lfunc_begin7                   @   base address
	.long	.Ltmp550-.Lfunc_begin7
	.long	.Ltmp560-.Lfunc_begin7
	.short	10                              @ Loc expr size
	.byte	144                             @ sub-register DW_OP_regx
	.byte	128                             @ 256
	.byte	2                               @ 
	.byte	147                             @ DW_OP_piece
	.byte	8                               @ 8
	.byte	144                             @ sub-register DW_OP_regx
	.byte	129                             @ 257
	.byte	2                               @ 
	.byte	147                             @ DW_OP_piece
	.byte	8                               @ 8
	.long	.Ltmp564-.Lfunc_begin7
	.long	.Ltmp573-.Lfunc_begin7
	.short	10                              @ Loc expr size
	.byte	144                             @ sub-register DW_OP_regx
	.byte	128                             @ 256
	.byte	2                               @ 
	.byte	147                             @ DW_OP_piece
	.byte	8                               @ 8
	.byte	144                             @ sub-register DW_OP_regx
	.byte	129                             @ 257
	.byte	2                               @ 
	.byte	147                             @ DW_OP_piece
	.byte	8                               @ 8
	.long	0
	.long	0
.Ldebug_loc231:
	.long	-1
	.long	.Lfunc_begin7                   @   base address
	.long	.Ltmp551-.Lfunc_begin7
	.long	.Ltmp560-.Lfunc_begin7
	.short	10                              @ Loc expr size
	.byte	144                             @ sub-register DW_OP_regx
	.byte	132                             @ 260
	.byte	2                               @ 
	.byte	147                             @ DW_OP_piece
	.byte	8                               @ 8
	.byte	144                             @ sub-register DW_OP_regx
	.byte	133                             @ 261
	.byte	2                               @ 
	.byte	147                             @ DW_OP_piece
	.byte	8                               @ 8
	.long	0
	.long	0
.Ldebug_loc232:
	.long	-1
	.long	.Lfunc_begin7                   @   base address
	.long	.Ltmp565-.Lfunc_begin7
	.long	.Ltmp573-.Lfunc_begin7
	.short	10                              @ Loc expr size
	.byte	144                             @ sub-register DW_OP_regx
	.byte	132                             @ 260
	.byte	2                               @ 
	.byte	147                             @ DW_OP_piece
	.byte	8                               @ 8
	.byte	144                             @ sub-register DW_OP_regx
	.byte	133                             @ 261
	.byte	2                               @ 
	.byte	147                             @ DW_OP_piece
	.byte	8                               @ 8
	.long	0
	.long	0
.Ldebug_loc233:
	.long	-1
	.long	.Lfunc_begin7                   @   base address
	.long	.Ltmp576-.Lfunc_begin7
	.long	.Ltmp579-.Lfunc_begin7
	.short	10                              @ Loc expr size
	.byte	144                             @ sub-register DW_OP_regx
	.byte	128                             @ 256
	.byte	2                               @ 
	.byte	147                             @ DW_OP_piece
	.byte	8                               @ 8
	.byte	144                             @ sub-register DW_OP_regx
	.byte	129                             @ 257
	.byte	2                               @ 
	.byte	147                             @ DW_OP_piece
	.byte	8                               @ 8
	.long	.Ltmp580-.Lfunc_begin7
	.long	.Ltmp596-.Lfunc_begin7
	.short	10                              @ Loc expr size
	.byte	144                             @ sub-register DW_OP_regx
	.byte	128                             @ 256
	.byte	2                               @ 
	.byte	147                             @ DW_OP_piece
	.byte	8                               @ 8
	.byte	144                             @ sub-register DW_OP_regx
	.byte	129                             @ 257
	.byte	2                               @ 
	.byte	147                             @ DW_OP_piece
	.byte	8                               @ 8
	.long	0
	.long	0
.Ldebug_loc234:
	.long	-1
	.long	.Lfunc_begin7                   @   base address
	.long	.Ltmp576-.Lfunc_begin7
	.long	.Ltmp579-.Lfunc_begin7
	.short	10                              @ Loc expr size
	.byte	144                             @ sub-register DW_OP_regx
	.byte	128                             @ 256
	.byte	2                               @ 
	.byte	147                             @ DW_OP_piece
	.byte	8                               @ 8
	.byte	144                             @ sub-register DW_OP_regx
	.byte	129                             @ 257
	.byte	2                               @ 
	.byte	147                             @ DW_OP_piece
	.byte	8                               @ 8
	.long	.Ltmp580-.Lfunc_begin7
	.long	.Ltmp588-.Lfunc_begin7
	.short	10                              @ Loc expr size
	.byte	144                             @ sub-register DW_OP_regx
	.byte	132                             @ 260
	.byte	2                               @ 
	.byte	147                             @ DW_OP_piece
	.byte	8                               @ 8
	.byte	144                             @ sub-register DW_OP_regx
	.byte	133                             @ 261
	.byte	2                               @ 
	.byte	147                             @ DW_OP_piece
	.byte	8                               @ 8
	.long	.Ltmp595-.Lfunc_begin7
	.long	.Ltmp597-.Lfunc_begin7
	.short	10                              @ Loc expr size
	.byte	144                             @ sub-register DW_OP_regx
	.byte	132                             @ 260
	.byte	2                               @ 
	.byte	147                             @ DW_OP_piece
	.byte	8                               @ 8
	.byte	144                             @ sub-register DW_OP_regx
	.byte	133                             @ 261
	.byte	2                               @ 
	.byte	147                             @ DW_OP_piece
	.byte	8                               @ 8
	.long	0
	.long	0
.Ldebug_loc235:
	.long	-1
	.long	.Lfunc_begin7                   @   base address
	.long	.Ltmp577-.Lfunc_begin7
	.long	.Ltmp580-.Lfunc_begin7
	.short	1                               @ Loc expr size
	.byte	84                              @ DW_OP_reg4
	.long	.Ltmp580-.Lfunc_begin7
	.long	.Ltmp588-.Lfunc_begin7
	.short	1                               @ Loc expr size
	.byte	85                              @ DW_OP_reg5
	.long	0
	.long	0
.Ldebug_loc236:
	.long	-1
	.long	.Lfunc_begin7                   @   base address
	.long	.Ltmp577-.Lfunc_begin7
	.long	.Ltmp580-.Lfunc_begin7
	.short	1                               @ Loc expr size
	.byte	92                              @ DW_OP_reg12
	.long	.Ltmp580-.Lfunc_begin7
	.long	.Ltmp587-.Lfunc_begin7
	.short	1                               @ Loc expr size
	.byte	82                              @ DW_OP_reg2
	.long	0
	.long	0
.Ldebug_loc237:
	.long	-1
	.long	.Lfunc_begin7                   @   base address
	.long	.Ltmp577-.Lfunc_begin7
	.long	.Ltmp588-.Lfunc_begin7
	.short	1                               @ Loc expr size
	.byte	80                              @ DW_OP_reg0
	.long	0
	.long	0
.Ldebug_loc238:
	.long	-1
	.long	.Lfunc_begin7                   @   base address
	.long	.Ltmp581-.Lfunc_begin7
	.long	.Ltmp588-.Lfunc_begin7
	.short	10                              @ Loc expr size
	.byte	144                             @ sub-register DW_OP_regx
	.byte	134                             @ 262
	.byte	2                               @ 
	.byte	147                             @ DW_OP_piece
	.byte	8                               @ 8
	.byte	144                             @ sub-register DW_OP_regx
	.byte	135                             @ 263
	.byte	2                               @ 
	.byte	147                             @ DW_OP_piece
	.byte	8                               @ 8
	.long	.Ltmp591-.Lfunc_begin7
	.long	.Ltmp595-.Lfunc_begin7
	.short	10                              @ Loc expr size
	.byte	144                             @ sub-register DW_OP_regx
	.byte	134                             @ 262
	.byte	2                               @ 
	.byte	147                             @ DW_OP_piece
	.byte	8                               @ 8
	.byte	144                             @ sub-register DW_OP_regx
	.byte	135                             @ 263
	.byte	2                               @ 
	.byte	147                             @ DW_OP_piece
	.byte	8                               @ 8
	.long	0
	.long	0
.Ldebug_loc239:
	.long	-1
	.long	.Lfunc_begin7                   @   base address
	.long	.Ltmp582-.Lfunc_begin7
	.long	.Ltmp586-.Lfunc_begin7
	.short	10                              @ Loc expr size
	.byte	144                             @ sub-register DW_OP_regx
	.byte	136                             @ 264
	.byte	2                               @ 
	.byte	147                             @ DW_OP_piece
	.byte	8                               @ 8
	.byte	144                             @ sub-register DW_OP_regx
	.byte	137                             @ 265
	.byte	2                               @ 
	.byte	147                             @ DW_OP_piece
	.byte	8                               @ 8
	.long	0
	.long	0
.Ldebug_loc240:
	.long	-1
	.long	.Lfunc_begin7                   @   base address
	.long	.Ltmp592-.Lfunc_begin7
	.long	.Ltmp595-.Lfunc_begin7
	.short	10                              @ Loc expr size
	.byte	144                             @ sub-register DW_OP_regx
	.byte	136                             @ 264
	.byte	2                               @ 
	.byte	147                             @ DW_OP_piece
	.byte	8                               @ 8
	.byte	144                             @ sub-register DW_OP_regx
	.byte	137                             @ 265
	.byte	2                               @ 
	.byte	147                             @ DW_OP_piece
	.byte	8                               @ 8
	.long	0
	.long	0
.Ldebug_loc241:
	.long	-1
	.long	.Lfunc_begin7                   @   base address
	.long	.Ltmp603-.Lfunc_begin7
	.long	.Ltmp606-.Lfunc_begin7
	.short	10                              @ Loc expr size
	.byte	144                             @ sub-register DW_OP_regx
	.byte	128                             @ 256
	.byte	2                               @ 
	.byte	147                             @ DW_OP_piece
	.byte	8                               @ 8
	.byte	144                             @ sub-register DW_OP_regx
	.byte	129                             @ 257
	.byte	2                               @ 
	.byte	147                             @ DW_OP_piece
	.byte	8                               @ 8
	.long	0
	.long	0
.Ldebug_loc242:
	.long	-1
	.long	.Lfunc_begin7                   @   base address
	.long	.Ltmp595-.Lfunc_begin7
	.long	.Ltmp596-.Lfunc_begin7
	.short	10                              @ Loc expr size
	.byte	144                             @ sub-register DW_OP_regx
	.byte	128                             @ 256
	.byte	2                               @ 
	.byte	147                             @ DW_OP_piece
	.byte	8                               @ 8
	.byte	144                             @ sub-register DW_OP_regx
	.byte	129                             @ 257
	.byte	2                               @ 
	.byte	147                             @ DW_OP_piece
	.byte	8                               @ 8
	.long	0
	.long	0
.Ldebug_loc243:
	.long	-1
	.long	.Lfunc_begin7                   @   base address
	.long	.Ltmp602-.Lfunc_begin7
	.long	.Ltmp604-.Lfunc_begin7
	.short	10                              @ Loc expr size
	.byte	144                             @ sub-register DW_OP_regx
	.byte	132                             @ 260
	.byte	2                               @ 
	.byte	147                             @ DW_OP_piece
	.byte	8                               @ 8
	.byte	144                             @ sub-register DW_OP_regx
	.byte	133                             @ 261
	.byte	2                               @ 
	.byte	147                             @ DW_OP_piece
	.byte	8                               @ 8
	.long	0
	.long	0
.Ldebug_loc244:
	.long	-1
	.long	.Lfunc_begin7                   @   base address
	.long	.Ltmp608-.Lfunc_begin7
	.long	.Ltmp609-.Lfunc_begin7
	.short	10                              @ Loc expr size
	.byte	144                             @ sub-register DW_OP_regx
	.byte	128                             @ 256
	.byte	2                               @ 
	.byte	147                             @ DW_OP_piece
	.byte	8                               @ 8
	.byte	144                             @ sub-register DW_OP_regx
	.byte	129                             @ 257
	.byte	2                               @ 
	.byte	147                             @ DW_OP_piece
	.byte	8                               @ 8
	.long	0
	.long	0
.Ldebug_loc245:
	.long	-1
	.long	.Lfunc_begin7                   @   base address
	.long	.Ltmp610-.Lfunc_begin7
	.long	.Ltmp614-.Lfunc_begin7
	.short	10                              @ Loc expr size
	.byte	144                             @ sub-register DW_OP_regx
	.byte	128                             @ 256
	.byte	2                               @ 
	.byte	147                             @ DW_OP_piece
	.byte	8                               @ 8
	.byte	144                             @ sub-register DW_OP_regx
	.byte	129                             @ 257
	.byte	2                               @ 
	.byte	147                             @ DW_OP_piece
	.byte	8                               @ 8
	.long	0
	.long	0
.Ldebug_loc246:
	.long	-1
	.long	.Lfunc_begin7                   @   base address
	.long	.Ltmp613-.Lfunc_begin7
	.long	.Ltmp615-.Lfunc_begin7
	.short	10                              @ Loc expr size
	.byte	144                             @ sub-register DW_OP_regx
	.byte	134                             @ 262
	.byte	2                               @ 
	.byte	147                             @ DW_OP_piece
	.byte	8                               @ 8
	.byte	144                             @ sub-register DW_OP_regx
	.byte	135                             @ 263
	.byte	2                               @ 
	.byte	147                             @ DW_OP_piece
	.byte	8                               @ 8
	.long	0
	.long	0
.Ldebug_loc247:
	.long	-1
	.long	.Lfunc_begin7                   @   base address
	.long	.Ltmp615-.Lfunc_begin7
	.long	.Ltmp655-.Lfunc_begin7
	.short	1                               @ Loc expr size
	.byte	86                              @ DW_OP_reg6
	.long	0
	.long	0
.Ldebug_loc248:
	.long	-1
	.long	.Lfunc_begin7                   @   base address
	.long	.Ltmp615-.Lfunc_begin7
	.long	.Ltmp620-.Lfunc_begin7
	.short	10                              @ Loc expr size
	.byte	144                             @ sub-register DW_OP_regx
	.byte	134                             @ 262
	.byte	2                               @ 
	.byte	147                             @ DW_OP_piece
	.byte	8                               @ 8
	.byte	144                             @ sub-register DW_OP_regx
	.byte	135                             @ 263
	.byte	2                               @ 
	.byte	147                             @ DW_OP_piece
	.byte	8                               @ 8
	.long	0
	.long	0
.Ldebug_loc249:
	.long	-1
	.long	.Lfunc_begin7                   @   base address
	.long	.Ltmp615-.Lfunc_begin7
	.long	.Ltmp620-.Lfunc_begin7
	.short	10                              @ Loc expr size
	.byte	144                             @ sub-register DW_OP_regx
	.byte	134                             @ 262
	.byte	2                               @ 
	.byte	147                             @ DW_OP_piece
	.byte	8                               @ 8
	.byte	144                             @ sub-register DW_OP_regx
	.byte	135                             @ 263
	.byte	2                               @ 
	.byte	147                             @ DW_OP_piece
	.byte	8                               @ 8
	.long	0
	.long	0
.Ldebug_loc250:
	.long	-1
	.long	.Lfunc_begin7                   @   base address
	.long	.Ltmp616-.Lfunc_begin7
	.long	.Ltmp622-.Lfunc_begin7
	.short	10                              @ Loc expr size
	.byte	144                             @ sub-register DW_OP_regx
	.byte	132                             @ 260
	.byte	2                               @ 
	.byte	147                             @ DW_OP_piece
	.byte	8                               @ 8
	.byte	144                             @ sub-register DW_OP_regx
	.byte	133                             @ 261
	.byte	2                               @ 
	.byte	147                             @ DW_OP_piece
	.byte	8                               @ 8
	.long	0
	.long	0
.Ldebug_loc251:
	.long	-1
	.long	.Lfunc_begin7                   @   base address
	.long	.Ltmp617-.Lfunc_begin7
	.long	.Ltmp629-.Lfunc_begin7
	.short	10                              @ Loc expr size
	.byte	144                             @ sub-register DW_OP_regx
	.byte	136                             @ 264
	.byte	2                               @ 
	.byte	147                             @ DW_OP_piece
	.byte	8                               @ 8
	.byte	144                             @ sub-register DW_OP_regx
	.byte	137                             @ 265
	.byte	2                               @ 
	.byte	147                             @ DW_OP_piece
	.byte	8                               @ 8
	.long	0
	.long	0
.Ldebug_loc252:
	.long	-1
	.long	.Lfunc_begin7                   @   base address
	.long	.Ltmp618-.Lfunc_begin7
	.long	.Ltmp621-.Lfunc_begin7
	.short	10                              @ Loc expr size
	.byte	144                             @ sub-register DW_OP_regx
	.byte	138                             @ 266
	.byte	2                               @ 
	.byte	147                             @ DW_OP_piece
	.byte	8                               @ 8
	.byte	144                             @ sub-register DW_OP_regx
	.byte	139                             @ 267
	.byte	2                               @ 
	.byte	147                             @ DW_OP_piece
	.byte	8                               @ 8
	.long	0
	.long	0
.Ldebug_loc253:
	.long	-1
	.long	.Lfunc_begin7                   @   base address
	.long	.Ltmp619-.Lfunc_begin7
	.long	.Ltmp637-.Lfunc_begin7
	.short	10                              @ Loc expr size
	.byte	144                             @ sub-register DW_OP_regx
	.byte	140                             @ 268
	.byte	2                               @ 
	.byte	147                             @ DW_OP_piece
	.byte	8                               @ 8
	.byte	144                             @ sub-register DW_OP_regx
	.byte	141                             @ 269
	.byte	2                               @ 
	.byte	147                             @ DW_OP_piece
	.byte	8                               @ 8
	.long	0
	.long	0
.Ldebug_loc254:
	.long	-1
	.long	.Lfunc_begin7                   @   base address
	.long	.Ltmp620-.Lfunc_begin7
	.long	.Ltmp623-.Lfunc_begin7
	.short	10                              @ Loc expr size
	.byte	144                             @ sub-register DW_OP_regx
	.byte	134                             @ 262
	.byte	2                               @ 
	.byte	147                             @ DW_OP_piece
	.byte	8                               @ 8
	.byte	144                             @ sub-register DW_OP_regx
	.byte	135                             @ 263
	.byte	2                               @ 
	.byte	147                             @ DW_OP_piece
	.byte	8                               @ 8
	.long	0
	.long	0
.Ldebug_loc255:
	.long	-1
	.long	.Lfunc_begin7                   @   base address
	.long	.Ltmp623-.Lfunc_begin7
	.long	.Ltmp626-.Lfunc_begin7
	.short	10                              @ Loc expr size
	.byte	144                             @ sub-register DW_OP_regx
	.byte	134                             @ 262
	.byte	2                               @ 
	.byte	147                             @ DW_OP_piece
	.byte	8                               @ 8
	.byte	144                             @ sub-register DW_OP_regx
	.byte	135                             @ 263
	.byte	2                               @ 
	.byte	147                             @ DW_OP_piece
	.byte	8                               @ 8
	.long	0
	.long	0
.Ldebug_loc256:
	.long	-1
	.long	.Lfunc_begin7                   @   base address
	.long	.Ltmp624-.Lfunc_begin7
	.long	.Ltmp627-.Lfunc_begin7
	.short	10                              @ Loc expr size
	.byte	144                             @ sub-register DW_OP_regx
	.byte	128                             @ 256
	.byte	2                               @ 
	.byte	147                             @ DW_OP_piece
	.byte	8                               @ 8
	.byte	144                             @ sub-register DW_OP_regx
	.byte	129                             @ 257
	.byte	2                               @ 
	.byte	147                             @ DW_OP_piece
	.byte	8                               @ 8
	.long	0
	.long	0
.Ldebug_loc257:
	.long	-1
	.long	.Lfunc_begin7                   @   base address
	.long	.Ltmp625-.Lfunc_begin7
	.long	.Ltmp628-.Lfunc_begin7
	.short	10                              @ Loc expr size
	.byte	144                             @ sub-register DW_OP_regx
	.byte	132                             @ 260
	.byte	2                               @ 
	.byte	147                             @ DW_OP_piece
	.byte	8                               @ 8
	.byte	144                             @ sub-register DW_OP_regx
	.byte	133                             @ 261
	.byte	2                               @ 
	.byte	147                             @ DW_OP_piece
	.byte	8                               @ 8
	.long	.Ltmp628-.Lfunc_begin7
	.long	.Ltmp630-.Lfunc_begin7
	.short	10                              @ Loc expr size
	.byte	144                             @ sub-register DW_OP_regx
	.byte	128                             @ 256
	.byte	2                               @ 
	.byte	147                             @ DW_OP_piece
	.byte	8                               @ 8
	.byte	144                             @ sub-register DW_OP_regx
	.byte	129                             @ 257
	.byte	2                               @ 
	.byte	147                             @ DW_OP_piece
	.byte	8                               @ 8
	.long	0
	.long	0
.Ldebug_loc258:
	.long	-1
	.long	.Lfunc_begin7                   @   base address
	.long	.Ltmp630-.Lfunc_begin7
	.long	.Ltmp631-.Lfunc_begin7
	.short	10                              @ Loc expr size
	.byte	144                             @ sub-register DW_OP_regx
	.byte	128                             @ 256
	.byte	2                               @ 
	.byte	147                             @ DW_OP_piece
	.byte	8                               @ 8
	.byte	144                             @ sub-register DW_OP_regx
	.byte	129                             @ 257
	.byte	2                               @ 
	.byte	147                             @ DW_OP_piece
	.byte	8                               @ 8
	.long	.Ltmp631-.Lfunc_begin7
	.long	.Ltmp644-.Lfunc_begin7
	.short	3                               @ Loc expr size
	.byte	125                             @ DW_OP_breg13
	.byte	184                             @ 312
	.byte	2                               @ 
	.long	.Ltmp644-.Lfunc_begin7
	.long	.Ltmp655-.Lfunc_begin7
	.short	10                              @ Loc expr size
	.byte	144                             @ sub-register DW_OP_regx
	.byte	136                             @ 264
	.byte	2                               @ 
	.byte	147                             @ DW_OP_piece
	.byte	8                               @ 8
	.byte	144                             @ sub-register DW_OP_regx
	.byte	137                             @ 265
	.byte	2                               @ 
	.byte	147                             @ DW_OP_piece
	.byte	8                               @ 8
	.long	0
	.long	0
.Ldebug_loc259:
	.long	-1
	.long	.Lfunc_begin7                   @   base address
	.long	.Ltmp631-.Lfunc_begin7
	.long	.Ltmp652-.Lfunc_begin7
	.short	10                              @ Loc expr size
	.byte	144                             @ sub-register DW_OP_regx
	.byte	132                             @ 260
	.byte	2                               @ 
	.byte	147                             @ DW_OP_piece
	.byte	8                               @ 8
	.byte	144                             @ sub-register DW_OP_regx
	.byte	133                             @ 261
	.byte	2                               @ 
	.byte	147                             @ DW_OP_piece
	.byte	8                               @ 8
	.long	0
	.long	0
.Ldebug_loc260:
	.long	-1
	.long	.Lfunc_begin7                   @   base address
	.long	.Ltmp633-.Lfunc_begin7
	.long	.Ltmp636-.Lfunc_begin7
	.short	10                              @ Loc expr size
	.byte	144                             @ sub-register DW_OP_regx
	.byte	136                             @ 264
	.byte	2                               @ 
	.byte	147                             @ DW_OP_piece
	.byte	8                               @ 8
	.byte	144                             @ sub-register DW_OP_regx
	.byte	137                             @ 265
	.byte	2                               @ 
	.byte	147                             @ DW_OP_piece
	.byte	8                               @ 8
	.long	0
	.long	0
.Ldebug_loc261:
	.long	-1
	.long	.Lfunc_begin7                   @   base address
	.long	.Ltmp634-.Lfunc_begin7
	.long	.Ltmp635-.Lfunc_begin7
	.short	10                              @ Loc expr size
	.byte	144                             @ sub-register DW_OP_regx
	.byte	132                             @ 260
	.byte	2                               @ 
	.byte	147                             @ DW_OP_piece
	.byte	8                               @ 8
	.byte	144                             @ sub-register DW_OP_regx
	.byte	133                             @ 261
	.byte	2                               @ 
	.byte	147                             @ DW_OP_piece
	.byte	8                               @ 8
	.long	.Ltmp635-.Lfunc_begin7
	.long	.Ltmp650-.Lfunc_begin7
	.short	10                              @ Loc expr size
	.byte	144                             @ sub-register DW_OP_regx
	.byte	134                             @ 262
	.byte	2                               @ 
	.byte	147                             @ DW_OP_piece
	.byte	8                               @ 8
	.byte	144                             @ sub-register DW_OP_regx
	.byte	135                             @ 263
	.byte	2                               @ 
	.byte	147                             @ DW_OP_piece
	.byte	8                               @ 8
	.long	0
	.long	0
.Ldebug_loc262:
	.long	-1
	.long	.Lfunc_begin7                   @   base address
	.long	.Ltmp634-.Lfunc_begin7
	.long	.Ltmp652-.Lfunc_begin7
	.short	10                              @ Loc expr size
	.byte	144                             @ sub-register DW_OP_regx
	.byte	132                             @ 260
	.byte	2                               @ 
	.byte	147                             @ DW_OP_piece
	.byte	8                               @ 8
	.byte	144                             @ sub-register DW_OP_regx
	.byte	133                             @ 261
	.byte	2                               @ 
	.byte	147                             @ DW_OP_piece
	.byte	8                               @ 8
	.long	0
	.long	0
.Ldebug_loc263:
	.long	-1
	.long	.Lfunc_begin7                   @   base address
	.long	.Ltmp636-.Lfunc_begin7
	.long	.Ltmp644-.Lfunc_begin7
	.short	10                              @ Loc expr size
	.byte	144                             @ sub-register DW_OP_regx
	.byte	136                             @ 264
	.byte	2                               @ 
	.byte	147                             @ DW_OP_piece
	.byte	8                               @ 8
	.byte	144                             @ sub-register DW_OP_regx
	.byte	137                             @ 265
	.byte	2                               @ 
	.byte	147                             @ DW_OP_piece
	.byte	8                               @ 8
	.long	0
	.long	0
.Ldebug_loc264:
	.long	-1
	.long	.Lfunc_begin7                   @   base address
	.long	.Ltmp637-.Lfunc_begin7
	.long	.Ltmp638-.Lfunc_begin7
	.short	10                              @ Loc expr size
	.byte	144                             @ sub-register DW_OP_regx
	.byte	140                             @ 268
	.byte	2                               @ 
	.byte	147                             @ DW_OP_piece
	.byte	8                               @ 8
	.byte	144                             @ sub-register DW_OP_regx
	.byte	141                             @ 269
	.byte	2                               @ 
	.byte	147                             @ DW_OP_piece
	.byte	8                               @ 8
	.long	.Ltmp638-.Lfunc_begin7
	.long	.Ltmp639-.Lfunc_begin7
	.short	10                              @ Loc expr size
	.byte	144                             @ sub-register DW_OP_regx
	.byte	142                             @ 270
	.byte	2                               @ 
	.byte	147                             @ DW_OP_piece
	.byte	8                               @ 8
	.byte	144                             @ sub-register DW_OP_regx
	.byte	143                             @ 271
	.byte	2                               @ 
	.byte	147                             @ DW_OP_piece
	.byte	8                               @ 8
	.long	.Ltmp639-.Lfunc_begin7
	.long	.Ltmp640-.Lfunc_begin7
	.short	10                              @ Loc expr size
	.byte	144                             @ sub-register DW_OP_regx
	.byte	140                             @ 268
	.byte	2                               @ 
	.byte	147                             @ DW_OP_piece
	.byte	8                               @ 8
	.byte	144                             @ sub-register DW_OP_regx
	.byte	141                             @ 269
	.byte	2                               @ 
	.byte	147                             @ DW_OP_piece
	.byte	8                               @ 8
	.long	.Ltmp640-.Lfunc_begin7
	.long	.Ltmp641-.Lfunc_begin7
	.short	10                              @ Loc expr size
	.byte	144                             @ sub-register DW_OP_regx
	.byte	142                             @ 270
	.byte	2                               @ 
	.byte	147                             @ DW_OP_piece
	.byte	8                               @ 8
	.byte	144                             @ sub-register DW_OP_regx
	.byte	143                             @ 271
	.byte	2                               @ 
	.byte	147                             @ DW_OP_piece
	.byte	8                               @ 8
	.long	.Ltmp641-.Lfunc_begin7
	.long	.Ltmp642-.Lfunc_begin7
	.short	10                              @ Loc expr size
	.byte	144                             @ sub-register DW_OP_regx
	.byte	140                             @ 268
	.byte	2                               @ 
	.byte	147                             @ DW_OP_piece
	.byte	8                               @ 8
	.byte	144                             @ sub-register DW_OP_regx
	.byte	141                             @ 269
	.byte	2                               @ 
	.byte	147                             @ DW_OP_piece
	.byte	8                               @ 8
	.long	.Ltmp642-.Lfunc_begin7
	.long	.Ltmp643-.Lfunc_begin7
	.short	10                              @ Loc expr size
	.byte	144                             @ sub-register DW_OP_regx
	.byte	128                             @ 256
	.byte	2                               @ 
	.byte	147                             @ DW_OP_piece
	.byte	8                               @ 8
	.byte	144                             @ sub-register DW_OP_regx
	.byte	129                             @ 257
	.byte	2                               @ 
	.byte	147                             @ DW_OP_piece
	.byte	8                               @ 8
	.long	.Ltmp643-.Lfunc_begin7
	.long	.Ltmp655-.Lfunc_begin7
	.short	10                              @ Loc expr size
	.byte	144                             @ sub-register DW_OP_regx
	.byte	138                             @ 266
	.byte	2                               @ 
	.byte	147                             @ DW_OP_piece
	.byte	8                               @ 8
	.byte	144                             @ sub-register DW_OP_regx
	.byte	139                             @ 267
	.byte	2                               @ 
	.byte	147                             @ DW_OP_piece
	.byte	8                               @ 8
	.long	0
	.long	0
.Ldebug_loc265:
	.long	-1
	.long	.Lfunc_begin7                   @   base address
	.long	.Ltmp649-.Lfunc_begin7
	.long	.Ltmp651-.Lfunc_begin7
	.short	10                              @ Loc expr size
	.byte	144                             @ sub-register DW_OP_regx
	.byte	128                             @ 256
	.byte	2                               @ 
	.byte	147                             @ DW_OP_piece
	.byte	8                               @ 8
	.byte	144                             @ sub-register DW_OP_regx
	.byte	129                             @ 257
	.byte	2                               @ 
	.byte	147                             @ DW_OP_piece
	.byte	8                               @ 8
	.long	0
	.long	0
.Ldebug_loc266:
	.long	-1
	.long	.Lfunc_begin7                   @   base address
	.long	.Ltmp655-.Lfunc_begin7
	.long	.Ltmp659-.Lfunc_begin7
	.short	1                               @ Loc expr size
	.byte	92                              @ DW_OP_reg12
	.long	0
	.long	0
.Ldebug_loc267:
	.long	-1
	.long	.Lfunc_begin7                   @   base address
	.long	.Ltmp655-.Lfunc_begin7
	.long	.Ltmp665-.Lfunc_begin7
	.short	1                               @ Loc expr size
	.byte	92                              @ DW_OP_reg12
	.long	0
	.long	0
.Ldebug_loc268:
	.long	-1
	.long	.Lfunc_begin7                   @   base address
	.long	.Ltmp655-.Lfunc_begin7
	.long	.Ltmp659-.Lfunc_begin7
	.short	1                               @ Loc expr size
	.byte	84                              @ DW_OP_reg4
	.long	.Ltmp659-.Lfunc_begin7
	.long	.Ltmp665-.Lfunc_begin7
	.short	1                               @ Loc expr size
	.byte	82                              @ DW_OP_reg2
	.long	0
	.long	0
.Ldebug_loc269:
	.long	-1
	.long	.Lfunc_begin7                   @   base address
	.long	.Ltmp656-.Lfunc_begin7
	.long	.Ltmp658-.Lfunc_begin7
	.short	10                              @ Loc expr size
	.byte	144                             @ sub-register DW_OP_regx
	.byte	128                             @ 256
	.byte	2                               @ 
	.byte	147                             @ DW_OP_piece
	.byte	8                               @ 8
	.byte	144                             @ sub-register DW_OP_regx
	.byte	129                             @ 257
	.byte	2                               @ 
	.byte	147                             @ DW_OP_piece
	.byte	8                               @ 8
	.long	.Ltmp659-.Lfunc_begin7
	.long	.Ltmp673-.Lfunc_begin7
	.short	10                              @ Loc expr size
	.byte	144                             @ sub-register DW_OP_regx
	.byte	128                             @ 256
	.byte	2                               @ 
	.byte	147                             @ DW_OP_piece
	.byte	8                               @ 8
	.byte	144                             @ sub-register DW_OP_regx
	.byte	129                             @ 257
	.byte	2                               @ 
	.byte	147                             @ DW_OP_piece
	.byte	8                               @ 8
	.long	.Ltmp684-.Lfunc_begin7
	.long	.Ltmp687-.Lfunc_begin7
	.short	10                              @ Loc expr size
	.byte	144                             @ sub-register DW_OP_regx
	.byte	128                             @ 256
	.byte	2                               @ 
	.byte	147                             @ DW_OP_piece
	.byte	8                               @ 8
	.byte	144                             @ sub-register DW_OP_regx
	.byte	129                             @ 257
	.byte	2                               @ 
	.byte	147                             @ DW_OP_piece
	.byte	8                               @ 8
	.long	0
	.long	0
.Ldebug_loc270:
	.long	-1
	.long	.Lfunc_begin7                   @   base address
	.long	.Ltmp660-.Lfunc_begin7
	.long	.Ltmp665-.Lfunc_begin7
	.short	10                              @ Loc expr size
	.byte	144                             @ sub-register DW_OP_regx
	.byte	132                             @ 260
	.byte	2                               @ 
	.byte	147                             @ DW_OP_piece
	.byte	8                               @ 8
	.byte	144                             @ sub-register DW_OP_regx
	.byte	133                             @ 261
	.byte	2                               @ 
	.byte	147                             @ DW_OP_piece
	.byte	8                               @ 8
	.long	.Ltmp669-.Lfunc_begin7
	.long	.Ltmp671-.Lfunc_begin7
	.short	10                              @ Loc expr size
	.byte	144                             @ sub-register DW_OP_regx
	.byte	132                             @ 260
	.byte	2                               @ 
	.byte	147                             @ DW_OP_piece
	.byte	8                               @ 8
	.byte	144                             @ sub-register DW_OP_regx
	.byte	133                             @ 261
	.byte	2                               @ 
	.byte	147                             @ DW_OP_piece
	.byte	8                               @ 8
	.long	0
	.long	0
.Ldebug_loc271:
	.long	-1
	.long	.Lfunc_begin7                   @   base address
	.long	.Ltmp661-.Lfunc_begin7
	.long	.Ltmp663-.Lfunc_begin7
	.short	10                              @ Loc expr size
	.byte	144                             @ sub-register DW_OP_regx
	.byte	134                             @ 262
	.byte	2                               @ 
	.byte	147                             @ DW_OP_piece
	.byte	8                               @ 8
	.byte	144                             @ sub-register DW_OP_regx
	.byte	135                             @ 263
	.byte	2                               @ 
	.byte	147                             @ DW_OP_piece
	.byte	8                               @ 8
	.long	0
	.long	0
.Ldebug_loc272:
	.long	-1
	.long	.Lfunc_begin7                   @   base address
	.long	.Ltmp670-.Lfunc_begin7
	.long	.Ltmp671-.Lfunc_begin7
	.short	10                              @ Loc expr size
	.byte	144                             @ sub-register DW_OP_regx
	.byte	134                             @ 262
	.byte	2                               @ 
	.byte	147                             @ DW_OP_piece
	.byte	8                               @ 8
	.byte	144                             @ sub-register DW_OP_regx
	.byte	135                             @ 263
	.byte	2                               @ 
	.byte	147                             @ DW_OP_piece
	.byte	8                               @ 8
	.long	0
	.long	0
.Ldebug_loc273:
	.long	-1
	.long	.Lfunc_begin7                   @   base address
	.long	.Ltmp678-.Lfunc_begin7
	.long	.Ltmp680-.Lfunc_begin7
	.short	10                              @ Loc expr size
	.byte	144                             @ sub-register DW_OP_regx
	.byte	128                             @ 256
	.byte	2                               @ 
	.byte	147                             @ DW_OP_piece
	.byte	8                               @ 8
	.byte	144                             @ sub-register DW_OP_regx
	.byte	129                             @ 257
	.byte	2                               @ 
	.byte	147                             @ DW_OP_piece
	.byte	8                               @ 8
	.long	0
	.long	0
.Ldebug_loc274:
	.long	-1
	.long	.Lfunc_begin7                   @   base address
	.long	.Ltmp681-.Lfunc_begin7
	.long	.Ltmp682-.Lfunc_begin7
	.short	10                              @ Loc expr size
	.byte	144                             @ sub-register DW_OP_regx
	.byte	128                             @ 256
	.byte	2                               @ 
	.byte	147                             @ DW_OP_piece
	.byte	8                               @ 8
	.byte	144                             @ sub-register DW_OP_regx
	.byte	129                             @ 257
	.byte	2                               @ 
	.byte	147                             @ DW_OP_piece
	.byte	8                               @ 8
	.long	0
	.long	0
.Ldebug_loc275:
	.long	-1
	.long	.Lfunc_begin7                   @   base address
	.long	.Ltmp683-.Lfunc_begin7
	.long	.Ltmp687-.Lfunc_begin7
	.short	10                              @ Loc expr size
	.byte	144                             @ sub-register DW_OP_regx
	.byte	128                             @ 256
	.byte	2                               @ 
	.byte	147                             @ DW_OP_piece
	.byte	8                               @ 8
	.byte	144                             @ sub-register DW_OP_regx
	.byte	129                             @ 257
	.byte	2                               @ 
	.byte	147                             @ DW_OP_piece
	.byte	8                               @ 8
	.long	0
	.long	0
.Ldebug_loc276:
	.long	-1
	.long	.Lfunc_begin7                   @   base address
	.long	.Ltmp686-.Lfunc_begin7
	.long	.Ltmp688-.Lfunc_begin7
	.short	10                              @ Loc expr size
	.byte	144                             @ sub-register DW_OP_regx
	.byte	134                             @ 262
	.byte	2                               @ 
	.byte	147                             @ DW_OP_piece
	.byte	8                               @ 8
	.byte	144                             @ sub-register DW_OP_regx
	.byte	135                             @ 263
	.byte	2                               @ 
	.byte	147                             @ DW_OP_piece
	.byte	8                               @ 8
	.long	0
	.long	0
.Ldebug_loc277:
	.long	-1
	.long	.Lfunc_begin7                   @   base address
	.long	.Ltmp688-.Lfunc_begin7
	.long	.Ltmp725-.Lfunc_begin7
	.short	1                               @ Loc expr size
	.byte	86                              @ DW_OP_reg6
	.long	0
	.long	0
.Ldebug_loc278:
	.long	-1
	.long	.Lfunc_begin7                   @   base address
	.long	.Ltmp688-.Lfunc_begin7
	.long	.Ltmp693-.Lfunc_begin7
	.short	10                              @ Loc expr size
	.byte	144                             @ sub-register DW_OP_regx
	.byte	134                             @ 262
	.byte	2                               @ 
	.byte	147                             @ DW_OP_piece
	.byte	8                               @ 8
	.byte	144                             @ sub-register DW_OP_regx
	.byte	135                             @ 263
	.byte	2                               @ 
	.byte	147                             @ DW_OP_piece
	.byte	8                               @ 8
	.long	0
	.long	0
.Ldebug_loc279:
	.long	-1
	.long	.Lfunc_begin7                   @   base address
	.long	.Ltmp688-.Lfunc_begin7
	.long	.Ltmp693-.Lfunc_begin7
	.short	10                              @ Loc expr size
	.byte	144                             @ sub-register DW_OP_regx
	.byte	134                             @ 262
	.byte	2                               @ 
	.byte	147                             @ DW_OP_piece
	.byte	8                               @ 8
	.byte	144                             @ sub-register DW_OP_regx
	.byte	135                             @ 263
	.byte	2                               @ 
	.byte	147                             @ DW_OP_piece
	.byte	8                               @ 8
	.long	0
	.long	0
.Ldebug_loc280:
	.long	-1
	.long	.Lfunc_begin7                   @   base address
	.long	.Ltmp689-.Lfunc_begin7
	.long	.Ltmp695-.Lfunc_begin7
	.short	10                              @ Loc expr size
	.byte	144                             @ sub-register DW_OP_regx
	.byte	132                             @ 260
	.byte	2                               @ 
	.byte	147                             @ DW_OP_piece
	.byte	8                               @ 8
	.byte	144                             @ sub-register DW_OP_regx
	.byte	133                             @ 261
	.byte	2                               @ 
	.byte	147                             @ DW_OP_piece
	.byte	8                               @ 8
	.long	0
	.long	0
.Ldebug_loc281:
	.long	-1
	.long	.Lfunc_begin7                   @   base address
	.long	.Ltmp690-.Lfunc_begin7
	.long	.Ltmp702-.Lfunc_begin7
	.short	10                              @ Loc expr size
	.byte	144                             @ sub-register DW_OP_regx
	.byte	136                             @ 264
	.byte	2                               @ 
	.byte	147                             @ DW_OP_piece
	.byte	8                               @ 8
	.byte	144                             @ sub-register DW_OP_regx
	.byte	137                             @ 265
	.byte	2                               @ 
	.byte	147                             @ DW_OP_piece
	.byte	8                               @ 8
	.long	0
	.long	0
.Ldebug_loc282:
	.long	-1
	.long	.Lfunc_begin7                   @   base address
	.long	.Ltmp691-.Lfunc_begin7
	.long	.Ltmp694-.Lfunc_begin7
	.short	10                              @ Loc expr size
	.byte	144                             @ sub-register DW_OP_regx
	.byte	138                             @ 266
	.byte	2                               @ 
	.byte	147                             @ DW_OP_piece
	.byte	8                               @ 8
	.byte	144                             @ sub-register DW_OP_regx
	.byte	139                             @ 267
	.byte	2                               @ 
	.byte	147                             @ DW_OP_piece
	.byte	8                               @ 8
	.long	0
	.long	0
.Ldebug_loc283:
	.long	-1
	.long	.Lfunc_begin7                   @   base address
	.long	.Ltmp692-.Lfunc_begin7
	.long	.Ltmp708-.Lfunc_begin7
	.short	10                              @ Loc expr size
	.byte	144                             @ sub-register DW_OP_regx
	.byte	140                             @ 268
	.byte	2                               @ 
	.byte	147                             @ DW_OP_piece
	.byte	8                               @ 8
	.byte	144                             @ sub-register DW_OP_regx
	.byte	141                             @ 269
	.byte	2                               @ 
	.byte	147                             @ DW_OP_piece
	.byte	8                               @ 8
	.long	0
	.long	0
.Ldebug_loc284:
	.long	-1
	.long	.Lfunc_begin7                   @   base address
	.long	.Ltmp693-.Lfunc_begin7
	.long	.Ltmp696-.Lfunc_begin7
	.short	10                              @ Loc expr size
	.byte	144                             @ sub-register DW_OP_regx
	.byte	134                             @ 262
	.byte	2                               @ 
	.byte	147                             @ DW_OP_piece
	.byte	8                               @ 8
	.byte	144                             @ sub-register DW_OP_regx
	.byte	135                             @ 263
	.byte	2                               @ 
	.byte	147                             @ DW_OP_piece
	.byte	8                               @ 8
	.long	0
	.long	0
.Ldebug_loc285:
	.long	-1
	.long	.Lfunc_begin7                   @   base address
	.long	.Ltmp696-.Lfunc_begin7
	.long	.Ltmp699-.Lfunc_begin7
	.short	10                              @ Loc expr size
	.byte	144                             @ sub-register DW_OP_regx
	.byte	134                             @ 262
	.byte	2                               @ 
	.byte	147                             @ DW_OP_piece
	.byte	8                               @ 8
	.byte	144                             @ sub-register DW_OP_regx
	.byte	135                             @ 263
	.byte	2                               @ 
	.byte	147                             @ DW_OP_piece
	.byte	8                               @ 8
	.long	0
	.long	0
.Ldebug_loc286:
	.long	-1
	.long	.Lfunc_begin7                   @   base address
	.long	.Ltmp697-.Lfunc_begin7
	.long	.Ltmp700-.Lfunc_begin7
	.short	10                              @ Loc expr size
	.byte	144                             @ sub-register DW_OP_regx
	.byte	128                             @ 256
	.byte	2                               @ 
	.byte	147                             @ DW_OP_piece
	.byte	8                               @ 8
	.byte	144                             @ sub-register DW_OP_regx
	.byte	129                             @ 257
	.byte	2                               @ 
	.byte	147                             @ DW_OP_piece
	.byte	8                               @ 8
	.long	0
	.long	0
.Ldebug_loc287:
	.long	-1
	.long	.Lfunc_begin7                   @   base address
	.long	.Ltmp698-.Lfunc_begin7
	.long	.Ltmp701-.Lfunc_begin7
	.short	10                              @ Loc expr size
	.byte	144                             @ sub-register DW_OP_regx
	.byte	132                             @ 260
	.byte	2                               @ 
	.byte	147                             @ DW_OP_piece
	.byte	8                               @ 8
	.byte	144                             @ sub-register DW_OP_regx
	.byte	133                             @ 261
	.byte	2                               @ 
	.byte	147                             @ DW_OP_piece
	.byte	8                               @ 8
	.long	.Ltmp701-.Lfunc_begin7
	.long	.Ltmp703-.Lfunc_begin7
	.short	10                              @ Loc expr size
	.byte	144                             @ sub-register DW_OP_regx
	.byte	128                             @ 256
	.byte	2                               @ 
	.byte	147                             @ DW_OP_piece
	.byte	8                               @ 8
	.byte	144                             @ sub-register DW_OP_regx
	.byte	129                             @ 257
	.byte	2                               @ 
	.byte	147                             @ DW_OP_piece
	.byte	8                               @ 8
	.long	0
	.long	0
.Ldebug_loc288:
	.long	-1
	.long	.Lfunc_begin7                   @   base address
	.long	.Ltmp703-.Lfunc_begin7
	.long	.Ltmp704-.Lfunc_begin7
	.short	10                              @ Loc expr size
	.byte	144                             @ sub-register DW_OP_regx
	.byte	128                             @ 256
	.byte	2                               @ 
	.byte	147                             @ DW_OP_piece
	.byte	8                               @ 8
	.byte	144                             @ sub-register DW_OP_regx
	.byte	129                             @ 257
	.byte	2                               @ 
	.byte	147                             @ DW_OP_piece
	.byte	8                               @ 8
	.long	.Ltmp704-.Lfunc_begin7
	.long	.Ltmp715-.Lfunc_begin7
	.short	3                               @ Loc expr size
	.byte	125                             @ DW_OP_breg13
	.byte	184                             @ 312
	.byte	2                               @ 
	.long	.Ltmp715-.Lfunc_begin7
	.long	.Ltmp725-.Lfunc_begin7
	.short	10                              @ Loc expr size
	.byte	144                             @ sub-register DW_OP_regx
	.byte	136                             @ 264
	.byte	2                               @ 
	.byte	147                             @ DW_OP_piece
	.byte	8                               @ 8
	.byte	144                             @ sub-register DW_OP_regx
	.byte	137                             @ 265
	.byte	2                               @ 
	.byte	147                             @ DW_OP_piece
	.byte	8                               @ 8
	.long	0
	.long	0
.Ldebug_loc289:
	.long	-1
	.long	.Lfunc_begin7                   @   base address
	.long	.Ltmp704-.Lfunc_begin7
	.long	.Ltmp706-.Lfunc_begin7
	.short	10                              @ Loc expr size
	.byte	144                             @ sub-register DW_OP_regx
	.byte	132                             @ 260
	.byte	2                               @ 
	.byte	147                             @ DW_OP_piece
	.byte	8                               @ 8
	.byte	144                             @ sub-register DW_OP_regx
	.byte	133                             @ 261
	.byte	2                               @ 
	.byte	147                             @ DW_OP_piece
	.byte	8                               @ 8
	.long	.Ltmp706-.Lfunc_begin7
	.long	.Ltmp721-.Lfunc_begin7
	.short	10                              @ Loc expr size
	.byte	144                             @ sub-register DW_OP_regx
	.byte	134                             @ 262
	.byte	2                               @ 
	.byte	147                             @ DW_OP_piece
	.byte	8                               @ 8
	.byte	144                             @ sub-register DW_OP_regx
	.byte	135                             @ 263
	.byte	2                               @ 
	.byte	147                             @ DW_OP_piece
	.byte	8                               @ 8
	.long	0
	.long	0
.Ldebug_loc290:
	.long	-1
	.long	.Lfunc_begin7                   @   base address
	.long	.Ltmp704-.Lfunc_begin7
	.long	.Ltmp723-.Lfunc_begin7
	.short	10                              @ Loc expr size
	.byte	144                             @ sub-register DW_OP_regx
	.byte	132                             @ 260
	.byte	2                               @ 
	.byte	147                             @ DW_OP_piece
	.byte	8                               @ 8
	.byte	144                             @ sub-register DW_OP_regx
	.byte	133                             @ 261
	.byte	2                               @ 
	.byte	147                             @ DW_OP_piece
	.byte	8                               @ 8
	.long	0
	.long	0
.Ldebug_loc291:
	.long	-1
	.long	.Lfunc_begin7                   @   base address
	.long	.Ltmp705-.Lfunc_begin7
	.long	.Ltmp707-.Lfunc_begin7
	.short	10                              @ Loc expr size
	.byte	144                             @ sub-register DW_OP_regx
	.byte	136                             @ 264
	.byte	2                               @ 
	.byte	147                             @ DW_OP_piece
	.byte	8                               @ 8
	.byte	144                             @ sub-register DW_OP_regx
	.byte	137                             @ 265
	.byte	2                               @ 
	.byte	147                             @ DW_OP_piece
	.byte	8                               @ 8
	.long	0
	.long	0
.Ldebug_loc292:
	.long	-1
	.long	.Lfunc_begin7                   @   base address
	.long	.Ltmp707-.Lfunc_begin7
	.long	.Ltmp715-.Lfunc_begin7
	.short	10                              @ Loc expr size
	.byte	144                             @ sub-register DW_OP_regx
	.byte	136                             @ 264
	.byte	2                               @ 
	.byte	147                             @ DW_OP_piece
	.byte	8                               @ 8
	.byte	144                             @ sub-register DW_OP_regx
	.byte	137                             @ 265
	.byte	2                               @ 
	.byte	147                             @ DW_OP_piece
	.byte	8                               @ 8
	.long	0
	.long	0
.Ldebug_loc293:
	.long	-1
	.long	.Lfunc_begin7                   @   base address
	.long	.Ltmp708-.Lfunc_begin7
	.long	.Ltmp709-.Lfunc_begin7
	.short	10                              @ Loc expr size
	.byte	144                             @ sub-register DW_OP_regx
	.byte	140                             @ 268
	.byte	2                               @ 
	.byte	147                             @ DW_OP_piece
	.byte	8                               @ 8
	.byte	144                             @ sub-register DW_OP_regx
	.byte	141                             @ 269
	.byte	2                               @ 
	.byte	147                             @ DW_OP_piece
	.byte	8                               @ 8
	.long	.Ltmp709-.Lfunc_begin7
	.long	.Ltmp710-.Lfunc_begin7
	.short	10                              @ Loc expr size
	.byte	144                             @ sub-register DW_OP_regx
	.byte	142                             @ 270
	.byte	2                               @ 
	.byte	147                             @ DW_OP_piece
	.byte	8                               @ 8
	.byte	144                             @ sub-register DW_OP_regx
	.byte	143                             @ 271
	.byte	2                               @ 
	.byte	147                             @ DW_OP_piece
	.byte	8                               @ 8
	.long	.Ltmp710-.Lfunc_begin7
	.long	.Ltmp711-.Lfunc_begin7
	.short	10                              @ Loc expr size
	.byte	144                             @ sub-register DW_OP_regx
	.byte	140                             @ 268
	.byte	2                               @ 
	.byte	147                             @ DW_OP_piece
	.byte	8                               @ 8
	.byte	144                             @ sub-register DW_OP_regx
	.byte	141                             @ 269
	.byte	2                               @ 
	.byte	147                             @ DW_OP_piece
	.byte	8                               @ 8
	.long	.Ltmp711-.Lfunc_begin7
	.long	.Ltmp712-.Lfunc_begin7
	.short	10                              @ Loc expr size
	.byte	144                             @ sub-register DW_OP_regx
	.byte	142                             @ 270
	.byte	2                               @ 
	.byte	147                             @ DW_OP_piece
	.byte	8                               @ 8
	.byte	144                             @ sub-register DW_OP_regx
	.byte	143                             @ 271
	.byte	2                               @ 
	.byte	147                             @ DW_OP_piece
	.byte	8                               @ 8
	.long	.Ltmp712-.Lfunc_begin7
	.long	.Ltmp713-.Lfunc_begin7
	.short	10                              @ Loc expr size
	.byte	144                             @ sub-register DW_OP_regx
	.byte	140                             @ 268
	.byte	2                               @ 
	.byte	147                             @ DW_OP_piece
	.byte	8                               @ 8
	.byte	144                             @ sub-register DW_OP_regx
	.byte	141                             @ 269
	.byte	2                               @ 
	.byte	147                             @ DW_OP_piece
	.byte	8                               @ 8
	.long	.Ltmp713-.Lfunc_begin7
	.long	.Ltmp714-.Lfunc_begin7
	.short	10                              @ Loc expr size
	.byte	144                             @ sub-register DW_OP_regx
	.byte	128                             @ 256
	.byte	2                               @ 
	.byte	147                             @ DW_OP_piece
	.byte	8                               @ 8
	.byte	144                             @ sub-register DW_OP_regx
	.byte	129                             @ 257
	.byte	2                               @ 
	.byte	147                             @ DW_OP_piece
	.byte	8                               @ 8
	.long	.Ltmp714-.Lfunc_begin7
	.long	.Ltmp725-.Lfunc_begin7
	.short	10                              @ Loc expr size
	.byte	144                             @ sub-register DW_OP_regx
	.byte	138                             @ 266
	.byte	2                               @ 
	.byte	147                             @ DW_OP_piece
	.byte	8                               @ 8
	.byte	144                             @ sub-register DW_OP_regx
	.byte	139                             @ 267
	.byte	2                               @ 
	.byte	147                             @ DW_OP_piece
	.byte	8                               @ 8
	.long	0
	.long	0
.Ldebug_loc294:
	.long	-1
	.long	.Lfunc_begin7                   @   base address
	.long	.Ltmp720-.Lfunc_begin7
	.long	.Ltmp722-.Lfunc_begin7
	.short	10                              @ Loc expr size
	.byte	144                             @ sub-register DW_OP_regx
	.byte	128                             @ 256
	.byte	2                               @ 
	.byte	147                             @ DW_OP_piece
	.byte	8                               @ 8
	.byte	144                             @ sub-register DW_OP_regx
	.byte	129                             @ 257
	.byte	2                               @ 
	.byte	147                             @ DW_OP_piece
	.byte	8                               @ 8
	.long	0
	.long	0
.Ldebug_loc295:
	.long	-1
	.long	.Lfunc_begin7                   @   base address
	.long	.Ltmp730-.Lfunc_begin7
	.long	.Lfunc_end7-.Lfunc_begin7
	.short	10                              @ Loc expr size
	.byte	144                             @ sub-register DW_OP_regx
	.byte	130                             @ 258
	.byte	2                               @ 
	.byte	147                             @ DW_OP_piece
	.byte	8                               @ 8
	.byte	144                             @ sub-register DW_OP_regx
	.byte	131                             @ 259
	.byte	2                               @ 
	.byte	147                             @ DW_OP_piece
	.byte	8                               @ 8
	.long	0
	.long	0
	.section	.debug_abbrev,"",%progbits
	.byte	1                               @ Abbreviation Code
	.byte	17                              @ DW_TAG_compile_unit
	.byte	1                               @ DW_CHILDREN_yes
	.byte	37                              @ DW_AT_producer
	.byte	14                              @ DW_FORM_strp
	.byte	19                              @ DW_AT_language
	.byte	5                               @ DW_FORM_data2
	.byte	3                               @ DW_AT_name
	.byte	14                              @ DW_FORM_strp
	.byte	16                              @ DW_AT_stmt_list
	.byte	23                              @ DW_FORM_sec_offset
	.byte	27                              @ DW_AT_comp_dir
	.byte	14                              @ DW_FORM_strp
	.byte	17                              @ DW_AT_low_pc
	.byte	1                               @ DW_FORM_addr
	.byte	85                              @ DW_AT_ranges
	.byte	23                              @ DW_FORM_sec_offset
	.byte	0                               @ EOM(1)
	.byte	0                               @ EOM(2)
	.byte	2                               @ Abbreviation Code
	.byte	22                              @ DW_TAG_typedef
	.byte	0                               @ DW_CHILDREN_no
	.byte	73                              @ DW_AT_type
	.byte	19                              @ DW_FORM_ref4
	.byte	3                               @ DW_AT_name
	.byte	14                              @ DW_FORM_strp
	.byte	58                              @ DW_AT_decl_file
	.byte	11                              @ DW_FORM_data1
	.byte	59                              @ DW_AT_decl_line
	.byte	5                               @ DW_FORM_data2
	.byte	0                               @ EOM(1)
	.byte	0                               @ EOM(2)
	.byte	3                               @ Abbreviation Code
	.byte	1                               @ DW_TAG_array_type
	.byte	1                               @ DW_CHILDREN_yes
	.ascii	"\207B"                         @ DW_AT_GNU_vector
	.byte	25                              @ DW_FORM_flag_present
	.byte	11                              @ DW_AT_byte_size
	.byte	11                              @ DW_FORM_data1
	.byte	73                              @ DW_AT_type
	.byte	19                              @ DW_FORM_ref4
	.byte	0                               @ EOM(1)
	.byte	0                               @ EOM(2)
	.byte	4                               @ Abbreviation Code
	.byte	33                              @ DW_TAG_subrange_type
	.byte	0                               @ DW_CHILDREN_no
	.byte	73                              @ DW_AT_type
	.byte	19                              @ DW_FORM_ref4
	.byte	55                              @ DW_AT_count
	.byte	11                              @ DW_FORM_data1
	.byte	0                               @ EOM(1)
	.byte	0                               @ EOM(2)
	.byte	5                               @ Abbreviation Code
	.byte	36                              @ DW_TAG_base_type
	.byte	0                               @ DW_CHILDREN_no
	.byte	3                               @ DW_AT_name
	.byte	14                              @ DW_FORM_strp
	.byte	62                              @ DW_AT_encoding
	.byte	11                              @ DW_FORM_data1
	.byte	11                              @ DW_AT_byte_size
	.byte	11                              @ DW_FORM_data1
	.byte	0                               @ EOM(1)
	.byte	0                               @ EOM(2)
	.byte	6                               @ Abbreviation Code
	.byte	36                              @ DW_TAG_base_type
	.byte	0                               @ DW_CHILDREN_no
	.byte	3                               @ DW_AT_name
	.byte	14                              @ DW_FORM_strp
	.byte	11                              @ DW_AT_byte_size
	.byte	11                              @ DW_FORM_data1
	.byte	62                              @ DW_AT_encoding
	.byte	11                              @ DW_FORM_data1
	.byte	0                               @ EOM(1)
	.byte	0                               @ EOM(2)
	.byte	7                               @ Abbreviation Code
	.byte	22                              @ DW_TAG_typedef
	.byte	0                               @ DW_CHILDREN_no
	.byte	73                              @ DW_AT_type
	.byte	19                              @ DW_FORM_ref4
	.byte	3                               @ DW_AT_name
	.byte	14                              @ DW_FORM_strp
	.byte	58                              @ DW_AT_decl_file
	.byte	11                              @ DW_FORM_data1
	.byte	59                              @ DW_AT_decl_line
	.byte	11                              @ DW_FORM_data1
	.byte	0                               @ EOM(1)
	.byte	0                               @ EOM(2)
	.byte	8                               @ Abbreviation Code
	.byte	46                              @ DW_TAG_subprogram
	.byte	1                               @ DW_CHILDREN_yes
	.byte	17                              @ DW_AT_low_pc
	.byte	1                               @ DW_FORM_addr
	.byte	18                              @ DW_AT_high_pc
	.byte	6                               @ DW_FORM_data4
	.byte	64                              @ DW_AT_frame_base
	.byte	24                              @ DW_FORM_exprloc
	.ascii	"\227B"                         @ DW_AT_GNU_all_call_sites
	.byte	25                              @ DW_FORM_flag_present
	.byte	3                               @ DW_AT_name
	.byte	14                              @ DW_FORM_strp
	.byte	58                              @ DW_AT_decl_file
	.byte	11                              @ DW_FORM_data1
	.byte	59                              @ DW_AT_decl_line
	.byte	11                              @ DW_FORM_data1
	.byte	39                              @ DW_AT_prototyped
	.byte	25                              @ DW_FORM_flag_present
	.byte	63                              @ DW_AT_external
	.byte	25                              @ DW_FORM_flag_present
	.byte	0                               @ EOM(1)
	.byte	0                               @ EOM(2)
	.byte	9                               @ Abbreviation Code
	.byte	5                               @ DW_TAG_formal_parameter
	.byte	0                               @ DW_CHILDREN_no
	.byte	2                               @ DW_AT_location
	.byte	24                              @ DW_FORM_exprloc
	.byte	3                               @ DW_AT_name
	.byte	14                              @ DW_FORM_strp
	.byte	58                              @ DW_AT_decl_file
	.byte	11                              @ DW_FORM_data1
	.byte	59                              @ DW_AT_decl_line
	.byte	11                              @ DW_FORM_data1
	.byte	73                              @ DW_AT_type
	.byte	19                              @ DW_FORM_ref4
	.byte	0                               @ EOM(1)
	.byte	0                               @ EOM(2)
	.byte	10                              @ Abbreviation Code
	.byte	46                              @ DW_TAG_subprogram
	.byte	1                               @ DW_CHILDREN_yes
	.byte	3                               @ DW_AT_name
	.byte	14                              @ DW_FORM_strp
	.byte	58                              @ DW_AT_decl_file
	.byte	11                              @ DW_FORM_data1
	.byte	59                              @ DW_AT_decl_line
	.byte	11                              @ DW_FORM_data1
	.byte	39                              @ DW_AT_prototyped
	.byte	25                              @ DW_FORM_flag_present
	.byte	73                              @ DW_AT_type
	.byte	19                              @ DW_FORM_ref4
	.byte	32                              @ DW_AT_inline
	.byte	11                              @ DW_FORM_data1
	.byte	0                               @ EOM(1)
	.byte	0                               @ EOM(2)
	.byte	11                              @ Abbreviation Code
	.byte	5                               @ DW_TAG_formal_parameter
	.byte	0                               @ DW_CHILDREN_no
	.byte	3                               @ DW_AT_name
	.byte	14                              @ DW_FORM_strp
	.byte	58                              @ DW_AT_decl_file
	.byte	11                              @ DW_FORM_data1
	.byte	59                              @ DW_AT_decl_line
	.byte	11                              @ DW_FORM_data1
	.byte	73                              @ DW_AT_type
	.byte	19                              @ DW_FORM_ref4
	.byte	0                               @ EOM(1)
	.byte	0                               @ EOM(2)
	.byte	12                              @ Abbreviation Code
	.byte	52                              @ DW_TAG_variable
	.byte	0                               @ DW_CHILDREN_no
	.byte	3                               @ DW_AT_name
	.byte	14                              @ DW_FORM_strp
	.byte	58                              @ DW_AT_decl_file
	.byte	11                              @ DW_FORM_data1
	.byte	59                              @ DW_AT_decl_line
	.byte	11                              @ DW_FORM_data1
	.byte	73                              @ DW_AT_type
	.byte	19                              @ DW_FORM_ref4
	.byte	0                               @ EOM(1)
	.byte	0                               @ EOM(2)
	.byte	13                              @ Abbreviation Code
	.byte	5                               @ DW_TAG_formal_parameter
	.byte	0                               @ DW_CHILDREN_no
	.byte	2                               @ DW_AT_location
	.byte	23                              @ DW_FORM_sec_offset
	.byte	3                               @ DW_AT_name
	.byte	14                              @ DW_FORM_strp
	.byte	58                              @ DW_AT_decl_file
	.byte	11                              @ DW_FORM_data1
	.byte	59                              @ DW_AT_decl_line
	.byte	11                              @ DW_FORM_data1
	.byte	73                              @ DW_AT_type
	.byte	19                              @ DW_FORM_ref4
	.byte	0                               @ EOM(1)
	.byte	0                               @ EOM(2)
	.byte	14                              @ Abbreviation Code
	.byte	52                              @ DW_TAG_variable
	.byte	0                               @ DW_CHILDREN_no
	.byte	2                               @ DW_AT_location
	.byte	23                              @ DW_FORM_sec_offset
	.byte	3                               @ DW_AT_name
	.byte	14                              @ DW_FORM_strp
	.byte	58                              @ DW_AT_decl_file
	.byte	11                              @ DW_FORM_data1
	.byte	59                              @ DW_AT_decl_line
	.byte	11                              @ DW_FORM_data1
	.byte	73                              @ DW_AT_type
	.byte	19                              @ DW_FORM_ref4
	.byte	0                               @ EOM(1)
	.byte	0                               @ EOM(2)
	.byte	15                              @ Abbreviation Code
	.byte	11                              @ DW_TAG_lexical_block
	.byte	1                               @ DW_CHILDREN_yes
	.byte	85                              @ DW_AT_ranges
	.byte	23                              @ DW_FORM_sec_offset
	.byte	0                               @ EOM(1)
	.byte	0                               @ EOM(2)
	.byte	16                              @ Abbreviation Code
	.byte	52                              @ DW_TAG_variable
	.byte	0                               @ DW_CHILDREN_no
	.byte	2                               @ DW_AT_location
	.byte	24                              @ DW_FORM_exprloc
	.byte	3                               @ DW_AT_name
	.byte	14                              @ DW_FORM_strp
	.byte	58                              @ DW_AT_decl_file
	.byte	11                              @ DW_FORM_data1
	.byte	59                              @ DW_AT_decl_line
	.byte	11                              @ DW_FORM_data1
	.byte	73                              @ DW_AT_type
	.byte	19                              @ DW_FORM_ref4
	.byte	0                               @ EOM(1)
	.byte	0                               @ EOM(2)
	.byte	17                              @ Abbreviation Code
	.byte	29                              @ DW_TAG_inlined_subroutine
	.byte	1                               @ DW_CHILDREN_yes
	.byte	49                              @ DW_AT_abstract_origin
	.byte	19                              @ DW_FORM_ref4
	.byte	17                              @ DW_AT_low_pc
	.byte	1                               @ DW_FORM_addr
	.byte	18                              @ DW_AT_high_pc
	.byte	6                               @ DW_FORM_data4
	.byte	88                              @ DW_AT_call_file
	.byte	11                              @ DW_FORM_data1
	.byte	89                              @ DW_AT_call_line
	.byte	11                              @ DW_FORM_data1
	.byte	87                              @ DW_AT_call_column
	.byte	11                              @ DW_FORM_data1
	.byte	0                               @ EOM(1)
	.byte	0                               @ EOM(2)
	.byte	18                              @ Abbreviation Code
	.byte	5                               @ DW_TAG_formal_parameter
	.byte	0                               @ DW_CHILDREN_no
	.byte	2                               @ DW_AT_location
	.byte	24                              @ DW_FORM_exprloc
	.byte	49                              @ DW_AT_abstract_origin
	.byte	19                              @ DW_FORM_ref4
	.byte	0                               @ EOM(1)
	.byte	0                               @ EOM(2)
	.byte	19                              @ Abbreviation Code
	.byte	11                              @ DW_TAG_lexical_block
	.byte	1                               @ DW_CHILDREN_yes
	.byte	17                              @ DW_AT_low_pc
	.byte	1                               @ DW_FORM_addr
	.byte	18                              @ DW_AT_high_pc
	.byte	6                               @ DW_FORM_data4
	.byte	0                               @ EOM(1)
	.byte	0                               @ EOM(2)
	.byte	20                              @ Abbreviation Code
	.byte	52                              @ DW_TAG_variable
	.byte	0                               @ DW_CHILDREN_no
	.byte	2                               @ DW_AT_location
	.byte	23                              @ DW_FORM_sec_offset
	.byte	3                               @ DW_AT_name
	.byte	14                              @ DW_FORM_strp
	.byte	58                              @ DW_AT_decl_file
	.byte	11                              @ DW_FORM_data1
	.byte	59                              @ DW_AT_decl_line
	.byte	5                               @ DW_FORM_data2
	.byte	73                              @ DW_AT_type
	.byte	19                              @ DW_FORM_ref4
	.byte	0                               @ EOM(1)
	.byte	0                               @ EOM(2)
	.byte	21                              @ Abbreviation Code
	.byte	52                              @ DW_TAG_variable
	.byte	0                               @ DW_CHILDREN_no
	.byte	3                               @ DW_AT_name
	.byte	14                              @ DW_FORM_strp
	.byte	58                              @ DW_AT_decl_file
	.byte	11                              @ DW_FORM_data1
	.byte	59                              @ DW_AT_decl_line
	.byte	5                               @ DW_FORM_data2
	.byte	73                              @ DW_AT_type
	.byte	19                              @ DW_FORM_ref4
	.byte	0                               @ EOM(1)
	.byte	0                               @ EOM(2)
	.byte	22                              @ Abbreviation Code
	.byte	29                              @ DW_TAG_inlined_subroutine
	.byte	1                               @ DW_CHILDREN_yes
	.byte	49                              @ DW_AT_abstract_origin
	.byte	19                              @ DW_FORM_ref4
	.byte	85                              @ DW_AT_ranges
	.byte	23                              @ DW_FORM_sec_offset
	.byte	88                              @ DW_AT_call_file
	.byte	11                              @ DW_FORM_data1
	.byte	89                              @ DW_AT_call_line
	.byte	5                               @ DW_FORM_data2
	.byte	87                              @ DW_AT_call_column
	.byte	11                              @ DW_FORM_data1
	.byte	0                               @ EOM(1)
	.byte	0                               @ EOM(2)
	.byte	23                              @ Abbreviation Code
	.byte	5                               @ DW_TAG_formal_parameter
	.byte	0                               @ DW_CHILDREN_no
	.byte	2                               @ DW_AT_location
	.byte	23                              @ DW_FORM_sec_offset
	.byte	49                              @ DW_AT_abstract_origin
	.byte	19                              @ DW_FORM_ref4
	.byte	0                               @ EOM(1)
	.byte	0                               @ EOM(2)
	.byte	24                              @ Abbreviation Code
	.byte	29                              @ DW_TAG_inlined_subroutine
	.byte	1                               @ DW_CHILDREN_yes
	.byte	49                              @ DW_AT_abstract_origin
	.byte	19                              @ DW_FORM_ref4
	.byte	85                              @ DW_AT_ranges
	.byte	23                              @ DW_FORM_sec_offset
	.byte	88                              @ DW_AT_call_file
	.byte	11                              @ DW_FORM_data1
	.byte	89                              @ DW_AT_call_line
	.byte	11                              @ DW_FORM_data1
	.byte	87                              @ DW_AT_call_column
	.byte	11                              @ DW_FORM_data1
	.byte	0                               @ EOM(1)
	.byte	0                               @ EOM(2)
	.byte	25                              @ Abbreviation Code
	.byte	52                              @ DW_TAG_variable
	.byte	0                               @ DW_CHILDREN_no
	.byte	2                               @ DW_AT_location
	.byte	23                              @ DW_FORM_sec_offset
	.byte	49                              @ DW_AT_abstract_origin
	.byte	19                              @ DW_FORM_ref4
	.byte	0                               @ EOM(1)
	.byte	0                               @ EOM(2)
	.byte	26                              @ Abbreviation Code
	.byte	15                              @ DW_TAG_pointer_type
	.byte	0                               @ DW_CHILDREN_no
	.byte	73                              @ DW_AT_type
	.byte	19                              @ DW_FORM_ref4
	.byte	0                               @ EOM(1)
	.byte	0                               @ EOM(2)
	.byte	27                              @ Abbreviation Code
	.byte	38                              @ DW_TAG_const_type
	.byte	0                               @ DW_CHILDREN_no
	.byte	73                              @ DW_AT_type
	.byte	19                              @ DW_FORM_ref4
	.byte	0                               @ EOM(1)
	.byte	0                               @ EOM(2)
	.byte	28                              @ Abbreviation Code
	.byte	29                              @ DW_TAG_inlined_subroutine
	.byte	0                               @ DW_CHILDREN_no
	.byte	49                              @ DW_AT_abstract_origin
	.byte	19                              @ DW_FORM_ref4
	.byte	85                              @ DW_AT_ranges
	.byte	23                              @ DW_FORM_sec_offset
	.byte	88                              @ DW_AT_call_file
	.byte	11                              @ DW_FORM_data1
	.byte	89                              @ DW_AT_call_line
	.byte	11                              @ DW_FORM_data1
	.byte	87                              @ DW_AT_call_column
	.byte	11                              @ DW_FORM_data1
	.byte	0                               @ EOM(1)
	.byte	0                               @ EOM(2)
	.byte	29                              @ Abbreviation Code
	.byte	29                              @ DW_TAG_inlined_subroutine
	.byte	0                               @ DW_CHILDREN_no
	.byte	49                              @ DW_AT_abstract_origin
	.byte	19                              @ DW_FORM_ref4
	.byte	85                              @ DW_AT_ranges
	.byte	23                              @ DW_FORM_sec_offset
	.byte	88                              @ DW_AT_call_file
	.byte	11                              @ DW_FORM_data1
	.byte	89                              @ DW_AT_call_line
	.byte	5                               @ DW_FORM_data2
	.byte	87                              @ DW_AT_call_column
	.byte	11                              @ DW_FORM_data1
	.byte	0                               @ EOM(1)
	.byte	0                               @ EOM(2)
	.byte	30                              @ Abbreviation Code
	.byte	23                              @ DW_TAG_union_type
	.byte	1                               @ DW_CHILDREN_yes
	.byte	3                               @ DW_AT_name
	.byte	14                              @ DW_FORM_strp
	.byte	11                              @ DW_AT_byte_size
	.byte	11                              @ DW_FORM_data1
	.byte	58                              @ DW_AT_decl_file
	.byte	11                              @ DW_FORM_data1
	.byte	59                              @ DW_AT_decl_line
	.byte	5                               @ DW_FORM_data2
	.byte	0                               @ EOM(1)
	.byte	0                               @ EOM(2)
	.byte	31                              @ Abbreviation Code
	.byte	13                              @ DW_TAG_member
	.byte	0                               @ DW_CHILDREN_no
	.byte	3                               @ DW_AT_name
	.byte	14                              @ DW_FORM_strp
	.byte	73                              @ DW_AT_type
	.byte	19                              @ DW_FORM_ref4
	.byte	58                              @ DW_AT_decl_file
	.byte	11                              @ DW_FORM_data1
	.byte	59                              @ DW_AT_decl_line
	.byte	5                               @ DW_FORM_data2
	.byte	56                              @ DW_AT_data_member_location
	.byte	11                              @ DW_FORM_data1
	.byte	0                               @ EOM(1)
	.byte	0                               @ EOM(2)
	.byte	32                              @ Abbreviation Code
	.byte	46                              @ DW_TAG_subprogram
	.byte	1                               @ DW_CHILDREN_yes
	.byte	3                               @ DW_AT_name
	.byte	14                              @ DW_FORM_strp
	.byte	58                              @ DW_AT_decl_file
	.byte	11                              @ DW_FORM_data1
	.byte	59                              @ DW_AT_decl_line
	.byte	5                               @ DW_FORM_data2
	.byte	39                              @ DW_AT_prototyped
	.byte	25                              @ DW_FORM_flag_present
	.byte	73                              @ DW_AT_type
	.byte	19                              @ DW_FORM_ref4
	.byte	32                              @ DW_AT_inline
	.byte	11                              @ DW_FORM_data1
	.byte	0                               @ EOM(1)
	.byte	0                               @ EOM(2)
	.byte	33                              @ Abbreviation Code
	.byte	5                               @ DW_TAG_formal_parameter
	.byte	0                               @ DW_CHILDREN_no
	.byte	3                               @ DW_AT_name
	.byte	14                              @ DW_FORM_strp
	.byte	58                              @ DW_AT_decl_file
	.byte	11                              @ DW_FORM_data1
	.byte	59                              @ DW_AT_decl_line
	.byte	5                               @ DW_FORM_data2
	.byte	73                              @ DW_AT_type
	.byte	19                              @ DW_FORM_ref4
	.byte	0                               @ EOM(1)
	.byte	0                               @ EOM(2)
	.byte	34                              @ Abbreviation Code
	.byte	19                              @ DW_TAG_structure_type
	.byte	1                               @ DW_CHILDREN_yes
	.byte	11                              @ DW_AT_byte_size
	.byte	11                              @ DW_FORM_data1
	.byte	58                              @ DW_AT_decl_file
	.byte	11                              @ DW_FORM_data1
	.byte	59                              @ DW_AT_decl_line
	.byte	11                              @ DW_FORM_data1
	.byte	0                               @ EOM(1)
	.byte	0                               @ EOM(2)
	.byte	35                              @ Abbreviation Code
	.byte	13                              @ DW_TAG_member
	.byte	0                               @ DW_CHILDREN_no
	.byte	3                               @ DW_AT_name
	.byte	14                              @ DW_FORM_strp
	.byte	73                              @ DW_AT_type
	.byte	19                              @ DW_FORM_ref4
	.byte	58                              @ DW_AT_decl_file
	.byte	11                              @ DW_FORM_data1
	.byte	59                              @ DW_AT_decl_line
	.byte	11                              @ DW_FORM_data1
	.byte	56                              @ DW_AT_data_member_location
	.byte	11                              @ DW_FORM_data1
	.byte	0                               @ EOM(1)
	.byte	0                               @ EOM(2)
	.byte	0                               @ EOM(3)
	.section	.debug_info,"",%progbits
.Lcu_begin0:
	.long	.Ldebug_info_end0-.Ldebug_info_start0 @ Length of Unit
.Ldebug_info_start0:
	.short	4                               @ DWARF version number
	.long	.debug_abbrev                   @ Offset Into Abbrev. Section
	.byte	4                               @ Address Size (in bytes)
	.byte	1                               @ Abbrev [1] 0xb:0x1b6b DW_TAG_compile_unit
	.long	.Linfo_string0                  @ DW_AT_producer
	.short	29                              @ DW_AT_language
	.long	.Linfo_string1                  @ DW_AT_name
	.long	.Lline_table_start0             @ DW_AT_stmt_list
	.long	.Linfo_string2                  @ DW_AT_comp_dir
	.long	0                               @ DW_AT_low_pc
	.long	.Ldebug_ranges50                @ DW_AT_ranges
	.byte	2                               @ Abbrev [2] 0x26:0xc DW_TAG_typedef
	.long	50                              @ DW_AT_type
	.long	.Linfo_string7                  @ DW_AT_name
	.byte	2                               @ DW_AT_decl_file
	.short	435                             @ DW_AT_decl_line
	.byte	2                               @ Abbrev [2] 0x32:0xc DW_TAG_typedef
	.long	62                              @ DW_AT_type
	.long	.Linfo_string6                  @ DW_AT_name
	.byte	1                               @ DW_AT_decl_file
	.short	7792                            @ DW_AT_decl_line
	.byte	3                               @ Abbrev [3] 0x3e:0xd DW_TAG_array_type
                                        @ DW_AT_GNU_vector
	.byte	16                              @ DW_AT_byte_size
	.long	75                              @ DW_AT_type
	.byte	4                               @ Abbrev [4] 0x44:0x6 DW_TAG_subrange_type
	.long	94                              @ DW_AT_type
	.byte	4                               @ DW_AT_count
	.byte	0                               @ End Of Children Mark
	.byte	2                               @ Abbrev [2] 0x4b:0xc DW_TAG_typedef
	.long	87                              @ DW_AT_type
	.long	.Linfo_string4                  @ DW_AT_name
	.byte	1                               @ DW_AT_decl_file
	.short	7788                            @ DW_AT_decl_line
	.byte	5                               @ Abbrev [5] 0x57:0x7 DW_TAG_base_type
	.long	.Linfo_string3                  @ DW_AT_name
	.byte	4                               @ DW_AT_encoding
	.byte	4                               @ DW_AT_byte_size
	.byte	6                               @ Abbrev [6] 0x5e:0x7 DW_TAG_base_type
	.long	.Linfo_string5                  @ DW_AT_name
	.byte	8                               @ DW_AT_byte_size
	.byte	7                               @ DW_AT_encoding
	.byte	2                               @ Abbrev [2] 0x65:0xc DW_TAG_typedef
	.long	113                             @ DW_AT_type
	.long	.Linfo_string11                 @ DW_AT_name
	.byte	2                               @ DW_AT_decl_file
	.short	355                             @ DW_AT_decl_line
	.byte	7                               @ Abbrev [7] 0x71:0xb DW_TAG_typedef
	.long	124                             @ DW_AT_type
	.long	.Linfo_string10                 @ DW_AT_name
	.byte	1                               @ DW_AT_decl_file
	.byte	28                              @ DW_AT_decl_line
	.byte	3                               @ Abbrev [3] 0x7c:0xd DW_TAG_array_type
                                        @ DW_AT_GNU_vector
	.byte	16                              @ DW_AT_byte_size
	.long	137                             @ DW_AT_type
	.byte	4                               @ Abbrev [4] 0x82:0x6 DW_TAG_subrange_type
	.long	94                              @ DW_AT_type
	.byte	4                               @ DW_AT_count
	.byte	0                               @ End Of Children Mark
	.byte	7                               @ Abbrev [7] 0x89:0xb DW_TAG_typedef
	.long	148                             @ DW_AT_type
	.long	.Linfo_string9                  @ DW_AT_name
	.byte	3                               @ DW_AT_decl_file
	.byte	58                              @ DW_AT_decl_line
	.byte	5                               @ Abbrev [5] 0x94:0x7 DW_TAG_base_type
	.long	.Linfo_string8                  @ DW_AT_name
	.byte	5                               @ DW_AT_encoding
	.byte	4                               @ DW_AT_byte_size
	.byte	2                               @ Abbrev [2] 0x9b:0xc DW_TAG_typedef
	.long	87                              @ DW_AT_type
	.long	.Linfo_string4                  @ DW_AT_name
	.byte	2                               @ DW_AT_decl_file
	.short	334                             @ DW_AT_decl_line
	.byte	8                               @ Abbrev [8] 0xa7:0x71 DW_TAG_subprogram
	.long	.Lfunc_begin0                   @ DW_AT_low_pc
	.long	.Lfunc_end0-.Lfunc_begin0       @ DW_AT_high_pc
	.byte	1                               @ DW_AT_frame_base
	.byte	93
                                        @ DW_AT_GNU_all_call_sites
	.long	.Linfo_string47                 @ DW_AT_name
	.byte	4                               @ DW_AT_decl_file
	.byte	72                              @ DW_AT_decl_line
                                        @ DW_AT_prototyped
                                        @ DW_AT_external
	.byte	9                               @ Abbrev [9] 0xb8:0xd DW_TAG_formal_parameter
	.byte	1                               @ DW_AT_location
	.byte	80
	.long	.Linfo_string55                 @ DW_AT_name
	.byte	4                               @ DW_AT_decl_file
	.byte	72                              @ DW_AT_decl_line
	.long	6483                            @ DW_AT_type
	.byte	9                               @ Abbrev [9] 0xc5:0xd DW_TAG_formal_parameter
	.byte	1                               @ DW_AT_location
	.byte	81
	.long	.Linfo_string56                 @ DW_AT_name
	.byte	4                               @ DW_AT_decl_file
	.byte	73                              @ DW_AT_decl_line
	.long	6576                            @ DW_AT_type
	.byte	9                               @ Abbrev [9] 0xd2:0xd DW_TAG_formal_parameter
	.byte	1                               @ DW_AT_location
	.byte	82
	.long	.Linfo_string59                 @ DW_AT_name
	.byte	4                               @ DW_AT_decl_file
	.byte	74                              @ DW_AT_decl_line
	.long	6576                            @ DW_AT_type
	.byte	9                               @ Abbrev [9] 0xdf:0xf DW_TAG_formal_parameter
	.byte	3                               @ DW_AT_location
	.byte	144
	.ascii	"\200\002"
	.long	.Linfo_string60                 @ DW_AT_name
	.byte	4                               @ DW_AT_decl_file
	.byte	75                              @ DW_AT_decl_line
	.long	155                             @ DW_AT_type
	.byte	9                               @ Abbrev [9] 0xee:0xd DW_TAG_formal_parameter
	.byte	1                               @ DW_AT_location
	.byte	83
	.long	.Linfo_string61                 @ DW_AT_name
	.byte	4                               @ DW_AT_decl_file
	.byte	76                              @ DW_AT_decl_line
	.long	2783                            @ DW_AT_type
	.byte	9                               @ Abbrev [9] 0xfb:0xe DW_TAG_formal_parameter
	.byte	2                               @ DW_AT_location
	.byte	145
	.byte	8
	.long	.Linfo_string62                 @ DW_AT_name
	.byte	4                               @ DW_AT_decl_file
	.byte	77                              @ DW_AT_decl_line
	.long	2783                            @ DW_AT_type
	.byte	9                               @ Abbrev [9] 0x109:0xe DW_TAG_formal_parameter
	.byte	2                               @ DW_AT_location
	.byte	145
	.byte	12
	.long	.Linfo_string63                 @ DW_AT_name
	.byte	4                               @ DW_AT_decl_file
	.byte	78                              @ DW_AT_decl_line
	.long	6594                            @ DW_AT_type
	.byte	0                               @ End Of Children Mark
	.byte	10                              @ Abbrev [10] 0x118:0x23 DW_TAG_subprogram
	.long	.Linfo_string12                 @ DW_AT_name
	.byte	6                               @ DW_AT_decl_file
	.byte	56                              @ DW_AT_decl_line
                                        @ DW_AT_prototyped
	.long	155                             @ DW_AT_type
	.byte	1                               @ DW_AT_inline
	.byte	11                              @ Abbrev [11] 0x124:0xb DW_TAG_formal_parameter
	.long	.Linfo_string13                 @ DW_AT_name
	.byte	6                               @ DW_AT_decl_file
	.byte	56                              @ DW_AT_decl_line
	.long	50                              @ DW_AT_type
	.byte	12                              @ Abbrev [12] 0x12f:0xb DW_TAG_variable
	.long	.Linfo_string14                 @ DW_AT_name
	.byte	6                               @ DW_AT_decl_file
	.byte	58                              @ DW_AT_decl_line
	.long	155                             @ DW_AT_type
	.byte	0                               @ End Of Children Mark
	.byte	8                               @ Abbrev [8] 0x13b:0x36f DW_TAG_subprogram
	.long	.Lfunc_begin1                   @ DW_AT_low_pc
	.long	.Lfunc_end1-.Lfunc_begin1       @ DW_AT_high_pc
	.byte	1                               @ DW_AT_frame_base
	.byte	93
                                        @ DW_AT_GNU_all_call_sites
	.long	.Linfo_string48                 @ DW_AT_name
	.byte	5                               @ DW_AT_decl_file
	.byte	52                              @ DW_AT_decl_line
                                        @ DW_AT_prototyped
                                        @ DW_AT_external
	.byte	13                              @ Abbrev [13] 0x14c:0xf DW_TAG_formal_parameter
	.long	.Ldebug_loc0                    @ DW_AT_location
	.long	.Linfo_string55                 @ DW_AT_name
	.byte	5                               @ DW_AT_decl_file
	.byte	53                              @ DW_AT_decl_line
	.long	6604                            @ DW_AT_type
	.byte	13                              @ Abbrev [13] 0x15b:0xf DW_TAG_formal_parameter
	.long	.Ldebug_loc1                    @ DW_AT_location
	.long	.Linfo_string13                 @ DW_AT_name
	.byte	5                               @ DW_AT_decl_file
	.byte	54                              @ DW_AT_decl_line
	.long	2783                            @ DW_AT_type
	.byte	13                              @ Abbrev [13] 0x16a:0xf DW_TAG_formal_parameter
	.long	.Ldebug_loc2                    @ DW_AT_location
	.long	.Linfo_string65                 @ DW_AT_name
	.byte	5                               @ DW_AT_decl_file
	.byte	55                              @ DW_AT_decl_line
	.long	6614                            @ DW_AT_type
	.byte	14                              @ Abbrev [14] 0x179:0xf DW_TAG_variable
	.long	.Ldebug_loc3                    @ DW_AT_location
	.long	.Linfo_string66                 @ DW_AT_name
	.byte	5                               @ DW_AT_decl_file
	.byte	66                              @ DW_AT_decl_line
	.long	2783                            @ DW_AT_type
	.byte	14                              @ Abbrev [14] 0x188:0xf DW_TAG_variable
	.long	.Ldebug_loc4                    @ DW_AT_location
	.long	.Linfo_string67                 @ DW_AT_name
	.byte	5                               @ DW_AT_decl_file
	.byte	61                              @ DW_AT_decl_line
	.long	2783                            @ DW_AT_type
	.byte	14                              @ Abbrev [14] 0x197:0xf DW_TAG_variable
	.long	.Ldebug_loc5                    @ DW_AT_location
	.long	.Linfo_string68                 @ DW_AT_name
	.byte	5                               @ DW_AT_decl_file
	.byte	64                              @ DW_AT_decl_line
	.long	6576                            @ DW_AT_type
	.byte	14                              @ Abbrev [14] 0x1a6:0xf DW_TAG_variable
	.long	.Ldebug_loc6                    @ DW_AT_location
	.long	.Linfo_string69                 @ DW_AT_name
	.byte	5                               @ DW_AT_decl_file
	.byte	67                              @ DW_AT_decl_line
	.long	155                             @ DW_AT_type
	.byte	14                              @ Abbrev [14] 0x1b5:0xf DW_TAG_variable
	.long	.Ldebug_loc7                    @ DW_AT_location
	.long	.Linfo_string70                 @ DW_AT_name
	.byte	5                               @ DW_AT_decl_file
	.byte	65                              @ DW_AT_decl_line
	.long	6576                            @ DW_AT_type
	.byte	14                              @ Abbrev [14] 0x1c4:0xf DW_TAG_variable
	.long	.Ldebug_loc10                   @ DW_AT_location
	.long	.Linfo_string73                 @ DW_AT_name
	.byte	5                               @ DW_AT_decl_file
	.byte	62                              @ DW_AT_decl_line
	.long	2783                            @ DW_AT_type
	.byte	14                              @ Abbrev [14] 0x1d3:0xf DW_TAG_variable
	.long	.Ldebug_loc14                   @ DW_AT_location
	.long	.Linfo_string78                 @ DW_AT_name
	.byte	5                               @ DW_AT_decl_file
	.byte	63                              @ DW_AT_decl_line
	.long	2783                            @ DW_AT_type
	.byte	12                              @ Abbrev [12] 0x1e2:0xb DW_TAG_variable
	.long	.Linfo_string86                 @ DW_AT_name
	.byte	5                               @ DW_AT_decl_file
	.byte	58                              @ DW_AT_decl_line
	.long	6576                            @ DW_AT_type
	.byte	12                              @ Abbrev [12] 0x1ed:0xb DW_TAG_variable
	.long	.Linfo_string87                 @ DW_AT_name
	.byte	5                               @ DW_AT_decl_file
	.byte	59                              @ DW_AT_decl_line
	.long	6576                            @ DW_AT_type
	.byte	12                              @ Abbrev [12] 0x1f8:0xb DW_TAG_variable
	.long	.Linfo_string88                 @ DW_AT_name
	.byte	5                               @ DW_AT_decl_file
	.byte	60                              @ DW_AT_decl_line
	.long	2783                            @ DW_AT_type
	.byte	15                              @ Abbrev [15] 0x203:0x125 DW_TAG_lexical_block
	.long	.Ldebug_ranges0                 @ DW_AT_ranges
	.byte	14                              @ Abbrev [14] 0x208:0xf DW_TAG_variable
	.long	.Ldebug_loc8                    @ DW_AT_location
	.long	.Linfo_string71                 @ DW_AT_name
	.byte	5                               @ DW_AT_decl_file
	.byte	76                              @ DW_AT_decl_line
	.long	2783                            @ DW_AT_type
	.byte	14                              @ Abbrev [14] 0x217:0xf DW_TAG_variable
	.long	.Ldebug_loc9                    @ DW_AT_location
	.long	.Linfo_string72                 @ DW_AT_name
	.byte	5                               @ DW_AT_decl_file
	.byte	77                              @ DW_AT_decl_line
	.long	38                              @ DW_AT_type
	.byte	16                              @ Abbrev [16] 0x226:0xd DW_TAG_variable
	.byte	1                               @ DW_AT_location
	.byte	89
	.long	.Linfo_string74                 @ DW_AT_name
	.byte	5                               @ DW_AT_decl_file
	.byte	78                              @ DW_AT_decl_line
	.long	2783                            @ DW_AT_type
	.byte	14                              @ Abbrev [14] 0x233:0xf DW_TAG_variable
	.long	.Ldebug_loc11                   @ DW_AT_location
	.long	.Linfo_string75                 @ DW_AT_name
	.byte	5                               @ DW_AT_decl_file
	.byte	77                              @ DW_AT_decl_line
	.long	38                              @ DW_AT_type
	.byte	14                              @ Abbrev [14] 0x242:0xf DW_TAG_variable
	.long	.Ldebug_loc12                   @ DW_AT_location
	.long	.Linfo_string76                 @ DW_AT_name
	.byte	5                               @ DW_AT_decl_file
	.byte	77                              @ DW_AT_decl_line
	.long	38                              @ DW_AT_type
	.byte	14                              @ Abbrev [14] 0x251:0xf DW_TAG_variable
	.long	.Ldebug_loc13                   @ DW_AT_location
	.long	.Linfo_string77                 @ DW_AT_name
	.byte	5                               @ DW_AT_decl_file
	.byte	77                              @ DW_AT_decl_line
	.long	38                              @ DW_AT_type
	.byte	14                              @ Abbrev [14] 0x260:0xf DW_TAG_variable
	.long	.Ldebug_loc15                   @ DW_AT_location
	.long	.Linfo_string79                 @ DW_AT_name
	.byte	5                               @ DW_AT_decl_file
	.byte	76                              @ DW_AT_decl_line
	.long	2783                            @ DW_AT_type
	.byte	14                              @ Abbrev [14] 0x26f:0xf DW_TAG_variable
	.long	.Ldebug_loc16                   @ DW_AT_location
	.long	.Linfo_string80                 @ DW_AT_name
	.byte	5                               @ DW_AT_decl_file
	.byte	76                              @ DW_AT_decl_line
	.long	2783                            @ DW_AT_type
	.byte	14                              @ Abbrev [14] 0x27e:0xf DW_TAG_variable
	.long	.Ldebug_loc17                   @ DW_AT_location
	.long	.Linfo_string81                 @ DW_AT_name
	.byte	5                               @ DW_AT_decl_file
	.byte	76                              @ DW_AT_decl_line
	.long	2783                            @ DW_AT_type
	.byte	14                              @ Abbrev [14] 0x28d:0xf DW_TAG_variable
	.long	.Ldebug_loc18                   @ DW_AT_location
	.long	.Linfo_string82                 @ DW_AT_name
	.byte	5                               @ DW_AT_decl_file
	.byte	76                              @ DW_AT_decl_line
	.long	2783                            @ DW_AT_type
	.byte	14                              @ Abbrev [14] 0x29c:0xf DW_TAG_variable
	.long	.Ldebug_loc19                   @ DW_AT_location
	.long	.Linfo_string83                 @ DW_AT_name
	.byte	5                               @ DW_AT_decl_file
	.byte	75                              @ DW_AT_decl_line
	.long	2783                            @ DW_AT_type
	.byte	14                              @ Abbrev [14] 0x2ab:0xf DW_TAG_variable
	.long	.Ldebug_loc20                   @ DW_AT_location
	.long	.Linfo_string84                 @ DW_AT_name
	.byte	5                               @ DW_AT_decl_file
	.byte	75                              @ DW_AT_decl_line
	.long	2783                            @ DW_AT_type
	.byte	14                              @ Abbrev [14] 0x2ba:0xf DW_TAG_variable
	.long	.Ldebug_loc21                   @ DW_AT_location
	.long	.Linfo_string33                 @ DW_AT_name
	.byte	5                               @ DW_AT_decl_file
	.byte	77                              @ DW_AT_decl_line
	.long	38                              @ DW_AT_type
	.byte	17                              @ Abbrev [17] 0x2c9:0x21 DW_TAG_inlined_subroutine
	.long	280                             @ DW_AT_abstract_origin
	.long	.Ltmp19                         @ DW_AT_low_pc
	.long	.Ltmp20-.Ltmp19                 @ DW_AT_high_pc
	.byte	5                               @ DW_AT_call_file
	.byte	153                             @ DW_AT_call_line
	.byte	16                              @ DW_AT_call_column
	.byte	18                              @ Abbrev [18] 0x2d9:0x10 DW_TAG_formal_parameter
	.byte	10                              @ DW_AT_location
	.byte	144
	.ascii	"\204\002"
	.byte	147
	.byte	8
	.byte	144
	.ascii	"\205\002"
	.byte	147
	.byte	8
	.long	292                             @ DW_AT_abstract_origin
	.byte	0                               @ End Of Children Mark
	.byte	19                              @ Abbrev [19] 0x2ea:0x19 DW_TAG_lexical_block
	.long	.Ltmp29                         @ DW_AT_low_pc
	.long	.Ltmp39-.Ltmp29                 @ DW_AT_high_pc
	.byte	14                              @ Abbrev [14] 0x2f3:0xf DW_TAG_variable
	.long	.Ldebug_loc22                   @ DW_AT_location
	.long	.Linfo_string85                 @ DW_AT_name
	.byte	5                               @ DW_AT_decl_file
	.byte	106                             @ DW_AT_decl_line
	.long	38                              @ DW_AT_type
	.byte	0                               @ End Of Children Mark
	.byte	19                              @ Abbrev [19] 0x303:0x24 DW_TAG_lexical_block
	.long	.Ltmp41                         @ DW_AT_low_pc
	.long	.Ltmp52-.Ltmp41                 @ DW_AT_high_pc
	.byte	14                              @ Abbrev [14] 0x30c:0xf DW_TAG_variable
	.long	.Ldebug_loc23                   @ DW_AT_location
	.long	.Linfo_string85                 @ DW_AT_name
	.byte	5                               @ DW_AT_decl_file
	.byte	132                             @ DW_AT_decl_line
	.long	38                              @ DW_AT_type
	.byte	12                              @ Abbrev [12] 0x31b:0xb DW_TAG_variable
	.long	.Linfo_string89                 @ DW_AT_name
	.byte	5                               @ DW_AT_decl_file
	.byte	131                             @ DW_AT_decl_line
	.long	6619                            @ DW_AT_type
	.byte	0                               @ End Of Children Mark
	.byte	0                               @ End Of Children Mark
	.byte	19                              @ Abbrev [19] 0x328:0xd6 DW_TAG_lexical_block
	.long	.Ltmp54                         @ DW_AT_low_pc
	.long	.Ltmp80-.Ltmp54                 @ DW_AT_high_pc
	.byte	16                              @ Abbrev [16] 0x331:0xd DW_TAG_variable
	.byte	1                               @ DW_AT_location
	.byte	89
	.long	.Linfo_string74                 @ DW_AT_name
	.byte	5                               @ DW_AT_decl_file
	.byte	168                             @ DW_AT_decl_line
	.long	2783                            @ DW_AT_type
	.byte	16                              @ Abbrev [16] 0x33e:0x16 DW_TAG_variable
	.byte	10                              @ DW_AT_location
	.byte	144
	.ascii	"\204\002"
	.byte	147
	.byte	8
	.byte	144
	.ascii	"\205\002"
	.byte	147
	.byte	8
	.long	.Linfo_string72                 @ DW_AT_name
	.byte	5                               @ DW_AT_decl_file
	.byte	167                             @ DW_AT_decl_line
	.long	38                              @ DW_AT_type
	.byte	14                              @ Abbrev [14] 0x354:0xf DW_TAG_variable
	.long	.Ldebug_loc24                   @ DW_AT_location
	.long	.Linfo_string77                 @ DW_AT_name
	.byte	5                               @ DW_AT_decl_file
	.byte	167                             @ DW_AT_decl_line
	.long	38                              @ DW_AT_type
	.byte	14                              @ Abbrev [14] 0x363:0xf DW_TAG_variable
	.long	.Ldebug_loc25                   @ DW_AT_location
	.long	.Linfo_string82                 @ DW_AT_name
	.byte	5                               @ DW_AT_decl_file
	.byte	166                             @ DW_AT_decl_line
	.long	2783                            @ DW_AT_type
	.byte	14                              @ Abbrev [14] 0x372:0xf DW_TAG_variable
	.long	.Ldebug_loc26                   @ DW_AT_location
	.long	.Linfo_string79                 @ DW_AT_name
	.byte	5                               @ DW_AT_decl_file
	.byte	166                             @ DW_AT_decl_line
	.long	2783                            @ DW_AT_type
	.byte	14                              @ Abbrev [14] 0x381:0xf DW_TAG_variable
	.long	.Ldebug_loc27                   @ DW_AT_location
	.long	.Linfo_string81                 @ DW_AT_name
	.byte	5                               @ DW_AT_decl_file
	.byte	166                             @ DW_AT_decl_line
	.long	2783                            @ DW_AT_type
	.byte	14                              @ Abbrev [14] 0x390:0xf DW_TAG_variable
	.long	.Ldebug_loc28                   @ DW_AT_location
	.long	.Linfo_string33                 @ DW_AT_name
	.byte	5                               @ DW_AT_decl_file
	.byte	167                             @ DW_AT_decl_line
	.long	38                              @ DW_AT_type
	.byte	19                              @ Abbrev [19] 0x39f:0x19 DW_TAG_lexical_block
	.long	.Ltmp59                         @ DW_AT_low_pc
	.long	.Ltmp64-.Ltmp59                 @ DW_AT_high_pc
	.byte	14                              @ Abbrev [14] 0x3a8:0xf DW_TAG_variable
	.long	.Ldebug_loc29                   @ DW_AT_location
	.long	.Linfo_string85                 @ DW_AT_name
	.byte	5                               @ DW_AT_decl_file
	.byte	189                             @ DW_AT_decl_line
	.long	38                              @ DW_AT_type
	.byte	0                               @ End Of Children Mark
	.byte	19                              @ Abbrev [19] 0x3b8:0x24 DW_TAG_lexical_block
	.long	.Ltmp67                         @ DW_AT_low_pc
	.long	.Ltmp73-.Ltmp67                 @ DW_AT_high_pc
	.byte	14                              @ Abbrev [14] 0x3c1:0xf DW_TAG_variable
	.long	.Ldebug_loc30                   @ DW_AT_location
	.long	.Linfo_string85                 @ DW_AT_name
	.byte	5                               @ DW_AT_decl_file
	.byte	209                             @ DW_AT_decl_line
	.long	38                              @ DW_AT_type
	.byte	12                              @ Abbrev [12] 0x3d0:0xb DW_TAG_variable
	.long	.Linfo_string89                 @ DW_AT_name
	.byte	5                               @ DW_AT_decl_file
	.byte	208                             @ DW_AT_decl_line
	.long	6619                            @ DW_AT_type
	.byte	0                               @ End Of Children Mark
	.byte	17                              @ Abbrev [17] 0x3dc:0x21 DW_TAG_inlined_subroutine
	.long	280                             @ DW_AT_abstract_origin
	.long	.Ltmp78                         @ DW_AT_low_pc
	.long	.Ltmp79-.Ltmp78                 @ DW_AT_high_pc
	.byte	5                               @ DW_AT_call_file
	.byte	223                             @ DW_AT_call_line
	.byte	16                              @ DW_AT_call_column
	.byte	18                              @ Abbrev [18] 0x3ec:0x10 DW_TAG_formal_parameter
	.byte	10                              @ DW_AT_location
	.byte	144
	.ascii	"\204\002"
	.byte	147
	.byte	8
	.byte	144
	.ascii	"\205\002"
	.byte	147
	.byte	8
	.long	292                             @ DW_AT_abstract_origin
	.byte	0                               @ End Of Children Mark
	.byte	0                               @ End Of Children Mark
	.byte	19                              @ Abbrev [19] 0x3fe:0xab DW_TAG_lexical_block
	.long	.Ltmp83                         @ DW_AT_low_pc
	.long	.Ltmp104-.Ltmp83                @ DW_AT_high_pc
	.byte	14                              @ Abbrev [14] 0x407:0xf DW_TAG_variable
	.long	.Ldebug_loc31                   @ DW_AT_location
	.long	.Linfo_string74                 @ DW_AT_name
	.byte	5                               @ DW_AT_decl_file
	.byte	233                             @ DW_AT_decl_line
	.long	2783                            @ DW_AT_type
	.byte	14                              @ Abbrev [14] 0x416:0xf DW_TAG_variable
	.long	.Ldebug_loc32                   @ DW_AT_location
	.long	.Linfo_string79                 @ DW_AT_name
	.byte	5                               @ DW_AT_decl_file
	.byte	232                             @ DW_AT_decl_line
	.long	2783                            @ DW_AT_type
	.byte	14                              @ Abbrev [14] 0x425:0xf DW_TAG_variable
	.long	.Ldebug_loc33                   @ DW_AT_location
	.long	.Linfo_string82                 @ DW_AT_name
	.byte	5                               @ DW_AT_decl_file
	.byte	232                             @ DW_AT_decl_line
	.long	2783                            @ DW_AT_type
	.byte	14                              @ Abbrev [14] 0x434:0xf DW_TAG_variable
	.long	.Ldebug_loc34                   @ DW_AT_location
	.long	.Linfo_string72                 @ DW_AT_name
	.byte	5                               @ DW_AT_decl_file
	.byte	231                             @ DW_AT_decl_line
	.long	38                              @ DW_AT_type
	.byte	14                              @ Abbrev [14] 0x443:0xf DW_TAG_variable
	.long	.Ldebug_loc35                   @ DW_AT_location
	.long	.Linfo_string33                 @ DW_AT_name
	.byte	5                               @ DW_AT_decl_file
	.byte	231                             @ DW_AT_decl_line
	.long	38                              @ DW_AT_type
	.byte	19                              @ Abbrev [19] 0x452:0x19 DW_TAG_lexical_block
	.long	.Ltmp86                         @ DW_AT_low_pc
	.long	.Ltmp89-.Ltmp86                 @ DW_AT_high_pc
	.byte	14                              @ Abbrev [14] 0x45b:0xf DW_TAG_variable
	.long	.Ldebug_loc36                   @ DW_AT_location
	.long	.Linfo_string85                 @ DW_AT_name
	.byte	5                               @ DW_AT_decl_file
	.byte	251                             @ DW_AT_decl_line
	.long	38                              @ DW_AT_type
	.byte	0                               @ End Of Children Mark
	.byte	19                              @ Abbrev [19] 0x46b:0x26 DW_TAG_lexical_block
	.long	.Ltmp94                         @ DW_AT_low_pc
	.long	.Ltmp98-.Ltmp94                 @ DW_AT_high_pc
	.byte	20                              @ Abbrev [20] 0x474:0x10 DW_TAG_variable
	.long	.Ldebug_loc37                   @ DW_AT_location
	.long	.Linfo_string85                 @ DW_AT_name
	.byte	5                               @ DW_AT_decl_file
	.short	268                             @ DW_AT_decl_line
	.long	38                              @ DW_AT_type
	.byte	21                              @ Abbrev [21] 0x484:0xc DW_TAG_variable
	.long	.Linfo_string89                 @ DW_AT_name
	.byte	5                               @ DW_AT_decl_file
	.short	267                             @ DW_AT_decl_line
	.long	6619                            @ DW_AT_type
	.byte	0                               @ End Of Children Mark
	.byte	22                              @ Abbrev [22] 0x491:0x17 DW_TAG_inlined_subroutine
	.long	280                             @ DW_AT_abstract_origin
	.long	.Ldebug_ranges1                 @ DW_AT_ranges
	.byte	5                               @ DW_AT_call_file
	.short	277                             @ DW_AT_call_line
	.byte	31                              @ DW_AT_call_column
	.byte	23                              @ Abbrev [23] 0x49e:0x9 DW_TAG_formal_parameter
	.long	.Ldebug_loc38                   @ DW_AT_location
	.long	292                             @ DW_AT_abstract_origin
	.byte	0                               @ End Of Children Mark
	.byte	0                               @ End Of Children Mark
	.byte	0                               @ End Of Children Mark
	.byte	8                               @ Abbrev [8] 0x4aa:0xa2 DW_TAG_subprogram
	.long	.Lfunc_begin2                   @ DW_AT_low_pc
	.long	.Lfunc_end2-.Lfunc_begin2       @ DW_AT_high_pc
	.byte	1                               @ DW_AT_frame_base
	.byte	93
                                        @ DW_AT_GNU_all_call_sites
	.long	.Linfo_string49                 @ DW_AT_name
	.byte	7                               @ DW_AT_decl_file
	.byte	70                              @ DW_AT_decl_line
                                        @ DW_AT_prototyped
                                        @ DW_AT_external
	.byte	9                               @ Abbrev [9] 0x4bb:0xd DW_TAG_formal_parameter
	.byte	1                               @ DW_AT_location
	.byte	80
	.long	.Linfo_string55                 @ DW_AT_name
	.byte	7                               @ DW_AT_decl_file
	.byte	70                              @ DW_AT_decl_line
	.long	6648                            @ DW_AT_type
	.byte	13                              @ Abbrev [13] 0x4c8:0xf DW_TAG_formal_parameter
	.long	.Ldebug_loc39                   @ DW_AT_location
	.long	.Linfo_string56                 @ DW_AT_name
	.byte	7                               @ DW_AT_decl_file
	.byte	71                              @ DW_AT_decl_line
	.long	6576                            @ DW_AT_type
	.byte	9                               @ Abbrev [9] 0x4d7:0xd DW_TAG_formal_parameter
	.byte	1                               @ DW_AT_location
	.byte	82
	.long	.Linfo_string59                 @ DW_AT_name
	.byte	7                               @ DW_AT_decl_file
	.byte	72                              @ DW_AT_decl_line
	.long	6576                            @ DW_AT_type
	.byte	9                               @ Abbrev [9] 0x4e4:0xf DW_TAG_formal_parameter
	.byte	3                               @ DW_AT_location
	.byte	144
	.ascii	"\200\002"
	.long	.Linfo_string60                 @ DW_AT_name
	.byte	7                               @ DW_AT_decl_file
	.byte	73                              @ DW_AT_decl_line
	.long	155                             @ DW_AT_type
	.byte	9                               @ Abbrev [9] 0x4f3:0xd DW_TAG_formal_parameter
	.byte	1                               @ DW_AT_location
	.byte	83
	.long	.Linfo_string61                 @ DW_AT_name
	.byte	7                               @ DW_AT_decl_file
	.byte	74                              @ DW_AT_decl_line
	.long	2783                            @ DW_AT_type
	.byte	9                               @ Abbrev [9] 0x500:0xe DW_TAG_formal_parameter
	.byte	2                               @ DW_AT_location
	.byte	145
	.byte	8
	.long	.Linfo_string62                 @ DW_AT_name
	.byte	7                               @ DW_AT_decl_file
	.byte	75                              @ DW_AT_decl_line
	.long	2783                            @ DW_AT_type
	.byte	9                               @ Abbrev [9] 0x50e:0xe DW_TAG_formal_parameter
	.byte	2                               @ DW_AT_location
	.byte	145
	.byte	12
	.long	.Linfo_string63                 @ DW_AT_name
	.byte	7                               @ DW_AT_decl_file
	.byte	76                              @ DW_AT_decl_line
	.long	6594                            @ DW_AT_type
	.byte	9                               @ Abbrev [9] 0x51c:0xe DW_TAG_formal_parameter
	.byte	2                               @ DW_AT_location
	.byte	145
	.byte	16
	.long	.Linfo_string93                 @ DW_AT_name
	.byte	7                               @ DW_AT_decl_file
	.byte	77                              @ DW_AT_decl_line
	.long	137                             @ DW_AT_type
	.byte	9                               @ Abbrev [9] 0x52a:0x12 DW_TAG_formal_parameter
	.byte	6                               @ DW_AT_location
	.byte	144
	.ascii	"\200\002"
	.byte	157
	.byte	32
	.byte	32
	.long	.Linfo_string94                 @ DW_AT_name
	.byte	7                               @ DW_AT_decl_file
	.byte	78                              @ DW_AT_decl_line
	.long	155                             @ DW_AT_type
	.byte	9                               @ Abbrev [9] 0x53c:0xf DW_TAG_formal_parameter
	.byte	3                               @ DW_AT_location
	.byte	144
	.ascii	"\201\002"
	.long	.Linfo_string95                 @ DW_AT_name
	.byte	7                               @ DW_AT_decl_file
	.byte	79                              @ DW_AT_decl_line
	.long	155                             @ DW_AT_type
	.byte	0                               @ End Of Children Mark
	.byte	10                              @ Abbrev [10] 0x54c:0x2e DW_TAG_subprogram
	.long	.Linfo_string15                 @ DW_AT_name
	.byte	9                               @ DW_AT_decl_file
	.byte	237                             @ DW_AT_decl_line
                                        @ DW_AT_prototyped
	.long	38                              @ DW_AT_type
	.byte	1                               @ DW_AT_inline
	.byte	11                              @ Abbrev [11] 0x558:0xb DW_TAG_formal_parameter
	.long	.Linfo_string16                 @ DW_AT_name
	.byte	9                               @ DW_AT_decl_file
	.byte	237                             @ DW_AT_decl_line
	.long	38                              @ DW_AT_type
	.byte	11                              @ Abbrev [11] 0x563:0xb DW_TAG_formal_parameter
	.long	.Linfo_string17                 @ DW_AT_name
	.byte	9                               @ DW_AT_decl_file
	.byte	237                             @ DW_AT_decl_line
	.long	137                             @ DW_AT_type
	.byte	12                              @ Abbrev [12] 0x56e:0xb DW_TAG_variable
	.long	.Linfo_string18                 @ DW_AT_name
	.byte	9                               @ DW_AT_decl_file
	.byte	239                             @ DW_AT_decl_line
	.long	38                              @ DW_AT_type
	.byte	0                               @ End Of Children Mark
	.byte	8                               @ Abbrev [8] 0x57a:0x472 DW_TAG_subprogram
	.long	.Lfunc_begin3                   @ DW_AT_low_pc
	.long	.Lfunc_end3-.Lfunc_begin3       @ DW_AT_high_pc
	.byte	1                               @ DW_AT_frame_base
	.byte	93
                                        @ DW_AT_GNU_all_call_sites
	.long	.Linfo_string50                 @ DW_AT_name
	.byte	8                               @ DW_AT_decl_file
	.byte	57                              @ DW_AT_decl_line
                                        @ DW_AT_prototyped
                                        @ DW_AT_external
	.byte	13                              @ Abbrev [13] 0x58b:0xf DW_TAG_formal_parameter
	.long	.Ldebug_loc40                   @ DW_AT_location
	.long	.Linfo_string55                 @ DW_AT_name
	.byte	8                               @ DW_AT_decl_file
	.byte	58                              @ DW_AT_decl_line
	.long	6777                            @ DW_AT_type
	.byte	13                              @ Abbrev [13] 0x59a:0xf DW_TAG_formal_parameter
	.long	.Ldebug_loc41                   @ DW_AT_location
	.long	.Linfo_string13                 @ DW_AT_name
	.byte	8                               @ DW_AT_decl_file
	.byte	59                              @ DW_AT_decl_line
	.long	2783                            @ DW_AT_type
	.byte	13                              @ Abbrev [13] 0x5a9:0xf DW_TAG_formal_parameter
	.long	.Ldebug_loc42                   @ DW_AT_location
	.long	.Linfo_string65                 @ DW_AT_name
	.byte	8                               @ DW_AT_decl_file
	.byte	60                              @ DW_AT_decl_line
	.long	6614                            @ DW_AT_type
	.byte	14                              @ Abbrev [14] 0x5b8:0xf DW_TAG_variable
	.long	.Ldebug_loc43                   @ DW_AT_location
	.long	.Linfo_string66                 @ DW_AT_name
	.byte	8                               @ DW_AT_decl_file
	.byte	71                              @ DW_AT_decl_line
	.long	2783                            @ DW_AT_type
	.byte	14                              @ Abbrev [14] 0x5c7:0xf DW_TAG_variable
	.long	.Ldebug_loc44                   @ DW_AT_location
	.long	.Linfo_string67                 @ DW_AT_name
	.byte	8                               @ DW_AT_decl_file
	.byte	66                              @ DW_AT_decl_line
	.long	2783                            @ DW_AT_type
	.byte	14                              @ Abbrev [14] 0x5d6:0xf DW_TAG_variable
	.long	.Ldebug_loc45                   @ DW_AT_location
	.long	.Linfo_string97                 @ DW_AT_name
	.byte	8                               @ DW_AT_decl_file
	.byte	73                              @ DW_AT_decl_line
	.long	38                              @ DW_AT_type
	.byte	14                              @ Abbrev [14] 0x5e5:0xf DW_TAG_variable
	.long	.Ldebug_loc46                   @ DW_AT_location
	.long	.Linfo_string68                 @ DW_AT_name
	.byte	8                               @ DW_AT_decl_file
	.byte	69                              @ DW_AT_decl_line
	.long	6576                            @ DW_AT_type
	.byte	14                              @ Abbrev [14] 0x5f4:0xf DW_TAG_variable
	.long	.Ldebug_loc47                   @ DW_AT_location
	.long	.Linfo_string69                 @ DW_AT_name
	.byte	8                               @ DW_AT_decl_file
	.byte	72                              @ DW_AT_decl_line
	.long	155                             @ DW_AT_type
	.byte	14                              @ Abbrev [14] 0x603:0xf DW_TAG_variable
	.long	.Ldebug_loc53                   @ DW_AT_location
	.long	.Linfo_string70                 @ DW_AT_name
	.byte	8                               @ DW_AT_decl_file
	.byte	70                              @ DW_AT_decl_line
	.long	6576                            @ DW_AT_type
	.byte	14                              @ Abbrev [14] 0x612:0xf DW_TAG_variable
	.long	.Ldebug_loc55                   @ DW_AT_location
	.long	.Linfo_string73                 @ DW_AT_name
	.byte	8                               @ DW_AT_decl_file
	.byte	67                              @ DW_AT_decl_line
	.long	2783                            @ DW_AT_type
	.byte	14                              @ Abbrev [14] 0x621:0xf DW_TAG_variable
	.long	.Ldebug_loc56                   @ DW_AT_location
	.long	.Linfo_string78                 @ DW_AT_name
	.byte	8                               @ DW_AT_decl_file
	.byte	68                              @ DW_AT_decl_line
	.long	2783                            @ DW_AT_type
	.byte	12                              @ Abbrev [12] 0x630:0xb DW_TAG_variable
	.long	.Linfo_string86                 @ DW_AT_name
	.byte	8                               @ DW_AT_decl_file
	.byte	63                              @ DW_AT_decl_line
	.long	6576                            @ DW_AT_type
	.byte	12                              @ Abbrev [12] 0x63b:0xb DW_TAG_variable
	.long	.Linfo_string87                 @ DW_AT_name
	.byte	8                               @ DW_AT_decl_file
	.byte	64                              @ DW_AT_decl_line
	.long	6576                            @ DW_AT_type
	.byte	12                              @ Abbrev [12] 0x646:0xb DW_TAG_variable
	.long	.Linfo_string88                 @ DW_AT_name
	.byte	8                               @ DW_AT_decl_file
	.byte	65                              @ DW_AT_decl_line
	.long	2783                            @ DW_AT_type
	.byte	15                              @ Abbrev [15] 0x651:0x19a DW_TAG_lexical_block
	.long	.Ldebug_ranges2                 @ DW_AT_ranges
	.byte	14                              @ Abbrev [14] 0x656:0xf DW_TAG_variable
	.long	.Ldebug_loc51                   @ DW_AT_location
	.long	.Linfo_string98                 @ DW_AT_name
	.byte	8                               @ DW_AT_decl_file
	.byte	153                             @ DW_AT_decl_line
	.long	38                              @ DW_AT_type
	.byte	14                              @ Abbrev [14] 0x665:0xf DW_TAG_variable
	.long	.Ldebug_loc54                   @ DW_AT_location
	.long	.Linfo_string77                 @ DW_AT_name
	.byte	8                               @ DW_AT_decl_file
	.byte	83                              @ DW_AT_decl_line
	.long	38                              @ DW_AT_type
	.byte	16                              @ Abbrev [16] 0x674:0xd DW_TAG_variable
	.byte	1                               @ DW_AT_location
	.byte	90
	.long	.Linfo_string74                 @ DW_AT_name
	.byte	8                               @ DW_AT_decl_file
	.byte	84                              @ DW_AT_decl_line
	.long	2783                            @ DW_AT_type
	.byte	14                              @ Abbrev [14] 0x681:0xf DW_TAG_variable
	.long	.Ldebug_loc57                   @ DW_AT_location
	.long	.Linfo_string79                 @ DW_AT_name
	.byte	8                               @ DW_AT_decl_file
	.byte	82                              @ DW_AT_decl_line
	.long	2783                            @ DW_AT_type
	.byte	14                              @ Abbrev [14] 0x690:0xf DW_TAG_variable
	.long	.Ldebug_loc58                   @ DW_AT_location
	.long	.Linfo_string80                 @ DW_AT_name
	.byte	8                               @ DW_AT_decl_file
	.byte	82                              @ DW_AT_decl_line
	.long	2783                            @ DW_AT_type
	.byte	14                              @ Abbrev [14] 0x69f:0xf DW_TAG_variable
	.long	.Ldebug_loc59                   @ DW_AT_location
	.long	.Linfo_string81                 @ DW_AT_name
	.byte	8                               @ DW_AT_decl_file
	.byte	82                              @ DW_AT_decl_line
	.long	2783                            @ DW_AT_type
	.byte	14                              @ Abbrev [14] 0x6ae:0xf DW_TAG_variable
	.long	.Ldebug_loc60                   @ DW_AT_location
	.long	.Linfo_string82                 @ DW_AT_name
	.byte	8                               @ DW_AT_decl_file
	.byte	82                              @ DW_AT_decl_line
	.long	2783                            @ DW_AT_type
	.byte	14                              @ Abbrev [14] 0x6bd:0xf DW_TAG_variable
	.long	.Ldebug_loc61                   @ DW_AT_location
	.long	.Linfo_string76                 @ DW_AT_name
	.byte	8                               @ DW_AT_decl_file
	.byte	83                              @ DW_AT_decl_line
	.long	38                              @ DW_AT_type
	.byte	14                              @ Abbrev [14] 0x6cc:0xf DW_TAG_variable
	.long	.Ldebug_loc62                   @ DW_AT_location
	.long	.Linfo_string75                 @ DW_AT_name
	.byte	8                               @ DW_AT_decl_file
	.byte	83                              @ DW_AT_decl_line
	.long	38                              @ DW_AT_type
	.byte	14                              @ Abbrev [14] 0x6db:0xf DW_TAG_variable
	.long	.Ldebug_loc63                   @ DW_AT_location
	.long	.Linfo_string72                 @ DW_AT_name
	.byte	8                               @ DW_AT_decl_file
	.byte	83                              @ DW_AT_decl_line
	.long	38                              @ DW_AT_type
	.byte	14                              @ Abbrev [14] 0x6ea:0xf DW_TAG_variable
	.long	.Ldebug_loc64                   @ DW_AT_location
	.long	.Linfo_string83                 @ DW_AT_name
	.byte	8                               @ DW_AT_decl_file
	.byte	81                              @ DW_AT_decl_line
	.long	2783                            @ DW_AT_type
	.byte	14                              @ Abbrev [14] 0x6f9:0xf DW_TAG_variable
	.long	.Ldebug_loc65                   @ DW_AT_location
	.long	.Linfo_string71                 @ DW_AT_name
	.byte	8                               @ DW_AT_decl_file
	.byte	82                              @ DW_AT_decl_line
	.long	2783                            @ DW_AT_type
	.byte	14                              @ Abbrev [14] 0x708:0xf DW_TAG_variable
	.long	.Ldebug_loc66                   @ DW_AT_location
	.long	.Linfo_string84                 @ DW_AT_name
	.byte	8                               @ DW_AT_decl_file
	.byte	81                              @ DW_AT_decl_line
	.long	2783                            @ DW_AT_type
	.byte	14                              @ Abbrev [14] 0x717:0xf DW_TAG_variable
	.long	.Ldebug_loc67                   @ DW_AT_location
	.long	.Linfo_string33                 @ DW_AT_name
	.byte	8                               @ DW_AT_decl_file
	.byte	83                              @ DW_AT_decl_line
	.long	38                              @ DW_AT_type
	.byte	19                              @ Abbrev [19] 0x726:0x19 DW_TAG_lexical_block
	.long	.Ltmp132                        @ DW_AT_low_pc
	.long	.Ltmp142-.Ltmp132               @ DW_AT_high_pc
	.byte	14                              @ Abbrev [14] 0x72f:0xf DW_TAG_variable
	.long	.Ldebug_loc68                   @ DW_AT_location
	.long	.Linfo_string85                 @ DW_AT_name
	.byte	8                               @ DW_AT_decl_file
	.byte	112                             @ DW_AT_decl_line
	.long	38                              @ DW_AT_type
	.byte	0                               @ End Of Children Mark
	.byte	19                              @ Abbrev [19] 0x73f:0x24 DW_TAG_lexical_block
	.long	.Ltmp144                        @ DW_AT_low_pc
	.long	.Ltmp154-.Ltmp144               @ DW_AT_high_pc
	.byte	14                              @ Abbrev [14] 0x748:0xf DW_TAG_variable
	.long	.Ldebug_loc69                   @ DW_AT_location
	.long	.Linfo_string85                 @ DW_AT_name
	.byte	8                               @ DW_AT_decl_file
	.byte	138                             @ DW_AT_decl_line
	.long	38                              @ DW_AT_type
	.byte	12                              @ Abbrev [12] 0x757:0xb DW_TAG_variable
	.long	.Linfo_string89                 @ DW_AT_name
	.byte	8                               @ DW_AT_decl_file
	.byte	137                             @ DW_AT_decl_line
	.long	6619                            @ DW_AT_type
	.byte	0                               @ End Of Children Mark
	.byte	24                              @ Abbrev [24] 0x763:0x1d DW_TAG_inlined_subroutine
	.long	280                             @ DW_AT_abstract_origin
	.long	.Ldebug_ranges3                 @ DW_AT_ranges
	.byte	8                               @ DW_AT_call_file
	.byte	154                             @ DW_AT_call_line
	.byte	27                              @ DW_AT_call_column
	.byte	18                              @ Abbrev [18] 0x76f:0x10 DW_TAG_formal_parameter
	.byte	10                              @ DW_AT_location
	.byte	144
	.ascii	"\210\002"
	.byte	147
	.byte	8
	.byte	144
	.ascii	"\211\002"
	.byte	147
	.byte	8
	.long	292                             @ DW_AT_abstract_origin
	.byte	0                               @ End Of Children Mark
	.byte	24                              @ Abbrev [24] 0x780:0x16 DW_TAG_inlined_subroutine
	.long	280                             @ DW_AT_abstract_origin
	.long	.Ldebug_ranges4                 @ DW_AT_ranges
	.byte	8                               @ DW_AT_call_file
	.byte	155                             @ DW_AT_call_line
	.byte	27                              @ DW_AT_call_column
	.byte	23                              @ Abbrev [23] 0x78c:0x9 DW_TAG_formal_parameter
	.long	.Ldebug_loc52                   @ DW_AT_location
	.long	292                             @ DW_AT_abstract_origin
	.byte	0                               @ End Of Children Mark
	.byte	24                              @ Abbrev [24] 0x796:0x16 DW_TAG_inlined_subroutine
	.long	280                             @ DW_AT_abstract_origin
	.long	.Ldebug_ranges5                 @ DW_AT_ranges
	.byte	8                               @ DW_AT_call_file
	.byte	157                             @ DW_AT_call_line
	.byte	27                              @ DW_AT_call_column
	.byte	23                              @ Abbrev [23] 0x7a2:0x9 DW_TAG_formal_parameter
	.long	.Ldebug_loc71                   @ DW_AT_location
	.long	292                             @ DW_AT_abstract_origin
	.byte	0                               @ End Of Children Mark
	.byte	24                              @ Abbrev [24] 0x7ac:0x16 DW_TAG_inlined_subroutine
	.long	280                             @ DW_AT_abstract_origin
	.long	.Ldebug_ranges6                 @ DW_AT_ranges
	.byte	8                               @ DW_AT_call_file
	.byte	156                             @ DW_AT_call_line
	.byte	27                              @ DW_AT_call_column
	.byte	23                              @ Abbrev [23] 0x7b8:0x9 DW_TAG_formal_parameter
	.long	.Ldebug_loc70                   @ DW_AT_location
	.long	292                             @ DW_AT_abstract_origin
	.byte	0                               @ End Of Children Mark
	.byte	24                              @ Abbrev [24] 0x7c2:0x28 DW_TAG_inlined_subroutine
	.long	1356                            @ DW_AT_abstract_origin
	.long	.Ldebug_ranges7                 @ DW_AT_ranges
	.byte	8                               @ DW_AT_call_file
	.byte	160                             @ DW_AT_call_line
	.byte	30                              @ DW_AT_call_column
	.byte	23                              @ Abbrev [23] 0x7ce:0x9 DW_TAG_formal_parameter
	.long	.Ldebug_loc48                   @ DW_AT_location
	.long	1368                            @ DW_AT_abstract_origin
	.byte	23                              @ Abbrev [23] 0x7d7:0x9 DW_TAG_formal_parameter
	.long	.Ldebug_loc50                   @ DW_AT_location
	.long	1379                            @ DW_AT_abstract_origin
	.byte	25                              @ Abbrev [25] 0x7e0:0x9 DW_TAG_variable
	.long	.Ldebug_loc49                   @ DW_AT_location
	.long	1390                            @ DW_AT_abstract_origin
	.byte	0                               @ End Of Children Mark
	.byte	0                               @ End Of Children Mark
	.byte	15                              @ Abbrev [15] 0x7eb:0x106 DW_TAG_lexical_block
	.long	.Ldebug_ranges8                 @ DW_AT_ranges
	.byte	14                              @ Abbrev [14] 0x7f0:0xf DW_TAG_variable
	.long	.Ldebug_loc72                   @ DW_AT_location
	.long	.Linfo_string74                 @ DW_AT_name
	.byte	8                               @ DW_AT_decl_file
	.byte	178                             @ DW_AT_decl_line
	.long	2783                            @ DW_AT_type
	.byte	14                              @ Abbrev [14] 0x7ff:0xf DW_TAG_variable
	.long	.Ldebug_loc73                   @ DW_AT_location
	.long	.Linfo_string72                 @ DW_AT_name
	.byte	8                               @ DW_AT_decl_file
	.byte	177                             @ DW_AT_decl_line
	.long	38                              @ DW_AT_type
	.byte	14                              @ Abbrev [14] 0x80e:0xf DW_TAG_variable
	.long	.Ldebug_loc74                   @ DW_AT_location
	.long	.Linfo_string77                 @ DW_AT_name
	.byte	8                               @ DW_AT_decl_file
	.byte	177                             @ DW_AT_decl_line
	.long	38                              @ DW_AT_type
	.byte	14                              @ Abbrev [14] 0x81d:0xf DW_TAG_variable
	.long	.Ldebug_loc75                   @ DW_AT_location
	.long	.Linfo_string82                 @ DW_AT_name
	.byte	8                               @ DW_AT_decl_file
	.byte	176                             @ DW_AT_decl_line
	.long	2783                            @ DW_AT_type
	.byte	14                              @ Abbrev [14] 0x82c:0xf DW_TAG_variable
	.long	.Ldebug_loc76                   @ DW_AT_location
	.long	.Linfo_string79                 @ DW_AT_name
	.byte	8                               @ DW_AT_decl_file
	.byte	176                             @ DW_AT_decl_line
	.long	2783                            @ DW_AT_type
	.byte	14                              @ Abbrev [14] 0x83b:0xf DW_TAG_variable
	.long	.Ldebug_loc77                   @ DW_AT_location
	.long	.Linfo_string81                 @ DW_AT_name
	.byte	8                               @ DW_AT_decl_file
	.byte	176                             @ DW_AT_decl_line
	.long	2783                            @ DW_AT_type
	.byte	14                              @ Abbrev [14] 0x84a:0xf DW_TAG_variable
	.long	.Ldebug_loc78                   @ DW_AT_location
	.long	.Linfo_string33                 @ DW_AT_name
	.byte	8                               @ DW_AT_decl_file
	.byte	177                             @ DW_AT_decl_line
	.long	38                              @ DW_AT_type
	.byte	14                              @ Abbrev [14] 0x859:0xf DW_TAG_variable
	.long	.Ldebug_loc81                   @ DW_AT_location
	.long	.Linfo_string98                 @ DW_AT_name
	.byte	8                               @ DW_AT_decl_file
	.byte	230                             @ DW_AT_decl_line
	.long	38                              @ DW_AT_type
	.byte	19                              @ Abbrev [19] 0x868:0x19 DW_TAG_lexical_block
	.long	.Ltmp181                        @ DW_AT_low_pc
	.long	.Ltmp186-.Ltmp181               @ DW_AT_high_pc
	.byte	14                              @ Abbrev [14] 0x871:0xf DW_TAG_variable
	.long	.Ldebug_loc79                   @ DW_AT_location
	.long	.Linfo_string85                 @ DW_AT_name
	.byte	8                               @ DW_AT_decl_file
	.byte	199                             @ DW_AT_decl_line
	.long	38                              @ DW_AT_type
	.byte	0                               @ End Of Children Mark
	.byte	19                              @ Abbrev [19] 0x881:0x24 DW_TAG_lexical_block
	.long	.Ltmp189                        @ DW_AT_low_pc
	.long	.Ltmp195-.Ltmp189               @ DW_AT_high_pc
	.byte	14                              @ Abbrev [14] 0x88a:0xf DW_TAG_variable
	.long	.Ldebug_loc80                   @ DW_AT_location
	.long	.Linfo_string85                 @ DW_AT_name
	.byte	8                               @ DW_AT_decl_file
	.byte	219                             @ DW_AT_decl_line
	.long	38                              @ DW_AT_type
	.byte	12                              @ Abbrev [12] 0x899:0xb DW_TAG_variable
	.long	.Linfo_string89                 @ DW_AT_name
	.byte	8                               @ DW_AT_decl_file
	.byte	218                             @ DW_AT_decl_line
	.long	6619                            @ DW_AT_type
	.byte	0                               @ End Of Children Mark
	.byte	24                              @ Abbrev [24] 0x8a5:0x16 DW_TAG_inlined_subroutine
	.long	280                             @ DW_AT_abstract_origin
	.long	.Ldebug_ranges9                 @ DW_AT_ranges
	.byte	8                               @ DW_AT_call_file
	.byte	231                             @ DW_AT_call_line
	.byte	27                              @ DW_AT_call_column
	.byte	23                              @ Abbrev [23] 0x8b1:0x9 DW_TAG_formal_parameter
	.long	.Ldebug_loc82                   @ DW_AT_location
	.long	292                             @ DW_AT_abstract_origin
	.byte	0                               @ End Of Children Mark
	.byte	24                              @ Abbrev [24] 0x8bb:0x16 DW_TAG_inlined_subroutine
	.long	280                             @ DW_AT_abstract_origin
	.long	.Ldebug_ranges10                @ DW_AT_ranges
	.byte	8                               @ DW_AT_call_file
	.byte	232                             @ DW_AT_call_line
	.byte	27                              @ DW_AT_call_column
	.byte	23                              @ Abbrev [23] 0x8c7:0x9 DW_TAG_formal_parameter
	.long	.Ldebug_loc83                   @ DW_AT_location
	.long	292                             @ DW_AT_abstract_origin
	.byte	0                               @ End Of Children Mark
	.byte	24                              @ Abbrev [24] 0x8d1:0x1f DW_TAG_inlined_subroutine
	.long	1356                            @ DW_AT_abstract_origin
	.long	.Ldebug_ranges11                @ DW_AT_ranges
	.byte	8                               @ DW_AT_call_file
	.byte	235                             @ DW_AT_call_line
	.byte	30                              @ DW_AT_call_column
	.byte	23                              @ Abbrev [23] 0x8dd:0x9 DW_TAG_formal_parameter
	.long	.Ldebug_loc85                   @ DW_AT_location
	.long	1368                            @ DW_AT_abstract_origin
	.byte	25                              @ Abbrev [25] 0x8e6:0x9 DW_TAG_variable
	.long	.Ldebug_loc84                   @ DW_AT_location
	.long	1390                            @ DW_AT_abstract_origin
	.byte	0                               @ End Of Children Mark
	.byte	0                               @ End Of Children Mark
	.byte	19                              @ Abbrev [19] 0x8f1:0xdc DW_TAG_lexical_block
	.long	.Ltmp212                        @ DW_AT_low_pc
	.long	.Ltmp243-.Ltmp212               @ DW_AT_high_pc
	.byte	14                              @ Abbrev [14] 0x8fa:0xf DW_TAG_variable
	.long	.Ldebug_loc86                   @ DW_AT_location
	.long	.Linfo_string74                 @ DW_AT_name
	.byte	8                               @ DW_AT_decl_file
	.byte	247                             @ DW_AT_decl_line
	.long	2783                            @ DW_AT_type
	.byte	14                              @ Abbrev [14] 0x909:0xf DW_TAG_variable
	.long	.Ldebug_loc87                   @ DW_AT_location
	.long	.Linfo_string79                 @ DW_AT_name
	.byte	8                               @ DW_AT_decl_file
	.byte	246                             @ DW_AT_decl_line
	.long	2783                            @ DW_AT_type
	.byte	14                              @ Abbrev [14] 0x918:0xf DW_TAG_variable
	.long	.Ldebug_loc88                   @ DW_AT_location
	.long	.Linfo_string82                 @ DW_AT_name
	.byte	8                               @ DW_AT_decl_file
	.byte	246                             @ DW_AT_decl_line
	.long	2783                            @ DW_AT_type
	.byte	14                              @ Abbrev [14] 0x927:0xf DW_TAG_variable
	.long	.Ldebug_loc89                   @ DW_AT_location
	.long	.Linfo_string72                 @ DW_AT_name
	.byte	8                               @ DW_AT_decl_file
	.byte	245                             @ DW_AT_decl_line
	.long	38                              @ DW_AT_type
	.byte	14                              @ Abbrev [14] 0x936:0xf DW_TAG_variable
	.long	.Ldebug_loc90                   @ DW_AT_location
	.long	.Linfo_string33                 @ DW_AT_name
	.byte	8                               @ DW_AT_decl_file
	.byte	245                             @ DW_AT_decl_line
	.long	38                              @ DW_AT_type
	.byte	20                              @ Abbrev [20] 0x945:0x10 DW_TAG_variable
	.long	.Ldebug_loc93                   @ DW_AT_location
	.long	.Linfo_string98                 @ DW_AT_name
	.byte	8                               @ DW_AT_decl_file
	.short	291                             @ DW_AT_decl_line
	.long	38                              @ DW_AT_type
	.byte	19                              @ Abbrev [19] 0x955:0x1a DW_TAG_lexical_block
	.long	.Ltmp215                        @ DW_AT_low_pc
	.long	.Ltmp218-.Ltmp215               @ DW_AT_high_pc
	.byte	20                              @ Abbrev [20] 0x95e:0x10 DW_TAG_variable
	.long	.Ldebug_loc91                   @ DW_AT_location
	.long	.Linfo_string85                 @ DW_AT_name
	.byte	8                               @ DW_AT_decl_file
	.short	265                             @ DW_AT_decl_line
	.long	38                              @ DW_AT_type
	.byte	0                               @ End Of Children Mark
	.byte	19                              @ Abbrev [19] 0x96f:0x26 DW_TAG_lexical_block
	.long	.Ltmp223                        @ DW_AT_low_pc
	.long	.Ltmp227-.Ltmp223               @ DW_AT_high_pc
	.byte	20                              @ Abbrev [20] 0x978:0x10 DW_TAG_variable
	.long	.Ldebug_loc92                   @ DW_AT_location
	.long	.Linfo_string85                 @ DW_AT_name
	.byte	8                               @ DW_AT_decl_file
	.short	282                             @ DW_AT_decl_line
	.long	38                              @ DW_AT_type
	.byte	21                              @ Abbrev [21] 0x988:0xc DW_TAG_variable
	.long	.Linfo_string89                 @ DW_AT_name
	.byte	8                               @ DW_AT_decl_file
	.short	281                             @ DW_AT_decl_line
	.long	6619                            @ DW_AT_type
	.byte	0                               @ End Of Children Mark
	.byte	22                              @ Abbrev [22] 0x995:0x17 DW_TAG_inlined_subroutine
	.long	280                             @ DW_AT_abstract_origin
	.long	.Ldebug_ranges12                @ DW_AT_ranges
	.byte	8                               @ DW_AT_call_file
	.short	292                             @ DW_AT_call_line
	.byte	27                              @ DW_AT_call_column
	.byte	23                              @ Abbrev [23] 0x9a2:0x9 DW_TAG_formal_parameter
	.long	.Ldebug_loc94                   @ DW_AT_location
	.long	292                             @ DW_AT_abstract_origin
	.byte	0                               @ End Of Children Mark
	.byte	22                              @ Abbrev [22] 0x9ac:0x20 DW_TAG_inlined_subroutine
	.long	1356                            @ DW_AT_abstract_origin
	.long	.Ldebug_ranges13                @ DW_AT_ranges
	.byte	8                               @ DW_AT_call_file
	.short	294                             @ DW_AT_call_line
	.byte	30                              @ DW_AT_call_column
	.byte	23                              @ Abbrev [23] 0x9b9:0x9 DW_TAG_formal_parameter
	.long	.Ldebug_loc96                   @ DW_AT_location
	.long	1368                            @ DW_AT_abstract_origin
	.byte	25                              @ Abbrev [25] 0x9c2:0x9 DW_TAG_variable
	.long	.Ldebug_loc95                   @ DW_AT_location
	.long	1390                            @ DW_AT_abstract_origin
	.byte	0                               @ End Of Children Mark
	.byte	0                               @ End Of Children Mark
	.byte	22                              @ Abbrev [22] 0x9cd:0x1e DW_TAG_inlined_subroutine
	.long	280                             @ DW_AT_abstract_origin
	.long	.Ldebug_ranges14                @ DW_AT_ranges
	.byte	8                               @ DW_AT_call_file
	.short	298                             @ DW_AT_call_line
	.byte	12                              @ DW_AT_call_column
	.byte	18                              @ Abbrev [18] 0x9da:0x10 DW_TAG_formal_parameter
	.byte	10                              @ DW_AT_location
	.byte	144
	.ascii	"\202\002"
	.byte	147
	.byte	8
	.byte	144
	.ascii	"\203\002"
	.byte	147
	.byte	8
	.long	292                             @ DW_AT_abstract_origin
	.byte	0                               @ End Of Children Mark
	.byte	0                               @ End Of Children Mark
	.byte	8                               @ Abbrev [8] 0x9ec:0x83 DW_TAG_subprogram
	.long	.Lfunc_begin4                   @ DW_AT_low_pc
	.long	.Lfunc_end4-.Lfunc_begin4       @ DW_AT_high_pc
	.byte	1                               @ DW_AT_frame_base
	.byte	93
                                        @ DW_AT_GNU_all_call_sites
	.long	.Linfo_string51                 @ DW_AT_name
	.byte	10                              @ DW_AT_decl_file
	.byte	68                              @ DW_AT_decl_line
                                        @ DW_AT_prototyped
                                        @ DW_AT_external
	.byte	9                               @ Abbrev [9] 0x9fd:0xd DW_TAG_formal_parameter
	.byte	1                               @ DW_AT_location
	.byte	80
	.long	.Linfo_string55                 @ DW_AT_name
	.byte	10                              @ DW_AT_decl_file
	.byte	68                              @ DW_AT_decl_line
	.long	6787                            @ DW_AT_type
	.byte	9                               @ Abbrev [9] 0xa0a:0xd DW_TAG_formal_parameter
	.byte	1                               @ DW_AT_location
	.byte	81
	.long	.Linfo_string56                 @ DW_AT_name
	.byte	10                              @ DW_AT_decl_file
	.byte	69                              @ DW_AT_decl_line
	.long	6576                            @ DW_AT_type
	.byte	9                               @ Abbrev [9] 0xa17:0xd DW_TAG_formal_parameter
	.byte	1                               @ DW_AT_location
	.byte	82
	.long	.Linfo_string59                 @ DW_AT_name
	.byte	10                              @ DW_AT_decl_file
	.byte	70                              @ DW_AT_decl_line
	.long	6576                            @ DW_AT_type
	.byte	9                               @ Abbrev [9] 0xa24:0xf DW_TAG_formal_parameter
	.byte	3                               @ DW_AT_location
	.byte	144
	.ascii	"\200\002"
	.long	.Linfo_string60                 @ DW_AT_name
	.byte	10                              @ DW_AT_decl_file
	.byte	71                              @ DW_AT_decl_line
	.long	155                             @ DW_AT_type
	.byte	9                               @ Abbrev [9] 0xa33:0xd DW_TAG_formal_parameter
	.byte	1                               @ DW_AT_location
	.byte	83
	.long	.Linfo_string61                 @ DW_AT_name
	.byte	10                              @ DW_AT_decl_file
	.byte	72                              @ DW_AT_decl_line
	.long	2783                            @ DW_AT_type
	.byte	9                               @ Abbrev [9] 0xa40:0xe DW_TAG_formal_parameter
	.byte	2                               @ DW_AT_location
	.byte	145
	.byte	8
	.long	.Linfo_string62                 @ DW_AT_name
	.byte	10                              @ DW_AT_decl_file
	.byte	73                              @ DW_AT_decl_line
	.long	2783                            @ DW_AT_type
	.byte	9                               @ Abbrev [9] 0xa4e:0xe DW_TAG_formal_parameter
	.byte	2                               @ DW_AT_location
	.byte	145
	.byte	12
	.long	.Linfo_string63                 @ DW_AT_name
	.byte	10                              @ DW_AT_decl_file
	.byte	74                              @ DW_AT_decl_line
	.long	6594                            @ DW_AT_type
	.byte	9                               @ Abbrev [9] 0xa5c:0x12 DW_TAG_formal_parameter
	.byte	6                               @ DW_AT_location
	.byte	144
	.ascii	"\200\002"
	.byte	157
	.byte	32
	.byte	32
	.long	.Linfo_string95                 @ DW_AT_name
	.byte	10                              @ DW_AT_decl_file
	.byte	75                              @ DW_AT_decl_line
	.long	155                             @ DW_AT_type
	.byte	0                               @ End Of Children Mark
	.byte	10                              @ Abbrev [10] 0xa6f:0x70 DW_TAG_subprogram
	.long	.Linfo_string19                 @ DW_AT_name
	.byte	9                               @ DW_AT_decl_file
	.byte	128                             @ DW_AT_decl_line
                                        @ DW_AT_prototyped
	.long	38                              @ DW_AT_type
	.byte	1                               @ DW_AT_inline
	.byte	11                              @ Abbrev [11] 0xa7b:0xb DW_TAG_formal_parameter
	.long	.Linfo_string16                 @ DW_AT_name
	.byte	9                               @ DW_AT_decl_file
	.byte	129                             @ DW_AT_decl_line
	.long	38                              @ DW_AT_type
	.byte	11                              @ Abbrev [11] 0xa86:0xb DW_TAG_formal_parameter
	.long	.Linfo_string20                 @ DW_AT_name
	.byte	9                               @ DW_AT_decl_file
	.byte	130                             @ DW_AT_decl_line
	.long	2783                            @ DW_AT_type
	.byte	12                              @ Abbrev [12] 0xa91:0xb DW_TAG_variable
	.long	.Linfo_string21                 @ DW_AT_name
	.byte	9                               @ DW_AT_decl_file
	.byte	132                             @ DW_AT_decl_line
	.long	38                              @ DW_AT_type
	.byte	12                              @ Abbrev [12] 0xa9c:0xb DW_TAG_variable
	.long	.Linfo_string22                 @ DW_AT_name
	.byte	9                               @ DW_AT_decl_file
	.byte	133                             @ DW_AT_decl_line
	.long	38                              @ DW_AT_type
	.byte	12                              @ Abbrev [12] 0xaa7:0xb DW_TAG_variable
	.long	.Linfo_string23                 @ DW_AT_name
	.byte	9                               @ DW_AT_decl_file
	.byte	134                             @ DW_AT_decl_line
	.long	38                              @ DW_AT_type
	.byte	12                              @ Abbrev [12] 0xab2:0xb DW_TAG_variable
	.long	.Linfo_string24                 @ DW_AT_name
	.byte	9                               @ DW_AT_decl_file
	.byte	135                             @ DW_AT_decl_line
	.long	38                              @ DW_AT_type
	.byte	12                              @ Abbrev [12] 0xabd:0xb DW_TAG_variable
	.long	.Linfo_string25                 @ DW_AT_name
	.byte	9                               @ DW_AT_decl_file
	.byte	136                             @ DW_AT_decl_line
	.long	38                              @ DW_AT_type
	.byte	12                              @ Abbrev [12] 0xac8:0xb DW_TAG_variable
	.long	.Linfo_string26                 @ DW_AT_name
	.byte	9                               @ DW_AT_decl_file
	.byte	137                             @ DW_AT_decl_line
	.long	38                              @ DW_AT_type
	.byte	12                              @ Abbrev [12] 0xad3:0xb DW_TAG_variable
	.long	.Linfo_string27                 @ DW_AT_name
	.byte	9                               @ DW_AT_decl_file
	.byte	138                             @ DW_AT_decl_line
	.long	38                              @ DW_AT_type
	.byte	0                               @ End Of Children Mark
	.byte	26                              @ Abbrev [26] 0xadf:0x5 DW_TAG_pointer_type
	.long	2788                            @ DW_AT_type
	.byte	27                              @ Abbrev [27] 0xae4:0x5 DW_TAG_const_type
	.long	155                             @ DW_AT_type
	.byte	10                              @ Abbrev [10] 0xae9:0x39 DW_TAG_subprogram
	.long	.Linfo_string28                 @ DW_AT_name
	.byte	9                               @ DW_AT_decl_file
	.byte	220                             @ DW_AT_decl_line
                                        @ DW_AT_prototyped
	.long	38                              @ DW_AT_type
	.byte	1                               @ DW_AT_inline
	.byte	11                              @ Abbrev [11] 0xaf5:0xb DW_TAG_formal_parameter
	.long	.Linfo_string16                 @ DW_AT_name
	.byte	9                               @ DW_AT_decl_file
	.byte	221                             @ DW_AT_decl_line
	.long	38                              @ DW_AT_type
	.byte	12                              @ Abbrev [12] 0xb00:0xb DW_TAG_variable
	.long	.Linfo_string29                 @ DW_AT_name
	.byte	9                               @ DW_AT_decl_file
	.byte	225                             @ DW_AT_decl_line
	.long	38                              @ DW_AT_type
	.byte	12                              @ Abbrev [12] 0xb0b:0xb DW_TAG_variable
	.long	.Linfo_string30                 @ DW_AT_name
	.byte	9                               @ DW_AT_decl_file
	.byte	224                             @ DW_AT_decl_line
	.long	113                             @ DW_AT_type
	.byte	12                              @ Abbrev [12] 0xb16:0xb DW_TAG_variable
	.long	.Linfo_string31                 @ DW_AT_name
	.byte	9                               @ DW_AT_decl_file
	.byte	228                             @ DW_AT_decl_line
	.long	38                              @ DW_AT_type
	.byte	0                               @ End Of Children Mark
	.byte	8                               @ Abbrev [8] 0xb22:0x5e8 DW_TAG_subprogram
	.long	.Lfunc_begin5                   @ DW_AT_low_pc
	.long	.Lfunc_end5-.Lfunc_begin5       @ DW_AT_high_pc
	.byte	1                               @ DW_AT_frame_base
	.byte	93
                                        @ DW_AT_GNU_all_call_sites
	.long	.Linfo_string52                 @ DW_AT_name
	.byte	11                              @ DW_AT_decl_file
	.byte	54                              @ DW_AT_decl_line
                                        @ DW_AT_prototyped
                                        @ DW_AT_external
	.byte	13                              @ Abbrev [13] 0xb33:0xf DW_TAG_formal_parameter
	.long	.Ldebug_loc97                   @ DW_AT_location
	.long	.Linfo_string55                 @ DW_AT_name
	.byte	11                              @ DW_AT_decl_file
	.byte	55                              @ DW_AT_decl_line
	.long	6892                            @ DW_AT_type
	.byte	13                              @ Abbrev [13] 0xb42:0xf DW_TAG_formal_parameter
	.long	.Ldebug_loc98                   @ DW_AT_location
	.long	.Linfo_string13                 @ DW_AT_name
	.byte	11                              @ DW_AT_decl_file
	.byte	56                              @ DW_AT_decl_line
	.long	2783                            @ DW_AT_type
	.byte	13                              @ Abbrev [13] 0xb51:0xf DW_TAG_formal_parameter
	.long	.Ldebug_loc99                   @ DW_AT_location
	.long	.Linfo_string65                 @ DW_AT_name
	.byte	11                              @ DW_AT_decl_file
	.byte	57                              @ DW_AT_decl_line
	.long	6614                            @ DW_AT_type
	.byte	14                              @ Abbrev [14] 0xb60:0xf DW_TAG_variable
	.long	.Ldebug_loc100                  @ DW_AT_location
	.long	.Linfo_string66                 @ DW_AT_name
	.byte	11                              @ DW_AT_decl_file
	.byte	68                              @ DW_AT_decl_line
	.long	2783                            @ DW_AT_type
	.byte	14                              @ Abbrev [14] 0xb6f:0xf DW_TAG_variable
	.long	.Ldebug_loc101                  @ DW_AT_location
	.long	.Linfo_string67                 @ DW_AT_name
	.byte	11                              @ DW_AT_decl_file
	.byte	63                              @ DW_AT_decl_line
	.long	2783                            @ DW_AT_type
	.byte	14                              @ Abbrev [14] 0xb7e:0xf DW_TAG_variable
	.long	.Ldebug_loc102                  @ DW_AT_location
	.long	.Linfo_string97                 @ DW_AT_name
	.byte	11                              @ DW_AT_decl_file
	.byte	70                              @ DW_AT_decl_line
	.long	38                              @ DW_AT_type
	.byte	14                              @ Abbrev [14] 0xb8d:0xf DW_TAG_variable
	.long	.Ldebug_loc103                  @ DW_AT_location
	.long	.Linfo_string68                 @ DW_AT_name
	.byte	11                              @ DW_AT_decl_file
	.byte	66                              @ DW_AT_decl_line
	.long	6576                            @ DW_AT_type
	.byte	14                              @ Abbrev [14] 0xb9c:0xf DW_TAG_variable
	.long	.Ldebug_loc104                  @ DW_AT_location
	.long	.Linfo_string69                 @ DW_AT_name
	.byte	11                              @ DW_AT_decl_file
	.byte	69                              @ DW_AT_decl_line
	.long	155                             @ DW_AT_type
	.byte	14                              @ Abbrev [14] 0xbab:0xf DW_TAG_variable
	.long	.Ldebug_loc105                  @ DW_AT_location
	.long	.Linfo_string70                 @ DW_AT_name
	.byte	11                              @ DW_AT_decl_file
	.byte	67                              @ DW_AT_decl_line
	.long	6576                            @ DW_AT_type
	.byte	14                              @ Abbrev [14] 0xbba:0xf DW_TAG_variable
	.long	.Ldebug_loc108                  @ DW_AT_location
	.long	.Linfo_string73                 @ DW_AT_name
	.byte	11                              @ DW_AT_decl_file
	.byte	64                              @ DW_AT_decl_line
	.long	2783                            @ DW_AT_type
	.byte	14                              @ Abbrev [14] 0xbc9:0xf DW_TAG_variable
	.long	.Ldebug_loc125                  @ DW_AT_location
	.long	.Linfo_string78                 @ DW_AT_name
	.byte	11                              @ DW_AT_decl_file
	.byte	65                              @ DW_AT_decl_line
	.long	2783                            @ DW_AT_type
	.byte	12                              @ Abbrev [12] 0xbd8:0xb DW_TAG_variable
	.long	.Linfo_string86                 @ DW_AT_name
	.byte	11                              @ DW_AT_decl_file
	.byte	60                              @ DW_AT_decl_line
	.long	6576                            @ DW_AT_type
	.byte	12                              @ Abbrev [12] 0xbe3:0xb DW_TAG_variable
	.long	.Linfo_string87                 @ DW_AT_name
	.byte	11                              @ DW_AT_decl_file
	.byte	61                              @ DW_AT_decl_line
	.long	6576                            @ DW_AT_type
	.byte	12                              @ Abbrev [12] 0xbee:0xb DW_TAG_variable
	.long	.Linfo_string88                 @ DW_AT_name
	.byte	11                              @ DW_AT_decl_file
	.byte	62                              @ DW_AT_decl_line
	.long	2783                            @ DW_AT_type
	.byte	15                              @ Abbrev [15] 0xbf9:0x20a DW_TAG_lexical_block
	.long	.Ldebug_ranges15                @ DW_AT_ranges
	.byte	14                              @ Abbrev [14] 0xbfe:0xf DW_TAG_variable
	.long	.Ldebug_loc106                  @ DW_AT_location
	.long	.Linfo_string71                 @ DW_AT_name
	.byte	11                              @ DW_AT_decl_file
	.byte	79                              @ DW_AT_decl_line
	.long	2783                            @ DW_AT_type
	.byte	14                              @ Abbrev [14] 0xc0d:0xf DW_TAG_variable
	.long	.Ldebug_loc107                  @ DW_AT_location
	.long	.Linfo_string75                 @ DW_AT_name
	.byte	11                              @ DW_AT_decl_file
	.byte	80                              @ DW_AT_decl_line
	.long	38                              @ DW_AT_type
	.byte	16                              @ Abbrev [16] 0xc1c:0xd DW_TAG_variable
	.byte	1                               @ DW_AT_location
	.byte	90
	.long	.Linfo_string74                 @ DW_AT_name
	.byte	11                              @ DW_AT_decl_file
	.byte	81                              @ DW_AT_decl_line
	.long	2783                            @ DW_AT_type
	.byte	14                              @ Abbrev [14] 0xc29:0xf DW_TAG_variable
	.long	.Ldebug_loc109                  @ DW_AT_location
	.long	.Linfo_string72                 @ DW_AT_name
	.byte	11                              @ DW_AT_decl_file
	.byte	80                              @ DW_AT_decl_line
	.long	38                              @ DW_AT_type
	.byte	14                              @ Abbrev [14] 0xc38:0xf DW_TAG_variable
	.long	.Ldebug_loc110                  @ DW_AT_location
	.long	.Linfo_string77                 @ DW_AT_name
	.byte	11                              @ DW_AT_decl_file
	.byte	80                              @ DW_AT_decl_line
	.long	38                              @ DW_AT_type
	.byte	14                              @ Abbrev [14] 0xc47:0xf DW_TAG_variable
	.long	.Ldebug_loc111                  @ DW_AT_location
	.long	.Linfo_string76                 @ DW_AT_name
	.byte	11                              @ DW_AT_decl_file
	.byte	80                              @ DW_AT_decl_line
	.long	38                              @ DW_AT_type
	.byte	14                              @ Abbrev [14] 0xc56:0xf DW_TAG_variable
	.long	.Ldebug_loc112                  @ DW_AT_location
	.long	.Linfo_string98                 @ DW_AT_name
	.byte	11                              @ DW_AT_decl_file
	.byte	162                             @ DW_AT_decl_line
	.long	38                              @ DW_AT_type
	.byte	14                              @ Abbrev [14] 0xc65:0xf DW_TAG_variable
	.long	.Ldebug_loc126                  @ DW_AT_location
	.long	.Linfo_string79                 @ DW_AT_name
	.byte	11                              @ DW_AT_decl_file
	.byte	79                              @ DW_AT_decl_line
	.long	2783                            @ DW_AT_type
	.byte	14                              @ Abbrev [14] 0xc74:0xf DW_TAG_variable
	.long	.Ldebug_loc127                  @ DW_AT_location
	.long	.Linfo_string80                 @ DW_AT_name
	.byte	11                              @ DW_AT_decl_file
	.byte	79                              @ DW_AT_decl_line
	.long	2783                            @ DW_AT_type
	.byte	14                              @ Abbrev [14] 0xc83:0xf DW_TAG_variable
	.long	.Ldebug_loc128                  @ DW_AT_location
	.long	.Linfo_string81                 @ DW_AT_name
	.byte	11                              @ DW_AT_decl_file
	.byte	79                              @ DW_AT_decl_line
	.long	2783                            @ DW_AT_type
	.byte	14                              @ Abbrev [14] 0xc92:0xf DW_TAG_variable
	.long	.Ldebug_loc129                  @ DW_AT_location
	.long	.Linfo_string82                 @ DW_AT_name
	.byte	11                              @ DW_AT_decl_file
	.byte	79                              @ DW_AT_decl_line
	.long	2783                            @ DW_AT_type
	.byte	14                              @ Abbrev [14] 0xca1:0xf DW_TAG_variable
	.long	.Ldebug_loc130                  @ DW_AT_location
	.long	.Linfo_string83                 @ DW_AT_name
	.byte	11                              @ DW_AT_decl_file
	.byte	78                              @ DW_AT_decl_line
	.long	2783                            @ DW_AT_type
	.byte	14                              @ Abbrev [14] 0xcb0:0xf DW_TAG_variable
	.long	.Ldebug_loc131                  @ DW_AT_location
	.long	.Linfo_string84                 @ DW_AT_name
	.byte	11                              @ DW_AT_decl_file
	.byte	78                              @ DW_AT_decl_line
	.long	2783                            @ DW_AT_type
	.byte	14                              @ Abbrev [14] 0xcbf:0xf DW_TAG_variable
	.long	.Ldebug_loc132                  @ DW_AT_location
	.long	.Linfo_string33                 @ DW_AT_name
	.byte	11                              @ DW_AT_decl_file
	.byte	80                              @ DW_AT_decl_line
	.long	38                              @ DW_AT_type
	.byte	28                              @ Abbrev [28] 0xcce:0xc DW_TAG_inlined_subroutine
	.long	280                             @ DW_AT_abstract_origin
	.long	.Ldebug_ranges16                @ DW_AT_ranges
	.byte	11                              @ DW_AT_call_file
	.byte	164                             @ DW_AT_call_line
	.byte	27                              @ DW_AT_call_column
	.byte	24                              @ Abbrev [24] 0xcda:0x1d DW_TAG_inlined_subroutine
	.long	280                             @ DW_AT_abstract_origin
	.long	.Ldebug_ranges17                @ DW_AT_ranges
	.byte	11                              @ DW_AT_call_file
	.byte	163                             @ DW_AT_call_line
	.byte	27                              @ DW_AT_call_column
	.byte	18                              @ Abbrev [18] 0xce6:0x10 DW_TAG_formal_parameter
	.byte	10                              @ DW_AT_location
	.byte	144
	.ascii	"\214\002"
	.byte	147
	.byte	8
	.byte	144
	.ascii	"\215\002"
	.byte	147
	.byte	8
	.long	292                             @ DW_AT_abstract_origin
	.byte	0                               @ End Of Children Mark
	.byte	24                              @ Abbrev [24] 0xcf7:0x16 DW_TAG_inlined_subroutine
	.long	280                             @ DW_AT_abstract_origin
	.long	.Ldebug_ranges18                @ DW_AT_ranges
	.byte	11                              @ DW_AT_call_file
	.byte	166                             @ DW_AT_call_line
	.byte	27                              @ DW_AT_call_column
	.byte	23                              @ Abbrev [23] 0xd03:0x9 DW_TAG_formal_parameter
	.long	.Ldebug_loc113                  @ DW_AT_location
	.long	292                             @ DW_AT_abstract_origin
	.byte	0                               @ End Of Children Mark
	.byte	24                              @ Abbrev [24] 0xd0d:0x1d DW_TAG_inlined_subroutine
	.long	280                             @ DW_AT_abstract_origin
	.long	.Ldebug_ranges19                @ DW_AT_ranges
	.byte	11                              @ DW_AT_call_file
	.byte	165                             @ DW_AT_call_line
	.byte	27                              @ DW_AT_call_column
	.byte	18                              @ Abbrev [18] 0xd19:0x10 DW_TAG_formal_parameter
	.byte	10                              @ DW_AT_location
	.byte	144
	.ascii	"\212\002"
	.byte	147
	.byte	8
	.byte	144
	.ascii	"\213\002"
	.byte	147
	.byte	8
	.long	292                             @ DW_AT_abstract_origin
	.byte	0                               @ End Of Children Mark
	.byte	24                              @ Abbrev [24] 0xd2a:0x7d DW_TAG_inlined_subroutine
	.long	2793                            @ DW_AT_abstract_origin
	.long	.Ldebug_ranges20                @ DW_AT_ranges
	.byte	11                              @ DW_AT_call_file
	.byte	170                             @ DW_AT_call_line
	.byte	23                              @ DW_AT_call_column
	.byte	23                              @ Abbrev [23] 0xd36:0x9 DW_TAG_formal_parameter
	.long	.Ldebug_loc114                  @ DW_AT_location
	.long	2805                            @ DW_AT_abstract_origin
	.byte	25                              @ Abbrev [25] 0xd3f:0x9 DW_TAG_variable
	.long	.Ldebug_loc116                  @ DW_AT_location
	.long	2816                            @ DW_AT_abstract_origin
	.byte	25                              @ Abbrev [25] 0xd48:0x9 DW_TAG_variable
	.long	.Ldebug_loc122                  @ DW_AT_location
	.long	2827                            @ DW_AT_abstract_origin
	.byte	25                              @ Abbrev [25] 0xd51:0x9 DW_TAG_variable
	.long	.Ldebug_loc124                  @ DW_AT_location
	.long	2838                            @ DW_AT_abstract_origin
	.byte	24                              @ Abbrev [24] 0xd5a:0x4c DW_TAG_inlined_subroutine
	.long	2671                            @ DW_AT_abstract_origin
	.long	.Ldebug_ranges21                @ DW_AT_ranges
	.byte	9                               @ DW_AT_call_file
	.byte	228                             @ DW_AT_call_line
	.byte	28                              @ DW_AT_call_column
	.byte	23                              @ Abbrev [23] 0xd66:0x9 DW_TAG_formal_parameter
	.long	.Ldebug_loc115                  @ DW_AT_location
	.long	2683                            @ DW_AT_abstract_origin
	.byte	25                              @ Abbrev [25] 0xd6f:0x9 DW_TAG_variable
	.long	.Ldebug_loc117                  @ DW_AT_location
	.long	2705                            @ DW_AT_abstract_origin
	.byte	25                              @ Abbrev [25] 0xd78:0x9 DW_TAG_variable
	.long	.Ldebug_loc118                  @ DW_AT_location
	.long	2716                            @ DW_AT_abstract_origin
	.byte	25                              @ Abbrev [25] 0xd81:0x9 DW_TAG_variable
	.long	.Ldebug_loc119                  @ DW_AT_location
	.long	2727                            @ DW_AT_abstract_origin
	.byte	25                              @ Abbrev [25] 0xd8a:0x9 DW_TAG_variable
	.long	.Ldebug_loc120                  @ DW_AT_location
	.long	2738                            @ DW_AT_abstract_origin
	.byte	25                              @ Abbrev [25] 0xd93:0x9 DW_TAG_variable
	.long	.Ldebug_loc121                  @ DW_AT_location
	.long	2749                            @ DW_AT_abstract_origin
	.byte	25                              @ Abbrev [25] 0xd9c:0x9 DW_TAG_variable
	.long	.Ldebug_loc123                  @ DW_AT_location
	.long	2760                            @ DW_AT_abstract_origin
	.byte	0                               @ End Of Children Mark
	.byte	0                               @ End Of Children Mark
	.byte	19                              @ Abbrev [19] 0xda7:0x28 DW_TAG_lexical_block
	.long	.Ltmp316                        @ DW_AT_low_pc
	.long	.Ltmp330-.Ltmp316               @ DW_AT_high_pc
	.byte	14                              @ Abbrev [14] 0xdb0:0xf DW_TAG_variable
	.long	.Ldebug_loc133                  @ DW_AT_location
	.long	.Linfo_string85                 @ DW_AT_name
	.byte	11                              @ DW_AT_decl_file
	.byte	109                             @ DW_AT_decl_line
	.long	38                              @ DW_AT_type
	.byte	14                              @ Abbrev [14] 0xdbf:0xf DW_TAG_variable
	.long	.Ldebug_loc134                  @ DW_AT_location
	.long	.Linfo_string100                @ DW_AT_name
	.byte	11                              @ DW_AT_decl_file
	.byte	110                             @ DW_AT_decl_line
	.long	38                              @ DW_AT_type
	.byte	0                               @ End Of Children Mark
	.byte	19                              @ Abbrev [19] 0xdcf:0x33 DW_TAG_lexical_block
	.long	.Ltmp332                        @ DW_AT_low_pc
	.long	.Ltmp347-.Ltmp332               @ DW_AT_high_pc
	.byte	14                              @ Abbrev [14] 0xdd8:0xf DW_TAG_variable
	.long	.Ldebug_loc135                  @ DW_AT_location
	.long	.Linfo_string85                 @ DW_AT_name
	.byte	11                              @ DW_AT_decl_file
	.byte	140                             @ DW_AT_decl_line
	.long	38                              @ DW_AT_type
	.byte	14                              @ Abbrev [14] 0xde7:0xf DW_TAG_variable
	.long	.Ldebug_loc136                  @ DW_AT_location
	.long	.Linfo_string100                @ DW_AT_name
	.byte	11                              @ DW_AT_decl_file
	.byte	141                             @ DW_AT_decl_line
	.long	38                              @ DW_AT_type
	.byte	12                              @ Abbrev [12] 0xdf6:0xb DW_TAG_variable
	.long	.Linfo_string89                 @ DW_AT_name
	.byte	11                              @ DW_AT_decl_file
	.byte	139                             @ DW_AT_decl_line
	.long	6619                            @ DW_AT_type
	.byte	0                               @ End Of Children Mark
	.byte	0                               @ End Of Children Mark
	.byte	19                              @ Abbrev [19] 0xe03:0x191 DW_TAG_lexical_block
	.long	.Ltmp350                        @ DW_AT_low_pc
	.long	.Ltmp403-.Ltmp350               @ DW_AT_high_pc
	.byte	16                              @ Abbrev [16] 0xe0c:0xd DW_TAG_variable
	.byte	1                               @ DW_AT_location
	.byte	90
	.long	.Linfo_string74                 @ DW_AT_name
	.byte	11                              @ DW_AT_decl_file
	.byte	185                             @ DW_AT_decl_line
	.long	2783                            @ DW_AT_type
	.byte	14                              @ Abbrev [14] 0xe19:0xf DW_TAG_variable
	.long	.Ldebug_loc137                  @ DW_AT_location
	.long	.Linfo_string72                 @ DW_AT_name
	.byte	11                              @ DW_AT_decl_file
	.byte	184                             @ DW_AT_decl_line
	.long	38                              @ DW_AT_type
	.byte	14                              @ Abbrev [14] 0xe28:0xf DW_TAG_variable
	.long	.Ldebug_loc138                  @ DW_AT_location
	.long	.Linfo_string77                 @ DW_AT_name
	.byte	11                              @ DW_AT_decl_file
	.byte	184                             @ DW_AT_decl_line
	.long	38                              @ DW_AT_type
	.byte	14                              @ Abbrev [14] 0xe37:0xf DW_TAG_variable
	.long	.Ldebug_loc139                  @ DW_AT_location
	.long	.Linfo_string82                 @ DW_AT_name
	.byte	11                              @ DW_AT_decl_file
	.byte	183                             @ DW_AT_decl_line
	.long	2783                            @ DW_AT_type
	.byte	14                              @ Abbrev [14] 0xe46:0xf DW_TAG_variable
	.long	.Ldebug_loc140                  @ DW_AT_location
	.long	.Linfo_string79                 @ DW_AT_name
	.byte	11                              @ DW_AT_decl_file
	.byte	183                             @ DW_AT_decl_line
	.long	2783                            @ DW_AT_type
	.byte	14                              @ Abbrev [14] 0xe55:0xf DW_TAG_variable
	.long	.Ldebug_loc141                  @ DW_AT_location
	.long	.Linfo_string81                 @ DW_AT_name
	.byte	11                              @ DW_AT_decl_file
	.byte	183                             @ DW_AT_decl_line
	.long	2783                            @ DW_AT_type
	.byte	14                              @ Abbrev [14] 0xe64:0xf DW_TAG_variable
	.long	.Ldebug_loc142                  @ DW_AT_location
	.long	.Linfo_string33                 @ DW_AT_name
	.byte	11                              @ DW_AT_decl_file
	.byte	184                             @ DW_AT_decl_line
	.long	38                              @ DW_AT_type
	.byte	14                              @ Abbrev [14] 0xe73:0xf DW_TAG_variable
	.long	.Ldebug_loc147                  @ DW_AT_location
	.long	.Linfo_string98                 @ DW_AT_name
	.byte	11                              @ DW_AT_decl_file
	.byte	242                             @ DW_AT_decl_line
	.long	38                              @ DW_AT_type
	.byte	19                              @ Abbrev [19] 0xe82:0x28 DW_TAG_lexical_block
	.long	.Ltmp355                        @ DW_AT_low_pc
	.long	.Ltmp362-.Ltmp355               @ DW_AT_high_pc
	.byte	14                              @ Abbrev [14] 0xe8b:0xf DW_TAG_variable
	.long	.Ldebug_loc143                  @ DW_AT_location
	.long	.Linfo_string85                 @ DW_AT_name
	.byte	11                              @ DW_AT_decl_file
	.byte	206                             @ DW_AT_decl_line
	.long	38                              @ DW_AT_type
	.byte	14                              @ Abbrev [14] 0xe9a:0xf DW_TAG_variable
	.long	.Ldebug_loc144                  @ DW_AT_location
	.long	.Linfo_string100                @ DW_AT_name
	.byte	11                              @ DW_AT_decl_file
	.byte	207                             @ DW_AT_decl_line
	.long	38                              @ DW_AT_type
	.byte	0                               @ End Of Children Mark
	.byte	19                              @ Abbrev [19] 0xeaa:0x33 DW_TAG_lexical_block
	.long	.Ltmp366                        @ DW_AT_low_pc
	.long	.Ltmp374-.Ltmp366               @ DW_AT_high_pc
	.byte	14                              @ Abbrev [14] 0xeb3:0xf DW_TAG_variable
	.long	.Ldebug_loc145                  @ DW_AT_location
	.long	.Linfo_string85                 @ DW_AT_name
	.byte	11                              @ DW_AT_decl_file
	.byte	229                             @ DW_AT_decl_line
	.long	38                              @ DW_AT_type
	.byte	14                              @ Abbrev [14] 0xec2:0xf DW_TAG_variable
	.long	.Ldebug_loc146                  @ DW_AT_location
	.long	.Linfo_string100                @ DW_AT_name
	.byte	11                              @ DW_AT_decl_file
	.byte	229                             @ DW_AT_decl_line
	.long	38                              @ DW_AT_type
	.byte	12                              @ Abbrev [12] 0xed1:0xb DW_TAG_variable
	.long	.Linfo_string89                 @ DW_AT_name
	.byte	11                              @ DW_AT_decl_file
	.byte	228                             @ DW_AT_decl_line
	.long	6619                            @ DW_AT_type
	.byte	0                               @ End Of Children Mark
	.byte	24                              @ Abbrev [24] 0xedd:0x16 DW_TAG_inlined_subroutine
	.long	280                             @ DW_AT_abstract_origin
	.long	.Ldebug_ranges22                @ DW_AT_ranges
	.byte	11                              @ DW_AT_call_file
	.byte	243                             @ DW_AT_call_line
	.byte	27                              @ DW_AT_call_column
	.byte	23                              @ Abbrev [23] 0xee9:0x9 DW_TAG_formal_parameter
	.long	.Ldebug_loc148                  @ DW_AT_location
	.long	292                             @ DW_AT_abstract_origin
	.byte	0                               @ End Of Children Mark
	.byte	24                              @ Abbrev [24] 0xef3:0x16 DW_TAG_inlined_subroutine
	.long	280                             @ DW_AT_abstract_origin
	.long	.Ldebug_ranges23                @ DW_AT_ranges
	.byte	11                              @ DW_AT_call_file
	.byte	244                             @ DW_AT_call_line
	.byte	27                              @ DW_AT_call_column
	.byte	23                              @ Abbrev [23] 0xeff:0x9 DW_TAG_formal_parameter
	.long	.Ldebug_loc149                  @ DW_AT_location
	.long	292                             @ DW_AT_abstract_origin
	.byte	0                               @ End Of Children Mark
	.byte	17                              @ Abbrev [17] 0xf09:0x8a DW_TAG_inlined_subroutine
	.long	2793                            @ DW_AT_abstract_origin
	.long	.Ltmp382                        @ DW_AT_low_pc
	.long	.Ltmp401-.Ltmp382               @ DW_AT_high_pc
	.byte	11                              @ DW_AT_call_file
	.byte	248                             @ DW_AT_call_line
	.byte	25                              @ DW_AT_call_column
	.byte	23                              @ Abbrev [23] 0xf19:0x9 DW_TAG_formal_parameter
	.long	.Ldebug_loc150                  @ DW_AT_location
	.long	2805                            @ DW_AT_abstract_origin
	.byte	25                              @ Abbrev [25] 0xf22:0x9 DW_TAG_variable
	.long	.Ldebug_loc153                  @ DW_AT_location
	.long	2816                            @ DW_AT_abstract_origin
	.byte	25                              @ Abbrev [25] 0xf2b:0x9 DW_TAG_variable
	.long	.Ldebug_loc159                  @ DW_AT_location
	.long	2827                            @ DW_AT_abstract_origin
	.byte	25                              @ Abbrev [25] 0xf34:0x9 DW_TAG_variable
	.long	.Ldebug_loc161                  @ DW_AT_location
	.long	2838                            @ DW_AT_abstract_origin
	.byte	24                              @ Abbrev [24] 0xf3d:0x55 DW_TAG_inlined_subroutine
	.long	2671                            @ DW_AT_abstract_origin
	.long	.Ldebug_ranges24                @ DW_AT_ranges
	.byte	9                               @ DW_AT_call_file
	.byte	228                             @ DW_AT_call_line
	.byte	28                              @ DW_AT_call_column
	.byte	23                              @ Abbrev [23] 0xf49:0x9 DW_TAG_formal_parameter
	.long	.Ldebug_loc152                  @ DW_AT_location
	.long	2683                            @ DW_AT_abstract_origin
	.byte	23                              @ Abbrev [23] 0xf52:0x9 DW_TAG_formal_parameter
	.long	.Ldebug_loc151                  @ DW_AT_location
	.long	2694                            @ DW_AT_abstract_origin
	.byte	25                              @ Abbrev [25] 0xf5b:0x9 DW_TAG_variable
	.long	.Ldebug_loc154                  @ DW_AT_location
	.long	2705                            @ DW_AT_abstract_origin
	.byte	25                              @ Abbrev [25] 0xf64:0x9 DW_TAG_variable
	.long	.Ldebug_loc155                  @ DW_AT_location
	.long	2716                            @ DW_AT_abstract_origin
	.byte	25                              @ Abbrev [25] 0xf6d:0x9 DW_TAG_variable
	.long	.Ldebug_loc156                  @ DW_AT_location
	.long	2727                            @ DW_AT_abstract_origin
	.byte	25                              @ Abbrev [25] 0xf76:0x9 DW_TAG_variable
	.long	.Ldebug_loc157                  @ DW_AT_location
	.long	2738                            @ DW_AT_abstract_origin
	.byte	25                              @ Abbrev [25] 0xf7f:0x9 DW_TAG_variable
	.long	.Ldebug_loc158                  @ DW_AT_location
	.long	2749                            @ DW_AT_abstract_origin
	.byte	25                              @ Abbrev [25] 0xf88:0x9 DW_TAG_variable
	.long	.Ldebug_loc160                  @ DW_AT_location
	.long	2760                            @ DW_AT_abstract_origin
	.byte	0                               @ End Of Children Mark
	.byte	0                               @ End Of Children Mark
	.byte	0                               @ End Of Children Mark
	.byte	19                              @ Abbrev [19] 0xf94:0x15e DW_TAG_lexical_block
	.long	.Ltmp406                        @ DW_AT_low_pc
	.long	.Ltmp451-.Ltmp406               @ DW_AT_high_pc
	.byte	20                              @ Abbrev [20] 0xf9d:0x10 DW_TAG_variable
	.long	.Ldebug_loc162                  @ DW_AT_location
	.long	.Linfo_string74                 @ DW_AT_name
	.byte	11                              @ DW_AT_decl_file
	.short	258                             @ DW_AT_decl_line
	.long	2783                            @ DW_AT_type
	.byte	20                              @ Abbrev [20] 0xfad:0x10 DW_TAG_variable
	.long	.Ldebug_loc163                  @ DW_AT_location
	.long	.Linfo_string79                 @ DW_AT_name
	.byte	11                              @ DW_AT_decl_file
	.short	257                             @ DW_AT_decl_line
	.long	2783                            @ DW_AT_type
	.byte	20                              @ Abbrev [20] 0xfbd:0x10 DW_TAG_variable
	.long	.Ldebug_loc164                  @ DW_AT_location
	.long	.Linfo_string82                 @ DW_AT_name
	.byte	11                              @ DW_AT_decl_file
	.short	257                             @ DW_AT_decl_line
	.long	2783                            @ DW_AT_type
	.byte	20                              @ Abbrev [20] 0xfcd:0x10 DW_TAG_variable
	.long	.Ldebug_loc165                  @ DW_AT_location
	.long	.Linfo_string72                 @ DW_AT_name
	.byte	11                              @ DW_AT_decl_file
	.short	256                             @ DW_AT_decl_line
	.long	38                              @ DW_AT_type
	.byte	20                              @ Abbrev [20] 0xfdd:0x10 DW_TAG_variable
	.long	.Ldebug_loc166                  @ DW_AT_location
	.long	.Linfo_string33                 @ DW_AT_name
	.byte	11                              @ DW_AT_decl_file
	.short	256                             @ DW_AT_decl_line
	.long	38                              @ DW_AT_type
	.byte	20                              @ Abbrev [20] 0xfed:0x10 DW_TAG_variable
	.long	.Ldebug_loc171                  @ DW_AT_location
	.long	.Linfo_string98                 @ DW_AT_name
	.byte	11                              @ DW_AT_decl_file
	.short	304                             @ DW_AT_decl_line
	.long	38                              @ DW_AT_type
	.byte	19                              @ Abbrev [19] 0xffd:0x2a DW_TAG_lexical_block
	.long	.Ltmp409                        @ DW_AT_low_pc
	.long	.Ltmp413-.Ltmp409               @ DW_AT_high_pc
	.byte	20                              @ Abbrev [20] 0x1006:0x10 DW_TAG_variable
	.long	.Ldebug_loc167                  @ DW_AT_location
	.long	.Linfo_string85                 @ DW_AT_name
	.byte	11                              @ DW_AT_decl_file
	.short	276                             @ DW_AT_decl_line
	.long	38                              @ DW_AT_type
	.byte	20                              @ Abbrev [20] 0x1016:0x10 DW_TAG_variable
	.long	.Ldebug_loc168                  @ DW_AT_location
	.long	.Linfo_string100                @ DW_AT_name
	.byte	11                              @ DW_AT_decl_file
	.short	276                             @ DW_AT_decl_line
	.long	38                              @ DW_AT_type
	.byte	0                               @ End Of Children Mark
	.byte	19                              @ Abbrev [19] 0x1027:0x36 DW_TAG_lexical_block
	.long	.Ltmp418                        @ DW_AT_low_pc
	.long	.Ltmp423-.Ltmp418               @ DW_AT_high_pc
	.byte	20                              @ Abbrev [20] 0x1030:0x10 DW_TAG_variable
	.long	.Ldebug_loc169                  @ DW_AT_location
	.long	.Linfo_string85                 @ DW_AT_name
	.byte	11                              @ DW_AT_decl_file
	.short	294                             @ DW_AT_decl_line
	.long	38                              @ DW_AT_type
	.byte	20                              @ Abbrev [20] 0x1040:0x10 DW_TAG_variable
	.long	.Ldebug_loc170                  @ DW_AT_location
	.long	.Linfo_string100                @ DW_AT_name
	.byte	11                              @ DW_AT_decl_file
	.short	294                             @ DW_AT_decl_line
	.long	38                              @ DW_AT_type
	.byte	21                              @ Abbrev [21] 0x1050:0xc DW_TAG_variable
	.long	.Linfo_string89                 @ DW_AT_name
	.byte	11                              @ DW_AT_decl_file
	.short	293                             @ DW_AT_decl_line
	.long	6619                            @ DW_AT_type
	.byte	0                               @ End Of Children Mark
	.byte	29                              @ Abbrev [29] 0x105d:0xd DW_TAG_inlined_subroutine
	.long	280                             @ DW_AT_abstract_origin
	.long	.Ldebug_ranges25                @ DW_AT_ranges
	.byte	11                              @ DW_AT_call_file
	.short	305                             @ DW_AT_call_line
	.byte	27                              @ DW_AT_call_column
	.byte	22                              @ Abbrev [22] 0x106a:0x87 DW_TAG_inlined_subroutine
	.long	2793                            @ DW_AT_abstract_origin
	.long	.Ldebug_ranges26                @ DW_AT_ranges
	.byte	11                              @ DW_AT_call_file
	.short	309                             @ DW_AT_call_line
	.byte	25                              @ DW_AT_call_column
	.byte	23                              @ Abbrev [23] 0x1077:0x9 DW_TAG_formal_parameter
	.long	.Ldebug_loc172                  @ DW_AT_location
	.long	2805                            @ DW_AT_abstract_origin
	.byte	25                              @ Abbrev [25] 0x1080:0x9 DW_TAG_variable
	.long	.Ldebug_loc175                  @ DW_AT_location
	.long	2816                            @ DW_AT_abstract_origin
	.byte	25                              @ Abbrev [25] 0x1089:0x9 DW_TAG_variable
	.long	.Ldebug_loc181                  @ DW_AT_location
	.long	2827                            @ DW_AT_abstract_origin
	.byte	25                              @ Abbrev [25] 0x1092:0x9 DW_TAG_variable
	.long	.Ldebug_loc183                  @ DW_AT_location
	.long	2838                            @ DW_AT_abstract_origin
	.byte	24                              @ Abbrev [24] 0x109b:0x55 DW_TAG_inlined_subroutine
	.long	2671                            @ DW_AT_abstract_origin
	.long	.Ldebug_ranges27                @ DW_AT_ranges
	.byte	9                               @ DW_AT_call_file
	.byte	228                             @ DW_AT_call_line
	.byte	28                              @ DW_AT_call_column
	.byte	23                              @ Abbrev [23] 0x10a7:0x9 DW_TAG_formal_parameter
	.long	.Ldebug_loc174                  @ DW_AT_location
	.long	2683                            @ DW_AT_abstract_origin
	.byte	23                              @ Abbrev [23] 0x10b0:0x9 DW_TAG_formal_parameter
	.long	.Ldebug_loc173                  @ DW_AT_location
	.long	2694                            @ DW_AT_abstract_origin
	.byte	25                              @ Abbrev [25] 0x10b9:0x9 DW_TAG_variable
	.long	.Ldebug_loc176                  @ DW_AT_location
	.long	2705                            @ DW_AT_abstract_origin
	.byte	25                              @ Abbrev [25] 0x10c2:0x9 DW_TAG_variable
	.long	.Ldebug_loc177                  @ DW_AT_location
	.long	2716                            @ DW_AT_abstract_origin
	.byte	25                              @ Abbrev [25] 0x10cb:0x9 DW_TAG_variable
	.long	.Ldebug_loc178                  @ DW_AT_location
	.long	2727                            @ DW_AT_abstract_origin
	.byte	25                              @ Abbrev [25] 0x10d4:0x9 DW_TAG_variable
	.long	.Ldebug_loc179                  @ DW_AT_location
	.long	2738                            @ DW_AT_abstract_origin
	.byte	25                              @ Abbrev [25] 0x10dd:0x9 DW_TAG_variable
	.long	.Ldebug_loc180                  @ DW_AT_location
	.long	2749                            @ DW_AT_abstract_origin
	.byte	25                              @ Abbrev [25] 0x10e6:0x9 DW_TAG_variable
	.long	.Ldebug_loc182                  @ DW_AT_location
	.long	2760                            @ DW_AT_abstract_origin
	.byte	0                               @ End Of Children Mark
	.byte	0                               @ End Of Children Mark
	.byte	0                               @ End Of Children Mark
	.byte	22                              @ Abbrev [22] 0x10f2:0x17 DW_TAG_inlined_subroutine
	.long	280                             @ DW_AT_abstract_origin
	.long	.Ldebug_ranges28                @ DW_AT_ranges
	.byte	11                              @ DW_AT_call_file
	.short	314                             @ DW_AT_call_line
	.byte	12                              @ DW_AT_call_column
	.byte	23                              @ Abbrev [23] 0x10ff:0x9 DW_TAG_formal_parameter
	.long	.Ldebug_loc184                  @ DW_AT_location
	.long	292                             @ DW_AT_abstract_origin
	.byte	0                               @ End Of Children Mark
	.byte	0                               @ End Of Children Mark
	.byte	8                               @ Abbrev [8] 0x110a:0x92 DW_TAG_subprogram
	.long	.Lfunc_begin6                   @ DW_AT_low_pc
	.long	.Lfunc_end6-.Lfunc_begin6       @ DW_AT_high_pc
	.byte	1                               @ DW_AT_frame_base
	.byte	93
                                        @ DW_AT_GNU_all_call_sites
	.long	.Linfo_string53                 @ DW_AT_name
	.byte	12                              @ DW_AT_decl_file
	.byte	68                              @ DW_AT_decl_line
                                        @ DW_AT_prototyped
                                        @ DW_AT_external
	.byte	9                               @ Abbrev [9] 0x111b:0xd DW_TAG_formal_parameter
	.byte	1                               @ DW_AT_location
	.byte	80
	.long	.Linfo_string55                 @ DW_AT_name
	.byte	12                              @ DW_AT_decl_file
	.byte	68                              @ DW_AT_decl_line
	.long	6902                            @ DW_AT_type
	.byte	9                               @ Abbrev [9] 0x1128:0xd DW_TAG_formal_parameter
	.byte	1                               @ DW_AT_location
	.byte	81
	.long	.Linfo_string56                 @ DW_AT_name
	.byte	12                              @ DW_AT_decl_file
	.byte	69                              @ DW_AT_decl_line
	.long	6576                            @ DW_AT_type
	.byte	9                               @ Abbrev [9] 0x1135:0xd DW_TAG_formal_parameter
	.byte	1                               @ DW_AT_location
	.byte	82
	.long	.Linfo_string59                 @ DW_AT_name
	.byte	12                              @ DW_AT_decl_file
	.byte	70                              @ DW_AT_decl_line
	.long	6576                            @ DW_AT_type
	.byte	9                               @ Abbrev [9] 0x1142:0xf DW_TAG_formal_parameter
	.byte	3                               @ DW_AT_location
	.byte	144
	.ascii	"\200\002"
	.long	.Linfo_string60                 @ DW_AT_name
	.byte	12                              @ DW_AT_decl_file
	.byte	71                              @ DW_AT_decl_line
	.long	155                             @ DW_AT_type
	.byte	9                               @ Abbrev [9] 0x1151:0xd DW_TAG_formal_parameter
	.byte	1                               @ DW_AT_location
	.byte	83
	.long	.Linfo_string61                 @ DW_AT_name
	.byte	12                              @ DW_AT_decl_file
	.byte	72                              @ DW_AT_decl_line
	.long	2783                            @ DW_AT_type
	.byte	9                               @ Abbrev [9] 0x115e:0xe DW_TAG_formal_parameter
	.byte	2                               @ DW_AT_location
	.byte	145
	.byte	8
	.long	.Linfo_string62                 @ DW_AT_name
	.byte	12                              @ DW_AT_decl_file
	.byte	73                              @ DW_AT_decl_line
	.long	2783                            @ DW_AT_type
	.byte	9                               @ Abbrev [9] 0x116c:0xe DW_TAG_formal_parameter
	.byte	2                               @ DW_AT_location
	.byte	145
	.byte	12
	.long	.Linfo_string63                 @ DW_AT_name
	.byte	12                              @ DW_AT_decl_file
	.byte	74                              @ DW_AT_decl_line
	.long	6594                            @ DW_AT_type
	.byte	9                               @ Abbrev [9] 0x117a:0x12 DW_TAG_formal_parameter
	.byte	6                               @ DW_AT_location
	.byte	144
	.ascii	"\200\002"
	.byte	157
	.byte	32
	.byte	32
	.long	.Linfo_string94                 @ DW_AT_name
	.byte	12                              @ DW_AT_decl_file
	.byte	75                              @ DW_AT_decl_line
	.long	155                             @ DW_AT_type
	.byte	9                               @ Abbrev [9] 0x118c:0xf DW_TAG_formal_parameter
	.byte	3                               @ DW_AT_location
	.byte	144
	.ascii	"\201\002"
	.long	.Linfo_string95                 @ DW_AT_name
	.byte	12                              @ DW_AT_decl_file
	.byte	76                              @ DW_AT_decl_line
	.long	155                             @ DW_AT_type
	.byte	0                               @ End Of Children Mark
	.byte	10                              @ Abbrev [10] 0x119c:0x44 DW_TAG_subprogram
	.long	.Linfo_string32                 @ DW_AT_name
	.byte	9                               @ DW_AT_decl_file
	.byte	248                             @ DW_AT_decl_line
                                        @ DW_AT_prototyped
	.long	38                              @ DW_AT_type
	.byte	1                               @ DW_AT_inline
	.byte	11                              @ Abbrev [11] 0x11a8:0xb DW_TAG_formal_parameter
	.long	.Linfo_string33                 @ DW_AT_name
	.byte	9                               @ DW_AT_decl_file
	.byte	248                             @ DW_AT_decl_line
	.long	38                              @ DW_AT_type
	.byte	12                              @ Abbrev [12] 0x11b3:0xb DW_TAG_variable
	.long	.Linfo_string34                 @ DW_AT_name
	.byte	9                               @ DW_AT_decl_file
	.byte	251                             @ DW_AT_decl_line
	.long	4576                            @ DW_AT_type
	.byte	12                              @ Abbrev [12] 0x11be:0xb DW_TAG_variable
	.long	.Linfo_string39                 @ DW_AT_name
	.byte	9                               @ DW_AT_decl_file
	.byte	250                             @ DW_AT_decl_line
	.long	38                              @ DW_AT_type
	.byte	12                              @ Abbrev [12] 0x11c9:0xb DW_TAG_variable
	.long	.Linfo_string40                 @ DW_AT_name
	.byte	9                               @ DW_AT_decl_file
	.byte	250                             @ DW_AT_decl_line
	.long	38                              @ DW_AT_type
	.byte	12                              @ Abbrev [12] 0x11d4:0xb DW_TAG_variable
	.long	.Linfo_string41                 @ DW_AT_name
	.byte	9                               @ DW_AT_decl_file
	.byte	250                             @ DW_AT_decl_line
	.long	38                              @ DW_AT_type
	.byte	0                               @ End Of Children Mark
	.byte	2                               @ Abbrev [2] 0x11e0:0xc DW_TAG_typedef
	.long	4588                            @ DW_AT_type
	.long	.Linfo_string38                 @ DW_AT_name
	.byte	2                               @ DW_AT_decl_file
	.short	454                             @ DW_AT_decl_line
	.byte	30                              @ Abbrev [30] 0x11ec:0x24 DW_TAG_union_type
	.long	.Linfo_string37                 @ DW_AT_name
	.byte	16                              @ DW_AT_byte_size
	.byte	2                               @ DW_AT_decl_file
	.short	450                             @ DW_AT_decl_line
	.byte	31                              @ Abbrev [31] 0x11f5:0xd DW_TAG_member
	.long	.Linfo_string35                 @ DW_AT_name
	.long	50                              @ DW_AT_type
	.byte	2                               @ DW_AT_decl_file
	.short	452                             @ DW_AT_decl_line
	.byte	0                               @ DW_AT_data_member_location
	.byte	31                              @ Abbrev [31] 0x1202:0xd DW_TAG_member
	.long	.Linfo_string36                 @ DW_AT_name
	.long	113                             @ DW_AT_type
	.byte	2                               @ DW_AT_decl_file
	.short	453                             @ DW_AT_decl_line
	.byte	0                               @ DW_AT_data_member_location
	.byte	0                               @ End Of Children Mark
	.byte	32                              @ Abbrev [32] 0x1210:0x56 DW_TAG_subprogram
	.long	.Linfo_string42                 @ DW_AT_name
	.byte	9                               @ DW_AT_decl_file
	.short	278                             @ DW_AT_decl_line
                                        @ DW_AT_prototyped
	.long	38                              @ DW_AT_type
	.byte	1                               @ DW_AT_inline
	.byte	33                              @ Abbrev [33] 0x121d:0xc DW_TAG_formal_parameter
	.long	.Linfo_string29                 @ DW_AT_name
	.byte	9                               @ DW_AT_decl_file
	.short	279                             @ DW_AT_decl_line
	.long	38                              @ DW_AT_type
	.byte	21                              @ Abbrev [21] 0x1229:0xc DW_TAG_variable
	.long	.Linfo_string16                 @ DW_AT_name
	.byte	9                               @ DW_AT_decl_file
	.short	281                             @ DW_AT_decl_line
	.long	38                              @ DW_AT_type
	.byte	21                              @ Abbrev [21] 0x1235:0xc DW_TAG_variable
	.long	.Linfo_string43                 @ DW_AT_name
	.byte	9                               @ DW_AT_decl_file
	.short	283                             @ DW_AT_decl_line
	.long	38                              @ DW_AT_type
	.byte	21                              @ Abbrev [21] 0x1241:0xc DW_TAG_variable
	.long	.Linfo_string44                 @ DW_AT_name
	.byte	9                               @ DW_AT_decl_file
	.short	285                             @ DW_AT_decl_line
	.long	38                              @ DW_AT_type
	.byte	21                              @ Abbrev [21] 0x124d:0xc DW_TAG_variable
	.long	.Linfo_string45                 @ DW_AT_name
	.byte	9                               @ DW_AT_decl_file
	.short	284                             @ DW_AT_decl_line
	.long	38                              @ DW_AT_type
	.byte	21                              @ Abbrev [21] 0x1259:0xc DW_TAG_variable
	.long	.Linfo_string46                 @ DW_AT_name
	.byte	9                               @ DW_AT_decl_file
	.short	286                             @ DW_AT_decl_line
	.long	38                              @ DW_AT_type
	.byte	0                               @ End Of Children Mark
	.byte	8                               @ Abbrev [8] 0x1266:0x6ed DW_TAG_subprogram
	.long	.Lfunc_begin7                   @ DW_AT_low_pc
	.long	.Lfunc_end7-.Lfunc_begin7       @ DW_AT_high_pc
	.byte	1                               @ DW_AT_frame_base
	.byte	93
                                        @ DW_AT_GNU_all_call_sites
	.long	.Linfo_string54                 @ DW_AT_name
	.byte	13                              @ DW_AT_decl_file
	.byte	54                              @ DW_AT_decl_line
                                        @ DW_AT_prototyped
                                        @ DW_AT_external
	.byte	13                              @ Abbrev [13] 0x1277:0xf DW_TAG_formal_parameter
	.long	.Ldebug_loc185                  @ DW_AT_location
	.long	.Linfo_string55                 @ DW_AT_name
	.byte	13                              @ DW_AT_decl_file
	.byte	55                              @ DW_AT_decl_line
	.long	7019                            @ DW_AT_type
	.byte	13                              @ Abbrev [13] 0x1286:0xf DW_TAG_formal_parameter
	.long	.Ldebug_loc186                  @ DW_AT_location
	.long	.Linfo_string13                 @ DW_AT_name
	.byte	13                              @ DW_AT_decl_file
	.byte	56                              @ DW_AT_decl_line
	.long	2783                            @ DW_AT_type
	.byte	13                              @ Abbrev [13] 0x1295:0xf DW_TAG_formal_parameter
	.long	.Ldebug_loc187                  @ DW_AT_location
	.long	.Linfo_string65                 @ DW_AT_name
	.byte	13                              @ DW_AT_decl_file
	.byte	57                              @ DW_AT_decl_line
	.long	6614                            @ DW_AT_type
	.byte	14                              @ Abbrev [14] 0x12a4:0xf DW_TAG_variable
	.long	.Ldebug_loc188                  @ DW_AT_location
	.long	.Linfo_string66                 @ DW_AT_name
	.byte	13                              @ DW_AT_decl_file
	.byte	68                              @ DW_AT_decl_line
	.long	2783                            @ DW_AT_type
	.byte	14                              @ Abbrev [14] 0x12b3:0xf DW_TAG_variable
	.long	.Ldebug_loc189                  @ DW_AT_location
	.long	.Linfo_string67                 @ DW_AT_name
	.byte	13                              @ DW_AT_decl_file
	.byte	63                              @ DW_AT_decl_line
	.long	2783                            @ DW_AT_type
	.byte	14                              @ Abbrev [14] 0x12c2:0xf DW_TAG_variable
	.long	.Ldebug_loc190                  @ DW_AT_location
	.long	.Linfo_string97                 @ DW_AT_name
	.byte	13                              @ DW_AT_decl_file
	.byte	70                              @ DW_AT_decl_line
	.long	38                              @ DW_AT_type
	.byte	14                              @ Abbrev [14] 0x12d1:0xf DW_TAG_variable
	.long	.Ldebug_loc191                  @ DW_AT_location
	.long	.Linfo_string68                 @ DW_AT_name
	.byte	13                              @ DW_AT_decl_file
	.byte	66                              @ DW_AT_decl_line
	.long	6576                            @ DW_AT_type
	.byte	14                              @ Abbrev [14] 0x12e0:0xf DW_TAG_variable
	.long	.Ldebug_loc192                  @ DW_AT_location
	.long	.Linfo_string69                 @ DW_AT_name
	.byte	13                              @ DW_AT_decl_file
	.byte	69                              @ DW_AT_decl_line
	.long	155                             @ DW_AT_type
	.byte	14                              @ Abbrev [14] 0x12ef:0xf DW_TAG_variable
	.long	.Ldebug_loc193                  @ DW_AT_location
	.long	.Linfo_string70                 @ DW_AT_name
	.byte	13                              @ DW_AT_decl_file
	.byte	67                              @ DW_AT_decl_line
	.long	6576                            @ DW_AT_type
	.byte	14                              @ Abbrev [14] 0x12fe:0xf DW_TAG_variable
	.long	.Ldebug_loc196                  @ DW_AT_location
	.long	.Linfo_string73                 @ DW_AT_name
	.byte	13                              @ DW_AT_decl_file
	.byte	64                              @ DW_AT_decl_line
	.long	2783                            @ DW_AT_type
	.byte	14                              @ Abbrev [14] 0x130d:0xf DW_TAG_variable
	.long	.Ldebug_loc223                  @ DW_AT_location
	.long	.Linfo_string78                 @ DW_AT_name
	.byte	13                              @ DW_AT_decl_file
	.byte	65                              @ DW_AT_decl_line
	.long	2783                            @ DW_AT_type
	.byte	12                              @ Abbrev [12] 0x131c:0xb DW_TAG_variable
	.long	.Linfo_string86                 @ DW_AT_name
	.byte	13                              @ DW_AT_decl_file
	.byte	60                              @ DW_AT_decl_line
	.long	6576                            @ DW_AT_type
	.byte	12                              @ Abbrev [12] 0x1327:0xb DW_TAG_variable
	.long	.Linfo_string87                 @ DW_AT_name
	.byte	13                              @ DW_AT_decl_file
	.byte	61                              @ DW_AT_decl_line
	.long	6576                            @ DW_AT_type
	.byte	12                              @ Abbrev [12] 0x1332:0xb DW_TAG_variable
	.long	.Linfo_string88                 @ DW_AT_name
	.byte	13                              @ DW_AT_decl_file
	.byte	62                              @ DW_AT_decl_line
	.long	2783                            @ DW_AT_type
	.byte	15                              @ Abbrev [15] 0x133d:0x263 DW_TAG_lexical_block
	.long	.Ldebug_ranges29                @ DW_AT_ranges
	.byte	14                              @ Abbrev [14] 0x1342:0xf DW_TAG_variable
	.long	.Ldebug_loc194                  @ DW_AT_location
	.long	.Linfo_string71                 @ DW_AT_name
	.byte	13                              @ DW_AT_decl_file
	.byte	79                              @ DW_AT_decl_line
	.long	2783                            @ DW_AT_type
	.byte	14                              @ Abbrev [14] 0x1351:0xf DW_TAG_variable
	.long	.Ldebug_loc195                  @ DW_AT_location
	.long	.Linfo_string77                 @ DW_AT_name
	.byte	13                              @ DW_AT_decl_file
	.byte	80                              @ DW_AT_decl_line
	.long	38                              @ DW_AT_type
	.byte	16                              @ Abbrev [16] 0x1360:0xd DW_TAG_variable
	.byte	1                               @ DW_AT_location
	.byte	92
	.long	.Linfo_string74                 @ DW_AT_name
	.byte	13                              @ DW_AT_decl_file
	.byte	81                              @ DW_AT_decl_line
	.long	2783                            @ DW_AT_type
	.byte	14                              @ Abbrev [14] 0x136d:0xf DW_TAG_variable
	.long	.Ldebug_loc197                  @ DW_AT_location
	.long	.Linfo_string72                 @ DW_AT_name
	.byte	13                              @ DW_AT_decl_file
	.byte	80                              @ DW_AT_decl_line
	.long	38                              @ DW_AT_type
	.byte	14                              @ Abbrev [14] 0x137c:0xf DW_TAG_variable
	.long	.Ldebug_loc198                  @ DW_AT_location
	.long	.Linfo_string75                 @ DW_AT_name
	.byte	13                              @ DW_AT_decl_file
	.byte	80                              @ DW_AT_decl_line
	.long	38                              @ DW_AT_type
	.byte	14                              @ Abbrev [14] 0x138b:0xf DW_TAG_variable
	.long	.Ldebug_loc199                  @ DW_AT_location
	.long	.Linfo_string76                 @ DW_AT_name
	.byte	13                              @ DW_AT_decl_file
	.byte	80                              @ DW_AT_decl_line
	.long	38                              @ DW_AT_type
	.byte	14                              @ Abbrev [14] 0x139a:0xf DW_TAG_variable
	.long	.Ldebug_loc200                  @ DW_AT_location
	.long	.Linfo_string98                 @ DW_AT_name
	.byte	13                              @ DW_AT_decl_file
	.byte	150                             @ DW_AT_decl_line
	.long	38                              @ DW_AT_type
	.byte	14                              @ Abbrev [14] 0x13a9:0xf DW_TAG_variable
	.long	.Ldebug_loc224                  @ DW_AT_location
	.long	.Linfo_string79                 @ DW_AT_name
	.byte	13                              @ DW_AT_decl_file
	.byte	79                              @ DW_AT_decl_line
	.long	2783                            @ DW_AT_type
	.byte	14                              @ Abbrev [14] 0x13b8:0xf DW_TAG_variable
	.long	.Ldebug_loc225                  @ DW_AT_location
	.long	.Linfo_string80                 @ DW_AT_name
	.byte	13                              @ DW_AT_decl_file
	.byte	79                              @ DW_AT_decl_line
	.long	2783                            @ DW_AT_type
	.byte	14                              @ Abbrev [14] 0x13c7:0xf DW_TAG_variable
	.long	.Ldebug_loc226                  @ DW_AT_location
	.long	.Linfo_string81                 @ DW_AT_name
	.byte	13                              @ DW_AT_decl_file
	.byte	79                              @ DW_AT_decl_line
	.long	2783                            @ DW_AT_type
	.byte	14                              @ Abbrev [14] 0x13d6:0xf DW_TAG_variable
	.long	.Ldebug_loc227                  @ DW_AT_location
	.long	.Linfo_string82                 @ DW_AT_name
	.byte	13                              @ DW_AT_decl_file
	.byte	79                              @ DW_AT_decl_line
	.long	2783                            @ DW_AT_type
	.byte	14                              @ Abbrev [14] 0x13e5:0xf DW_TAG_variable
	.long	.Ldebug_loc228                  @ DW_AT_location
	.long	.Linfo_string83                 @ DW_AT_name
	.byte	13                              @ DW_AT_decl_file
	.byte	78                              @ DW_AT_decl_line
	.long	2783                            @ DW_AT_type
	.byte	14                              @ Abbrev [14] 0x13f4:0xf DW_TAG_variable
	.long	.Ldebug_loc229                  @ DW_AT_location
	.long	.Linfo_string84                 @ DW_AT_name
	.byte	13                              @ DW_AT_decl_file
	.byte	78                              @ DW_AT_decl_line
	.long	2783                            @ DW_AT_type
	.byte	14                              @ Abbrev [14] 0x1403:0xf DW_TAG_variable
	.long	.Ldebug_loc230                  @ DW_AT_location
	.long	.Linfo_string33                 @ DW_AT_name
	.byte	13                              @ DW_AT_decl_file
	.byte	80                              @ DW_AT_decl_line
	.long	38                              @ DW_AT_type
	.byte	24                              @ Abbrev [24] 0x1412:0x1d DW_TAG_inlined_subroutine
	.long	280                             @ DW_AT_abstract_origin
	.long	.Ldebug_ranges30                @ DW_AT_ranges
	.byte	13                              @ DW_AT_call_file
	.byte	151                             @ DW_AT_call_line
	.byte	27                              @ DW_AT_call_column
	.byte	18                              @ Abbrev [18] 0x141e:0x10 DW_TAG_formal_parameter
	.byte	10                              @ DW_AT_location
	.byte	144
	.ascii	"\214\002"
	.byte	147
	.byte	8
	.byte	144
	.ascii	"\215\002"
	.byte	147
	.byte	8
	.long	292                             @ DW_AT_abstract_origin
	.byte	0                               @ End Of Children Mark
	.byte	24                              @ Abbrev [24] 0x142f:0x16 DW_TAG_inlined_subroutine
	.long	280                             @ DW_AT_abstract_origin
	.long	.Ldebug_ranges31                @ DW_AT_ranges
	.byte	13                              @ DW_AT_call_file
	.byte	152                             @ DW_AT_call_line
	.byte	27                              @ DW_AT_call_column
	.byte	23                              @ Abbrev [23] 0x143b:0x9 DW_TAG_formal_parameter
	.long	.Ldebug_loc201                  @ DW_AT_location
	.long	292                             @ DW_AT_abstract_origin
	.byte	0                               @ End Of Children Mark
	.byte	24                              @ Abbrev [24] 0x1445:0x1d DW_TAG_inlined_subroutine
	.long	280                             @ DW_AT_abstract_origin
	.long	.Ldebug_ranges32                @ DW_AT_ranges
	.byte	13                              @ DW_AT_call_file
	.byte	153                             @ DW_AT_call_line
	.byte	27                              @ DW_AT_call_column
	.byte	18                              @ Abbrev [18] 0x1451:0x10 DW_TAG_formal_parameter
	.byte	10                              @ DW_AT_location
	.byte	144
	.ascii	"\206\002"
	.byte	147
	.byte	8
	.byte	144
	.ascii	"\207\002"
	.byte	147
	.byte	8
	.long	292                             @ DW_AT_abstract_origin
	.byte	0                               @ End Of Children Mark
	.byte	24                              @ Abbrev [24] 0x1462:0x16 DW_TAG_inlined_subroutine
	.long	280                             @ DW_AT_abstract_origin
	.long	.Ldebug_ranges33                @ DW_AT_ranges
	.byte	13                              @ DW_AT_call_file
	.byte	154                             @ DW_AT_call_line
	.byte	27                              @ DW_AT_call_column
	.byte	23                              @ Abbrev [23] 0x146e:0x9 DW_TAG_formal_parameter
	.long	.Ldebug_loc202                  @ DW_AT_location
	.long	292                             @ DW_AT_abstract_origin
	.byte	0                               @ End Of Children Mark
	.byte	24                              @ Abbrev [24] 0x1478:0xea DW_TAG_inlined_subroutine
	.long	4624                            @ DW_AT_abstract_origin
	.long	.Ldebug_ranges34                @ DW_AT_ranges
	.byte	13                              @ DW_AT_call_file
	.byte	158                             @ DW_AT_call_line
	.byte	23                              @ DW_AT_call_column
	.byte	25                              @ Abbrev [25] 0x1484:0x9 DW_TAG_variable
	.long	.Ldebug_loc203                  @ DW_AT_location
	.long	4649                            @ DW_AT_abstract_origin
	.byte	25                              @ Abbrev [25] 0x148d:0x9 DW_TAG_variable
	.long	.Ldebug_loc215                  @ DW_AT_location
	.long	4661                            @ DW_AT_abstract_origin
	.byte	25                              @ Abbrev [25] 0x1496:0x9 DW_TAG_variable
	.long	.Ldebug_loc218                  @ DW_AT_location
	.long	4673                            @ DW_AT_abstract_origin
	.byte	25                              @ Abbrev [25] 0x149f:0x9 DW_TAG_variable
	.long	.Ldebug_loc222                  @ DW_AT_location
	.long	4685                            @ DW_AT_abstract_origin
	.byte	22                              @ Abbrev [22] 0x14a8:0x3b DW_TAG_inlined_subroutine
	.long	4508                            @ DW_AT_abstract_origin
	.long	.Ldebug_ranges35                @ DW_AT_ranges
	.byte	9                               @ DW_AT_call_file
	.short	286                             @ DW_AT_call_line
	.byte	43                              @ DW_AT_call_column
	.byte	23                              @ Abbrev [23] 0x14b5:0x9 DW_TAG_formal_parameter
	.long	.Ldebug_loc217                  @ DW_AT_location
	.long	4520                            @ DW_AT_abstract_origin
	.byte	25                              @ Abbrev [25] 0x14be:0x9 DW_TAG_variable
	.long	.Ldebug_loc216                  @ DW_AT_location
	.long	4531                            @ DW_AT_abstract_origin
	.byte	25                              @ Abbrev [25] 0x14c7:0x9 DW_TAG_variable
	.long	.Ldebug_loc219                  @ DW_AT_location
	.long	4542                            @ DW_AT_abstract_origin
	.byte	25                              @ Abbrev [25] 0x14d0:0x9 DW_TAG_variable
	.long	.Ldebug_loc220                  @ DW_AT_location
	.long	4553                            @ DW_AT_abstract_origin
	.byte	25                              @ Abbrev [25] 0x14d9:0x9 DW_TAG_variable
	.long	.Ldebug_loc221                  @ DW_AT_location
	.long	4564                            @ DW_AT_abstract_origin
	.byte	0                               @ End Of Children Mark
	.byte	22                              @ Abbrev [22] 0x14e3:0x7e DW_TAG_inlined_subroutine
	.long	2793                            @ DW_AT_abstract_origin
	.long	.Ldebug_ranges36                @ DW_AT_ranges
	.byte	9                               @ DW_AT_call_file
	.short	283                             @ DW_AT_call_line
	.byte	29                              @ DW_AT_call_column
	.byte	23                              @ Abbrev [23] 0x14f0:0x9 DW_TAG_formal_parameter
	.long	.Ldebug_loc204                  @ DW_AT_location
	.long	2805                            @ DW_AT_abstract_origin
	.byte	25                              @ Abbrev [25] 0x14f9:0x9 DW_TAG_variable
	.long	.Ldebug_loc206                  @ DW_AT_location
	.long	2816                            @ DW_AT_abstract_origin
	.byte	25                              @ Abbrev [25] 0x1502:0x9 DW_TAG_variable
	.long	.Ldebug_loc212                  @ DW_AT_location
	.long	2827                            @ DW_AT_abstract_origin
	.byte	25                              @ Abbrev [25] 0x150b:0x9 DW_TAG_variable
	.long	.Ldebug_loc214                  @ DW_AT_location
	.long	2838                            @ DW_AT_abstract_origin
	.byte	24                              @ Abbrev [24] 0x1514:0x4c DW_TAG_inlined_subroutine
	.long	2671                            @ DW_AT_abstract_origin
	.long	.Ldebug_ranges37                @ DW_AT_ranges
	.byte	9                               @ DW_AT_call_file
	.byte	228                             @ DW_AT_call_line
	.byte	28                              @ DW_AT_call_column
	.byte	23                              @ Abbrev [23] 0x1520:0x9 DW_TAG_formal_parameter
	.long	.Ldebug_loc205                  @ DW_AT_location
	.long	2683                            @ DW_AT_abstract_origin
	.byte	25                              @ Abbrev [25] 0x1529:0x9 DW_TAG_variable
	.long	.Ldebug_loc207                  @ DW_AT_location
	.long	2705                            @ DW_AT_abstract_origin
	.byte	25                              @ Abbrev [25] 0x1532:0x9 DW_TAG_variable
	.long	.Ldebug_loc208                  @ DW_AT_location
	.long	2716                            @ DW_AT_abstract_origin
	.byte	25                              @ Abbrev [25] 0x153b:0x9 DW_TAG_variable
	.long	.Ldebug_loc209                  @ DW_AT_location
	.long	2727                            @ DW_AT_abstract_origin
	.byte	25                              @ Abbrev [25] 0x1544:0x9 DW_TAG_variable
	.long	.Ldebug_loc210                  @ DW_AT_location
	.long	2738                            @ DW_AT_abstract_origin
	.byte	25                              @ Abbrev [25] 0x154d:0x9 DW_TAG_variable
	.long	.Ldebug_loc211                  @ DW_AT_location
	.long	2749                            @ DW_AT_abstract_origin
	.byte	25                              @ Abbrev [25] 0x1556:0x9 DW_TAG_variable
	.long	.Ldebug_loc213                  @ DW_AT_location
	.long	2760                            @ DW_AT_abstract_origin
	.byte	0                               @ End Of Children Mark
	.byte	0                               @ End Of Children Mark
	.byte	0                               @ End Of Children Mark
	.byte	19                              @ Abbrev [19] 0x1562:0x19 DW_TAG_lexical_block
	.long	.Ltmp549                        @ DW_AT_low_pc
	.long	.Ltmp559-.Ltmp549               @ DW_AT_high_pc
	.byte	14                              @ Abbrev [14] 0x156b:0xf DW_TAG_variable
	.long	.Ldebug_loc231                  @ DW_AT_location
	.long	.Linfo_string85                 @ DW_AT_name
	.byte	13                              @ DW_AT_decl_file
	.byte	109                             @ DW_AT_decl_line
	.long	38                              @ DW_AT_type
	.byte	0                               @ End Of Children Mark
	.byte	19                              @ Abbrev [19] 0x157b:0x24 DW_TAG_lexical_block
	.long	.Ltmp562                        @ DW_AT_low_pc
	.long	.Ltmp573-.Ltmp562               @ DW_AT_high_pc
	.byte	14                              @ Abbrev [14] 0x1584:0xf DW_TAG_variable
	.long	.Ldebug_loc232                  @ DW_AT_location
	.long	.Linfo_string85                 @ DW_AT_name
	.byte	13                              @ DW_AT_decl_file
	.byte	135                             @ DW_AT_decl_line
	.long	38                              @ DW_AT_type
	.byte	12                              @ Abbrev [12] 0x1593:0xb DW_TAG_variable
	.long	.Linfo_string89                 @ DW_AT_name
	.byte	13                              @ DW_AT_decl_file
	.byte	134                             @ DW_AT_decl_line
	.long	6619                            @ DW_AT_type
	.byte	0                               @ End Of Children Mark
	.byte	0                               @ End Of Children Mark
	.byte	19                              @ Abbrev [19] 0x15a0:0x1e5 DW_TAG_lexical_block
	.long	.Ltmp576                        @ DW_AT_low_pc
	.long	.Ltmp654-.Ltmp576               @ DW_AT_high_pc
	.byte	16                              @ Abbrev [16] 0x15a9:0xd DW_TAG_variable
	.byte	1                               @ DW_AT_location
	.byte	92
	.long	.Linfo_string74                 @ DW_AT_name
	.byte	13                              @ DW_AT_decl_file
	.byte	175                             @ DW_AT_decl_line
	.long	2783                            @ DW_AT_type
	.byte	14                              @ Abbrev [14] 0x15b6:0xf DW_TAG_variable
	.long	.Ldebug_loc233                  @ DW_AT_location
	.long	.Linfo_string72                 @ DW_AT_name
	.byte	13                              @ DW_AT_decl_file
	.byte	174                             @ DW_AT_decl_line
	.long	38                              @ DW_AT_type
	.byte	14                              @ Abbrev [14] 0x15c5:0xf DW_TAG_variable
	.long	.Ldebug_loc234                  @ DW_AT_location
	.long	.Linfo_string77                 @ DW_AT_name
	.byte	13                              @ DW_AT_decl_file
	.byte	174                             @ DW_AT_decl_line
	.long	38                              @ DW_AT_type
	.byte	14                              @ Abbrev [14] 0x15d4:0xf DW_TAG_variable
	.long	.Ldebug_loc235                  @ DW_AT_location
	.long	.Linfo_string82                 @ DW_AT_name
	.byte	13                              @ DW_AT_decl_file
	.byte	173                             @ DW_AT_decl_line
	.long	2783                            @ DW_AT_type
	.byte	14                              @ Abbrev [14] 0x15e3:0xf DW_TAG_variable
	.long	.Ldebug_loc236                  @ DW_AT_location
	.long	.Linfo_string79                 @ DW_AT_name
	.byte	13                              @ DW_AT_decl_file
	.byte	173                             @ DW_AT_decl_line
	.long	2783                            @ DW_AT_type
	.byte	14                              @ Abbrev [14] 0x15f2:0xf DW_TAG_variable
	.long	.Ldebug_loc237                  @ DW_AT_location
	.long	.Linfo_string81                 @ DW_AT_name
	.byte	13                              @ DW_AT_decl_file
	.byte	173                             @ DW_AT_decl_line
	.long	2783                            @ DW_AT_type
	.byte	14                              @ Abbrev [14] 0x1601:0xf DW_TAG_variable
	.long	.Ldebug_loc238                  @ DW_AT_location
	.long	.Linfo_string33                 @ DW_AT_name
	.byte	13                              @ DW_AT_decl_file
	.byte	174                             @ DW_AT_decl_line
	.long	38                              @ DW_AT_type
	.byte	14                              @ Abbrev [14] 0x1610:0xf DW_TAG_variable
	.long	.Ldebug_loc241                  @ DW_AT_location
	.long	.Linfo_string98                 @ DW_AT_name
	.byte	13                              @ DW_AT_decl_file
	.byte	227                             @ DW_AT_decl_line
	.long	38                              @ DW_AT_type
	.byte	19                              @ Abbrev [19] 0x161f:0x19 DW_TAG_lexical_block
	.long	.Ltmp580                        @ DW_AT_low_pc
	.long	.Ltmp585-.Ltmp580               @ DW_AT_high_pc
	.byte	14                              @ Abbrev [14] 0x1628:0xf DW_TAG_variable
	.long	.Ldebug_loc239                  @ DW_AT_location
	.long	.Linfo_string85                 @ DW_AT_name
	.byte	13                              @ DW_AT_decl_file
	.byte	196                             @ DW_AT_decl_line
	.long	38                              @ DW_AT_type
	.byte	0                               @ End Of Children Mark
	.byte	19                              @ Abbrev [19] 0x1638:0x24 DW_TAG_lexical_block
	.long	.Ltmp589                        @ DW_AT_low_pc
	.long	.Ltmp595-.Ltmp589               @ DW_AT_high_pc
	.byte	14                              @ Abbrev [14] 0x1641:0xf DW_TAG_variable
	.long	.Ldebug_loc240                  @ DW_AT_location
	.long	.Linfo_string85                 @ DW_AT_name
	.byte	13                              @ DW_AT_decl_file
	.byte	216                             @ DW_AT_decl_line
	.long	38                              @ DW_AT_type
	.byte	12                              @ Abbrev [12] 0x1650:0xb DW_TAG_variable
	.long	.Linfo_string89                 @ DW_AT_name
	.byte	13                              @ DW_AT_decl_file
	.byte	215                             @ DW_AT_decl_line
	.long	6619                            @ DW_AT_type
	.byte	0                               @ End Of Children Mark
	.byte	24                              @ Abbrev [24] 0x165c:0x16 DW_TAG_inlined_subroutine
	.long	280                             @ DW_AT_abstract_origin
	.long	.Ldebug_ranges38                @ DW_AT_ranges
	.byte	13                              @ DW_AT_call_file
	.byte	228                             @ DW_AT_call_line
	.byte	27                              @ DW_AT_call_column
	.byte	23                              @ Abbrev [23] 0x1668:0x9 DW_TAG_formal_parameter
	.long	.Ldebug_loc242                  @ DW_AT_location
	.long	292                             @ DW_AT_abstract_origin
	.byte	0                               @ End Of Children Mark
	.byte	24                              @ Abbrev [24] 0x1672:0x16 DW_TAG_inlined_subroutine
	.long	280                             @ DW_AT_abstract_origin
	.long	.Ldebug_ranges39                @ DW_AT_ranges
	.byte	13                              @ DW_AT_call_file
	.byte	229                             @ DW_AT_call_line
	.byte	27                              @ DW_AT_call_column
	.byte	23                              @ Abbrev [23] 0x167e:0x9 DW_TAG_formal_parameter
	.long	.Ldebug_loc243                  @ DW_AT_location
	.long	292                             @ DW_AT_abstract_origin
	.byte	0                               @ End Of Children Mark
	.byte	24                              @ Abbrev [24] 0x1688:0xfc DW_TAG_inlined_subroutine
	.long	4624                            @ DW_AT_abstract_origin
	.long	.Ldebug_ranges40                @ DW_AT_ranges
	.byte	13                              @ DW_AT_call_file
	.byte	233                             @ DW_AT_call_line
	.byte	25                              @ DW_AT_call_column
	.byte	23                              @ Abbrev [23] 0x1694:0x9 DW_TAG_formal_parameter
	.long	.Ldebug_loc244                  @ DW_AT_location
	.long	4637                            @ DW_AT_abstract_origin
	.byte	25                              @ Abbrev [25] 0x169d:0x9 DW_TAG_variable
	.long	.Ldebug_loc245                  @ DW_AT_location
	.long	4649                            @ DW_AT_abstract_origin
	.byte	25                              @ Abbrev [25] 0x16a6:0x9 DW_TAG_variable
	.long	.Ldebug_loc258                  @ DW_AT_location
	.long	4661                            @ DW_AT_abstract_origin
	.byte	25                              @ Abbrev [25] 0x16af:0x9 DW_TAG_variable
	.long	.Ldebug_loc259                  @ DW_AT_location
	.long	4673                            @ DW_AT_abstract_origin
	.byte	25                              @ Abbrev [25] 0x16b8:0x9 DW_TAG_variable
	.long	.Ldebug_loc265                  @ DW_AT_location
	.long	4685                            @ DW_AT_abstract_origin
	.byte	22                              @ Abbrev [22] 0x16c1:0x87 DW_TAG_inlined_subroutine
	.long	2793                            @ DW_AT_abstract_origin
	.long	.Ldebug_ranges41                @ DW_AT_ranges
	.byte	9                               @ DW_AT_call_file
	.short	283                             @ DW_AT_call_line
	.byte	29                              @ DW_AT_call_column
	.byte	23                              @ Abbrev [23] 0x16ce:0x9 DW_TAG_formal_parameter
	.long	.Ldebug_loc246                  @ DW_AT_location
	.long	2805                            @ DW_AT_abstract_origin
	.byte	25                              @ Abbrev [25] 0x16d7:0x9 DW_TAG_variable
	.long	.Ldebug_loc249                  @ DW_AT_location
	.long	2816                            @ DW_AT_abstract_origin
	.byte	25                              @ Abbrev [25] 0x16e0:0x9 DW_TAG_variable
	.long	.Ldebug_loc256                  @ DW_AT_location
	.long	2827                            @ DW_AT_abstract_origin
	.byte	25                              @ Abbrev [25] 0x16e9:0x9 DW_TAG_variable
	.long	.Ldebug_loc257                  @ DW_AT_location
	.long	2838                            @ DW_AT_abstract_origin
	.byte	24                              @ Abbrev [24] 0x16f2:0x55 DW_TAG_inlined_subroutine
	.long	2671                            @ DW_AT_abstract_origin
	.long	.Ldebug_ranges42                @ DW_AT_ranges
	.byte	9                               @ DW_AT_call_file
	.byte	228                             @ DW_AT_call_line
	.byte	28                              @ DW_AT_call_column
	.byte	23                              @ Abbrev [23] 0x16fe:0x9 DW_TAG_formal_parameter
	.long	.Ldebug_loc248                  @ DW_AT_location
	.long	2683                            @ DW_AT_abstract_origin
	.byte	23                              @ Abbrev [23] 0x1707:0x9 DW_TAG_formal_parameter
	.long	.Ldebug_loc247                  @ DW_AT_location
	.long	2694                            @ DW_AT_abstract_origin
	.byte	25                              @ Abbrev [25] 0x1710:0x9 DW_TAG_variable
	.long	.Ldebug_loc250                  @ DW_AT_location
	.long	2705                            @ DW_AT_abstract_origin
	.byte	25                              @ Abbrev [25] 0x1719:0x9 DW_TAG_variable
	.long	.Ldebug_loc251                  @ DW_AT_location
	.long	2716                            @ DW_AT_abstract_origin
	.byte	25                              @ Abbrev [25] 0x1722:0x9 DW_TAG_variable
	.long	.Ldebug_loc252                  @ DW_AT_location
	.long	2727                            @ DW_AT_abstract_origin
	.byte	25                              @ Abbrev [25] 0x172b:0x9 DW_TAG_variable
	.long	.Ldebug_loc253                  @ DW_AT_location
	.long	2738                            @ DW_AT_abstract_origin
	.byte	25                              @ Abbrev [25] 0x1734:0x9 DW_TAG_variable
	.long	.Ldebug_loc254                  @ DW_AT_location
	.long	2749                            @ DW_AT_abstract_origin
	.byte	25                              @ Abbrev [25] 0x173d:0x9 DW_TAG_variable
	.long	.Ldebug_loc255                  @ DW_AT_location
	.long	2760                            @ DW_AT_abstract_origin
	.byte	0                               @ End Of Children Mark
	.byte	0                               @ End Of Children Mark
	.byte	22                              @ Abbrev [22] 0x1748:0x3b DW_TAG_inlined_subroutine
	.long	4508                            @ DW_AT_abstract_origin
	.long	.Ldebug_ranges43                @ DW_AT_ranges
	.byte	9                               @ DW_AT_call_file
	.short	286                             @ DW_AT_call_line
	.byte	43                              @ DW_AT_call_column
	.byte	23                              @ Abbrev [23] 0x1755:0x9 DW_TAG_formal_parameter
	.long	.Ldebug_loc262                  @ DW_AT_location
	.long	4520                            @ DW_AT_abstract_origin
	.byte	25                              @ Abbrev [25] 0x175e:0x9 DW_TAG_variable
	.long	.Ldebug_loc260                  @ DW_AT_location
	.long	4542                            @ DW_AT_abstract_origin
	.byte	25                              @ Abbrev [25] 0x1767:0x9 DW_TAG_variable
	.long	.Ldebug_loc261                  @ DW_AT_location
	.long	4531                            @ DW_AT_abstract_origin
	.byte	25                              @ Abbrev [25] 0x1770:0x9 DW_TAG_variable
	.long	.Ldebug_loc263                  @ DW_AT_location
	.long	4553                            @ DW_AT_abstract_origin
	.byte	25                              @ Abbrev [25] 0x1779:0x9 DW_TAG_variable
	.long	.Ldebug_loc264                  @ DW_AT_location
	.long	4564                            @ DW_AT_abstract_origin
	.byte	0                               @ End Of Children Mark
	.byte	0                               @ End Of Children Mark
	.byte	0                               @ End Of Children Mark
	.byte	19                              @ Abbrev [19] 0x1785:0x1b6 DW_TAG_lexical_block
	.long	.Ltmp656                        @ DW_AT_low_pc
	.long	.Ltmp725-.Ltmp656               @ DW_AT_high_pc
	.byte	14                              @ Abbrev [14] 0x178e:0xf DW_TAG_variable
	.long	.Ldebug_loc266                  @ DW_AT_location
	.long	.Linfo_string74                 @ DW_AT_name
	.byte	13                              @ DW_AT_decl_file
	.byte	243                             @ DW_AT_decl_line
	.long	2783                            @ DW_AT_type
	.byte	14                              @ Abbrev [14] 0x179d:0xf DW_TAG_variable
	.long	.Ldebug_loc267                  @ DW_AT_location
	.long	.Linfo_string79                 @ DW_AT_name
	.byte	13                              @ DW_AT_decl_file
	.byte	242                             @ DW_AT_decl_line
	.long	2783                            @ DW_AT_type
	.byte	14                              @ Abbrev [14] 0x17ac:0xf DW_TAG_variable
	.long	.Ldebug_loc268                  @ DW_AT_location
	.long	.Linfo_string82                 @ DW_AT_name
	.byte	13                              @ DW_AT_decl_file
	.byte	242                             @ DW_AT_decl_line
	.long	2783                            @ DW_AT_type
	.byte	14                              @ Abbrev [14] 0x17bb:0xf DW_TAG_variable
	.long	.Ldebug_loc269                  @ DW_AT_location
	.long	.Linfo_string72                 @ DW_AT_name
	.byte	13                              @ DW_AT_decl_file
	.byte	241                             @ DW_AT_decl_line
	.long	38                              @ DW_AT_type
	.byte	14                              @ Abbrev [14] 0x17ca:0xf DW_TAG_variable
	.long	.Ldebug_loc270                  @ DW_AT_location
	.long	.Linfo_string33                 @ DW_AT_name
	.byte	13                              @ DW_AT_decl_file
	.byte	241                             @ DW_AT_decl_line
	.long	38                              @ DW_AT_type
	.byte	20                              @ Abbrev [20] 0x17d9:0x10 DW_TAG_variable
	.long	.Ldebug_loc273                  @ DW_AT_location
	.long	.Linfo_string98                 @ DW_AT_name
	.byte	13                              @ DW_AT_decl_file
	.short	287                             @ DW_AT_decl_line
	.long	38                              @ DW_AT_type
	.byte	19                              @ Abbrev [19] 0x17e9:0x1a DW_TAG_lexical_block
	.long	.Ltmp659                        @ DW_AT_low_pc
	.long	.Ltmp662-.Ltmp659               @ DW_AT_high_pc
	.byte	20                              @ Abbrev [20] 0x17f2:0x10 DW_TAG_variable
	.long	.Ldebug_loc271                  @ DW_AT_location
	.long	.Linfo_string85                 @ DW_AT_name
	.byte	13                              @ DW_AT_decl_file
	.short	261                             @ DW_AT_decl_line
	.long	38                              @ DW_AT_type
	.byte	0                               @ End Of Children Mark
	.byte	19                              @ Abbrev [19] 0x1803:0x26 DW_TAG_lexical_block
	.long	.Ltmp667                        @ DW_AT_low_pc
	.long	.Ltmp671-.Ltmp667               @ DW_AT_high_pc
	.byte	20                              @ Abbrev [20] 0x180c:0x10 DW_TAG_variable
	.long	.Ldebug_loc272                  @ DW_AT_location
	.long	.Linfo_string85                 @ DW_AT_name
	.byte	13                              @ DW_AT_decl_file
	.short	278                             @ DW_AT_decl_line
	.long	38                              @ DW_AT_type
	.byte	21                              @ Abbrev [21] 0x181c:0xc DW_TAG_variable
	.long	.Linfo_string89                 @ DW_AT_name
	.byte	13                              @ DW_AT_decl_file
	.short	277                             @ DW_AT_decl_line
	.long	6619                            @ DW_AT_type
	.byte	0                               @ End Of Children Mark
	.byte	29                              @ Abbrev [29] 0x1829:0xd DW_TAG_inlined_subroutine
	.long	280                             @ DW_AT_abstract_origin
	.long	.Ldebug_ranges44                @ DW_AT_ranges
	.byte	13                              @ DW_AT_call_file
	.short	288                             @ DW_AT_call_line
	.byte	27                              @ DW_AT_call_column
	.byte	22                              @ Abbrev [22] 0x1836:0x104 DW_TAG_inlined_subroutine
	.long	4624                            @ DW_AT_abstract_origin
	.long	.Ldebug_ranges45                @ DW_AT_ranges
	.byte	13                              @ DW_AT_call_file
	.short	292                             @ DW_AT_call_line
	.byte	25                              @ DW_AT_call_column
	.byte	23                              @ Abbrev [23] 0x1843:0x9 DW_TAG_formal_parameter
	.long	.Ldebug_loc274                  @ DW_AT_location
	.long	4637                            @ DW_AT_abstract_origin
	.byte	25                              @ Abbrev [25] 0x184c:0x9 DW_TAG_variable
	.long	.Ldebug_loc275                  @ DW_AT_location
	.long	4649                            @ DW_AT_abstract_origin
	.byte	25                              @ Abbrev [25] 0x1855:0x9 DW_TAG_variable
	.long	.Ldebug_loc288                  @ DW_AT_location
	.long	4661                            @ DW_AT_abstract_origin
	.byte	25                              @ Abbrev [25] 0x185e:0x9 DW_TAG_variable
	.long	.Ldebug_loc290                  @ DW_AT_location
	.long	4673                            @ DW_AT_abstract_origin
	.byte	25                              @ Abbrev [25] 0x1867:0x9 DW_TAG_variable
	.long	.Ldebug_loc294                  @ DW_AT_location
	.long	4685                            @ DW_AT_abstract_origin
	.byte	22                              @ Abbrev [22] 0x1870:0x87 DW_TAG_inlined_subroutine
	.long	2793                            @ DW_AT_abstract_origin
	.long	.Ldebug_ranges46                @ DW_AT_ranges
	.byte	9                               @ DW_AT_call_file
	.short	283                             @ DW_AT_call_line
	.byte	29                              @ DW_AT_call_column
	.byte	23                              @ Abbrev [23] 0x187d:0x9 DW_TAG_formal_parameter
	.long	.Ldebug_loc276                  @ DW_AT_location
	.long	2805                            @ DW_AT_abstract_origin
	.byte	25                              @ Abbrev [25] 0x1886:0x9 DW_TAG_variable
	.long	.Ldebug_loc279                  @ DW_AT_location
	.long	2816                            @ DW_AT_abstract_origin
	.byte	25                              @ Abbrev [25] 0x188f:0x9 DW_TAG_variable
	.long	.Ldebug_loc286                  @ DW_AT_location
	.long	2827                            @ DW_AT_abstract_origin
	.byte	25                              @ Abbrev [25] 0x1898:0x9 DW_TAG_variable
	.long	.Ldebug_loc287                  @ DW_AT_location
	.long	2838                            @ DW_AT_abstract_origin
	.byte	24                              @ Abbrev [24] 0x18a1:0x55 DW_TAG_inlined_subroutine
	.long	2671                            @ DW_AT_abstract_origin
	.long	.Ldebug_ranges47                @ DW_AT_ranges
	.byte	9                               @ DW_AT_call_file
	.byte	228                             @ DW_AT_call_line
	.byte	28                              @ DW_AT_call_column
	.byte	23                              @ Abbrev [23] 0x18ad:0x9 DW_TAG_formal_parameter
	.long	.Ldebug_loc278                  @ DW_AT_location
	.long	2683                            @ DW_AT_abstract_origin
	.byte	23                              @ Abbrev [23] 0x18b6:0x9 DW_TAG_formal_parameter
	.long	.Ldebug_loc277                  @ DW_AT_location
	.long	2694                            @ DW_AT_abstract_origin
	.byte	25                              @ Abbrev [25] 0x18bf:0x9 DW_TAG_variable
	.long	.Ldebug_loc280                  @ DW_AT_location
	.long	2705                            @ DW_AT_abstract_origin
	.byte	25                              @ Abbrev [25] 0x18c8:0x9 DW_TAG_variable
	.long	.Ldebug_loc281                  @ DW_AT_location
	.long	2716                            @ DW_AT_abstract_origin
	.byte	25                              @ Abbrev [25] 0x18d1:0x9 DW_TAG_variable
	.long	.Ldebug_loc282                  @ DW_AT_location
	.long	2727                            @ DW_AT_abstract_origin
	.byte	25                              @ Abbrev [25] 0x18da:0x9 DW_TAG_variable
	.long	.Ldebug_loc283                  @ DW_AT_location
	.long	2738                            @ DW_AT_abstract_origin
	.byte	25                              @ Abbrev [25] 0x18e3:0x9 DW_TAG_variable
	.long	.Ldebug_loc284                  @ DW_AT_location
	.long	2749                            @ DW_AT_abstract_origin
	.byte	25                              @ Abbrev [25] 0x18ec:0x9 DW_TAG_variable
	.long	.Ldebug_loc285                  @ DW_AT_location
	.long	2760                            @ DW_AT_abstract_origin
	.byte	0                               @ End Of Children Mark
	.byte	0                               @ End Of Children Mark
	.byte	22                              @ Abbrev [22] 0x18f7:0x42 DW_TAG_inlined_subroutine
	.long	4508                            @ DW_AT_abstract_origin
	.long	.Ldebug_ranges48                @ DW_AT_ranges
	.byte	9                               @ DW_AT_call_file
	.short	286                             @ DW_AT_call_line
	.byte	43                              @ DW_AT_call_column
	.byte	18                              @ Abbrev [18] 0x1904:0x10 DW_TAG_formal_parameter
	.byte	10                              @ DW_AT_location
	.byte	144
	.ascii	"\204\002"
	.byte	147
	.byte	8
	.byte	144
	.ascii	"\205\002"
	.byte	147
	.byte	8
	.long	4520                            @ DW_AT_abstract_origin
	.byte	25                              @ Abbrev [25] 0x1914:0x9 DW_TAG_variable
	.long	.Ldebug_loc289                  @ DW_AT_location
	.long	4531                            @ DW_AT_abstract_origin
	.byte	25                              @ Abbrev [25] 0x191d:0x9 DW_TAG_variable
	.long	.Ldebug_loc291                  @ DW_AT_location
	.long	4542                            @ DW_AT_abstract_origin
	.byte	25                              @ Abbrev [25] 0x1926:0x9 DW_TAG_variable
	.long	.Ldebug_loc292                  @ DW_AT_location
	.long	4553                            @ DW_AT_abstract_origin
	.byte	25                              @ Abbrev [25] 0x192f:0x9 DW_TAG_variable
	.long	.Ldebug_loc293                  @ DW_AT_location
	.long	4564                            @ DW_AT_abstract_origin
	.byte	0                               @ End Of Children Mark
	.byte	0                               @ End Of Children Mark
	.byte	0                               @ End Of Children Mark
	.byte	22                              @ Abbrev [22] 0x193b:0x17 DW_TAG_inlined_subroutine
	.long	280                             @ DW_AT_abstract_origin
	.long	.Ldebug_ranges49                @ DW_AT_ranges
	.byte	13                              @ DW_AT_call_file
	.short	295                             @ DW_AT_call_line
	.byte	12                              @ DW_AT_call_column
	.byte	23                              @ Abbrev [23] 0x1948:0x9 DW_TAG_formal_parameter
	.long	.Ldebug_loc295                  @ DW_AT_location
	.long	292                             @ DW_AT_abstract_origin
	.byte	0                               @ End Of Children Mark
	.byte	0                               @ End Of Children Mark
	.byte	26                              @ Abbrev [26] 0x1953:0x5 DW_TAG_pointer_type
	.long	6488                            @ DW_AT_type
	.byte	7                               @ Abbrev [7] 0x1958:0xb DW_TAG_typedef
	.long	6499                            @ DW_AT_type
	.long	.Linfo_string64                 @ DW_AT_name
	.byte	14                              @ DW_AT_decl_file
	.byte	88                              @ DW_AT_decl_line
	.byte	34                              @ Abbrev [34] 0x1963:0x4d DW_TAG_structure_type
	.byte	24                              @ DW_AT_byte_size
	.byte	14                              @ DW_AT_decl_file
	.byte	80                              @ DW_AT_decl_line
	.byte	35                              @ Abbrev [35] 0x1967:0xc DW_TAG_member
	.long	.Linfo_string56                 @ DW_AT_name
	.long	6576                            @ DW_AT_type
	.byte	14                              @ DW_AT_decl_file
	.byte	82                              @ DW_AT_decl_line
	.byte	0                               @ DW_AT_data_member_location
	.byte	35                              @ Abbrev [35] 0x1973:0xc DW_TAG_member
	.long	.Linfo_string59                 @ DW_AT_name
	.long	6576                            @ DW_AT_type
	.byte	14                              @ DW_AT_decl_file
	.byte	83                              @ DW_AT_decl_line
	.byte	4                               @ DW_AT_data_member_location
	.byte	35                              @ Abbrev [35] 0x197f:0xc DW_TAG_member
	.long	.Linfo_string60                 @ DW_AT_name
	.long	155                             @ DW_AT_type
	.byte	14                              @ DW_AT_decl_file
	.byte	84                              @ DW_AT_decl_line
	.byte	8                               @ DW_AT_data_member_location
	.byte	35                              @ Abbrev [35] 0x198b:0xc DW_TAG_member
	.long	.Linfo_string61                 @ DW_AT_name
	.long	2783                            @ DW_AT_type
	.byte	14                              @ DW_AT_decl_file
	.byte	85                              @ DW_AT_decl_line
	.byte	12                              @ DW_AT_data_member_location
	.byte	35                              @ Abbrev [35] 0x1997:0xc DW_TAG_member
	.long	.Linfo_string62                 @ DW_AT_name
	.long	2783                            @ DW_AT_type
	.byte	14                              @ DW_AT_decl_file
	.byte	86                              @ DW_AT_decl_line
	.byte	16                              @ DW_AT_data_member_location
	.byte	35                              @ Abbrev [35] 0x19a3:0xc DW_TAG_member
	.long	.Linfo_string63                 @ DW_AT_name
	.long	6594                            @ DW_AT_type
	.byte	14                              @ DW_AT_decl_file
	.byte	87                              @ DW_AT_decl_line
	.byte	20                              @ DW_AT_data_member_location
	.byte	0                               @ End Of Children Mark
	.byte	7                               @ Abbrev [7] 0x19b0:0xb DW_TAG_typedef
	.long	6587                            @ DW_AT_type
	.long	.Linfo_string58                 @ DW_AT_name
	.byte	3                               @ DW_AT_decl_file
	.byte	64                              @ DW_AT_decl_line
	.byte	5                               @ Abbrev [5] 0x19bb:0x7 DW_TAG_base_type
	.long	.Linfo_string57                 @ DW_AT_name
	.byte	7                               @ DW_AT_encoding
	.byte	4                               @ DW_AT_byte_size
	.byte	26                              @ Abbrev [26] 0x19c2:0x5 DW_TAG_pointer_type
	.long	6599                            @ DW_AT_type
	.byte	27                              @ Abbrev [27] 0x19c7:0x5 DW_TAG_const_type
	.long	137                             @ DW_AT_type
	.byte	26                              @ Abbrev [26] 0x19cc:0x5 DW_TAG_pointer_type
	.long	6609                            @ DW_AT_type
	.byte	27                              @ Abbrev [27] 0x19d1:0x5 DW_TAG_const_type
	.long	6488                            @ DW_AT_type
	.byte	26                              @ Abbrev [26] 0x19d6:0x5 DW_TAG_pointer_type
	.long	137                             @ DW_AT_type
	.byte	7                               @ Abbrev [7] 0x19db:0xb DW_TAG_typedef
	.long	6630                            @ DW_AT_type
	.long	.Linfo_string92                 @ DW_AT_name
	.byte	1                               @ DW_AT_decl_file
	.byte	24                              @ DW_AT_decl_line
	.byte	7                               @ Abbrev [7] 0x19e6:0xb DW_TAG_typedef
	.long	6641                            @ DW_AT_type
	.long	.Linfo_string91                 @ DW_AT_name
	.byte	3                               @ DW_AT_decl_file
	.byte	63                              @ DW_AT_decl_line
	.byte	5                               @ Abbrev [5] 0x19f1:0x7 DW_TAG_base_type
	.long	.Linfo_string90                 @ DW_AT_name
	.byte	7                               @ DW_AT_encoding
	.byte	2                               @ DW_AT_byte_size
	.byte	26                              @ Abbrev [26] 0x19f8:0x5 DW_TAG_pointer_type
	.long	6653                            @ DW_AT_type
	.byte	7                               @ Abbrev [7] 0x19fd:0xb DW_TAG_typedef
	.long	6664                            @ DW_AT_type
	.long	.Linfo_string96                 @ DW_AT_name
	.byte	14                              @ DW_AT_decl_file
	.byte	105                             @ DW_AT_decl_line
	.byte	34                              @ Abbrev [34] 0x1a08:0x71 DW_TAG_structure_type
	.byte	36                              @ DW_AT_byte_size
	.byte	14                              @ DW_AT_decl_file
	.byte	94                              @ DW_AT_decl_line
	.byte	35                              @ Abbrev [35] 0x1a0c:0xc DW_TAG_member
	.long	.Linfo_string56                 @ DW_AT_name
	.long	6576                            @ DW_AT_type
	.byte	14                              @ DW_AT_decl_file
	.byte	96                              @ DW_AT_decl_line
	.byte	0                               @ DW_AT_data_member_location
	.byte	35                              @ Abbrev [35] 0x1a18:0xc DW_TAG_member
	.long	.Linfo_string59                 @ DW_AT_name
	.long	6576                            @ DW_AT_type
	.byte	14                              @ DW_AT_decl_file
	.byte	97                              @ DW_AT_decl_line
	.byte	4                               @ DW_AT_data_member_location
	.byte	35                              @ Abbrev [35] 0x1a24:0xc DW_TAG_member
	.long	.Linfo_string60                 @ DW_AT_name
	.long	155                             @ DW_AT_type
	.byte	14                              @ DW_AT_decl_file
	.byte	98                              @ DW_AT_decl_line
	.byte	8                               @ DW_AT_data_member_location
	.byte	35                              @ Abbrev [35] 0x1a30:0xc DW_TAG_member
	.long	.Linfo_string61                 @ DW_AT_name
	.long	2783                            @ DW_AT_type
	.byte	14                              @ DW_AT_decl_file
	.byte	99                              @ DW_AT_decl_line
	.byte	12                              @ DW_AT_data_member_location
	.byte	35                              @ Abbrev [35] 0x1a3c:0xc DW_TAG_member
	.long	.Linfo_string62                 @ DW_AT_name
	.long	2783                            @ DW_AT_type
	.byte	14                              @ DW_AT_decl_file
	.byte	100                             @ DW_AT_decl_line
	.byte	16                              @ DW_AT_data_member_location
	.byte	35                              @ Abbrev [35] 0x1a48:0xc DW_TAG_member
	.long	.Linfo_string63                 @ DW_AT_name
	.long	6594                            @ DW_AT_type
	.byte	14                              @ DW_AT_decl_file
	.byte	101                             @ DW_AT_decl_line
	.byte	20                              @ DW_AT_data_member_location
	.byte	35                              @ Abbrev [35] 0x1a54:0xc DW_TAG_member
	.long	.Linfo_string93                 @ DW_AT_name
	.long	137                             @ DW_AT_type
	.byte	14                              @ DW_AT_decl_file
	.byte	102                             @ DW_AT_decl_line
	.byte	24                              @ DW_AT_data_member_location
	.byte	35                              @ Abbrev [35] 0x1a60:0xc DW_TAG_member
	.long	.Linfo_string94                 @ DW_AT_name
	.long	155                             @ DW_AT_type
	.byte	14                              @ DW_AT_decl_file
	.byte	103                             @ DW_AT_decl_line
	.byte	28                              @ DW_AT_data_member_location
	.byte	35                              @ Abbrev [35] 0x1a6c:0xc DW_TAG_member
	.long	.Linfo_string95                 @ DW_AT_name
	.long	155                             @ DW_AT_type
	.byte	14                              @ DW_AT_decl_file
	.byte	104                             @ DW_AT_decl_line
	.byte	32                              @ DW_AT_data_member_location
	.byte	0                               @ End Of Children Mark
	.byte	26                              @ Abbrev [26] 0x1a79:0x5 DW_TAG_pointer_type
	.long	6782                            @ DW_AT_type
	.byte	27                              @ Abbrev [27] 0x1a7e:0x5 DW_TAG_const_type
	.long	6653                            @ DW_AT_type
	.byte	26                              @ Abbrev [26] 0x1a83:0x5 DW_TAG_pointer_type
	.long	6792                            @ DW_AT_type
	.byte	7                               @ Abbrev [7] 0x1a88:0xb DW_TAG_typedef
	.long	6803                            @ DW_AT_type
	.long	.Linfo_string99                 @ DW_AT_name
	.byte	14                              @ DW_AT_decl_file
	.byte	120                             @ DW_AT_decl_line
	.byte	34                              @ Abbrev [34] 0x1a93:0x59 DW_TAG_structure_type
	.byte	28                              @ DW_AT_byte_size
	.byte	14                              @ DW_AT_decl_file
	.byte	111                             @ DW_AT_decl_line
	.byte	35                              @ Abbrev [35] 0x1a97:0xc DW_TAG_member
	.long	.Linfo_string56                 @ DW_AT_name
	.long	6576                            @ DW_AT_type
	.byte	14                              @ DW_AT_decl_file
	.byte	113                             @ DW_AT_decl_line
	.byte	0                               @ DW_AT_data_member_location
	.byte	35                              @ Abbrev [35] 0x1aa3:0xc DW_TAG_member
	.long	.Linfo_string59                 @ DW_AT_name
	.long	6576                            @ DW_AT_type
	.byte	14                              @ DW_AT_decl_file
	.byte	114                             @ DW_AT_decl_line
	.byte	4                               @ DW_AT_data_member_location
	.byte	35                              @ Abbrev [35] 0x1aaf:0xc DW_TAG_member
	.long	.Linfo_string60                 @ DW_AT_name
	.long	155                             @ DW_AT_type
	.byte	14                              @ DW_AT_decl_file
	.byte	115                             @ DW_AT_decl_line
	.byte	8                               @ DW_AT_data_member_location
	.byte	35                              @ Abbrev [35] 0x1abb:0xc DW_TAG_member
	.long	.Linfo_string61                 @ DW_AT_name
	.long	2783                            @ DW_AT_type
	.byte	14                              @ DW_AT_decl_file
	.byte	116                             @ DW_AT_decl_line
	.byte	12                              @ DW_AT_data_member_location
	.byte	35                              @ Abbrev [35] 0x1ac7:0xc DW_TAG_member
	.long	.Linfo_string62                 @ DW_AT_name
	.long	2783                            @ DW_AT_type
	.byte	14                              @ DW_AT_decl_file
	.byte	117                             @ DW_AT_decl_line
	.byte	16                              @ DW_AT_data_member_location
	.byte	35                              @ Abbrev [35] 0x1ad3:0xc DW_TAG_member
	.long	.Linfo_string63                 @ DW_AT_name
	.long	6594                            @ DW_AT_type
	.byte	14                              @ DW_AT_decl_file
	.byte	118                             @ DW_AT_decl_line
	.byte	20                              @ DW_AT_data_member_location
	.byte	35                              @ Abbrev [35] 0x1adf:0xc DW_TAG_member
	.long	.Linfo_string95                 @ DW_AT_name
	.long	155                             @ DW_AT_type
	.byte	14                              @ DW_AT_decl_file
	.byte	119                             @ DW_AT_decl_line
	.byte	24                              @ DW_AT_data_member_location
	.byte	0                               @ End Of Children Mark
	.byte	26                              @ Abbrev [26] 0x1aec:0x5 DW_TAG_pointer_type
	.long	6897                            @ DW_AT_type
	.byte	27                              @ Abbrev [27] 0x1af1:0x5 DW_TAG_const_type
	.long	6792                            @ DW_AT_type
	.byte	26                              @ Abbrev [26] 0x1af6:0x5 DW_TAG_pointer_type
	.long	6907                            @ DW_AT_type
	.byte	7                               @ Abbrev [7] 0x1afb:0xb DW_TAG_typedef
	.long	6918                            @ DW_AT_type
	.long	.Linfo_string101                @ DW_AT_name
	.byte	14                              @ DW_AT_decl_file
	.byte	136                             @ DW_AT_decl_line
	.byte	34                              @ Abbrev [34] 0x1b06:0x65 DW_TAG_structure_type
	.byte	32                              @ DW_AT_byte_size
	.byte	14                              @ DW_AT_decl_file
	.byte	126                             @ DW_AT_decl_line
	.byte	35                              @ Abbrev [35] 0x1b0a:0xc DW_TAG_member
	.long	.Linfo_string56                 @ DW_AT_name
	.long	6576                            @ DW_AT_type
	.byte	14                              @ DW_AT_decl_file
	.byte	128                             @ DW_AT_decl_line
	.byte	0                               @ DW_AT_data_member_location
	.byte	35                              @ Abbrev [35] 0x1b16:0xc DW_TAG_member
	.long	.Linfo_string59                 @ DW_AT_name
	.long	6576                            @ DW_AT_type
	.byte	14                              @ DW_AT_decl_file
	.byte	129                             @ DW_AT_decl_line
	.byte	4                               @ DW_AT_data_member_location
	.byte	35                              @ Abbrev [35] 0x1b22:0xc DW_TAG_member
	.long	.Linfo_string60                 @ DW_AT_name
	.long	155                             @ DW_AT_type
	.byte	14                              @ DW_AT_decl_file
	.byte	130                             @ DW_AT_decl_line
	.byte	8                               @ DW_AT_data_member_location
	.byte	35                              @ Abbrev [35] 0x1b2e:0xc DW_TAG_member
	.long	.Linfo_string61                 @ DW_AT_name
	.long	2783                            @ DW_AT_type
	.byte	14                              @ DW_AT_decl_file
	.byte	131                             @ DW_AT_decl_line
	.byte	12                              @ DW_AT_data_member_location
	.byte	35                              @ Abbrev [35] 0x1b3a:0xc DW_TAG_member
	.long	.Linfo_string62                 @ DW_AT_name
	.long	2783                            @ DW_AT_type
	.byte	14                              @ DW_AT_decl_file
	.byte	132                             @ DW_AT_decl_line
	.byte	16                              @ DW_AT_data_member_location
	.byte	35                              @ Abbrev [35] 0x1b46:0xc DW_TAG_member
	.long	.Linfo_string63                 @ DW_AT_name
	.long	6594                            @ DW_AT_type
	.byte	14                              @ DW_AT_decl_file
	.byte	133                             @ DW_AT_decl_line
	.byte	20                              @ DW_AT_data_member_location
	.byte	35                              @ Abbrev [35] 0x1b52:0xc DW_TAG_member
	.long	.Linfo_string94                 @ DW_AT_name
	.long	155                             @ DW_AT_type
	.byte	14                              @ DW_AT_decl_file
	.byte	134                             @ DW_AT_decl_line
	.byte	24                              @ DW_AT_data_member_location
	.byte	35                              @ Abbrev [35] 0x1b5e:0xc DW_TAG_member
	.long	.Linfo_string95                 @ DW_AT_name
	.long	155                             @ DW_AT_type
	.byte	14                              @ DW_AT_decl_file
	.byte	135                             @ DW_AT_decl_line
	.byte	28                              @ DW_AT_data_member_location
	.byte	0                               @ End Of Children Mark
	.byte	26                              @ Abbrev [26] 0x1b6b:0x5 DW_TAG_pointer_type
	.long	7024                            @ DW_AT_type
	.byte	27                              @ Abbrev [27] 0x1b70:0x5 DW_TAG_const_type
	.long	6907                            @ DW_AT_type
	.byte	0                               @ End Of Children Mark
.Ldebug_info_end0:
	.section	.debug_ranges,"",%progbits
.Ldebug_ranges0:
	.long	.Ltmp10
	.long	.Ltmp15
	.long	.Ltmp16
	.long	.Ltmp52
	.long	0
	.long	0
.Ldebug_ranges1:
	.long	.Ltmp98
	.long	.Ltmp100
	.long	.Ltmp101
	.long	.Ltmp102
	.long	0
	.long	0
.Ldebug_ranges2:
	.long	.Ltmp119
	.long	.Ltmp122
	.long	.Ltmp123
	.long	.Ltmp175
	.long	0
	.long	0
.Ldebug_ranges3:
	.long	.Ltmp154
	.long	.Ltmp155
	.long	.Ltmp156
	.long	.Ltmp157
	.long	.Ltmp158
	.long	.Ltmp159
	.long	0
	.long	0
.Ldebug_ranges4:
	.long	.Ltmp155
	.long	.Ltmp156
	.long	.Ltmp160
	.long	.Ltmp161
	.long	.Ltmp163
	.long	.Ltmp164
	.long	0
	.long	0
.Ldebug_ranges5:
	.long	.Ltmp157
	.long	.Ltmp158
	.long	.Ltmp162
	.long	.Ltmp163
	.long	.Ltmp165
	.long	.Ltmp166
	.long	0
	.long	0
.Ldebug_ranges6:
	.long	.Ltmp159
	.long	.Ltmp160
	.long	.Ltmp161
	.long	.Ltmp162
	.long	.Ltmp164
	.long	.Ltmp165
	.long	0
	.long	0
.Ldebug_ranges7:
	.long	.Ltmp167
	.long	.Ltmp168
	.long	.Ltmp171
	.long	.Ltmp175
	.long	0
	.long	0
.Ldebug_ranges8:
	.long	.Ltmp177
	.long	.Ltmp209
	.long	.Ltmp245
	.long	.Ltmp249
	.long	0
	.long	0
.Ldebug_ranges9:
	.long	.Ltmp195
	.long	.Ltmp196
	.long	.Ltmp197
	.long	.Ltmp198
	.long	.Ltmp199
	.long	.Ltmp200
	.long	0
	.long	0
.Ldebug_ranges10:
	.long	.Ltmp196
	.long	.Ltmp197
	.long	.Ltmp198
	.long	.Ltmp199
	.long	.Ltmp200
	.long	.Ltmp201
	.long	0
	.long	0
.Ldebug_ranges11:
	.long	.Ltmp202
	.long	.Ltmp203
	.long	.Ltmp205
	.long	.Ltmp209
	.long	0
	.long	0
.Ldebug_ranges12:
	.long	.Ltmp227
	.long	.Ltmp228
	.long	.Ltmp229
	.long	.Ltmp231
	.long	0
	.long	0
.Ldebug_ranges13:
	.long	.Ltmp233
	.long	.Ltmp234
	.long	.Ltmp236
	.long	.Ltmp240
	.long	0
	.long	0
.Ldebug_ranges14:
	.long	.Ltmp251
	.long	.Ltmp252
	.long	.Ltmp253
	.long	.Ltmp254
	.long	0
	.long	0
.Ldebug_ranges15:
	.long	.Ltmp268
	.long	.Ltmp285
	.long	.Ltmp286
	.long	.Ltmp347
	.long	0
	.long	0
.Ldebug_ranges16:
	.long	.Ltmp268
	.long	.Ltmp269
	.long	.Ltmp270
	.long	.Ltmp271
	.long	.Ltmp272
	.long	.Ltmp273
	.long	0
	.long	0
.Ldebug_ranges17:
	.long	.Ltmp269
	.long	.Ltmp270
	.long	.Ltmp274
	.long	.Ltmp275
	.long	.Ltmp277
	.long	.Ltmp278
	.long	0
	.long	0
.Ldebug_ranges18:
	.long	.Ltmp271
	.long	.Ltmp272
	.long	.Ltmp276
	.long	.Ltmp277
	.long	.Ltmp279
	.long	.Ltmp280
	.long	0
	.long	0
.Ldebug_ranges19:
	.long	.Ltmp273
	.long	.Ltmp274
	.long	.Ltmp275
	.long	.Ltmp276
	.long	.Ltmp278
	.long	.Ltmp279
	.long	0
	.long	0
.Ldebug_ranges20:
	.long	.Ltmp281
	.long	.Ltmp282
	.long	.Ltmp283
	.long	.Ltmp285
	.long	.Ltmp286
	.long	.Ltmp305
	.long	0
	.long	0
.Ldebug_ranges21:
	.long	.Ltmp281
	.long	.Ltmp282
	.long	.Ltmp283
	.long	.Ltmp284
	.long	.Ltmp288
	.long	.Ltmp289
	.long	.Ltmp291
	.long	.Ltmp298
	.long	.Ltmp299
	.long	.Ltmp301
	.long	0
	.long	0
.Ldebug_ranges22:
	.long	.Ltmp374
	.long	.Ltmp375
	.long	.Ltmp376
	.long	.Ltmp377
	.long	.Ltmp379
	.long	.Ltmp380
	.long	0
	.long	0
.Ldebug_ranges23:
	.long	.Ltmp375
	.long	.Ltmp376
	.long	.Ltmp377
	.long	.Ltmp378
	.long	.Ltmp380
	.long	.Ltmp381
	.long	0
	.long	0
.Ldebug_ranges24:
	.long	.Ltmp382
	.long	.Ltmp383
	.long	.Ltmp385
	.long	.Ltmp386
	.long	.Ltmp387
	.long	.Ltmp394
	.long	.Ltmp396
	.long	.Ltmp398
	.long	0
	.long	0
.Ldebug_ranges25:
	.long	.Ltmp423
	.long	.Ltmp424
	.long	.Ltmp425
	.long	.Ltmp426
	.long	.Ltmp427
	.long	.Ltmp428
	.long	0
	.long	0
.Ldebug_ranges26:
	.long	.Ltmp428
	.long	.Ltmp429
	.long	.Ltmp430
	.long	.Ltmp449
	.long	0
	.long	0
.Ldebug_ranges27:
	.long	.Ltmp428
	.long	.Ltmp429
	.long	.Ltmp430
	.long	.Ltmp431
	.long	.Ltmp435
	.long	.Ltmp442
	.long	.Ltmp444
	.long	.Ltmp446
	.long	0
	.long	0
.Ldebug_ranges28:
	.long	.Ltmp454
	.long	.Ltmp456
	.long	.Ltmp457
	.long	.Ltmp458
	.long	0
	.long	0
.Ldebug_ranges29:
	.long	.Ltmp472
	.long	.Ltmp503
	.long	.Ltmp504
	.long	.Ltmp573
	.long	0
	.long	0
.Ldebug_ranges30:
	.long	.Ltmp472
	.long	.Ltmp473
	.long	.Ltmp474
	.long	.Ltmp475
	.long	.Ltmp476
	.long	.Ltmp477
	.long	0
	.long	0
.Ldebug_ranges31:
	.long	.Ltmp473
	.long	.Ltmp474
	.long	.Ltmp475
	.long	.Ltmp476
	.long	.Ltmp477
	.long	.Ltmp478
	.long	0
	.long	0
.Ldebug_ranges32:
	.long	.Ltmp478
	.long	.Ltmp479
	.long	.Ltmp480
	.long	.Ltmp481
	.long	.Ltmp482
	.long	.Ltmp483
	.long	0
	.long	0
.Ldebug_ranges33:
	.long	.Ltmp479
	.long	.Ltmp480
	.long	.Ltmp481
	.long	.Ltmp482
	.long	.Ltmp483
	.long	.Ltmp484
	.long	0
	.long	0
.Ldebug_ranges34:
	.long	.Ltmp485
	.long	.Ltmp487
	.long	.Ltmp488
	.long	.Ltmp489
	.long	.Ltmp490
	.long	.Ltmp491
	.long	.Ltmp492
	.long	.Ltmp503
	.long	.Ltmp504
	.long	.Ltmp538
	.long	0
	.long	0
.Ldebug_ranges35:
	.long	.Ltmp485
	.long	.Ltmp486
	.long	.Ltmp496
	.long	.Ltmp497
	.long	.Ltmp498
	.long	.Ltmp499
	.long	.Ltmp520
	.long	.Ltmp532
	.long	.Ltmp534
	.long	.Ltmp537
	.long	0
	.long	0
.Ldebug_ranges36:
	.long	.Ltmp488
	.long	.Ltmp489
	.long	.Ltmp490
	.long	.Ltmp491
	.long	.Ltmp492
	.long	.Ltmp493
	.long	.Ltmp494
	.long	.Ltmp495
	.long	.Ltmp497
	.long	.Ltmp498
	.long	.Ltmp499
	.long	.Ltmp503
	.long	.Ltmp504
	.long	.Ltmp519
	.long	0
	.long	0
.Ldebug_ranges37:
	.long	.Ltmp488
	.long	.Ltmp489
	.long	.Ltmp490
	.long	.Ltmp491
	.long	.Ltmp492
	.long	.Ltmp493
	.long	.Ltmp494
	.long	.Ltmp495
	.long	.Ltmp505
	.long	.Ltmp512
	.long	.Ltmp513
	.long	.Ltmp515
	.long	0
	.long	0
.Ldebug_ranges38:
	.long	.Ltmp595
	.long	.Ltmp596
	.long	.Ltmp598
	.long	.Ltmp599
	.long	.Ltmp601
	.long	.Ltmp602
	.long	0
	.long	0
.Ldebug_ranges39:
	.long	.Ltmp596
	.long	.Ltmp597
	.long	.Ltmp599
	.long	.Ltmp600
	.long	.Ltmp602
	.long	.Ltmp603
	.long	0
	.long	0
.Ldebug_ranges40:
	.long	.Ltmp603
	.long	.Ltmp605
	.long	.Ltmp606
	.long	.Ltmp607
	.long	.Ltmp608
	.long	.Ltmp651
	.long	0
	.long	0
.Ldebug_ranges41:
	.long	.Ltmp604
	.long	.Ltmp605
	.long	.Ltmp606
	.long	.Ltmp607
	.long	.Ltmp610
	.long	.Ltmp611
	.long	.Ltmp612
	.long	.Ltmp628
	.long	.Ltmp629
	.long	.Ltmp630
	.long	0
	.long	0
.Ldebug_ranges42:
	.long	.Ltmp604
	.long	.Ltmp605
	.long	.Ltmp606
	.long	.Ltmp607
	.long	.Ltmp615
	.long	.Ltmp623
	.long	.Ltmp624
	.long	.Ltmp625
	.long	0
	.long	0
.Ldebug_ranges43:
	.long	.Ltmp632
	.long	.Ltmp643
	.long	.Ltmp644
	.long	.Ltmp646
	.long	.Ltmp647
	.long	.Ltmp648
	.long	.Ltmp649
	.long	.Ltmp650
	.long	0
	.long	0
.Ldebug_ranges44:
	.long	.Ltmp672
	.long	.Ltmp673
	.long	.Ltmp674
	.long	.Ltmp675
	.long	.Ltmp677
	.long	.Ltmp678
	.long	0
	.long	0
.Ldebug_ranges45:
	.long	.Ltmp675
	.long	.Ltmp677
	.long	.Ltmp678
	.long	.Ltmp679
	.long	.Ltmp681
	.long	.Ltmp722
	.long	0
	.long	0
.Ldebug_ranges46:
	.long	.Ltmp676
	.long	.Ltmp677
	.long	.Ltmp678
	.long	.Ltmp679
	.long	.Ltmp683
	.long	.Ltmp684
	.long	.Ltmp685
	.long	.Ltmp701
	.long	.Ltmp702
	.long	.Ltmp703
	.long	0
	.long	0
.Ldebug_ranges47:
	.long	.Ltmp676
	.long	.Ltmp677
	.long	.Ltmp678
	.long	.Ltmp679
	.long	.Ltmp688
	.long	.Ltmp696
	.long	.Ltmp697
	.long	.Ltmp698
	.long	0
	.long	0
.Ldebug_ranges48:
	.long	.Ltmp704
	.long	.Ltmp714
	.long	.Ltmp715
	.long	.Ltmp717
	.long	.Ltmp718
	.long	.Ltmp719
	.long	.Ltmp720
	.long	.Ltmp721
	.long	0
	.long	0
.Ldebug_ranges49:
	.long	.Ltmp729
	.long	.Ltmp731
	.long	.Ltmp732
	.long	.Ltmp733
	.long	0
	.long	0
.Ldebug_ranges50:
	.long	.Lfunc_begin0
	.long	.Lfunc_end0
	.long	.Lfunc_begin1
	.long	.Lfunc_end1
	.long	.Lfunc_begin2
	.long	.Lfunc_end2
	.long	.Lfunc_begin3
	.long	.Lfunc_end3
	.long	.Lfunc_begin4
	.long	.Lfunc_end4
	.long	.Lfunc_begin5
	.long	.Lfunc_end5
	.long	.Lfunc_begin6
	.long	.Lfunc_end6
	.long	.Lfunc_begin7
	.long	.Lfunc_end7
	.long	0
	.long	0
	.section	.debug_str,"MS",%progbits,1
.Linfo_string0:
	.asciz	"Component: Arm Compiler for Embedded 6.21 Tool: armclang [5ec1fd00]" @ string offset=0
.Linfo_string1:
	.asciz	"C:/Keil_v5/Packs/ARM/CMSIS-DSP/1.15.0/Source/SVMFunctions\\SVMFunctions.c" @ string offset=68
.Linfo_string2:
	.asciz	"C:\\Users\\rohankoshy\\Downloads\\en-us--M55M1_Series_BSP_CMSIS_V3.01.003\\SampleCode\\NuEdgeWise\\PoseLandmark_YOLOv8n\\KEIL" @ string offset=141
.Linfo_string3:
	.asciz	"float"                         @ string offset=259
.Linfo_string4:
	.asciz	"float32_t"                     @ string offset=265
.Linfo_string5:
	.asciz	"__ARRAY_SIZE_TYPE__"           @ string offset=275
.Linfo_string6:
	.asciz	"float32x4_t"                   @ string offset=295
.Linfo_string7:
	.asciz	"f32x4_t"                       @ string offset=307
.Linfo_string8:
	.asciz	"int"                           @ string offset=315
.Linfo_string9:
	.asciz	"int32_t"                       @ string offset=319
.Linfo_string10:
	.asciz	"int32x4_t"                     @ string offset=327
.Linfo_string11:
	.asciz	"q31x4_t"                       @ string offset=337
.Linfo_string12:
	.asciz	"vecAddAcrossF32Mve"            @ string offset=345
.Linfo_string13:
	.asciz	"in"                            @ string offset=364
.Linfo_string14:
	.asciz	"acc"                           @ string offset=367
.Linfo_string15:
	.asciz	"arm_vec_exponent_f32"          @ string offset=371
.Linfo_string16:
	.asciz	"x"                             @ string offset=392
.Linfo_string17:
	.asciz	"nb"                            @ string offset=394
.Linfo_string18:
	.asciz	"r"                             @ string offset=397
.Linfo_string19:
	.asciz	"vtaylor_polyq_f32"             @ string offset=399
.Linfo_string20:
	.asciz	"coeffs"                        @ string offset=417
.Linfo_string21:
	.asciz	"A"                             @ string offset=424
.Linfo_string22:
	.asciz	"B"                             @ string offset=426
.Linfo_string23:
	.asciz	"C"                             @ string offset=428
.Linfo_string24:
	.asciz	"D"                             @ string offset=430
.Linfo_string25:
	.asciz	"x2"                            @ string offset=432
.Linfo_string26:
	.asciz	"x4"                            @ string offset=435
.Linfo_string27:
	.asciz	"res"                           @ string offset=438
.Linfo_string28:
	.asciz	"vexpq_f32"                     @ string offset=442
.Linfo_string29:
	.asciz	"val"                           @ string offset=452
.Linfo_string30:
	.asciz	"m"                             @ string offset=456
.Linfo_string31:
	.asciz	"poly"                          @ string offset=458
.Linfo_string32:
	.asciz	"vrecip_f32"                    @ string offset=463
.Linfo_string33:
	.asciz	"vecIn"                         @ string offset=474
.Linfo_string34:
	.asciz	"v"                             @ string offset=480
.Linfo_string35:
	.asciz	"f"                             @ string offset=482
.Linfo_string36:
	.asciz	"i"                             @ string offset=484
.Linfo_string37:
	.asciz	"_any32x4_t"                    @ string offset=486
.Linfo_string38:
	.asciz	"any32x4_t"                     @ string offset=497
.Linfo_string39:
	.asciz	"vecSx"                         @ string offset=507
.Linfo_string40:
	.asciz	"vecW"                          @ string offset=513
.Linfo_string41:
	.asciz	"vecTmp"                        @ string offset=518
.Linfo_string42:
	.asciz	"vtanhq_f32"                    @ string offset=525
.Linfo_string43:
	.asciz	"exp2x"                         @ string offset=536
.Linfo_string44:
	.asciz	"den"                           @ string offset=542
.Linfo_string45:
	.asciz	"num"                           @ string offset=546
.Linfo_string46:
	.asciz	"tanh"                          @ string offset=550
.Linfo_string47:
	.asciz	"arm_svm_linear_init_f32"       @ string offset=555
.Linfo_string48:
	.asciz	"arm_svm_linear_predict_f32"    @ string offset=579
.Linfo_string49:
	.asciz	"arm_svm_polynomial_init_f32"   @ string offset=606
.Linfo_string50:
	.asciz	"arm_svm_polynomial_predict_f32" @ string offset=634
.Linfo_string51:
	.asciz	"arm_svm_rbf_init_f32"          @ string offset=665
.Linfo_string52:
	.asciz	"arm_svm_rbf_predict_f32"       @ string offset=686
.Linfo_string53:
	.asciz	"arm_svm_sigmoid_init_f32"      @ string offset=710
.Linfo_string54:
	.asciz	"arm_svm_sigmoid_predict_f32"   @ string offset=735
.Linfo_string55:
	.asciz	"S"                             @ string offset=763
.Linfo_string56:
	.asciz	"nbOfSupportVectors"            @ string offset=765
.Linfo_string57:
	.asciz	"unsigned int"                  @ string offset=784
.Linfo_string58:
	.asciz	"uint32_t"                      @ string offset=797
.Linfo_string59:
	.asciz	"vectorDimension"               @ string offset=806
.Linfo_string60:
	.asciz	"intercept"                     @ string offset=822
.Linfo_string61:
	.asciz	"dualCoefficients"              @ string offset=832
.Linfo_string62:
	.asciz	"supportVectors"                @ string offset=849
.Linfo_string63:
	.asciz	"classes"                       @ string offset=864
.Linfo_string64:
	.asciz	"arm_svm_linear_instance_f32"   @ string offset=872
.Linfo_string65:
	.asciz	"pResult"                       @ string offset=900
.Linfo_string66:
	.asciz	"pDualCoef"                     @ string offset=908
.Linfo_string67:
	.asciz	"pSrcA"                         @ string offset=918
.Linfo_string68:
	.asciz	"row"                           @ string offset=924
.Linfo_string69:
	.asciz	"sum"                           @ string offset=928
.Linfo_string70:
	.asciz	"blkCnt"                        @ string offset=932
.Linfo_string71:
	.asciz	"pSrcA3Vec"                     @ string offset=939
.Linfo_string72:
	.asciz	"acc0"                          @ string offset=949
.Linfo_string73:
	.asciz	"pInA0"                         @ string offset=954
.Linfo_string74:
	.asciz	"pSrcVecPtr"                    @ string offset=960
.Linfo_string75:
	.asciz	"acc3"                          @ string offset=971
.Linfo_string76:
	.asciz	"acc2"                          @ string offset=976
.Linfo_string77:
	.asciz	"acc1"                          @ string offset=981
.Linfo_string78:
	.asciz	"pInA1"                         @ string offset=986
.Linfo_string79:
	.asciz	"pInVec"                        @ string offset=992
.Linfo_string80:
	.asciz	"pSrcA2Vec"                     @ string offset=999
.Linfo_string81:
	.asciz	"pSrcA1Vec"                     @ string offset=1009
.Linfo_string82:
	.asciz	"pSrcA0Vec"                     @ string offset=1019
.Linfo_string83:
	.asciz	"pInA2"                         @ string offset=1029
.Linfo_string84:
	.asciz	"pInA3"                         @ string offset=1035
.Linfo_string85:
	.asciz	"vecA"                          @ string offset=1041
.Linfo_string86:
	.asciz	"numRows"                       @ string offset=1046
.Linfo_string87:
	.asciz	"numCols"                       @ string offset=1054
.Linfo_string88:
	.asciz	"pSupport"                      @ string offset=1062
.Linfo_string89:
	.asciz	"p0"                            @ string offset=1071
.Linfo_string90:
	.asciz	"unsigned short"                @ string offset=1074
.Linfo_string91:
	.asciz	"uint16_t"                      @ string offset=1089
.Linfo_string92:
	.asciz	"mve_pred16_t"                  @ string offset=1098
.Linfo_string93:
	.asciz	"degree"                        @ string offset=1111
.Linfo_string94:
	.asciz	"coef0"                         @ string offset=1118
.Linfo_string95:
	.asciz	"gamma"                         @ string offset=1124
.Linfo_string96:
	.asciz	"arm_svm_polynomial_instance_f32" @ string offset=1130
.Linfo_string97:
	.asciz	"vSum"                          @ string offset=1162
.Linfo_string98:
	.asciz	"vtmp"                          @ string offset=1167
.Linfo_string99:
	.asciz	"arm_svm_rbf_instance_f32"      @ string offset=1172
.Linfo_string100:
	.asciz	"vecDif"                        @ string offset=1197
.Linfo_string101:
	.asciz	"arm_svm_sigmoid_instance_f32"  @ string offset=1204
	.ident	"Component: Arm Compiler for Embedded 6.21 Tool: armclang [5ec1fd00]"
	.section	".note.GNU-stack","",%progbits
	.eabi_attribute	30, 1	@ Tag_ABI_optimization_goals
	.ARM_attribute	16, 1	@ Tag_AV_eba
	.section	.debug_line,"",%progbits
.Lline_table_start0:
